X,Y,FID,COD_REG,REGION,CUT,COMUNA,CALLE_UNO,CALLE_DOS,NUMERO,DIR_GEOCOD,LAT,LNG,VAL_COM,TIPO,Año,Idaccident,Fecha,Tipo_Accid,Tipo__CONA,Zona,Causa__CON,Causa,Fallecidos,Graves,Menos_Grav,Leves,Hora
-72.345211,-37.465037,122,8,REGION BIO BIO,8301,LOS ANGELES,ESMERALDA, ,202,"Pje. Costanera 202, Los Angeles, Los Ángeles, Bío Bío, Chile",-37.465037,-72.345211,1,ROOFTOP,2020,1294138,2020/03/30 00:00:00+00,CHOQUE FRENTE/FRENTE,CHOQUE,URBANA,ALCOHOL EN CONDUCTOR,CONDUCCION EN ESTADO DE EBRIEDAD,0,0,0,0,15:40:00
-73.1377618,-36.883602,123,8,REGION BIO BIO,8108,SAN PEDRO DE LA PAZ,JAVIERA CARRERA,VICTORIA,0,"Javiera Carrera & Victoria, San Pedro de la Paz, Bío Bío, Chile",-36.883602,-73.1377618,1,GEOMETRIC_CENTER,2020,1294184,2020/08/09 00:00:00+00,COLISION LATERAL,COLISION,URBANA,IMPRUDENCIA DEL CONDUCTOR,CONDUCCION NO ATENTO CONDICIONES TRANSITO MOMENTO,0,0,0,0,21:00:00
-73.1464455,-36.837302,124,8,REGION BIO BIO,8108,SAN PEDRO DE LA PAZ,RODRIGUEZ ALDEA,MIGUEL BRAYER,0,"Miguel Brayer & Rodríguez Aldea, San Pedro de la Paz, Bío Bío, Chile",-36.837302,-73.1464455,1,GEOMETRIC_CENTER,2020,1294188,2020/08/14 00:00:00+00,COLISION POR ALCANCE,COLISION,URBANA,IMPRUDENCIA DEL CONDUCTOR,CONDUCCION NO ATENTO CONDICIONES TRANSITO MOMENTO,0,0,0,0,16:30:00
-72.3361539,-37.4486975,125,8,REGION BIO BIO,8301,LOS ANGELES,SOR VICENTA,SOR VICENTA,0,"Av. Sor Vicenta, Los Ángeles, Bío Bío, Chile",-37.4486975,-72.3361539,1,GEOMETRIC_CENTER,2020,1294189,2020/07/11 00:00:00+00,COLISION LATERAL,COLISION,URBANA,IMPRUDENCIA DEL CONDUCTOR,CONDUCCION NO ATENTO CONDICIONES TRANSITO MOMENTO,0,0,0,0,10:05:00
-72.3642947,-37.4790536,126,8,REGION BIO BIO,8301,LOS ANGELES,ALCAZAR, ,635,"Alcázar 635, Biobío, Los Ángeles, Bío Bío, Chile",-37.4790536,-72.3642947,1,ROOFTOP,2020,1294191,2020/07/12 00:00:00+00,CHOQUE POSTERIOR/FRENTE,CHOQUE,URBANA,IMPRUDENCIA DEL CONDUCTOR,CONDUCCION NO ATENTO CONDICIONES TRANSITO MOMENTO,0,0,0,0,11:45:00
-72.33493,-37.4847496,127,8,REGION BIO BIO,8301,LOS ANGELES,FRANCISCO ENCINA,LOS CARIBES,0,"Avenida Francisco Encina & Los Caribes, Los Angeles, Los Ángeles, Bío Bío, Chile",-37.4847496,-72.33493,1,GEOMETRIC_CENTER,2020,1294195,2020/07/13 00:00:00+00,COLISION LATERAL,COLISION,URBANA,DESOBEDIENCIA A SEÑALIZACION,SEÑALIZACION DESOBEDECER SEÑAL PARE,0,0,0,1,08:30:00
-72.348248,-37.4702825,128,8,REGION BIO BIO,8301,LOS ANGELES,VILLAGRAN,LAUTARO,0,"Villagrán & Lautaro, Los Angeles, Los Ángeles, Bío Bío, Chile",-37.4702825,-72.348248,1,GEOMETRIC_CENTER,2020,1294196,2020/07/13 00:00:00+00,CHOQUE FRENTE/LADO,CHOQUE,URBANA,IMPRUDENCIA DEL CONDUCTOR,CONDUCCION NO ATENTO CONDICIONES TRANSITO MOMENTO,0,0,0,0,10:15:00
-73.0531471,-36.8238989,129,8,REGION BIO BIO,8101,CONCEPCION,LOS CARRERA,CAUPOLICAN,0,"Avenida los Carrera & Caupolicán, Concepción, Bío Bío, Chile",-36.8238989,-73.0531471,1,GEOMETRIC_CENTER,2020,1294229,2020/08/10 00:00:00+00,CHOQUE LATERAL,CHOQUE,URBANA,IMPRUDENCIA DEL CONDUCTOR,CONDUCCION CAMBIAR SORPRESIVAMENTE PISTA CIRCULACION,0,0,0,0,10:03:00
-73.0275238,-36.9192805,130,8,REGION BIO BIO,8103,CHIGUAYANTE,MANUEL RODRIGUEZ,SANTA SOFIA,0,"Manuel Rodriguez - Guacolda, Chiguayante, Bío Bío, Chile",-36.9192805,-73.0275238,1,GEOMETRIC_CENTER,2020,1294331,2020/08/13 00:00:00+00,COLISION PERPENDICULAR,COLISION,URBANA,IMPRUDENCIA DEL CONDUCTOR,CONDUCCION NO ATENTO CONDICIONES TRANSITO MOMENTO,0,0,0,0,16:40:00
-72.7328217,-37.2569006,131,8,REGION BIO BIO,8310,SAN ROSENDO,CAMINO CEMENTERIO, ,150,"Cam. al Cementerio, San Rosendo, Bío Bío, Chile",-37.2569006,-72.7328217,1,GEOMETRIC_CENTER,2020,1294483,2020/08/08 00:00:00+00,CHOQUE FRENTE/FRENTE,CHOQUE,URBANA,IMPRUDENCIA DEL CONDUCTOR,CONDUCCION NO ATENTO CONDICIONES TRANSITO MOMENTO,0,0,0,0,19:50:00
-72.7224428,-37.2646844,132,8,REGION BIO BIO,8310,SAN ROSENDO,PEDRO MONTT, ,250,"Pedro Montt 250, San Rosendo, Bío Bío, Chile",-37.2646844,-72.7224428,1,RANGE_INTERPOLATED,2020,1294487,2020/08/11 00:00:00+00,CHOQUE FRENTE/LADO,CHOQUE,URBANA,IMPRUDENCIA DEL CONDUCTOR,CONDUCCION NO ATENTO CONDICIONES TRANSITO MOMENTO,0,0,0,0,22:05:00
-73.1074704,-36.8430198,133,8,REGION BIO BIO,8108,SAN PEDRO DE LA PAZ,LOS ACACIOS,SAN PEDRO,0,"Avenida San Pedro & Los Acacios, San Pedro de la Paz, Bío Bío, Chile",-36.8430198,-73.1074704,1,GEOMETRIC_CENTER,2020,1294520,2020/08/02 00:00:00+00,CHOQUE POSTERIOR/POSTERIOR,CHOQUE,URBANA,CAUSAS NO DETERMINADAS,CAUSAS NO DETERMINADAS,0,0,0,0,16:15:00
-73.0720513,-36.801125,134,8,REGION BIO BIO,8112,HUALPEN,COSTANERA,JORGE ALESSANDRI RODRIGUEZ,0,"Av. Jorge Alessandri Rodríguez 2121, Hualpén, Bío Bío, Chile",-36.801125,-73.0720513,1,ROOFTOP,2020,1294523,2020/08/03 00:00:00+00,CHOQUE POSTERIOR/POSTERIOR,CHOQUE,URBANA,CAUSAS NO DETERMINADAS,CAUSAS NO DETERMINADAS,0,0,0,0,15:50:00
-72.3330871,-37.48088,135,8,REGION BIO BIO,8301,LOS ANGELES,MONTREAL,OTAWA,0,"Montreal & Otawa, Los Angeles, Los Ángeles, Bío Bío, Chile",-37.48088,-72.3330871,1,GEOMETRIC_CENTER,2020,1294529,2020/08/03 00:00:00+00,CHOQUE FRENTE/POSTERIOR,CHOQUE,URBANA,IMPRUDENCIA DEL CONDUCTOR,CONDUCCION NO ATENTO CONDICIONES TRANSITO MOMENTO,0,0,0,0,21:50:00
-73.0867038,-36.7810274,136,8,REGION BIO BIO,8110,TALCAHUANO,CRISTOBAL COLON, ,1611,"Av. Cristóbal Colón 7225, Talcahuano, Bío Bío, Chile",-36.7810274,-73.0867038,1,ROOFTOP,2020,1294531,2020/08/06 00:00:00+00,COLISION LATERAL,COLISION,URBANA,IMPRUDENCIA DEL CONDUCTOR,CONDUCCION CAMBIAR SORPRESIVAMENTE PISTA CIRCULACION,0,0,0,1,16:40:00
-72.3258327,-37.4696747,137,8,REGION BIO BIO,8301,LOS ANGELES,LAS INDUSTRIAS, ,500,"Av Las Industrias 500, Los Ángeles, Bío Bío, Chile",-37.4696747,-72.3258327,1,RANGE_INTERPOLATED,2020,1294552,2020/08/06 00:00:00+00,CHOQUE LATERAL,CHOQUE,URBANA,FALLAS MECANICAS,FALLAS MECANICAS NEUMATICOS,0,0,0,0,15:45:00
-72.3516897,-37.4791759,138,8,REGION BIO BIO,8301,LOS ANGELES,SAN MARTIN,PATRICIO LYNCH,0,"Calle Bernardo OHiggins 547, Los Angeles, Los Ángeles, Bío Bío, Chile",-37.4791759,-72.3516897,1,ROOFTOP,2020,1294579,2020/08/07 00:00:00+00,COLISION,COLISION,URBANA,IMPRUDENCIA DEL CONDUCTOR,NO RESPETAR DERECHO PREFERENTE DE PASO A VEHICULO,0,0,0,1,18:00:00
-72.35232,-37.4718066,139,8,REGION BIO BIO,8301,LOS ANGELES,VALDIVIA, ,123,"Valdivia 123, Los Angeles, Los Ángeles, Bío Bío, Chile",-37.4718066,-72.35232,1,ROOFTOP,2020,1294586,2020/08/08 00:00:00+00,ATROPELLO,ATROPELLO,URBANA,IMPRUDENCIA DEL CONDUCTOR,CONDUCCION NO ATENTO CONDICIONES TRANSITO MOMENTO,0,0,1,0,20:00:00
-72.3612251,-37.4629159,140,8,REGION BIO BIO,8301,LOS ANGELES,LAGO TODOS LOS SANTOS,SANTIAGO,0,"Los Angeles, Los Ángeles, Bío Bío, Chile",-37.4629159,-72.3612251,1,APPROXIMATE,2020,1294589,2020/08/09 00:00:00+00,CHOQUE LADO/POSTERIOR,CHOQUE,URBANA,IMPRUDENCIA DEL CONDUCTOR,CONDUCCION NO ATENTO CONDICIONES TRANSITO MOMENTO,0,0,0,0,11:30:00
-72.3595096,-37.4764299,141,8,REGION BIO BIO,8301,LOS ANGELES,JOSE MIGUEL INFANTE,LYNCH,0,"Patricio Lynch & Jose Miguel Infante, Los Angeles, Los Ángeles, Bío Bío, Chile",-37.4764299,-72.3595096,1,GEOMETRIC_CENTER,2020,1294591,2020/08/09 00:00:00+00,COLISION LATERAL,COLISION,URBANA,IMPRUDENCIA DEL CONDUCTOR,CONDUCCION NO ATENTO CONDICIONES TRANSITO MOMENTO,0,0,0,1,18:30:00
-71.98023,-37.470252,142,8,REGION BIO BIO,8309,QUILLECO,OHIGGINS,DIEGO PORTALES,0,"Los Carrera 460, Quilleco, Bío Bío, Chile",-37.470252,-71.98023,1,ROOFTOP,2020,1294640,2020/08/10 00:00:00+00,CHOQUE FRONTAL,CHOQUE,URBANA,IMPRUDENCIA DEL CONDUCTOR,CONDUCCION NO ATENTO CONDICIONES TRANSITO MOMENTO,0,0,0,1,20:45:00
-72.364735,-37.4658931,143,8,REGION BIO BIO,8301,LOS ANGELES,LOS JUNCOS, ,660,"Los Juncos 660, Los Angeles, Los Ángeles, Bío Bío, Chile",-37.4658931,-72.364735,1,ROOFTOP,2020,1294622,2020/08/09 00:00:00+00,ATROPELLO,ATROPELLO,URBANA,IMPRUDENCIA DEL CONDUCTOR,CONDUCCION NO ATENTO CONDICIONES TRANSITO MOMENTO,0,0,0,2,19:50:00
-72.3257386,-37.4979486,144,8,REGION BIO BIO,8301,LOS ANGELES,LAS INDUSTRIAS,Q-61-R,0,"Avenida Las Industrias & Q-61, Los Ángeles, Bío Bío, Chile",-37.4979486,-72.3257386,1,GEOMETRIC_CENTER,2020,1294623,2020/08/09 00:00:00+00,VOLCADURA,VOLCADURA,URBANA,ALCOHOL EN CONDUCTOR,CONDUCCION EN ESTADO DE EBRIEDAD,0,0,0,1,23:30:00
-72.3612251,-37.4629159,145,8,REGION BIO BIO,8301,LOS ANGELES,NORTE SUR,NORTE SUR SEGUNDA PISTA DE CIRCULACION,0,"Los Angeles, Los Ángeles, Bío Bío, Chile",-37.4629159,-72.3612251,1,APPROXIMATE,2020,1294656,2020/08/11 00:00:00+00,COLISION LATERAL,COLISION,URBANA,IMPRUDENCIA DEL CONDUCTOR,CONDUCCION NO ATENTO CONDICIONES TRANSITO MOMENTO,0,0,0,0,11:00:00
-72.3518801,-37.4619045,146,8,REGION BIO BIO,8301,LOS ANGELES,VALDIVIA, ,950,"Valdivia 950, Los Angeles, Los Ángeles, Bío Bío, Chile",-37.4619045,-72.3518801,1,ROOFTOP,2020,1294664,2020/08/11 00:00:00+00,CHOQUE FRENTE/POSTERIOR,CHOQUE,URBANA,IMPRUDENCIA DEL CONDUCTOR,CONDUCCION NO ATENTO CONDICIONES TRANSITO MOMENTO,0,0,0,1,12:40:00
-72.3384135,-37.4685891,147,8,REGION BIO BIO,8301,LOS ANGELES,ALEMANIA,MARCONI,0,"Avenida Alemania & Guillermo Marconi, Los Angeles, Los Ángeles, Bío Bío, Chile",-37.4685891,-72.3384135,1,GEOMETRIC_CENTER,2020,1294666,2020/08/11 00:00:00+00,CHOQUE POSTERIOR/FRENTE,CHOQUE,URBANA,IMPRUDENCIA DEL CONDUCTOR,CONDUCCION NO ATENTO CONDICIONES TRANSITO MOMENTO,0,0,0,0,13:27:00
-72.3665554,-37.4671528,148,8,REGION BIO BIO,8301,LOS ANGELES,LAS AZALEAS,COSTANERA QUILQUE NORTE,0,"Las Azaleas & Costanera Quilque Norte, Los Angeles, Los Ángeles, Bío Bío, Chile",-37.4671528,-72.3665554,1,GEOMETRIC_CENTER,2020,1294696,2020/08/11 00:00:00+00,ATROPELLO,ATROPELLO,URBANA,IMPRUDENCIA DEL CONDUCTOR,CONDUCCION NO ATENTO CONDICIONES TRANSITO MOMENTO,0,0,0,0,20:00:00
-73.0138908,-36.9527546,149,8,REGION BIO BIO,8103,CHIGUAYANTE,MANUEL RODRIGUEZ,ITALIA,0,"Italia & Avenida Manuel Rodríguez, Chiguayante, Bío Bío, Chile",-36.9527546,-73.0138908,1,GEOMETRIC_CENTER,2020,1294701,2020/08/14 00:00:00+00,COLISION PERPENDICULAR,COLISION,URBANA,CAUSAS NO DETERMINADAS,CAUSAS NO DETERMINADAS,0,0,0,0,09:50:00
-72.3549982,-37.4589983,150,8,REGION BIO BIO,8301,LOS ANGELES,ALMTE LATORRE,ERCILLA,0,"Ercilla & Avenida Almirante Latorre, Los Angeles, Los Ángeles, Bío Bío, Chile",-37.4589983,-72.3549982,1,GEOMETRIC_CENTER,2020,1294704,2020/08/11 00:00:00+00,CHOQUE FRENTE/POSTERIOR,CHOQUE,URBANA,IMPRUDENCIA DEL CONDUCTOR,CONDUCCION NO ATENTO CONDICIONES TRANSITO MOMENTO,0,0,0,0,16:15:00
-72.3469429,-37.4592958,151,8,REGION BIO BIO,8301,LOS ANGELES,VILLAGRAN,ALMTE LATORRE,0,"Villagrán & Avenida Almirante Latorre, Los Angeles, Los Ángeles, Bío Bío, Chile",-37.4592958,-72.3469429,1,GEOMETRIC_CENTER,2020,1294706,2020/08/11 00:00:00+00,COLISION POR ALCANCE,COLISION,URBANA,IMPRUDENCIA DEL CONDUCTOR,CONDUCCION SIN MANTENER DISTANCIA RAZONABLE NI PRUDENTE,0,0,0,0,17:00:00
-73.0276763,-36.9196203,152,8,REGION BIO BIO,8103,CHIGUAYANTE,MANUEL RODRIGUEZ,JORGE ALESANDRI PALMA,0,"Av. Manuel Rodríguez 194, Chiguayante, Bío Bío, Chile",-36.9196203,-73.0276763,1,ROOFTOP,2020,1294707,2020/08/14 00:00:00+00,COLISION PERPENDICULAR,COLISION,URBANA,CAUSAS NO DETERMINADAS,CAUSAS NO DETERMINADAS,0,0,0,1,17:30:00
-73.0244451,-36.9407921,153,8,REGION BIO BIO,8103,CHIGUAYANTE,LOS CASTAÑOS,EL MAITEN,0,"Los Castaños & El Maitén, Chiguayante, Bío Bío, Chile",-36.9407921,-73.0244451,1,GEOMETRIC_CENTER,2020,1294727,2020/08/14 00:00:00+00,COLISION PERPENDICULAR,COLISION,URBANA,IMPRUDENCIA DEL CONDUCTOR,CONDUCCION NO ATENTO CONDICIONES TRANSITO MOMENTO,0,0,0,1,20:10:00
-73.021847,-36.9335783,154,8,REGION BIO BIO,8103,CHIGUAYANTE,MANUEL RODRIGUEZ,LIBERTAD,0,"Libertad & Avenida Manuel Rodríguez, Chiguayante, Bío Bío, Chile",-36.9335783,-73.021847,1,GEOMETRIC_CENTER,2020,1294815,2020/08/15 00:00:00+00,CHOQUE FRENTE/POSTERIOR,CHOQUE,URBANA,CAUSAS NO DETERMINADAS,CAUSAS NO DETERMINADAS,0,0,0,0,13:55:00
-73.1115048,-36.7262578,155,8,REGION BIO BIO,8110,TALCAHUANO,OHIGGINS, ,287,"OHiggins 287, Talcahuano, Bío Bío, Chile",-36.7262578,-73.1115048,1,RANGE_INTERPOLATED,2020,1294835,2020/08/13 00:00:00+00,ATROPELLO,ATROPELLO,URBANA,IMPRUDENCIA DEL PEATON,PEATON CRUZA CALZADA FUERA PASO PEATONES,0,0,0,1,13:15:00
-73.0267825,-36.9172184,156,8,REGION BIO BIO,8103,CHIGUAYANTE,SANTA SOFIA,MANUEL RODRIGUEZ,0,"Sta. Sofía 71, Chiguayante, Bío Bío, Chile",-36.9172184,-73.0267825,1,ROOFTOP,2020,1294842,2020/08/15 00:00:00+00,CHOQUE FRENTE/POSTERIOR,CHOQUE,URBANA,CAUSAS NO DETERMINADAS,CAUSAS NO DETERMINADAS,0,0,0,0,15:00:00
-73.1545202,-37.0942838,157,8,REGION BIO BIO,8106,LOTA,SERRANO,PRAT,0,"Arturo Prat & Serrano, Lota, Bío Bío, Chile",-37.0942838,-73.1545202,1,GEOMETRIC_CENTER,2020,1294855,2020/08/01 00:00:00+00,COLISION LATERAL,COLISION,URBANA,DESOBEDIENCIA A SEÑALIZACION,SEÑALIZACION DESOBEDECER SEÑAL CEDA EL PASO,0,0,0,1,21:50:00
-73.1527368,-37.0838756,158,8,REGION BIO BIO,8106,LOTA,FERNANDO MAIRA, ,402,"Fernando Maira Nº 580 – A, Sector La Cantera, Lota, Bío Bío, Chile",-37.0838756,-73.1527368,1,GEOMETRIC_CENTER,2020,1294867,2020/08/10 00:00:00+00,CHOQUE FRONTAL,CHOQUE,URBANA,PERDIDA CONTROL VEHICULO,PERDIDA CONTROL VEHICULO,0,0,0,1,11:29:00
-72.355773,-37.4622243,159,8,REGION BIO BIO,8301,LOS ANGELES,JANAQUEO, ,630,"Janequeo 630, Los Angeles, Los Ángeles, Bío Bío, Chile",-37.4622243,-72.355773,1,ROOFTOP,2020,1295017,2020/08/12 00:00:00+00,CHOQUE FRONTAL,CHOQUE,URBANA,IMPRUDENCIA DEL CONDUCTOR,CONDUCCION NO ATENTO CONDICIONES TRANSITO MOMENTO,0,0,0,0,23:00:00
-72.33611,-37.4969881,160,8,REGION BIO BIO,8301,LOS ANGELES,LOS CARRERA,NUEVA ESPERANZA,0,"Avenida Los Carrera & Nueva Esperanza, Los Ángeles, Bío Bío, Chile",-37.4969881,-72.33611,1,GEOMETRIC_CENTER,2020,1295020,2020/08/13 00:00:00+00,COLISION FRONTAL,COLISION,RURAL,IMPRUDENCIA DEL CONDUCTOR,CONDUCCION NO ATENTO CONDICIONES TRANSITO MOMENTO,0,1,0,0,07:40:00
-72.2680088,-37.5133534,161,8,REGION BIO BIO,8301,LOS ANGELES,CAMINO CHOLGUAHUE,CHACAYAL SUR,0,"Cholguahue, Los Ángeles, Bío Bío, Chile",-37.5133534,-72.2680088,1,APPROXIMATE,2020,1295023,2020/08/13 00:00:00+00,CHOQUE FRONTAL,CHOQUE,RURAL,ALCOHOL EN CONDUCTOR,CONDUCCION EN ESTADO DE EBRIEDAD,0,1,0,1,02:00:00
-72.3538886,-37.4723426,162,8,REGION BIO BIO,8301,LOS ANGELES,RICARDO VICUÑA,MENDOZA,0,"Mendoza & Avenida Ricardo Vicuña, Los Angeles, Los Ángeles, Bío Bío, Chile",-37.4723426,-72.3538886,1,GEOMETRIC_CENTER,2020,1295030,2020/08/14 00:00:00+00,COLISION POR ALCANCE,COLISION,URBANA,IMPRUDENCIA DEL CONDUCTOR,CONDUCCION NO ATENTO CONDICIONES TRANSITO MOMENTO,0,0,0,0,12:00:00
-72.3651797,-37.4800723,163,8,REGION BIO BIO,8301,LOS ANGELES,VICUÑA MACKENNA,LOS CIRUELOS,0,"Los Ciruelos & Avenida Vicuña Mackenna, Los Angeles, Los Ángeles, Bío Bío, Chile",-37.4800723,-72.3651797,1,GEOMETRIC_CENTER,2020,1295039,2020/08/19 00:00:00+00,ATROPELLO,ATROPELLO,URBANA,IMPRUDENCIA DEL PEATON,PEATON CRUZA CALZADA FORMA SORPRESIVA O DESCUIDADA,1,0,0,0,20:50:00
-72.3269736,-37.4698462,164,8,REGION BIO BIO,8301,LOS ANGELES,LAS INDUSTRIAS, ,511,"Av Las Industrias 511, Los Ángeles, Bío Bío, Chile",-37.4698462,-72.3269736,1,RANGE_INTERPOLATED,2020,1295040,2020/08/14 00:00:00+00,CHOQUE FRENTE/POSTERIOR,CHOQUE,URBANA,IMPRUDENCIA DEL CONDUCTOR,CONDUCCION NO ATENTO CONDICIONES TRANSITO MOMENTO,0,0,0,0,13:50:00
-71.9418524,-37.2455361,165,8,REGION BIO BIO,8312,TUCAPEL,RUCAMANQUI, ,306,"Tucapel, Bío Bío, Chile",-37.2455361,-71.9418524,1,GEOMETRIC_CENTER,2020,1295048,2020/08/04 00:00:00+00,COLISION LATERAL,COLISION,URBANA,IMPRUDENCIA DEL CONDUCTOR,CONDUCCION NO ATENTO CONDICIONES TRANSITO MOMENTO,0,0,1,0,17:30:00
-72.3487102,-37.4746809,166,8,REGION BIO BIO,8301,LOS ANGELES,BULNES, ,140,"Bulnes 140, Los Angeles, Los Ángeles, Bío Bío, Chile",-37.4746809,-72.3487102,1,ROOFTOP,2020,1295065,2020/08/14 00:00:00+00,CHOQUE FRENTE/LADO,CHOQUE,URBANA,IMPRUDENCIA DEL CONDUCTOR,CONDUCCION NO ATENTO CONDICIONES TRANSITO MOMENTO,0,0,0,0,17:10:00
-71.9439446,-37.2419075,167,8,REGION BIO BIO,8312,TUCAPEL,ECUADOR,ARTURO PRAT,0,"Av. Ecuador, Huepil, Tucapel, Bío Bío, Chile",-37.2419075,-71.9439446,1,GEOMETRIC_CENTER,2020,1295090,2020/08/15 00:00:00+00,COLISION LATERAL,COLISION,URBANA,IMPRUDENCIA DEL CONDUCTOR,CONDUCCION NO ATENTO CONDICIONES TRANSITO MOMENTO,0,0,0,0,21:15:00
-73.6205055,-37.7062955,168,8,REGION BIO BIO,8201,LEBU,SECTOR MORHUILLA, ,4,"Morguilla, Lebu, Bío Bío, Chile",-37.7062955,-73.6205055,1,APPROXIMATE,2020,1295123,2020/08/20 00:00:00+00,OTRO TIPO,OTRO TIPO,RURAL,CAUSAS NO DETERMINADAS,CAUSAS NO DETERMINADAS,0,0,0,1,17:00:00
-72.3417836,-37.4896339,169,8,REGION BIO BIO,8301,LOS ANGELES,LOS CARRERA,FERROCARRIL,0,"Av. Los Carrera & Av. Ferrocarril, Los Angeles, Los Ángeles, Bío Bío, Chile",-37.4896339,-72.3417836,1,GEOMETRIC_CENTER,2020,1295157,2020/08/19 00:00:00+00,COLISION,COLISION,URBANA,IMPRUDENCIA DEL CONDUCTOR,CONDUCCION NO ATENTO CONDICIONES TRANSITO MOMENTO,0,0,0,0,14:30:00
-72.6906896,-37.4958674,170,8,REGION BIO BIO,8306,NACIMIENTO,JULIO HEMMELMANN, ,1200,"Pje. Julio Hemmelmann 1200, Nacimiento, Bío Bío, Chile",-37.4958674,-72.6906896,1,RANGE_INTERPOLATED,2020,1295195,2020/08/19 00:00:00+00,CHOQUE,CHOQUE,URBANA,ALCOHOL EN CONDUCTOR,CONDUCCION EN ESTADO DE EBRIEDAD,0,0,0,1,03:40:00
-73.098645,-36.7896924,171,8,REGION BIO BIO,8112,HUALPEN,PATRIA VIEJA,NAPOLES,0,"Patria Vieja & Nápoles, Hualpén, Bío Bío, Chile",-36.7896924,-73.098645,1,GEOMETRIC_CENTER,2020,1295252,2020/08/15 00:00:00+00,COLISION,COLISION,URBANA,CAUSAS NO DETERMINADAS,CAUSAS NO DETERMINADAS,0,1,0,0,13:20:00
-73.105109,-36.8465422,172,8,REGION BIO BIO,8108,SAN PEDRO DE LA PAZ,NUEVA, ,3286,"Laguna Grande, San Pedro de la Paz, Bío Bío, Chile",-36.8465422,-73.105109,1,GEOMETRIC_CENTER,2020,1295329,2020/08/16 00:00:00+00,CHOQUE POSTERIOR/POSTERIOR,CHOQUE,URBANA,IMPRUDENCIA DEL CONDUCTOR,CONDUCCION NO ATENTO CONDICIONES TRANSITO MOMENTO,0,0,0,0,01:30:00
-73.1461672,-36.8534052,173,8,REGION BIO BIO,8108,SAN PEDRO DE LA PAZ,TUCAPEL,GALVARINO,0,"Calle Galvarino & Tucapel, San Pedro de la Paz, Bío Bío, Chile",-36.8534052,-73.1461672,1,GEOMETRIC_CENTER,2020,1295338,2020/08/18 00:00:00+00,IMPACTO CON ANIMAL,OTRO TIPO,URBANA,DEFICIENCIAS VIALES,ANIMALES SUELTOS VIA PUBLICA,0,0,0,0,21:05:00
-73.0122482,-36.8206371,174,8,REGION BIO BIO,8101,CONCEPCION,COLLAO, ,1391,"Collao 1391, Concepción, Bío Bío, Chile",-36.8206371,-73.0122482,1,ROOFTOP,2020,1295381,2020/08/13 00:00:00+00,COLISION LATERAL,COLISION,URBANA,IMPRUDENCIA DEL CONDUCTOR,ADELANTAMIENTO SIN EL ESPACIO O TIEMPO SUFICIENTE,0,0,0,0,21:40:00
-73.1320335,-36.8628164,175,8,REGION BIO BIO,8108,SAN PEDRO DE LA PAZ,LA TORRE, ,690,"San Pedro de la Paz, Bío Bío, Chile",-36.8628164,-73.1320335,1,GEOMETRIC_CENTER,2020,1295408,2020/08/22 00:00:00+00,COLISION POR ALCANCE,COLISION,URBANA,CAUSAS NO DETERMINADAS,CAUSAS NO DETERMINADAS,0,0,0,0,17:15:00
-73.0565259,-36.8447301,176,8,REGION BIO BIO,8101,CONCEPCION,COSTANERA,SGTO ALDEA,0,"Av. Costanera & Sgto. Aldea, Concepción, Bío Bío, Chile",-36.8447301,-73.0565259,1,GEOMETRIC_CENTER,2020,1295426,2020/08/15 00:00:00+00,CHOQUE,CHOQUE,URBANA,IMPRUDENCIA DEL CONDUCTOR,CONDUCCION SIN MANTENER DISTANCIA RAZONABLE NI PRUDENTE,0,0,0,3,09:05:00
-73.1358898,-36.8439198,177,8,REGION BIO BIO,8108,SAN PEDRO DE LA PAZ,MICHAIHUE, ,455,"Av Michaihue 455, San Pedro de la Paz, RM, Chile",-36.8439198,-73.1358898,1,ROOFTOP,2020,1295460,2020/08/23 00:00:00+00,CHOQUE FRONTAL,CHOQUE,URBANA,ALCOHOL EN CONDUCTOR,CONDUCCION EN ESTADO DE EBRIEDAD,0,1,0,1,08:00:00
-72.7138535,-37.2753957,178,8,REGION BIO BIO,8304,LAJA,SAN MARTIN, ,315,"San Martin 315, Laja, Bío Bío, Chile",-37.2753957,-72.7138535,1,RANGE_INTERPOLATED,2020,1295464,2020/08/19 00:00:00+00,COLISION POR ALCANCE,COLISION,URBANA,IMPRUDENCIA DEL CONDUCTOR,CONDUCCION NO ATENTO CONDICIONES TRANSITO MOMENTO,0,0,0,2,21:50:00
-72.9885985,-36.7326781,179,8,REGION BIO BIO,8107,PENCO,TOLTEN,BLANCO,0,"Toltén & Blanco, Penco, Bío Bío, Chile",-36.7326781,-72.9885985,1,GEOMETRIC_CENTER,2020,1295471,2020/08/01 00:00:00+00,COLISION LATERAL,COLISION,URBANA,IMPRUDENCIA DEL CONDUCTOR,CONDUCCION SIN MANTENER DISTANCIA RAZONABLE NI PRUDENTE,0,0,0,1,11:10:00
-72.2402128,-37.7234527,180,8,REGION BIO BIO,8305,MULCHEN,UNZUETA,PANTOJA,0,"Pantoja & Unzueta, Mulchen, Mulchén, Bío Bío, Chile",-37.7234527,-72.2402128,1,GEOMETRIC_CENTER,2020,1295472,2020/08/22 00:00:00+00,COLISION LATERAL,COLISION,URBANA,DESOBEDIENCIA A SEÑALIZACION,SEÑALIZACION DESOBEDECER SEÑAL CEDA EL PASO,0,0,0,1,09:25:00