X,Y,FID,COD_REG,REGION,CUT,COMUNA,CALLE_UNO,CALLE_DOS,NUMERO,DIR_GEOCOD,LAT,LNG,VAL_COM,TIPO,Año,Idaccident,Fecha,Tipo_Accid,Tipo__CONA,Zona,Causa__CON,Causa,Fallecidos,Graves,Menos_Grav,Leves,Hora
-72.5555975,-37.1007069,181,8,REGION BIO BIO,8313,YUMBEL,LOS CARRERA,PEDRO AGUIRRE CERDA,0,"Pedro Aguirre Cerda & Los Carrera, Yumbel, Bío Bío, Chile",-37.1007069,-72.5555975,1,GEOMETRIC_CENTER,2020,1295476,2020/08/21 00:00:00+00,ATROPELLO,ATROPELLO,URBANA,IMPRUDENCIA DEL CONDUCTOR,CONDUCCION NO ATENTO CONDICIONES TRANSITO MOMENTO,0,1,0,0,21:30:00
-73.0572754,-36.8387335,182,8,REGION BIO BIO,8101,CONCEPCION,ERRAZURIZ SUR, ,240,"Errázuriz Sur 240, Concepción, Bío Bío, Chile",-36.8387335,-73.0572754,1,RANGE_INTERPOLATED,2020,1295589,2020/07/11 00:00:00+00,CHOQUE,CHOQUE,URBANA,IMPRUDENCIA DEL CONDUCTOR,CONDUCCION NO ATENTO CONDICIONES TRANSITO MOMENTO,0,0,0,0,04:10:00
-73.0455419,-36.8232329,183,8,REGION BIO BIO,8101,CONCEPCION,OROMPELLO,FREIRE,0,"Freire & Orompello, Concepción, Bío Bío, Chile",-36.8232329,-73.0455419,1,GEOMETRIC_CENTER,2020,1295593,2020/08/15 00:00:00+00,COLISION PERPENDICULAR,COLISION,URBANA,IMPRUDENCIA DEL CONDUCTOR,CONDUCCION NO ATENTO CONDICIONES TRANSITO MOMENTO,0,0,0,3,15:50:00
-73.0499009,-36.8289039,184,8,REGION BIO BIO,8101,CONCEPCION,SAN MARTIN,CAUPOLICAN,0,"San Martín & Caupolicán, Concepción, Bío Bío, Chile",-36.8289039,-73.0499009,1,GEOMETRIC_CENTER,2020,1295611,2020/08/18 00:00:00+00,ATROPELLO,ATROPELLO,URBANA,IMPRUDENCIA DEL CONDUCTOR,NO RESPETAR DERECHO PREFERENTE DE PASO A PEATON,0,0,0,1,12:00:00
-73.3407369,-37.4748939,185,8,REGION BIO BIO,8205,CURANILAHUE,JUAN BENITEZ MEZA, ,560,"Juan Benítez Meza 560, Curanilahue, Bío Bío, Chile",-37.4748939,-73.3407369,1,RANGE_INTERPOLATED,2020,1295620,2020/08/21 00:00:00+00,CHOQUE LATERAL,CHOQUE,URBANA,ALCOHOL EN CONDUCTOR,CONDUCCION EN ESTADO DE EBRIEDAD,0,0,0,0,01:50:00
-73.0531471,-36.8238989,186,8,REGION BIO BIO,8101,CONCEPCION,CAUPOLICAN,LOS CARRERA,0,"Avenida los Carrera & Caupolicán, Concepción, Bío Bío, Chile",-36.8238989,-73.0531471,1,GEOMETRIC_CENTER,2020,1295684,2020/08/20 00:00:00+00,COLISION LATERAL,COLISION,URBANA,IMPRUDENCIA DEL CONDUCTOR,CONDUCCION NO ATENTO CONDICIONES TRANSITO MOMENTO,0,0,0,0,11:00:00
-73.0492998,-36.824775,187,8,REGION BIO BIO,8101,CONCEPCION,COLO COLO,FREIRE,0,"Freire & Colo Colo, Concepción, Bío Bío, Chile",-36.824775,-73.0492998,1,GEOMETRIC_CENTER,2020,1295689,2020/08/20 00:00:00+00,ATROPELLO,ATROPELLO,URBANA,IMPRUDENCIA DEL CONDUCTOR,NO RESPETAR DERECHO PREFERENTE DE PASO A PEATON,0,1,0,0,14:00:00
-73.063156,-36.8349005,188,8,REGION BIO BIO,8101,CONCEPCION,COSTANERA,PUENTE CHACABUCO,0,"Avenida Costanera & Puente Chacabuco, Concepción, Bío Bío, Chile",-36.8349005,-73.063156,1,GEOMETRIC_CENTER,2020,1295707,2020/08/20 00:00:00+00,COLISION PERPENDICULAR,COLISION,URBANA,DESOBEDIENCIA A SEÑALIZACION,SEÑALIZACION DESOBEDECER LUZ ROJA DE SEMAFORO,0,1,0,0,11:40:00
-73.0588524,-36.8102819,189,8,REGION BIO BIO,8101,CONCEPCION,BALMACEDA,COSTANERA,0,"Colo Colo 1855, Concepción, Bío Bío, Chile",-36.8102819,-73.0588524,1,ROOFTOP,2020,1295727,2020/08/21 00:00:00+00,CHOQUE,CHOQUE,URBANA,IMPRUDENCIA DEL CONDUCTOR,CONDUCIR VEHICULO EN RETROCESO,0,0,0,0,13:45:00
-73.0847201,-36.8005237,190,8,REGION BIO BIO,8112,HUALPEN,CRISTOBAL COLON,NUEVA IMPERIAL,0,"Avenida Cristóbal Colón & Nva Imperial, Hualpén, Bío Bío, Chile",-36.8005237,-73.0847201,1,GEOMETRIC_CENTER,2020,1295739,2020/08/20 00:00:00+00,CHOQUE FRENTE/LADO,CHOQUE,URBANA,DESOBEDIENCIA A SEÑALIZACION,SEÑALIZACION DESOBEDECER LUZ ROJA DE SEMAFORO,0,0,0,1,14:10:00
-73.0856174,-36.7987522,191,8,REGION BIO BIO,8112,HUALPEN,CRISTOBAL COLON,LAS GOLONDRINAS,0,"Cristobal Colon - Av Los Copihues, Hualpén, Bío Bío, Chile",-36.7987522,-73.0856174,1,GEOMETRIC_CENTER,2020,1295751,2020/08/21 00:00:00+00,CHOQUE FRENTE/POSTERIOR,CHOQUE,URBANA,IMPRUDENCIA DEL CONDUCTOR,CONDUCCION NO ATENTO CONDICIONES TRANSITO MOMENTO,0,0,0,0,13:00:00
-73.0773082,-36.8052495,192,8,REGION BIO BIO,8112,HUALPEN,JORGE ALESSANDRI RODRIGUEZ,CRISTOBAL COLON,0,"Av. Pdte. Jorge Alessandri Rodriguez, Hualpén, Bío Bío, Chile",-36.8052495,-73.0773082,1,GEOMETRIC_CENTER,2020,1295755,2020/08/24 00:00:00+00,VOLCADURA,VOLCADURA,URBANA,PERDIDA CONTROL VEHICULO,PERDIDA CONTROL VEHICULO,0,0,1,0,12:00:00
-72.9912354,-36.7432593,193,8,REGION BIO BIO,8107,PENCO,MAITEN, ,77,"El Maitén 77, Penco, Bío Bío, Chile",-36.7432593,-72.9912354,1,RANGE_INTERPOLATED,2020,1295824,2020/08/04 00:00:00+00,CHOQUE,CHOQUE,URBANA,IMPRUDENCIA DEL CONDUCTOR,CONDUCCION NO ATENTO CONDICIONES TRANSITO MOMENTO,0,0,0,0,16:15:00
-73.1632918,-36.9967701,194,8,REGION BIO BIO,8102,CORONEL,JUAN ANTONIO RIOS,ARTURO ALESSANDRI,0,"Arturo Alessandri & Juan Antonio Ríos, Coronel, Bío Bío, Chile",-36.9967701,-73.1632918,1,GEOMETRIC_CENTER,2020,1295856,2020/08/15 00:00:00+00,COLISION,COLISION,URBANA,OTRAS CAUSAS,OTRAS CAUSAS,0,0,0,2,10:55:00
-73.6515144,-37.6080504,195,8,REGION BIO BIO,8201,LEBU,BULNES,LATORRE,0,"Latorre & Bulnes, Lebu, Bío Bío, Chile",-37.6080504,-73.6515144,1,GEOMETRIC_CENTER,2020,1276066,2020/04/11 00:00:00+00,ATROPELLO,ATROPELLO,URBANA,DESOBEDIENCIA A SEÑALIZACION,SEÑALIZACION DESOBEDECER SEÑAL CEDA EL PASO,0,0,0,1,10:30:00
-73.1015585,-36.7838898,196,8,REGION BIO BIO,8112,HUALPEN,VARSOVIA,ALEMANIA,0,"Alemania & Varsovia, Hualpén, Bío Bío, Chile",-36.7838898,-73.1015585,1,GEOMETRIC_CENTER,2020,1295863,2020/08/24 00:00:00+00,ATROPELLO,ATROPELLO,URBANA,IMPRUDENCIA DEL PEATON,PEATON CRUZA CALZADA FUERA PASO PEATONES,0,1,0,0,18:10:00
-73.1619739,-36.9997302,197,8,REGION BIO BIO,8102,CORONEL,MANUEL MONTT,LOS CHIFLONES,0,"Los Chiflones & Avenida Manuel Montt, Coronel, Bío Bío, Chile",-36.9997302,-73.1619739,1,GEOMETRIC_CENTER,2020,1295884,2020/08/21 00:00:00+00,COLISION LATERAL,COLISION,URBANA,DESOBEDIENCIA A SEÑALIZACION,SEÑALIZACION DESOBEDECER SEÑAL PARE,0,0,0,3,20:15:00
-73.0419615,-36.8112828,198,8,REGION BIO BIO,8101,CONCEPCION,LIENTUR,LATORRE,0,"Lientur, Concepción, Bío Bío, Chile",-36.8112828,-73.0419615,1,GEOMETRIC_CENTER,2020,1295931,2020/08/10 00:00:00+00,CHOQUE LADO/LADO,CHOQUE,URBANA,IMPRUDENCIA DEL CONDUCTOR,CONDUCCION NO ATENTO CONDICIONES TRANSITO MOMENTO,0,0,0,0,13:55:00
-72.6704712,-37.5025917,199,8,REGION BIO BIO,8306,NACIMIENTO,FREIRE, ,374,"Freire 374, Nacimiento, Bío Bío, Chile",-37.5025917,-72.6704712,1,ROOFTOP,2020,1296069,2020/08/20 00:00:00+00,CHOQUE,CHOQUE,URBANA,CAUSAS NO DETERMINADAS,CAUSAS NO DETERMINADAS,0,0,0,1,21:00:00
-73.027521,-36.810789,200,8,REGION BIO BIO,8101,CONCEPCION,ROTONDA PALOMARES,CAMINO DEL INDIO,0,"Cam. a Penco, Concepción, Bío Bío, Chile",-36.810789,-73.027521,1,GEOMETRIC_CENTER,2020,1296149,2020/08/25 00:00:00+00,CHOQUE,CHOQUE,URBANA,IMPRUDENCIA DEL CONDUCTOR,CONDUCIR VEHICULO EN RETROCESO,0,0,0,0,09:50:00
-73.0298621,-36.8153848,201,8,REGION BIO BIO,8101,CONCEPCION,GRAL NOVOA,MAIPU,0,"General Novoa & Maipú, Concepción, Bío Bío, Chile",-36.8153848,-73.0298621,1,GEOMETRIC_CENTER,2020,1296166,2020/08/25 00:00:00+00,COLISION PERPENDICULAR,COLISION,URBANA,DESOBEDIENCIA A SEÑALIZACION,SEÑALIZACION DESOBEDECER SEÑAL PARE,0,0,0,1,19:45:00
-73.320741,-37.247951,202,8,REGION BIO BIO,8202,ARAUCO,ARTURO PRAT,LORD COCHRANE,0,"Av. Arturo Prat 489, Arauco, Arauco, Bío Bío, Chile",-37.247951,-73.320741,1,GEOMETRIC_CENTER,2020,1296270,2020/08/26 00:00:00+00,COLISION LATERAL,COLISION,URBANA,IMPRUDENCIA DEL CONDUCTOR,CONDUCCION CAMBIAR SORPRESIVAMENTE PISTA CIRCULACION,0,0,0,0,21:40:00
-73.0845523,-36.7856261,203,8,REGION BIO BIO,8112,HUALPEN,ARTEAGA ALEMPARTE, ,943,"Arteaga Alemparte 943, Hualpén, Talcahuano, Bío Bío, Chile",-36.7856261,-73.0845523,1,ROOFTOP,2020,1296265,2020/08/26 00:00:00+00,ATROPELLO,ATROPELLO,URBANA,IMPRUDENCIA DEL PEATON,PEATON CRUZA CALZADA FUERA PASO PEATONES,0,1,0,0,20:30:00
-73.0903429,-36.7528259,204,8,REGION BIO BIO,8110,TALCAHUANO,LAS DALIAS,JUAN GUILLERMO SOSA,0,"Juan Guillermo Sosa & Las Dalias, Talcahuano, Bío Bío, Chile",-36.7528259,-73.0903429,1,GEOMETRIC_CENTER,2020,1296298,2020/08/20 00:00:00+00,COLISION LATERAL,COLISION,URBANA,IMPRUDENCIA DEL CONDUCTOR,NO RESPETAR DERECHO PREFERENTE DE PASO A VEHICULO,0,0,0,0,20:16:00
-73.0543088,-36.8243923,205,8,REGION BIO BIO,8101,CONCEPCION,RENGO,LOS CARRERA,0,"Rengo & Avenida los Carrera, Concepción, Bío Bío, Chile",-36.8243923,-73.0543088,1,GEOMETRIC_CENTER,2020,1296314,2020/08/26 00:00:00+00,COLISION LATERAL,COLISION,URBANA,IMPRUDENCIA DEL CONDUCTOR,CONDUCCION POR IZQUIERDA EJE CALZADA,0,0,0,0,13:10:00
-73.027521,-36.810789,206,8,REGION BIO BIO,8101,CONCEPCION,ROTONDA PALOMARES,COLLAO,0,"Cam. a Penco, Concepción, Bío Bío, Chile",-36.810789,-73.027521,1,GEOMETRIC_CENTER,2020,1296318,2020/08/26 00:00:00+00,CHOQUE,CHOQUE,URBANA,PERDIDA CONTROL VEHICULO,PERDIDA CONTROL VEHICULO,0,0,0,1,06:25:00
-73.0398271,-36.8246235,207,8,REGION BIO BIO,8101,CONCEPCION,JANEQUEO,SAN MARTIN,0,"Janequeo & San Martín, Concepción, Bío Bío, Chile",-36.8246235,-73.0398271,1,GEOMETRIC_CENTER,2020,1296324,2020/08/27 00:00:00+00,COLISION LATERAL,COLISION,URBANA,IMPRUDENCIA DEL CONDUCTOR,CONDUCCION NO ATENTO CONDICIONES TRANSITO MOMENTO,0,0,0,0,09:15:00
-72.658002,-37.506536,208,8,REGION BIO BIO,8306,NACIMIENTO,ESTACION, ,1200,"Av. Estacion, Nacimiento, Bío Bío, Chile",-37.506536,-72.658002,1,GEOMETRIC_CENTER,2020,1296331,2020/08/22 00:00:00+00,CHOQUE,CHOQUE,URBANA,ALCOHOL EN CONDUCTOR,CONDUCCION EN ESTADO DE EBRIEDAD,0,0,0,0,02:39:00
-72.2948845,-37.2619693,209,8,REGION BIO BIO,8301,LOS ANGELES,CAMINO LUANCO SECTOR DICAHUE, ,20,"Luanco, Los Ángeles, Bío Bío, Chile",-37.2619693,-72.2948845,1,APPROXIMATE,2020,1296397,2020/08/22 00:00:00+00,ATROPELLO,ATROPELLO,RURAL,CAUSAS NO DETERMINADAS,CAUSAS NO DETERMINADAS,0,0,0,0,19:30:00
-72.9971305,-36.7480667,210,8,REGION BIO BIO,8107,PENCO,ABATE MOLINA, ,245,"Abate Molina 245, Penco, Bío Bío, Chile",-36.7480667,-72.9971305,1,ROOFTOP,2020,1296350,2020/08/21 00:00:00+00,CHOQUE,CHOQUE,URBANA,PERDIDA CONTROL VEHICULO,PERDIDA CONTROL VEHICULO,0,0,0,0,08:05:00
-72.6647367,-36.8238359,211,8,REGION BIO BIO,8104,FLORIDA,ARTURO PRAT,IGNACIO CARRERA PINTO,0,"Arturo Prat & Ignacio Carrera Pinto, Florida, Bío Bío, Chile",-36.8238359,-72.6647367,1,GEOMETRIC_CENTER,2020,1296361,2020/08/21 00:00:00+00,COLISION,COLISION,URBANA,CAUSAS NO DETERMINADAS,CAUSAS NO DETERMINADAS,0,0,0,0,12:40:00
-72.9528864,-36.6056147,212,8,REGION BIO BIO,8111,TOME,ALBERTO VERGARA, ,1075,"Alberto Vergara 1075, Tome, Tomé, Bío Bío, Chile",-36.6056147,-72.9528864,1,ROOFTOP,2020,1296386,2020/08/20 00:00:00+00,ATROPELLO,ATROPELLO,URBANA,ALCOHOL EN PEATON,EBRIEDAD DEL PEATON,0,0,0,1,16:25:00
-72.3615007,-37.4807078,213,8,REGION BIO BIO,8301,LOS ANGELES,VICUÑA MACKENNA,CAMILO HENRIQUEZ,0,"Camilo Henríquez & Avenida Vicuña Mackenna, Los Angeles, Los Ángeles, Bío Bío, Chile",-37.4807078,-72.3615007,1,GEOMETRIC_CENTER,2020,1296389,2020/08/26 00:00:00+00,COLISION LATERAL,COLISION,URBANA,IMPRUDENCIA DEL CONDUCTOR,CONDUCCION NO ATENTO CONDICIONES TRANSITO MOMENTO,0,0,0,0,18:30:00
-72.3361539,-37.4486975,214,8,REGION BIO BIO,8301,LOS ANGELES,SOR VICENTA,MANUEL RIO SECO,0,"Av. Sor Vicenta & Dr. Manuel Rioseco, Los Angeles, Los Ángeles, Bío Bío, Chile",-37.4486975,-72.3361539,1,GEOMETRIC_CENTER,2020,1296393,2020/08/21 00:00:00+00,COLISION LATERAL,COLISION,URBANA,ALCOHOL EN CONDUCTOR,CONDUCCION EN ESTADO DE EBRIEDAD,0,0,0,1,22:16:00
-73.0608019,-36.8269433,215,8,REGION BIO BIO,8101,CONCEPCION,LOS CARRERA,ARTURO PRAT,0,"Avenida los Carrera & Arturo Prat, Concepción, Bío Bío, Chile",-36.8269433,-73.0608019,1,GEOMETRIC_CENTER,2020,1296399,2020/08/13 00:00:00+00,COLISION POR ALCANCE,COLISION,URBANA,IMPRUDENCIA DEL CONDUCTOR,CONDUCCION NO ATENTO CONDICIONES TRANSITO MOMENTO,0,0,0,0,19:30:00
-71.9418524,-37.2455361,216,8,REGION BIO BIO,8312,TUCAPEL,CAMINO RUCAMANQUI, ,13,"Tucapel, Bío Bío, Chile",-37.2455361,-71.9418524,1,GEOMETRIC_CENTER,2020,1296411,2020/08/22 00:00:00+00,COLISION POR ALCANCE,COLISION,RURAL,IMPRUDENCIA DEL CONDUCTOR,CONDUCCION NO ATENTO CONDICIONES TRANSITO MOMENTO,0,0,0,0,15:35:00
-72.3386346,-37.4898222,217,8,REGION BIO BIO,8301,LOS ANGELES,FERROCARRIL,LOS INCAS,0,"Los Incas & Avenida Ferrocarril, Los Angeles, Los Ángeles, Bío Bío, Chile",-37.4898222,-72.3386346,1,GEOMETRIC_CENTER,2020,1296413,2020/08/22 00:00:00+00,COLISION LATERAL,COLISION,URBANA,ALCOHOL EN CONDUCTOR,CONDUCCION EN ESTADO DE EBRIEDAD,0,0,0,1,16:50:00
-72.3497931,-37.4789506,218,8,REGION BIO BIO,8301,LOS ANGELES,FREIRE, ,570,"Freire 570, Los Angeles, Los Ángeles, Bío Bío, Chile",-37.4789506,-72.3497931,1,ROOFTOP,2020,1296420,2020/08/23 00:00:00+00,COLISION LATERAL,COLISION,URBANA,IMPRUDENCIA DEL CONDUCTOR,CONDUCCION NO ATENTO CONDICIONES TRANSITO MOMENTO,0,0,0,0,12:00:00
-72.3550077,-37.4810797,219,8,REGION BIO BIO,8301,LOS ANGELES,VICUÑA MACKENNA,MANUEL RODRIGUEZ,0,"Avenida Vicuña Mackenna & Manuel Rodríguez, Los Angeles, Los Ángeles, Bío Bío, Chile",-37.4810797,-72.3550077,1,GEOMETRIC_CENTER,2020,1296422,2020/08/23 00:00:00+00,COLISION LATERAL,COLISION,URBANA,IMPRUDENCIA DEL CONDUCTOR,CONDUCCION NO ATENTO CONDICIONES TRANSITO MOMENTO,0,0,0,1,16:53:00
-73.1008634,-36.8325916,220,8,REGION BIO BIO,8108,SAN PEDRO DE LA PAZ,LAS VIOLETAS,ENRIQUE SORO,0,"Las Violetas & Enrique Soro, San Pedro de la Paz, Bío Bío, Chile",-36.8325916,-73.1008634,1,GEOMETRIC_CENTER,2020,1296430,2020/08/28 00:00:00+00,VOLCADURA,VOLCADURA,URBANA,IMPRUDENCIA DEL CONDUCTOR,CONDUCCION NO ATENTO CONDICIONES TRANSITO MOMENTO,0,0,0,1,23:50:00
-73.0329891,-36.7971713,221,8,REGION BIO BIO,8101,CONCEPCION,ANDALIEN,DARIO SILVA,0,"Avenida Andalien & Darío Silva, Concepción, Bío Bío, Chile",-36.7971713,-73.0329891,1,GEOMETRIC_CENTER,2020,1296435,2020/08/01 00:00:00+00,COLISION,COLISION,URBANA,IMPRUDENCIA DEL CONDUCTOR,NO RESPETAR DERECHO PREFERENTE DE PASO A PEATON,0,0,0,0,20:08:00
-72.3727004,-37.4591888,222,8,REGION BIO BIO,8301,LOS ANGELES,CAMINO MARIA DOLORES,PADRE HURTADO,0,"Cam. María Dolores & Av. Padre Hurtado, Los Ángeles, Bío Bío, Chile",-37.4591888,-72.3727004,1,GEOMETRIC_CENTER,2020,1296436,2020/08/24 00:00:00+00,COLISION POR ALCANCE,COLISION,URBANA,IMPRUDENCIA DEL CONDUCTOR,CONDUCCION NO ATENTO CONDICIONES TRANSITO MOMENTO,0,0,0,0,16:00:00
-72.3324341,-37.4864434,223,8,REGION BIO BIO,8301,LOS ANGELES,LOS OMAHUACAS,LOS QUIMBAYAS,0,"Los Quimbayas 850, Los Angeles, Los Ángeles, Bío Bío, Chile",-37.4864434,-72.3324341,1,ROOFTOP,2020,1296437,2020/08/24 00:00:00+00,COLISION LATERAL,COLISION,URBANA,IMPRUDENCIA DEL CONDUCTOR,CONDUCCION NO ATENTO CONDICIONES TRANSITO MOMENTO,0,0,0,1,19:05:00
-72.3630343,-37.4705121,224,8,REGION BIO BIO,8301,LOS ANGELES,LOS TILOS, ,500,"Los Tilos, Los Angeles, Los Ángeles, Bío Bío, Chile",-37.4705121,-72.3630343,1,GEOMETRIC_CENTER,2020,1296443,2020/08/25 00:00:00+00,CHOQUE FRENTE/LADO,CHOQUE,URBANA,IMPRUDENCIA DEL CONDUCTOR,CONDUCCION NO ATENTO CONDICIONES TRANSITO MOMENTO,0,0,0,0,08:00:00
-72.3764953,-37.4701038,225,8,REGION BIO BIO,8301,LOS ANGELES,PUNTA ARENAS, ,1792,"Punta Arenas 1792, Los Angeles, Los Ángeles, Bío Bío, Chile",-37.4701038,-72.3764953,1,ROOFTOP,2020,1296445,2020/08/25 00:00:00+00,CHOQUE FRENTE/POSTERIOR,CHOQUE,URBANA,IMPRUDENCIA DEL CONDUCTOR,CONDUCCION NO ATENTO CONDICIONES TRANSITO MOMENTO,0,0,0,0,19:30:00
-72.714257,-37.2826004,226,8,REGION BIO BIO,8304,LAJA,FELIX EICHER, ,598,"P. Félix Eicher 598, Laja, Bío Bío, Chile",-37.2826004,-72.714257,1,RANGE_INTERPOLATED,2020,1296457,2020/08/24 00:00:00+00,COLISION LATERAL,COLISION,URBANA,IMPRUDENCIA DEL CONDUCTOR,CONDUCCION CAMBIAR SORPRESIVAMENTE PISTA CIRCULACION,0,0,0,1,21:15:00
-72.3611368,-37.4692009,227,8,REGION BIO BIO,8301,LOS ANGELES,COLO COLO,LOS ANGELES,0,"Avenida Los Angeles & Colo Colo, Los Angeles, Los Ángeles, Bío Bío, Chile",-37.4692009,-72.3611368,1,GEOMETRIC_CENTER,2020,1296494,2020/08/26 00:00:00+00,CHOQUE LADO/POSTERIOR,CHOQUE,URBANA,IMPRUDENCIA DEL CONDUCTOR,CONDUCCION NO ATENTO CONDICIONES TRANSITO MOMENTO,0,0,0,0,18:50:00
-72.3425961,-37.4858825,228,8,REGION BIO BIO,8301,LOS ANGELES,RENE SEPULVEDA,SANTIAGO BARRERA,0,"René Sepúlveda & Santiago Barrera, Los Angeles, Los Ángeles, Bío Bío, Chile",-37.4858825,-72.3425961,1,GEOMETRIC_CENTER,2020,1296495,2020/08/27 00:00:00+00,COLISION LATERAL,COLISION,URBANA,ALCOHOL EN CONDUCTOR,CONDUCCION EN ESTADO DE EBRIEDAD,0,0,0,0,19:30:00
-72.3387796,-37.46626,229,8,REGION BIO BIO,8301,LOS ANGELES,MARCONI, ,370,"Guillermo Marconi 370, Los Angeles, Los Ángeles, Bío Bío, Chile",-37.46626,-72.3387796,1,RANGE_INTERPOLATED,2020,1296497,2020/08/28 00:00:00+00,COLISION POR ALCANCE,COLISION,URBANA,IMPRUDENCIA DEL CONDUCTOR,CONDUCCION NO ATENTO CONDICIONES TRANSITO MOMENTO,0,0,0,2,18:00:00
-72.3450224,-37.485665,230,8,REGION BIO BIO,8301,LOS ANGELES,LOS CARRERA,RIO BIO BIO,0,"Avenida Los Carrera & Río Bío Bío, Los Angeles, Los Ángeles, Bío Bío, Chile",-37.485665,-72.3450224,1,GEOMETRIC_CENTER,2020,1296509,2020/08/28 00:00:00+00,COLISION POR ALCANCE,COLISION,URBANA,IMPRUDENCIA DEL CONDUCTOR,CONDUCCION NO ATENTO CONDICIONES TRANSITO MOMENTO,0,0,0,0,20:30:00
-72.3466998,-37.4575129,231,8,REGION BIO BIO,8301,LOS ANGELES,ALMAGRO, ,1344,"Almagro 1344, Los Angeles, Los Ángeles, Bío Bío, Chile",-37.4575129,-72.3466998,1,ROOFTOP,2020,1296515,2020/08/29 00:00:00+00,CHOQUE LADO/FRENTE,CHOQUE,URBANA,IMPRUDENCIA DEL CONDUCTOR,CONDUCCION NO ATENTO CONDICIONES TRANSITO MOMENTO,0,0,0,0,12:40:00
-72.3363254,-37.4746785,232,8,REGION BIO BIO,8301,LOS ANGELES,GABRIELA MISTRAL,MARCONI,0,"Guillermo Marconi & Avenida Gabriela Mistral, Los Angeles, Los Ángeles, Bío Bío, Chile",-37.4746785,-72.3363254,1,GEOMETRIC_CENTER,2020,1296523,2020/08/28 00:00:00+00,CHOQUE POSTERIOR,CHOQUE,URBANA,IMPRUDENCIA DEL CONDUCTOR,CONDUCCION NO ATENTO CONDICIONES TRANSITO MOMENTO,0,0,0,0,22:58:00
-73.0857521,-36.8368438,233,8,REGION BIO BIO,8108,SAN PEDRO DE LA PAZ,PUENTE LLACOLEN, ,1,"Puente Llacolen, San Pedro de la Paz, Bío Bío, Chile",-36.8368438,-73.0857521,1,GEOMETRIC_CENTER,2020,1296545,2020/08/15 00:00:00+00,COLISION,COLISION,URBANA,CAUSAS NO DETERMINADAS,CAUSAS NO DETERMINADAS,0,0,0,1,22:20:00
-73.1186598,-36.8372377,234,8,REGION BIO BIO,8108,SAN PEDRO DE LA PAZ,PEDRO AGUIRRE CERDA,DIAGONAL BIO BIO,0,"Avenida Diagonal Bio Bio & Pedro Aguirre Cerda, San Pedro de la Paz, Bío Bío, Chile",-36.8372377,-73.1186598,1,GEOMETRIC_CENTER,2020,1296549,2020/08/24 00:00:00+00,CHOQUE POSTERIOR/POSTERIOR,CHOQUE,URBANA,CAUSAS NO DETERMINADAS,CAUSAS NO DETERMINADAS,0,0,0,0,20:20:00
-73.0972781,-36.8388305,235,8,REGION BIO BIO,8108,SAN PEDRO DE LA PAZ,PEDRO AGUIRRE CERDA,COLIPI,0,"Avenida Pedro Aguirre Cerda & Colipi, San Pedro de la Paz, Bío Bío, Chile",-36.8388305,-73.0972781,1,GEOMETRIC_CENTER,2020,1296550,2020/08/25 00:00:00+00,CAIDA,CAIDA,URBANA,CAUSAS NO DETERMINADAS,CAUSAS NO DETERMINADAS,0,0,0,1,12:40:00
-73.3433902,-37.4736109,236,8,REGION BIO BIO,8205,CURANILAHUE,CAUPOLICAN,RAMON ZAMORA,0,"Caupolican & Avenida Ramón Zamora, Curanilahue, Bío Bío, Chile",-37.4736109,-73.3433902,1,GEOMETRIC_CENTER,2020,1296639,2020/08/27 00:00:00+00,CHOQUE LATERAL,CHOQUE,URBANA,PERDIDA CONTROL VEHICULO,PERDIDA CONTROL VEHICULO,0,0,0,0,20:25:00
-73.1389446,-36.8573962,237,8,REGION BIO BIO,8108,SAN PEDRO DE LA PAZ,CARLOS PEZOA VELIZ,REINALDO LOMBOY,0,"Carlos Pezoa Véliz, San Pedro de la Paz, Bío Bío, Chile",-36.8573962,-73.1389446,1,GEOMETRIC_CENTER,2020,1296719,2020/08/30 00:00:00+00,COLISION LATERAL,COLISION,URBANA,IMPRUDENCIA DEL CONDUCTOR,CONDUCCION NO ATENTO CONDICIONES TRANSITO MOMENTO,0,0,0,0,07:50:00
-73.148236,-36.882019,238,8,REGION BIO BIO,8108,SAN PEDRO DE LA PAZ,COSTANERA,CUATRO SUR,0,"El Huemul 6570, San Pedro de la Paz, Bío Bío, Chile",-36.882019,-73.148236,1,ROOFTOP,2020,1296727,2020/08/30 00:00:00+00,CHOQUE FRONTAL,CHOQUE,URBANA,ALCOHOL EN CONDUCTOR,CONDUCCION BAJO LA INFLUENCIA DEL ALCOHOL,0,0,0,1,01:40:00
-73.1085096,-36.792019,239,8,REGION BIO BIO,8112,HUALPEN,GRAN BRETAÑA,BREMEN,0,"Gran Bretaña & Bremen, Hualpén, Bío Bío, Chile",-36.792019,-73.1085096,1,GEOMETRIC_CENTER,2020,1296751,2020/08/27 00:00:00+00,CHOQUE FRENTE/POSTERIOR,CHOQUE,URBANA,IMPRUDENCIA DEL CONDUCTOR,CONDUCCION NO ATENTO CONDICIONES TRANSITO MOMENTO,0,0,0,0,18:45:00