X,Y,FID,COD_REG,REGION,CUT,COMUNA,CALLE_UNO,CALLE_DOS,NUMERO,DIR_GEOCOD,LAT,LNG,VAL_COM,TIPO,Año,Idaccident,Fecha,Tipo_Accid,Tipo__CONA,Zona,Causa__CON,Causa,Fallecidos,Graves,Menos_Grav,Leves,Hora
-73.0825166,-36.8024875,240,8,REGION BIO BIO,8112,HUALPEN,CRISTOBAL COLON,PUERTO SAAVEDRA,0,"Avenida Cristóbal Colón & Pto Saavedra, Hualpén, Bío Bío, Chile",-36.8024875,-73.0825166,1,GEOMETRIC_CENTER,2020,1296770,2020/08/27 00:00:00+00,COLISION,COLISION,URBANA,IMPRUDENCIA DEL CONDUCTOR,NO RESPETAR DERECHO PREFERENTE DE PASO A VEHICULO,0,0,1,0,08:30:00
-72.9850486,-36.7313749,241,8,REGION BIO BIO,8107,PENCO,CEMENTERIO, ,17,"Cementerio 17, Penco, Bío Bío, Chile",-36.7313749,-72.9850486,1,RANGE_INTERPOLATED,2020,1296777,2020/08/26 00:00:00+00,VOLCADURA,VOLCADURA,URBANA,PERDIDA CONTROL VEHICULO,PERDIDA CONTROL VEHICULO,0,0,0,1,13:05:00
-73.0990343,-36.7443428,242,8,REGION BIO BIO,8110,TALCAHUANO,LAS HORTENSIAS,DESIDERIO GARCIA,0,"Las Hortensias & Desiderio García, Talcahuano, Bío Bío, Chile",-36.7443428,-73.0990343,1,GEOMETRIC_CENTER,2020,1296836,2020/08/27 00:00:00+00,COLISION LATERAL,COLISION,URBANA,IMPRUDENCIA DEL CONDUCTOR,NO RESPETAR DERECHO PREFERENTE DE PASO A VEHICULO,0,1,0,0,19:30:00
-73.3506109,-37.4724128,243,8,REGION BIO BIO,8205,CURANILAHUE,BERNARDO OHIGGINS, ,111,"Av. Bernardo OHiggins 111, Curanilahue, Bío Bío, Chile",-37.4724128,-73.3506109,1,RANGE_INTERPOLATED,2020,1296940,2020/08/29 00:00:00+00,COLISION POR ALCANCE,COLISION,URBANA,IMPRUDENCIA DEL CONDUCTOR,CONDUCCION NO ATENTO CONDICIONES TRANSITO MOMENTO,0,1,0,0,13:00:00
-73.3964343,-37.8040347,244,8,REGION BIO BIO,8203,CAÑETE,VIDELA,MARIQUEO,0,"Videla & Mariqueo, Canete, Cañete, Bío Bío, Chile",-37.8040347,-73.3964343,1,GEOMETRIC_CENTER,2020,1297019,2020/08/31 00:00:00+00,COLISION,COLISION,URBANA,DESOBEDIENCIA A SEÑALIZACION,SEÑALIZACION DESOBEDECER SEÑAL CEDA EL PASO,0,0,0,1,13:40:00
-73.3450095,-37.4868227,245,8,REGION BIO BIO,8205,CURANILAHUE,IGNACIO SERRANO, ,302,"Ignacio Serrano 302, Curanilahue, Bío Bío, Chile",-37.4868227,-73.3450095,1,RANGE_INTERPOLATED,2020,1297057,2020/08/30 00:00:00+00,COLISION FRONTAL,COLISION,URBANA,ALCOHOL EN CONDUCTOR,CONDUCCION EN ESTADO DE EBRIEDAD,0,1,0,1,20:00:00
-73.6460974,-37.6037569,246,8,REGION BIO BIO,8201,LEBU,IGNACIO CARRERA PINTO,GABRIELA MISTRAL,0,"Ignacio Carrera Pinto & Gabriela Mistral, Lebu, Bío Bío, Chile",-37.6037569,-73.6460974,1,GEOMETRIC_CENTER,2020,1297091,2020/08/28 00:00:00+00,COLISION LATERAL,COLISION,URBANA,IMPRUDENCIA DEL CONDUCTOR,CONDUCCION SIN MANTENER DISTANCIA RAZONABLE NI PRUDENTE,0,0,0,0,13:55:00
-73.0985114,-36.7758353,247,8,REGION BIO BIO,8110,TALCAHUANO,COLCHAGUA, ,7165,"Colchagua, Talcahuano, Bío Bío, Chile",-36.7758353,-73.0985114,1,GEOMETRIC_CENTER,2020,1297441,2020/08/14 00:00:00+00,CHOQUE FRENTE/POSTERIOR,CHOQUE,URBANA,IMPRUDENCIA DEL CONDUCTOR,CONDUCCION SIN MANTENER DISTANCIA RAZONABLE NI PRUDENTE,0,0,0,0,18:00:00
-72.9554134,-36.6164385,248,8,REGION BIO BIO,8111,TOME,NOGUEIRA,BERNARDO OHIGGINS,0,"Bernardo Ohiggins & Nogueira, Tome, Tomé, Bío Bío, Chile",-36.6164385,-72.9554134,1,GEOMETRIC_CENTER,2020,1297286,2020/08/28 00:00:00+00,COLISION PERPENDICULAR,COLISION,URBANA,DESOBEDIENCIA A SEÑALIZACION,SEÑALIZACION DESOBEDECER SEÑAL PARE,0,0,0,1,18:50:00
-72.3452139,-37.4851972,249,8,REGION BIO BIO,8301,LOS ANGELES,LOS CARRERA, ,1148,"Av. Los Carrera 1148, Los Angeles, Los Ángeles, Bío Bío, Chile",-37.4851972,-72.3452139,1,RANGE_INTERPOLATED,2020,1297301,2020/08/29 00:00:00+00,ATROPELLO,ATROPELLO,URBANA,ALCOHOL EN PEATON,EBRIEDAD DEL PEATON,1,0,0,0,15:20:00
-73.0268194,-36.9396908,250,8,REGION BIO BIO,8103,CHIGUAYANTE,AVENIDA CIENTO UNO,BIO BIO,0,"Av 101 - Bio Bio, Chiguayante, Bío Bío, Chile",-36.9396908,-73.0268194,1,GEOMETRIC_CENTER,2020,1297364,2020/08/27 00:00:00+00,CHOQUE FRENTE/POSTERIOR,CHOQUE,URBANA,CAUSAS NO DETERMINADAS,CAUSAS NO DETERMINADAS,0,0,0,1,12:25:00
-72.7160974,-37.2819872,251,8,REGION BIO BIO,8304,LAJA,ARTURO PRAT,OHIGGINS,0,"Arturo Prat & OHiggins, Laja, Bío Bío, Chile",-37.2819872,-72.7160974,1,GEOMETRIC_CENTER,2020,1297381,2020/08/26 00:00:00+00,COLISION,COLISION,URBANA,IMPRUDENCIA DEL CONDUCTOR,NO RESPETAR DERECHO PREFERENTE DE PASO A VEHICULO,0,0,0,2,12:25:00
-73.0420124,-36.8708383,252,8,REGION BIO BIO,8103,CHIGUAYANTE,ZENON HERRERA,CAMINO A CHIGUAYANTE,0,"Camino A Chiguayante & Zenon Herrera, Chiguayante, Bío Bío, Chile",-36.8708383,-73.0420124,1,GEOMETRIC_CENTER,2020,1297394,2020/08/28 00:00:00+00,VOLCADURA,VOLCADURA,URBANA,OTRAS CAUSAS,OTRAS CAUSAS,0,0,0,3,16:30:00
-72.9563041,-36.6185951,253,8,REGION BIO BIO,8111,TOME,MARIANO EGAÑA,MANUEL MONTT,0,"Mariano Egaña & Manuel Montt, Tome, Tomé, Bío Bío, Chile",-36.6185951,-72.9563041,1,GEOMETRIC_CENTER,2020,1297469,2020/08/21 00:00:00+00,COLISION POR ALCANCE,COLISION,URBANA,IMPRUDENCIA DEL CONDUCTOR,CONDUCCION SIN MANTENER DISTANCIA RAZONABLE NI PRUDENTE,0,0,0,0,17:20:00
-73.1444763,-36.7114488,254,8,REGION BIO BIO,8110,TALCAHUANO,PLAYA PINGUERAL, ,1826,"Playa Pingueral 1826, Talcahuano, Bío Bío, Chile",-36.7114488,-73.1444763,1,RANGE_INTERPOLATED,2020,1297490,2020/08/23 00:00:00+00,COLISION FRONTAL,COLISION,URBANA,IMPRUDENCIA DEL CONDUCTOR,CONDUCCION CAMBIAR SORPRESIVAMENTE PISTA CIRCULACION,0,0,0,1,08:50:00
-73.0157146,-36.9478462,255,8,REGION BIO BIO,8103,CHIGUAYANTE,MANUEL RODRIGUEZ,PORVENIR,0,"C. Porvenir & Av. Manuel Rodríguez, Chiguayante, Bío Bío, Chile",-36.9478462,-73.0157146,1,GEOMETRIC_CENTER,2020,1297507,2020/08/22 00:00:00+00,CHOQUE FRENTE/POSTERIOR,CHOQUE,URBANA,ALCOHOL EN CONDUCTOR,CONDUCCION EN ESTADO DE EBRIEDAD,0,2,0,2,22:20:00
-73.1085943,-36.7826547,256,8,REGION BIO BIO,8112,HUALPEN,SUIZA,BELGICA,0,"Suiza & Bélgica, Hualpén, Bío Bío, Chile",-36.7826547,-73.1085943,1,GEOMETRIC_CENTER,2020,1297578,2020/09/01 00:00:00+00,CHOQUE FRENTE/POSTERIOR,CHOQUE,URBANA,IMPRUDENCIA DEL CONDUCTOR,CONDUCCION NO ATENTO CONDICIONES TRANSITO MOMENTO,0,0,0,0,18:10:00
-73.1128132,-36.7814793,257,8,REGION BIO BIO,8112,HUALPEN,ESTAMBUL,YUGOSLAVIA,0,"Estambul & Yugoslavia, Hualpén, Bío Bío, Chile",-36.7814793,-73.1128132,1,GEOMETRIC_CENTER,2020,1297606,2020/09/01 00:00:00+00,ATROPELLO,ATROPELLO,URBANA,CAUSAS NO DETERMINADAS,CAUSAS NO DETERMINADAS,0,0,0,0,22:15:00
-73.031519,-36.9070668,258,8,REGION BIO BIO,8103,CHIGUAYANTE,OCHO ORIENTE, ,51,"Calle 8 Ote., Chiguayante, Bío Bío, Chile",-36.9070668,-73.031519,1,GEOMETRIC_CENTER,2020,1297619,2020/08/24 00:00:00+00,CHOQUE FRENTE/POSTERIOR,CHOQUE,URBANA,CAUSAS NO DETERMINADAS,CAUSAS NO DETERMINADAS,0,2,0,1,08:50:00
-73.0468096,-36.8237537,259,8,REGION BIO BIO,8101,CONCEPCION,TUCAPEL,FREIRE,0,"Tucapel & Freire, Concepción, Bío Bío, Chile",-36.8237537,-73.0468096,1,GEOMETRIC_CENTER,2020,1297677,2020/08/27 00:00:00+00,COLISION PERPENDICULAR,COLISION,URBANA,IMPRUDENCIA DEL CONDUCTOR,CONDUCCION NO ATENTO CONDICIONES TRANSITO MOMENTO,0,0,0,0,17:00:00
-73.0508421,-36.8267498,260,8,REGION BIO BIO,8101,CONCEPCION,BARROS ARANA,CAUPOLICAN,0,"Barros Arana & Caupolicán, Concepción, Bío Bío, Chile",-36.8267498,-73.0508421,1,GEOMETRIC_CENTER,2020,1297678,2020/08/27 00:00:00+00,ATROPELLO,ATROPELLO,URBANA,IMPRUDENCIA DEL CONDUCTOR,NO RESPETAR DERECHO PREFERENTE DE PASO A PEATON,0,0,0,1,20:30:00
-73.1535527,-37.0938445,261,8,REGION BIO BIO,8106,LOTA,CARRERA,ARTURO PRAT,0,"Arturo Prat & Carrera, Lota, Bío Bío, Chile",-37.0938445,-73.1535527,1,GEOMETRIC_CENTER,2020,1297684,2020/08/21 00:00:00+00,ATROPELLO,ATROPELLO,URBANA,OTRAS CAUSAS,OTRAS CAUSAS,0,0,0,1,12:50:00
-73.0357993,-36.8209159,262,8,REGION BIO BIO,8101,CONCEPCION,ROOSEVELT,LIENTUR,0,"Lientur & Roosevelt, Concepción, Bío Bío, Chile",-36.8209159,-73.0357993,1,GEOMETRIC_CENTER,2020,1297689,2020/08/28 00:00:00+00,CHOQUE POSTERIOR,CHOQUE,URBANA,IMPRUDENCIA DEL CONDUCTOR,CONDUCCION SIN MANTENER DISTANCIA RAZONABLE NI PRUDENTE,0,0,0,0,17:00:00
-73.0598739,-36.8269041,263,8,REGION BIO BIO,8101,CONCEPCION,LOS CARRERA, ,48,"Av. los Carrera 48, Concepción, Bío Bío, Chile",-36.8269041,-73.0598739,1,ROOFTOP,2020,1297758,2020/09/01 00:00:00+00,CHOQUE,CHOQUE,URBANA,PERDIDA CONTROL VEHICULO,PERDIDA CONTROL VEHICULO,0,0,0,1,10:10:00
-72.994211,-36.8269621,264,8,REGION BIO BIO,8101,CONCEPCION,21 DE MAYO,ROTONDA PALOMARES,0,"Jorge Giacaman 12, 8, Concepción, Bío Bío, Chile",-36.8269621,-72.994211,1,ROOFTOP,2020,1297792,2020/09/01 00:00:00+00,COLISION LATERAL,COLISION,URBANA,IMPRUDENCIA DEL CONDUCTOR,CONDUCCION NO ATENTO CONDICIONES TRANSITO MOMENTO,0,0,0,1,18:00:00
-73.0599109,-36.7985462,265,8,REGION BIO BIO,8101,CONCEPCION,PAICAVI,ALONSO DE RIVERA,0,"Avenida Alonso de Ribera & Paicaví, Concepción, Bío Bío, Chile",-36.7985462,-73.0599109,1,GEOMETRIC_CENTER,2020,1297803,2020/08/06 00:00:00+00,COLISION POR ALCANCE,COLISION,URBANA,IMPRUDENCIA DEL CONDUCTOR,CONDUCCION NO ATENTO CONDICIONES TRANSITO MOMENTO,0,0,0,0,14:15:00
-73.0507365,-36.8150601,266,8,REGION BIO BIO,8101,CONCEPCION,MANUEL RODRIGUEZ,OROMPELLO,0,"Manuel Rodríguez & Orompello, Concepción, Bío Bío, Chile",-36.8150601,-73.0507365,1,GEOMETRIC_CENTER,2020,1297821,2020/08/04 00:00:00+00,COLISION LATERAL,COLISION,URBANA,IMPRUDENCIA DEL CONDUCTOR,CONDUCCION NO ATENTO CONDICIONES TRANSITO MOMENTO,0,0,0,1,11:20:00
-73.0590492,-36.8274958,267,8,REGION BIO BIO,8101,CONCEPCION,MAIPU, ,87,"Maipú 87, Concepción, Bío Bío, Chile",-36.8274958,-73.0590492,1,ROOFTOP,2020,1297827,2020/09/02 00:00:00+00,COLISION,COLISION,URBANA,IMPRUDENCIA DEL CONDUCTOR,CONDUCIR VEHICULO EN RETROCESO,0,0,0,0,13:00:00
-73.0142192,-36.9566755,268,8,REGION BIO BIO,8103,CHIGUAYANTE,21 DE MAYO,RAMON DEL SOLAR,0,"21 de Mayo, Chiguayante, Bío Bío, Chile",-36.9566755,-73.0142192,1,GEOMETRIC_CENTER,2020,1297831,2020/08/06 00:00:00+00,CHOQUE FRONTAL,CHOQUE,URBANA,IMPRUDENCIA DEL CONDUCTOR,CONDUCCION NO ATENTO CONDICIONES TRANSITO MOMENTO,0,0,0,0,01:43:00
-73.027521,-36.810789,269,8,REGION BIO BIO,8101,CONCEPCION,JUAN BOSCO,GRAL BONILLA,0,"Cam. a Penco, Concepción, Bío Bío, Chile",-36.810789,-73.027521,1,GEOMETRIC_CENTER,2020,1297837,2020/09/03 00:00:00+00,ATROPELLO,ATROPELLO,URBANA,IMPRUDENCIA DEL CONDUCTOR,NO RESPETAR DERECHO PREFERENTE DE PASO A PEATON,0,1,0,1,14:30:00
-72.3502714,-37.4839954,270,8,REGION BIO BIO,8301,LOS ANGELES,ROMA,AVDA ORIENTE,0,"Las Quintas 198, Los Angeles, Los Ángeles, Bío Bío, Chile",-37.4839954,-72.3502714,1,ROOFTOP,2020,1297887,2020/08/31 00:00:00+00,CHOQUE FRENTE/POSTERIOR,CHOQUE,URBANA,IMPRUDENCIA DEL CONDUCTOR,CONDUCCION NO ATENTO CONDICIONES TRANSITO MOMENTO,0,0,0,0,18:30:00
-73.1401272,-36.8689659,271,8,REGION BIO BIO,8108,SAN PEDRO DE LA PAZ,UNO, ,692,"Uno 692, San Pedro de la Paz, Región Metropolitana, Chile",-36.8689659,-73.1401272,1,RANGE_INTERPOLATED,2020,1297890,2020/09/04 00:00:00+00,CHOQUE FRENTE/POSTERIOR,CHOQUE,URBANA,CAUSAS NO DETERMINADAS,CAUSAS NO DETERMINADAS,0,0,0,0,06:30:00
-73.0463104,-36.8170615,272,8,REGION BIO BIO,8101,CONCEPCION,MANUEL BULNES,PAICAVI,0,"Manuel Bulnes & Paicaví, Concepción, Bío Bío, Chile",-36.8170615,-73.0463104,1,GEOMETRIC_CENTER,2020,1297903,2020/08/18 00:00:00+00,CHOQUE POSTERIOR/FRENTE,CHOQUE,URBANA,IMPRUDENCIA DEL CONDUCTOR,CONDUCCION NO ATENTO CONDICIONES TRANSITO MOMENTO,0,0,0,0,15:30:00
-72.3414859,-37.4587896,273,8,REGION BIO BIO,8301,LOS ANGELES,MARCONI,ALMTE LATORRE,0,"Guillermo Marconi & Avenida Almirante Latorre, Los Angeles, Los Ángeles, Bío Bío, Chile",-37.4587896,-72.3414859,1,GEOMETRIC_CENTER,2020,1297906,2020/09/01 00:00:00+00,COLISION POR ALCANCE,COLISION,URBANA,IMPRUDENCIA DEL CONDUCTOR,CONDUCCION NO ATENTO CONDICIONES TRANSITO MOMENTO,0,0,0,0,09:10:00
-72.3758905,-37.4666489,274,8,REGION BIO BIO,8301,LOS ANGELES,GALVARINO,ESTANISLAO ANGUITA,0,"Avenida Estanislao Anguita & Galvarino, Los Angeles, Los Ángeles, Bío Bío, Chile",-37.4666489,-72.3758905,1,GEOMETRIC_CENTER,2020,1297907,2020/09/01 00:00:00+00,COLISION LATERAL,COLISION,URBANA,IMPRUDENCIA DEL CONDUCTOR,CONDUCCION NO ATENTO CONDICIONES TRANSITO MOMENTO,0,0,0,0,09:15:00
-72.3664673,-37.467667,275,8,REGION BIO BIO,8301,LOS ANGELES,LAS AZALEAS,COSTANERA QUILQUE SUR,0,"Las Azaleas & Costanera Quilque Sur, Los Angeles, Los Ángeles, Bío Bío, Chile",-37.467667,-72.3664673,1,GEOMETRIC_CENTER,2020,1297912,2020/09/03 00:00:00+00,COLISION LATERAL,COLISION,URBANA,IMPRUDENCIA DEL CONDUCTOR,CONDUCCION NO ATENTO CONDICIONES TRANSITO MOMENTO,0,0,0,0,13:00:00
-72.3771395,-37.4669495,276,8,REGION BIO BIO,8301,LOS ANGELES,TALAR,GALVARINO,0,"Galvarino & Talar, Los Angeles, Los Ángeles, Bío Bío, Chile",-37.4669495,-72.3771395,1,GEOMETRIC_CENTER,2020,1297914,2020/09/03 00:00:00+00,COLISION FRONTAL,COLISION,URBANA,IMPRUDENCIA DEL CONDUCTOR,CONDUCCION NO ATENTO CONDICIONES TRANSITO MOMENTO,0,0,0,0,10:40:00
-72.2145703,-37.4911242,277,8,REGION BIO BIO,8301,LOS ANGELES,LA RESERVA,EL PERAL,0,"La Reserva, El Peral, Los Ángeles, Bío Bío, Chile",-37.4911242,-72.2145703,1,GEOMETRIC_CENTER,2020,1297916,2020/09/03 00:00:00+00,CHOQUE FRENTE/LADO,CHOQUE,RURAL,IMPRUDENCIA DEL CONDUCTOR,CONDUCCION NO ATENTO CONDICIONES TRANSITO MOMENTO,0,0,0,0,16:30:00
-72.3303981,-37.4883065,278,8,REGION BIO BIO,8301,LOS ANGELES,BOGOTA,LOS INCAS,0,"villa los rios Marañon 1003, Los Angeles, Los Ángeles, Bío Bío, Chile",-37.4883065,-72.3303981,1,GEOMETRIC_CENTER,2020,1297921,2020/09/04 00:00:00+00,ATROPELLO,ATROPELLO,URBANA,IMPRUDENCIA DEL CONDUCTOR,CONDUCCION NO ATENTO CONDICIONES TRANSITO MOMENTO,0,0,0,2,21:00:00
-71.9527594,-37.3012613,279,8,REGION BIO BIO,8312,TUCAPEL,MARIANO LATORRE, ,873,"Mariano Latorre, Tucapel, Bío Bío, Chile",-37.3012613,-71.9527594,1,GEOMETRIC_CENTER,2020,1297923,2020/09/02 00:00:00+00,CHOQUE FRENTE/POSTERIOR,CHOQUE,URBANA,IMPRUDENCIA DEL CONDUCTOR,CONDUCCION NO ATENTO CONDICIONES TRANSITO MOMENTO,0,0,0,0,17:30:00
-73.0587082,-36.7802354,280,8,REGION BIO BIO,8110,TALCAHUANO,JORGE ALESSANDRI PALMA, ,9200,"Av. Pdte. Jorge Alessandri Rodriguez 3177, Concepción, Talcahuano, Bío Bío, Chile",-36.7802354,-73.0587082,1,ROOFTOP,2020,1297961,2020/08/16 00:00:00+00,CHOQUE POSTERIOR/POSTERIOR,CHOQUE,URBANA,IMPRUDENCIA DEL CONDUCTOR,CONDUCCION NO ATENTO CONDICIONES TRANSITO MOMENTO,0,0,0,0,13:00:00
-73.6564582,-37.6096376,281,8,REGION BIO BIO,8201,LEBU,OHIGGINS,JOSE JOAQUIN PEREZ,0,"Pérez 600, Lebu, Bío Bío, Chile",-37.6096376,-73.6564582,1,ROOFTOP,2020,1297964,2020/09/04 00:00:00+00,COLISION FRONTAL,COLISION,URBANA,IMPRUDENCIA DEL CONDUCTOR,CONDUCCION NO ATENTO CONDICIONES TRANSITO MOMENTO,0,0,0,0,11:25:00
-73.457325,-37.6276106,282,8,REGION BIO BIO,8206,LOS ALAMOS,18 DE SEPTIEMBRE,IGNACIO CARRERA PINTO,0,"Ruta 160 684-760, Los Alamos, Bío Bío, Chile",-37.6276106,-73.457325,1,ROOFTOP,2020,1297985,2020/09/04 00:00:00+00,COLISION LATERAL,COLISION,URBANA,CAUSAS NO DETERMINADAS,CAUSAS NO DETERMINADAS,0,0,0,0,20:30:00
-72.7047209,-37.2622638,283,8,REGION BIO BIO,8304,LAJA,LOS RIOS,LAVANDEROS,0,"Lavanderos, Laja, Bío Bío, Chile",-37.2622638,-72.7047209,1,GEOMETRIC_CENTER,2020,1297986,2020/09/03 00:00:00+00,COLISION,COLISION,URBANA,IMPRUDENCIA DEL CONDUCTOR,ADELANTAMIENTO POR LA BERMA,0,0,0,0,15:30:00
-73.0632983,-36.8229359,284,8,REGION BIO BIO,8101,CONCEPCION,ARTURO PRAT,GRAL CRUZ,0,"General Cruz & Arturo Prat, Concepción, Bío Bío, Chile",-36.8229359,-73.0632983,1,GEOMETRIC_CENTER,2020,1298000,2020/09/02 00:00:00+00,COLISION POR ALCANCE,COLISION,URBANA,IMPRUDENCIA DEL CONDUCTOR,CONDUCCION CAMBIAR SORPRESIVAMENTE PISTA CIRCULACION,0,0,0,0,11:50:00
-73.0869107,-36.7872899,285,8,REGION BIO BIO,8112,HUALPEN,CRISTOBAL COLON,CAMPANARIO,0,"Avenida Cristóbal Colón & Campanario, Hualpén, Bío Bío, Chile",-36.7872899,-73.0869107,1,GEOMETRIC_CENTER,2020,1298131,2020/09/04 00:00:00+00,CHOQUE,CHOQUE,URBANA,IMPRUDENCIA DEL CONDUCTOR,CONDUCCION NO ATENTO CONDICIONES TRANSITO MOMENTO,0,0,0,0,20:20:00
-72.9574092,-36.6216336,286,8,REGION BIO BIO,8111,TOME,LATORRE, ,30,"A Latorre 30, Tome, Tomé, Bío Bío, Chile",-36.6216336,-72.9574092,1,RANGE_INTERPOLATED,2020,1254453,2020/01/03 00:00:00+00,COLISION LATERAL,COLISION,URBANA,IMPRUDENCIA DEL CONDUCTOR,ADELANTAMIENTO SOBREPASANDO LINEA CONTINUA,0,0,0,1,08:35:00
-73.1401272,-36.8689659,287,8,REGION BIO BIO,8108,SAN PEDRO DE LA PAZ,UNO, ,692,"Uno 692, San Pedro de la Paz, Región Metropolitana, Chile",-36.8689659,-73.1401272,1,RANGE_INTERPOLATED,2020,1298331,2020/09/04 00:00:00+00,CHOQUE POSTERIOR,CHOQUE,URBANA,IMPRUDENCIA DEL CONDUCTOR,CONDUCCION NO ATENTO CONDICIONES TRANSITO MOMENTO,0,0,0,0,06:30:00
-72.9433137,-36.6232822,288,8,REGION BIO BIO,8111,TOME,MANUEL MONTT, ,1941,"Manuel Montt 1941, Tome, Tomé, Bío Bío, Chile",-36.6232822,-72.9433137,1,RANGE_INTERPOLATED,2020,1276225,2020/04/13 00:00:00+00,COLISION POR ALCANCE,COLISION,URBANA,IMPRUDENCIA DEL CONDUCTOR,CONDUCCION SIN MANTENER DISTANCIA RAZONABLE NI PRUDENTE,0,0,0,2,08:20:00
-73.0209496,-36.9352408,289,8,REGION BIO BIO,8103,CHIGUAYANTE,MANUEL RODRIGUEZ,PROGRESO,0,"Progreso & Avenida Manuel Rodríguez, Chiguayante, Bío Bío, Chile",-36.9352408,-73.0209496,1,GEOMETRIC_CENTER,2020,1298553,2020/09/03 00:00:00+00,COLISION PERPENDICULAR,COLISION,URBANA,CAUSAS NO DETERMINADAS,CAUSAS NO DETERMINADAS,0,0,0,0,10:20:00
-73.0426159,-36.8678995,290,8,REGION BIO BIO,8103,CHIGUAYANTE,CAMINO A CHIGUAYANTE,PASCUAL BINIMELIS,0,"Camino A Chiguayante & Pascual Binimelis, Concepción, Chiguayante, Bío Bío, Chile",-36.8678995,-73.0426159,1,GEOMETRIC_CENTER,2020,1298575,2020/09/03 00:00:00+00,COLISION PERPENDICULAR,COLISION,URBANA,IMPRUDENCIA DEL CONDUCTOR,CONDUCCION NO ATENTO CONDICIONES TRANSITO MOMENTO,0,0,0,0,13:40:00
-73.0934355,-36.8002062,291,8,REGION BIO BIO,8112,HUALPEN,POSTDAM,TRUPAN,0,"Trupan & Postdam, Hualpén, Bío Bío, Chile",-36.8002062,-73.0934355,1,GEOMETRIC_CENTER,2020,1298751,2020/09/09 00:00:00+00,CHOQUE FRENTE/POSTERIOR,CHOQUE,URBANA,IMPRUDENCIA DEL CONDUCTOR,CONDUCCION NO ATENTO CONDICIONES TRANSITO MOMENTO,0,0,0,0,18:05:00
-73.052429,-36.8273722,292,8,REGION BIO BIO,8101,CONCEPCION,BARROS ARANA,RENGO,0,"Barros Arana & Rengo, Concepción, Bío Bío, Chile",-36.8273722,-73.052429,1,GEOMETRIC_CENTER,2020,1298853,2020/09/07 00:00:00+00,ATROPELLO,ATROPELLO,URBANA,IMPRUDENCIA DEL PEATON,IMPRUDENCIA DEL PEATON,0,0,0,1,12:15:00
-73.0436564,-36.8197164,293,8,REGION BIO BIO,8101,CONCEPCION,PAICAVI,LOS CARRERA,0,"Los Carrera - Paicaví, Concepción, Bío Bío, Chile",-36.8197164,-73.0436564,1,GEOMETRIC_CENTER,2020,1298886,2020/09/08 00:00:00+00,CHOQUE POSTERIOR,CHOQUE,URBANA,IMPRUDENCIA DEL CONDUCTOR,CONDUCCION NO ATENTO CONDICIONES TRANSITO MOMENTO,0,0,0,0,19:10:00
-73.0714604,-36.8244508,294,8,REGION BIO BIO,8101,CONCEPCION,COSTANERA,TEMISTOCLES ROJAS,0,"Temístocles Rojas & Avenida Costanera, Concepción, Bío Bío, Chile",-36.8244508,-73.0714604,1,GEOMETRIC_CENTER,2020,1298896,2020/09/09 00:00:00+00,CHOQUE POSTERIOR,CHOQUE,URBANA,IMPRUDENCIA DEL CONDUCTOR,CONDUCCION NO ATENTO CONDICIONES TRANSITO MOMENTO,0,0,0,0,09:10:00
-73.0192454,-36.8198259,295,8,REGION BIO BIO,8101,CONCEPCION,CALEUCHE,GRAL NOVOA,0,"Caleuche & General Novoa, Concepción, Bío Bío, Chile",-36.8198259,-73.0192454,1,GEOMETRIC_CENTER,2020,1298933,2020/09/09 00:00:00+00,COLISION,COLISION,URBANA,IMPRUDENCIA DEL CONDUCTOR,CONDUCCION CONTRA SENTIDO DEL TRANSITO,0,0,0,1,13:30:00
-73.0530825,-36.8275494,296,8,REGION BIO BIO,8101,CONCEPCION,BARROS ARANA, ,451,"Barros Arana 451, Concepción, Bío Bío, Chile",-36.8275494,-73.0530825,1,ROOFTOP,2020,1298938,2020/09/09 00:00:00+00,CHOQUE,CHOQUE,URBANA,OTRAS CAUSAS,OTRAS CAUSAS,0,0,0,0,16:00:00
-73.0568699,-36.8331809,297,8,REGION BIO BIO,8101,CONCEPCION,COSTANERA,INGLESA,0,"Arturo Prat 199, Concepción, Bío Bío, Chile",-36.8331809,-73.0568699,1,ROOFTOP,2020,1298960,2020/09/09 00:00:00+00,COLISION FRONTAL,COLISION,URBANA,IMPRUDENCIA DEL CONDUCTOR,ADELANTAMIENTO SOBREPASANDO LINEA CONTINUA,0,0,0,1,17:00:00
-73.028964,-36.802029,298,8,REGION BIO BIO,8101,CONCEPCION,CAMILO HENRIQUEZ,J M GARCIA,0,"Camilo Henríquez 1090, Concepción, Bío Bío, Chile",-36.802029,-73.028964,1,ROOFTOP,2020,1298970,2020/09/09 00:00:00+00,COLISION,COLISION,URBANA,IMPRUDENCIA DEL CONDUCTOR,VIRAJES INDEBIDOS,0,0,0,0,17:50:00
-73.0461365,-36.8297557,299,8,REGION BIO BIO,8101,CONCEPCION,CHACABUCO,COLO COLO,0,"Avenida Chacabuco & Colo Colo, Concepción, Bío Bío, Chile",-36.8297557,-73.0461365,1,GEOMETRIC_CENTER,2020,1298975,2020/08/18 00:00:00+00,COLISION PERPENDICULAR,COLISION,URBANA,DESOBEDIENCIA A SEÑALIZACION,SEÑALIZACION DESOBEDECER LUZ ROJA DE SEMAFORO,0,0,0,0,12:30:00