X,Y,FID,COD_REG,REGION,CUT,COMUNA,CALLE_UNO,CALLE_DOS,NUMERO,DIR_GEOCOD,LAT,LNG,VAL_COM,TIPO,Año,Idaccident,Fecha,Tipo_Accid,Tipo__CONA,Zona,Causa__CON,Causa,Fallecidos,Graves,Menos_Grav,Leves,Hora
-73.0970722,-36.8293204,300,8,REGION BIO BIO,8108,SAN PEDRO DE LA PAZ,JORGE ALESSANDRI, ,0,"Av. Pdte. Jorge Alessandri Rodriguez, San Pedro de la Paz, Bío Bío, Chile",-36.8293204,-73.0970722,1,GEOMETRIC_CENTER,2020,1298999,2020/09/10 00:00:00+00,COLISION POR ALCANCE,COLISION,URBANA,IMPRUDENCIA DEL CONDUCTOR,CONDUCCION CAMBIAR SORPRESIVAMENTE PISTA CIRCULACION,0,0,0,2,08:30:00
-73.1103538,-36.7149013,301,8,REGION BIO BIO,8110,TALCAHUANO,BLANCO ENCALADA, ,620,"Blanco Encalada 620, Talcahuano, Bío Bío, Chile",-36.7149013,-73.1103538,1,ROOFTOP,2020,1304869,2020/10/10 00:00:00+00,COLISION POR ALCANCE,COLISION,URBANA,ALCOHOL EN CONDUCTOR,CONDUCCION EN ESTADO DE EBRIEDAD,1,0,0,0,22:30:00
-73.1040834,-36.7846999,302,8,REGION BIO BIO,8112,HUALPEN,FINLANDIA,BULGARIA,0,"Finlandia & Bulgaria, Hualpén, Bío Bío, Chile",-36.7846999,-73.1040834,1,GEOMETRIC_CENTER,2020,1299318,2020/09/11 00:00:00+00,ATROPELLO,ATROPELLO,URBANA,OTRAS CAUSAS,OTRAS CAUSAS,0,1,0,0,22:00:00
-72.3265712,-37.4647752,303,8,REGION BIO BIO,8301,LOS ANGELES,LAS INDUSTRIAS,LOS CARRERA,0,"Av Las Industrias, Los Ángeles, Bío Bío, Chile",-37.4647752,-72.3265712,1,GEOMETRIC_CENTER,2020,1299427,2020/09/04 00:00:00+00,COLISION LATERAL,COLISION,URBANA,IMPRUDENCIA DEL CONDUCTOR,CONDUCCION NO ATENTO CONDICIONES TRANSITO MOMENTO,0,0,0,2,19:00:00
-73.0996285,-36.7462673,304,8,REGION BIO BIO,8110,TALCAHUANO,LOS DAMASCOS,CARLOS DITTBORN,0,"Carlos Dittborn & Los Damascos, Talcahuano, Bío Bío, Chile",-36.7462673,-73.0996285,1,GEOMETRIC_CENTER,2020,1299433,2020/09/09 00:00:00+00,COLISION LATERAL,COLISION,URBANA,DESOBEDIENCIA A SEÑALIZACION,SEÑALIZACION DESOBEDECER SEÑAL CEDA EL PASO,0,0,0,0,16:25:00
-72.3545506,-37.4754212,305,8,REGION BIO BIO,8301,LOS ANGELES,MANUEL RODRIGUEZ,BAQUEDANO,0,"Manuel Rodríguez & Baquedano, Los Angeles, Los Ángeles, Bío Bío, Chile",-37.4754212,-72.3545506,1,GEOMETRIC_CENTER,2020,1299466,2020/09/14 00:00:00+00,COLISION PERPENDICULAR,COLISION,URBANA,IMPRUDENCIA DEL CONDUCTOR,CONDUCCION NO ATENTO CONDICIONES TRANSITO MOMENTO,0,0,0,1,07:20:00
-72.3412126,-37.4602406,306,8,REGION BIO BIO,8301,LOS ANGELES,MARCONI,COMANDANTE LUIS SOTO,0,"Av - Guillermo Marconi 1110, Los Angeles, Los Ángeles, Bío Bío, Chile",-37.4602406,-72.3412126,1,ROOFTOP,2020,1299548,2020/09/08 00:00:00+00,COLISION LATERAL,COLISION,URBANA,IMPRUDENCIA DEL CONDUCTOR,CONDUCCION NO ATENTO CONDICIONES TRANSITO MOMENTO,0,1,0,0,22:56:00
-72.3626183,-37.4749933,307,8,REGION BIO BIO,8301,LOS ANGELES,ALCAZAR,BAQUEDANO,0,"Alcázar & Baquedano, Los Angeles, Los Ángeles, Bío Bío, Chile",-37.4749933,-72.3626183,1,GEOMETRIC_CENTER,2020,1299528,2020/09/08 00:00:00+00,COLISION POR ALCANCE,COLISION,URBANA,IMPRUDENCIA DEL CONDUCTOR,CONDUCCION NO ATENTO CONDICIONES TRANSITO MOMENTO,0,0,0,1,14:15:00
-72.3309702,-37.4936845,308,8,REGION BIO BIO,8301,LOS ANGELES,3 ORIENTE, ,2484,"3 Ote., Los Ángeles, Bío Bío, Chile",-37.4936845,-72.3309702,1,GEOMETRIC_CENTER,2020,1299603,2020/09/09 00:00:00+00,CHOQUE LADO/LADO,CHOQUE,URBANA,IMPRUDENCIA DEL CONDUCTOR,CONDUCCION NO ATENTO CONDICIONES TRANSITO MOMENTO,0,0,0,0,23:00:00
-72.3497307,-37.4628533,309,8,REGION BIO BIO,8301,LOS ANGELES,NUEVA ESPERANZA,AURORA,0,"Janequeo 222, Los Angeles, Los Ángeles, Bío Bío, Chile",-37.4628533,-72.3497307,1,ROOFTOP,2020,1299610,2020/09/10 00:00:00+00,COLISION LATERAL,COLISION,URBANA,ALCOHOL EN CONDUCTOR,CONDUCCION BAJO LA INFLUENCIA DEL ALCOHOL,0,0,0,0,22:05:00
-72.3763299,-37.4660204,310,8,REGION BIO BIO,8301,LOS ANGELES,ESTANISLAO ANGUITA, ,858,"Av. Estanislao Anguita 858, Los Angeles, Los Ángeles, Bío Bío, Chile",-37.4660204,-72.3763299,1,ROOFTOP,2020,1299628,2020/09/10 00:00:00+00,COLISION,COLISION,URBANA,IMPRUDENCIA DEL CONDUCTOR,CONDUCCION SIN MANTENER DISTANCIA RAZONABLE NI PRUDENTE,0,0,0,1,13:30:00
-72.365312,-37.4798156,311,8,REGION BIO BIO,8301,LOS ANGELES,VICUÑA MACKENNA, ,1241,"Av. Vicuña Mackenna 1241, Los Angeles, Los Ángeles, Bío Bío, Chile",-37.4798156,-72.365312,1,ROOFTOP,2020,1299636,2020/09/11 00:00:00+00,COLISION,COLISION,URBANA,IMPRUDENCIA DEL CONDUCTOR,CONDUCCION NO ATENTO CONDICIONES TRANSITO MOMENTO,0,0,0,0,19:00:00
-72.3424337,-37.4568336,312,8,REGION BIO BIO,8301,LOS ANGELES,MARCONI,SANTIAGO MORSE,0,"Santiago Morse & Guillermo Marconi, Los Angeles, Los Ángeles, Bío Bío, Chile",-37.4568336,-72.3424337,1,GEOMETRIC_CENTER,2020,1299638,2020/09/12 00:00:00+00,COLISION LATERAL,COLISION,URBANA,ALCOHOL EN CONDUCTOR,CONDUCCION EN ESTADO DE EBRIEDAD,0,0,0,0,20:45:00
-72.3245759,-37.4774907,313,8,REGION BIO BIO,8301,LOS ANGELES,LAS INDUSTRIAS,CRUCE SANTA BARBARA,0,"Av Las Industrias 10445, Los Angeles, Los Ángeles, Bío Bío, Chile",-37.4774907,-72.3245759,1,ROOFTOP,2020,1299642,2020/09/12 00:00:00+00,COLISION LATERAL,COLISION,URBANA,ALCOHOL EN CONDUCTOR,CONDUCCION BAJO LA INFLUENCIA DEL ALCOHOL,0,0,0,2,12:00:00
-73.4076693,-37.6070199,314,8,REGION BIO BIO,8206,LOS ALAMOS,PILPILCO,DIEGO PORTALES,0,"Ruta 160 1480, Los Alamos, Bío Bío, Chile",-37.6070199,-73.4076693,1,ROOFTOP,2020,1299645,2020/09/13 00:00:00+00,COLISION LATERAL,COLISION,URBANA,IMPRUDENCIA DEL CONDUCTOR,CONDUCCION NO ATENTO CONDICIONES TRANSITO MOMENTO,0,0,0,1,22:50:00
-72.3640299,-37.4630006,315,8,REGION BIO BIO,8301,LOS ANGELES,BOMBERO RIOSECO,SAN LUIS,0,"San Luis & Bombero Francisco Rioseco, Los Angeles, Los Ángeles, Bío Bío, Chile",-37.4630006,-72.3640299,1,GEOMETRIC_CENTER,2020,1299648,2020/09/12 00:00:00+00,COLISION LATERAL,COLISION,URBANA,IMPRUDENCIA DEL CONDUCTOR,CONDUCCION NO ATENTO CONDICIONES TRANSITO MOMENTO,0,1,0,0,08:40:00
-72.3361539,-37.4486975,316,8,REGION BIO BIO,8301,LOS ANGELES,SOR VICENTA,MANUEL RIOSECO,0,"Av. Sor Vicenta & Dr. Manuel Rioseco, Los Angeles, Los Ángeles, Bío Bío, Chile",-37.4486975,-72.3361539,1,GEOMETRIC_CENTER,2020,1299656,2020/09/13 00:00:00+00,CHOQUE POSTERIOR/LADO,CHOQUE,URBANA,IMPRUDENCIA DEL CONDUCTOR,CONDUCCION NO ATENTO CONDICIONES TRANSITO MOMENTO,0,0,0,1,08:30:00
-72.3356136,-37.4860093,317,8,REGION BIO BIO,8301,LOS ANGELES,LOS APACHES, ,1578,"Los Apaches 1578, Los Angeles, Los Ángeles, Bío Bío, Chile",-37.4860093,-72.3356136,1,RANGE_INTERPOLATED,2020,1299687,2020/09/14 00:00:00+00,CHOQUE FRONTAL,CHOQUE,URBANA,IMPRUDENCIA DEL CONDUCTOR,CONDUCCION NO ATENTO CONDICIONES TRANSITO MOMENTO,0,0,0,0,23:30:00
-72.3657049,-37.4653967,318,8,REGION BIO BIO,8301,LOS ANGELES,GALVARINO,LOS LUPINOS,0,"Galvarino & Los Lupinos, Los Angeles, Los Ángeles, Bío Bío, Chile",-37.4653967,-72.3657049,1,GEOMETRIC_CENTER,2020,1299692,2020/09/14 00:00:00+00,COLISION LATERAL,COLISION,URBANA,IMPRUDENCIA DEL CONDUCTOR,CONDUCCION NO ATENTO CONDICIONES TRANSITO MOMENTO,0,0,0,3,17:10:00
-73.0870689,-36.7870325,319,8,REGION BIO BIO,8112,HUALPEN,CRISTOBAL COLON, ,7948,"Av. Cristóbal Colón 7948, Hualpén, Talcahuano, Bío Bío, Chile",-36.7870325,-73.0870689,1,ROOFTOP,2020,1299703,2020/09/14 00:00:00+00,ATROPELLO,ATROPELLO,URBANA,IMPRUDENCIA DEL CONDUCTOR,CONDUCIR VEHICULO EN RETROCESO,0,0,0,2,17:00:00
-73.1015041,-36.7961131,320,8,REGION BIO BIO,8112,HUALPEN,POSTDAM,ATENAS,0,"Postdam & Atenas, Hualpén, Bío Bío, Chile",-36.7961131,-73.1015041,1,GEOMETRIC_CENTER,2020,1299739,2020/09/14 00:00:00+00,COLISION,COLISION,URBANA,IMPRUDENCIA DEL CONDUCTOR,CONDUCCION NO ATENTO CONDICIONES TRANSITO MOMENTO,0,0,0,1,18:35:00
-72.3350045,-37.4893481,321,8,REGION BIO BIO,8301,LOS ANGELES,TOLPAN,LOS MAYAS,0,"Los Mayas & Tolpan, Los Angeles, Los Ángeles, Bío Bío, Chile",-37.4893481,-72.3350045,1,GEOMETRIC_CENTER,2020,1299776,2020/09/15 00:00:00+00,CHOQUE POSTERIOR/LADO,CHOQUE,URBANA,IMPRUDENCIA DEL CONDUCTOR,NO RESPETAR DERECHO PREFERENTE DE PASO A VEHICULO,0,0,0,0,19:00:00
-73.3451353,-37.4758484,322,8,REGION BIO BIO,8205,CURANILAHUE,BALMACEDA,RIQUELME,0,"Riquelme 720, Curanilahue, Bío Bío, Chile",-37.4758484,-73.3451353,1,ROOFTOP,2020,1299876,2020/09/15 00:00:00+00,CHOQUE LADO/FRENTE,CHOQUE,URBANA,CAUSAS NO DETERMINADAS,CAUSAS NO DETERMINADAS,0,0,0,0,21:50:00
-73.0429731,-36.8196393,323,8,REGION BIO BIO,8101,CONCEPCION,LOS CARRERA,JANEQUEO,0,"Janequeo & Avenida los Carrera, Concepción, Bío Bío, Chile",-36.8196393,-73.0429731,1,GEOMETRIC_CENTER,2020,1299974,2020/08/05 00:00:00+00,COLISION LATERAL,COLISION,URBANA,IMPRUDENCIA DEL CONDUCTOR,CONDUCCION NO ATENTO CONDICIONES TRANSITO MOMENTO,0,0,1,1,12:00:00
-73.0550928,-36.8031455,324,8,REGION BIO BIO,8101,CONCEPCION,PAICAVI,INDEPENDENCIA,0,"Independencia & Paicaví, Concepción, Bío Bío, Chile",-36.8031455,-73.0550928,1,GEOMETRIC_CENTER,2020,1299978,2020/08/16 00:00:00+00,COLISION LATERAL,COLISION,URBANA,DESOBEDIENCIA A SEÑALIZACION,SEÑALIZACION DESOBEDECER LUZ ROJA DE SEMAFORO,0,0,0,2,14:15:00
-73.0220778,-36.9285906,325,8,REGION BIO BIO,8103,CHIGUAYANTE,21 DE MAYO,DOCTOR SANTA CRUZ,0,"21 de Mayo, Chiguayante, Bío Bío, Chile",-36.9285906,-73.0220778,1,GEOMETRIC_CENTER,2020,1299980,2020/08/18 00:00:00+00,CHOQUE FRENTE/POSTERIOR,CHOQUE,URBANA,IMPRUDENCIA DEL CONDUCTOR,CONDUCCION SIN MANTENER DISTANCIA RAZONABLE NI PRUDENTE,0,0,1,5,19:30:00
-73.0413884,-36.788692,326,8,REGION BIO BIO,8101,CONCEPCION,ABDON CIFUENTES,LOS MAÑIOS,0,"Abdon Cifuentes - Canelo / Norte, Concepción, Bío Bío, Chile",-36.788692,-73.0413884,1,GEOMETRIC_CENTER,2020,1299982,2020/08/19 00:00:00+00,COLISION LATERAL,COLISION,URBANA,IMPRUDENCIA DEL CONDUCTOR,"ADELANTAMIENTO EN CRUCE, CURVA, CUESTA, PUENTE",0,0,0,1,18:00:00
-73.0467994,-36.781439,327,8,REGION BIO BIO,8101,CONCEPCION,SINFONIA DEL MAR, ,1967,"Sinfonía del Mar 1967, Concepción, Bío Bío, Chile",-36.781439,-73.0467994,1,ROOFTOP,2020,1299992,2020/08/23 00:00:00+00,COLISION POR ALCANCE,COLISION,URBANA,ALCOHOL EN CONDUCTOR,CONDUCCION EN ESTADO DE EBRIEDAD,0,0,0,0,21:45:00
-73.0958905,-36.7893269,328,8,REGION BIO BIO,8112,HUALPEN,SICILIA, ,8185,"Sicilia 8185, Hualpén, Bío Bío, Chile",-36.7893269,-73.0958905,1,ROOFTOP,2020,1300087,2020/09/16 00:00:00+00,COLISION,COLISION,URBANA,IMPRUDENCIA DEL CONDUCTOR,CONDUCCION NO ATENTO CONDICIONES TRANSITO MOMENTO,0,0,0,0,10:20:00
-73.0915947,-36.8096243,329,8,REGION BIO BIO,8112,HUALPEN,GRAN BRETAÑA,COSTANERA,0,"Avenida Costanera 9200 Hualpén, Concepción, Hualpén, Bío Bío, Chile",-36.8096243,-73.0915947,1,GEOMETRIC_CENTER,2020,1300088,2020/09/17 00:00:00+00,CHOQUE,CHOQUE,URBANA,ALCOHOL EN CONDUCTOR,CONDUCCION EN ESTADO DE EBRIEDAD,0,0,0,1,01:50:00
-73.1115743,-36.7827513,330,8,REGION BIO BIO,8112,HUALPEN,GRAN BRETAÑA, ,2765,"Gran Bretaña 2765, Hualpén, Bío Bío, Chile",-36.7827513,-73.1115743,1,RANGE_INTERPOLATED,2020,1300107,2020/09/18 00:00:00+00,CHOQUE,CHOQUE,URBANA,CAUSAS NO DETERMINADAS,CAUSAS NO DETERMINADAS,0,0,0,0,21:10:00
-72.6507564,-36.8126498,331,8,REGION BIO BIO,8104,FLORIDA,LAS HORTENSIAS, ,1390,"Las Hortensias 1390, Florida, Bío Bío, Chile",-36.8126498,-72.6507564,1,RANGE_INTERPOLATED,2020,1300108,2020/09/18 00:00:00+00,ATROPELLO,ATROPELLO,URBANA,CAUSAS NO DETERMINADAS,CAUSAS NO DETERMINADAS,0,0,0,1,19:00:00
-72.9872541,-36.7284974,332,8,REGION BIO BIO,8107,PENCO,VILLA SAN CARLOS, ,253,"Carlos Condell 253, Penco, Bío Bío, Chile",-36.7284974,-72.9872541,1,RANGE_INTERPOLATED,2020,1300109,2020/09/19 00:00:00+00,COLISION LATERAL,COLISION,URBANA,IMPRUDENCIA DEL CONDUCTOR,CONDUCCION NO ATENTO CONDICIONES TRANSITO MOMENTO,0,0,0,0,13:40:00
-71.9416215,-37.2386048,333,8,REGION BIO BIO,8312,TUCAPEL,ROBERTO GOMEZ,12 DE FEBRERO,0,"Roberto Gómez Pérez & 12 de Febrero, Huepil, Tucapel, Bío Bío, Chile",-37.2386048,-71.9416215,1,GEOMETRIC_CENTER,2020,1300196,2020/09/15 00:00:00+00,COLISION LATERAL,COLISION,URBANA,IMPRUDENCIA DEL CONDUCTOR,CONDUCCION NO ATENTO CONDICIONES TRANSITO MOMENTO,0,0,0,0,09:40:00
-72.3515299,-37.4781734,334,8,REGION BIO BIO,8301,LOS ANGELES,CONDELL,OHIGGINS,0,"Carlos Condell & Bernardo OHiggins, Los Angeles, Los Ángeles, Bío Bío, Chile",-37.4781734,-72.3515299,1,GEOMETRIC_CENTER,2020,1300216,2020/09/15 00:00:00+00,COLISION,COLISION,URBANA,IMPRUDENCIA DEL CONDUCTOR,CONDUCCION NO ATENTO CONDICIONES TRANSITO MOMENTO,0,1,0,0,13:00:00
-72.3711823,-37.4692885,335,8,REGION BIO BIO,8301,LOS ANGELES,PADRE HURTADO, ,510,"Av. Padre Hurtado 510, Los Angeles, Los Ángeles, Bío Bío, Chile",-37.4692885,-72.3711823,1,ROOFTOP,2020,1300259,2020/09/16 00:00:00+00,COLISION LATERAL,COLISION,URBANA,IMPRUDENCIA DEL CONDUCTOR,CONDUCCION NO ATENTO CONDICIONES TRANSITO MOMENTO,0,0,0,1,14:10:00
-72.3590412,-37.4809176,336,8,REGION BIO BIO,8301,LOS ANGELES,VICUÑA MACKENNA, ,780,"Av. Vicuña Mackenna 780, Los Angeles, Los Ángeles, Bío Bío, Chile",-37.4809176,-72.3590412,1,ROOFTOP,2020,1300251,2020/09/15 00:00:00+00,COLISION LATERAL,COLISION,URBANA,IMPRUDENCIA DEL CONDUCTOR,CONDUCCION NO ATENTO CONDICIONES TRANSITO MOMENTO,0,0,0,1,21:30:00
-72.3644176,-37.4607232,337,8,REGION BIO BIO,8301,LOS ANGELES,OROMPELLO,SAN LUIS,0,"Orompello & San Luis, Los Angeles, Los Ángeles, Bío Bío, Chile",-37.4607232,-72.3644176,1,GEOMETRIC_CENTER,2020,1300266,2020/09/16 00:00:00+00,COLISION LATERAL,COLISION,URBANA,IMPRUDENCIA DEL CONDUCTOR,CONDUCCION NO ATENTO CONDICIONES TRANSITO MOMENTO,0,0,0,1,17:00:00
-72.3364372,-37.4614489,338,8,REGION BIO BIO,8301,LOS ANGELES,COSTANERA QUILQUE,PALIAIKE,0,"Paliaike & Costanera Quilque Norte, Los Angeles, Los Ángeles, Bío Bío, Chile",-37.4614489,-72.3364372,1,GEOMETRIC_CENTER,2020,1300273,2020/09/16 00:00:00+00,COLISION,COLISION,URBANA,IMPRUDENCIA DEL CONDUCTOR,CONDUCCION NO ATENTO CONDICIONES TRANSITO MOMENTO,0,1,0,0,20:50:00
-72.3351524,-37.4744875,339,8,REGION BIO BIO,8301,LOS ANGELES,GABRIELA MISTRAL, ,1255,"Av. Gabriela Mistral 1255, Los Angeles, Los Ángeles, Bío Bío, Chile",-37.4744875,-72.3351524,1,ROOFTOP,2020,1300279,2020/09/16 00:00:00+00,COLISION FRONTAL,COLISION,URBANA,IMPRUDENCIA DEL CONDUCTOR,CONDUCCION NO ATENTO CONDICIONES TRANSITO MOMENTO,0,0,0,0,15:00:00
-73.1423343,-36.8354801,340,8,REGION BIO BIO,8108,SAN PEDRO DE LA PAZ,TERCERA TRANSVERSAL,1 DE ENERO,0,"Uno de Enero & Tercera Transversal, San Pedro de la Paz, Bío Bío, Chile",-36.8354801,-73.1423343,1,GEOMETRIC_CENTER,2020,1300299,2020/09/13 00:00:00+00,COLISION,COLISION,URBANA,VELOCIDAD IMPRUDENTE,VELOCIDAD NO RAZONABLE NI PRUDENTE,0,0,0,1,15:30:00
-73.0392404,-36.8256521,341,8,REGION BIO BIO,8101,CONCEPCION,COCHRANE,JANEQUEO,0,"Janequeo & Cochrane, Concepción, Bío Bío, Chile",-36.8256521,-73.0392404,1,GEOMETRIC_CENTER,2020,1300321,2020/09/14 00:00:00+00,CHOQUE,CHOQUE,URBANA,IMPRUDENCIA DEL CONDUCTOR,CONDUCCION NO ATENTO CONDICIONES TRANSITO MOMENTO,0,0,0,0,09:00:00
-73.0320138,-36.8158601,342,8,REGION BIO BIO,8101,CONCEPCION,PADRE KORDA,JUAN BOSCO,0,"Padre Korda & Avenida San Juan Bosco, Concepción, Bío Bío, Chile",-36.8158601,-73.0320138,1,GEOMETRIC_CENTER,2020,1300328,2020/09/14 00:00:00+00,COLISION PERPENDICULAR,COLISION,URBANA,IMPRUDENCIA DEL CONDUCTOR,CONDUCCION NO ATENTO CONDICIONES TRANSITO MOMENTO,0,0,0,1,19:00:00
-73.0468096,-36.8237537,343,8,REGION BIO BIO,8101,CONCEPCION,FREIRE,TUCAPEL,0,"Tucapel & Freire, Concepción, Bío Bío, Chile",-36.8237537,-73.0468096,1,GEOMETRIC_CENTER,2020,1300348,2020/09/15 00:00:00+00,COLISION PERPENDICULAR,COLISION,URBANA,IMPRUDENCIA DEL CONDUCTOR,NO RESPETAR DERECHO PREFERENTE DE PASO A VEHICULO,0,0,0,0,16:40:00
-73.0430493,-36.8221087,344,8,REGION BIO BIO,8101,CONCEPCION,PAICAVI,FREIRE,0,"Freire & Paicaví, Concepción, Bío Bío, Chile",-36.8221087,-73.0430493,1,GEOMETRIC_CENTER,2020,1300352,2020/09/16 00:00:00+00,COLISION PERPENDICULAR,COLISION,URBANA,DESOBEDIENCIA A SEÑALIZACION,SEÑALIZACION DESOBEDECER LUZ ROJA DE SEMAFORO,0,0,1,1,20:00:00
-73.0508421,-36.8267498,345,8,REGION BIO BIO,8101,CONCEPCION,CAUPOLICAN,BARORS ARANA,0,"Barros Arana & Caupolicán, Concepción, Bío Bío, Chile",-36.8267498,-73.0508421,1,GEOMETRIC_CENTER,2020,1300353,2020/09/16 00:00:00+00,COLISION PERPENDICULAR,COLISION,URBANA,VELOCIDAD IMPRUDENTE,VELOCIDAD EXCESO EN ZONA RESTRINGIDA,0,0,0,0,15:55:00
-72.026139,-37.6660971,346,8,REGION BIO BIO,8311,SANTA BARBARA,CAMILO HENRIQUEZ,TTE MERINO,0,"Camilo Henriquez & Teniente Merino, Santa Bárbara, Bío Bío, Chile",-37.6660971,-72.026139,1,GEOMETRIC_CENTER,2020,1300600,2020/09/14 00:00:00+00,COLISION,COLISION,URBANA,IMPRUDENCIA DEL CONDUCTOR,NO RESPETAR DERECHO PREFERENTE DE PASO A VEHICULO,0,0,0,0,09:30:00
-73.0306119,-36.8176192,347,8,REGION BIO BIO,8101,CONCEPCION,JUAN BOSCO, ,2084,"Av. San Juan Bosco 2084, Concepción, Bío Bío, Chile",-36.8176192,-73.0306119,1,ROOFTOP,2020,1300629,2020/09/17 00:00:00+00,ATROPELLO,ATROPELLO,URBANA,IMPRUDENCIA DEL CONDUCTOR,NO RESPETAR DERECHO PREFERENTE DE PASO A PEATON,0,0,0,1,15:20:00
-73.03887,-36.8086325,348,8,REGION BIO BIO,8101,CONCEPCION,RIÑIHUE, ,371,"Riñihue, Concepción, Bío Bío, Chile",-36.8086325,-73.03887,1,GEOMETRIC_CENTER,2020,1300630,2020/09/19 00:00:00+00,CHOQUE,CHOQUE,URBANA,CAUSAS NO DETERMINADAS,CAUSAS NO DETERMINADAS,0,0,0,0,18:10:00
-73.3212134,-37.2462498,349,8,REGION BIO BIO,8202,ARAUCO,CARLOS CONDELL, ,626,"Carlos Condell 626, Arauco, Bío Bío, Chile",-37.2462498,-73.3212134,1,RANGE_INTERPOLATED,2020,1300831,2020/09/07 00:00:00+00,COLISION POR ALCANCE,COLISION,URBANA,IMPRUDENCIA DEL CONDUCTOR,CONDUCCION NO ATENTO CONDICIONES TRANSITO MOMENTO,0,0,0,0,17:20:00
-73.3169639,-37.2456072,350,8,REGION BIO BIO,8202,ARAUCO,CHACABUCO,CARLOS CONDELL,0,"Chacabuco & Carlos Condell, Arauco, Bío Bío, Chile",-37.2456072,-73.3169639,1,GEOMETRIC_CENTER,2020,1300867,2020/09/08 00:00:00+00,ATROPELLO,ATROPELLO,URBANA,IMPRUDENCIA DEL CONDUCTOR,CONDUCCION NO ATENTO CONDICIONES TRANSITO MOMENTO,0,0,0,1,13:50:00
-72.9903648,-36.7407154,351,8,REGION BIO BIO,8107,PENCO,CRUZ, ,500,"Cruz 500, Penco, Bío Bío, Chile",-36.7407154,-72.9903648,1,RANGE_INTERPOLATED,2020,1301026,2020/09/20 00:00:00+00,OTRO TIPO,OTRO TIPO,URBANA,IMPRUDENCIA DEL CONDUCTOR,CONDUCCION NO ATENTO CONDICIONES TRANSITO MOMENTO,0,0,0,0,21:00:00
-73.1327503,-36.7151324,352,8,REGION BIO BIO,8110,TALCAHUANO,LONCONAO, ,644,"Lonconao 644, Talcahuano, Bío Bío, Chile",-36.7151324,-73.1327503,1,ROOFTOP,2020,1301111,2020/09/06 00:00:00+00,COLISION LATERAL,COLISION,URBANA,IMPRUDENCIA DEL CONDUCTOR,CONDUCCION NO ATENTO CONDICIONES TRANSITO MOMENTO,0,0,0,0,01:15:00
-72.6861883,-37.5005311,353,8,REGION BIO BIO,8306,NACIMIENTO,LOS NOTROS,ESPAÑA,0,"Terminal De Buses Los Notros Nacimiento - S/N, Av. Julio Hemmelmann, Nacimiento, Bío Bío, Chile",-37.5005311,-72.6861883,1,GEOMETRIC_CENTER,2020,1301170,2020/09/16 00:00:00+00,CHOQUE,CHOQUE,URBANA,PERDIDA CONTROL VEHICULO,PERDIDA CONTROL VEHICULO,0,0,0,0,20:00:00
-72.3555114,-37.4710946,354,8,REGION BIO BIO,8301,LOS ANGELES,21 DE MAYO,ERCILLA,0,"Ercilla & Avenida 21 de Mayo, Los Angeles, Los Ángeles, Bío Bío, Chile",-37.4710946,-72.3555114,1,GEOMETRIC_CENTER,2020,1301190,2020/09/17 00:00:00+00,COLISION,COLISION,URBANA,IMPRUDENCIA DEL CONDUCTOR,CONDUCCION NO ATENTO CONDICIONES TRANSITO MOMENTO,0,0,0,0,12:00:00
-73.0784801,-36.8011038,355,8,REGION BIO BIO,8112,HUALPEN,ARTEAGA ALEMPARTE, ,8983,"Arteaga Alemparte 8983, Hualpén, Concepción, Bío Bío, Chile",-36.8011038,-73.0784801,1,ROOFTOP,2020,1301264,2020/09/23 00:00:00+00,COLISION,COLISION,URBANA,CAUSAS NO DETERMINADAS,CAUSAS NO DETERMINADAS,0,1,0,0,21:30:00
-73.0767054,-36.8044006,356,8,REGION BIO BIO,8112,HUALPEN,ARTEAGA ALEMPARTE,CALETERA JORGE ALESSANDRI,0,"Arteaga Alemparte 8983, Hualpén, Concepción, Bío Bío, Chile",-36.8044006,-73.0767054,1,ROOFTOP,2020,1301267,2020/09/23 00:00:00+00,CHOQUE,CHOQUE,URBANA,PERDIDA CONTROL VEHICULO,PERDIDA CONTROL VEHICULO,0,0,0,0,09:20:00
-73.1617685,-37.0841097,357,8,REGION BIO BIO,8106,LOTA,CARLOS COUSIÑO, ,351,"Carlos Cousiño 351, Lota, Bío Bío, Chile",-37.0841097,-73.1617685,1,RANGE_INTERPOLATED,2020,1301370,2020/09/07 00:00:00+00,CHOQUE FRONTAL,CHOQUE,URBANA,ALCOHOL EN CONDUCTOR,CONDUCCION EN ESTADO DE EBRIEDAD,0,0,0,1,03:25:00
-73.152686,-37.116196,358,8,REGION BIO BIO,8106,LOTA,LAS INDUSTRIAS, ,0,"Colcura, Lota, Bío Bío, Chile",-37.116196,-73.152686,1,GEOMETRIC_CENTER,2020,1301374,2020/09/08 00:00:00+00,CHOQUE FRONTAL,CHOQUE,URBANA,PERDIDA CONTROL VEHICULO,PERDIDA CONTROL VEHICULO,0,1,0,3,14:30:00