X,Y,FID,COD_REG,REGION,CUT,COMUNA,CALLE_UNO,CALLE_DOS,NUMERO,DIR_GEOCOD,LAT,LNG,VAL_COM,TIPO,Año,Idaccident,Fecha,Tipo_Accid,Tipo__CONA,Zona,Causa__CON,Causa,Fallecidos,Graves,Menos_Grav,Leves,Hora
-72.9833,-36.7333,480,8,REGION BIO BIO,8107,PENCO,LOMAS DEL CONQUISTADOR, ,37,"Penco, Bío Bío, Chile",-36.7333,-72.9833,1,APPROXIMATE,2020,1305545,2020/10/09 00:00:00+00,CHOQUE POSTERIOR/POSTERIOR,CHOQUE,URBANA,OTRAS CAUSAS,OTRAS CAUSAS,0,0,0,0,23:30:00
-72.9960437,-36.7365608,481,8,REGION BIO BIO,8107,PENCO,FUERTE LA PLANCHADA,GOBERNADOR LOPEZ ULLOA,0,"Línea Férrea, Penco, Bío Bío, Chile",-36.7365608,-72.9960437,1,GEOMETRIC_CENTER,2020,1305575,2020/10/11 00:00:00+00,CHOQUE FRONTAL,CHOQUE,URBANA,ALCOHOL EN CONDUCTOR,CONDUCCION EN ESTADO DE EBRIEDAD,0,1,0,0,14:10:00
-73.1146986,-36.7687636,482,8,REGION BIO BIO,8110,TALCAHUANO,GRAN BRETAÑA, ,4889,"Gran Bretaña 4889, Talcahuano, Bío Bío, Chile",-36.7687636,-73.1146986,1,ROOFTOP,2020,1305782,2020/10/17 00:00:00+00,VOLCADURA,VOLCADURA,URBANA,PERDIDA CONTROL VEHICULO,PERDIDA CONTROL VEHICULO,0,0,0,1,19:00:00
-72.9379532,-36.9755004,483,8,REGION BIO BIO,8105,HUALQUI,RAMON FREIRE,MANUEL BULNES,0,"Plaza De Hualqui - Ramón Freire, Hualqui, Bío Bío, Chile",-36.9755004,-72.9379532,1,GEOMETRIC_CENTER,2020,1305812,2020/09/23 00:00:00+00,COLISION PERPENDICULAR,COLISION,URBANA,CAUSAS NO DETERMINADAS,CAUSAS NO DETERMINADAS,0,0,0,1,13:00:00
-73.056644,-36.833703,484,8,REGION BIO BIO,8101,CONCEPCION,COSTANERA,BLANCO ENCALADA,0,"Arturo Prat 199, Of. 602, Concepción, Bío Bío, Chile",-36.833703,-73.056644,1,ROOFTOP,2020,1305873,2020/08/17 00:00:00+00,COLISION LATERAL,COLISION,URBANA,IMPRUDENCIA DEL CONDUCTOR,CONDUCCION NO ATENTO CONDICIONES TRANSITO MOMENTO,0,0,0,0,09:00:00
-73.1057273,-36.8019685,485,8,REGION BIO BIO,8112,HUALPEN,COSTANERA,ROTONDA PEÑUELAS,0,"Av. Costanera, Hualpén, Bío Bío, Chile",-36.8019685,-73.1057273,1,GEOMETRIC_CENTER,2020,1305864,2020/10/19 00:00:00+00,COLISION,COLISION,URBANA,IMPRUDENCIA DEL CONDUCTOR,ADELANTAMIENTO SIN EL ESPACIO O TIEMPO SUFICIENTE,0,0,0,0,09:35:00
-73.1265383,-36.7880615,486,8,REGION BIO BIO,8112,HUALPEN,CAMINO A RAMUNTCHO, ,2501,"Ramuntcho 2501, Hualpén, Bío Bío, Chile",-36.7880615,-73.1265383,1,RANGE_INTERPOLATED,2020,1305911,2020/10/20 00:00:00+00,CHOQUE FRONTAL,CHOQUE,URBANA,PERDIDA CONTROL VEHICULO,PERDIDA CONTROL VEHICULO,0,0,0,0,19:50:00
-73.0664635,-36.7918699,487,8,REGION BIO BIO,8110,TALCAHUANO,JORGE ALESSANDRI PALMA, ,3177,"Av. Pdte. Jorge Alessandri Rodriguez 3177, Talcahuano, Bío Bío, Chile",-36.7918699,-73.0664635,1,ROOFTOP,2020,1305971,2020/10/20 00:00:00+00,CHOQUE POSTERIOR/FRENTE,CHOQUE,URBANA,IMPRUDENCIA DEL CONDUCTOR,CONDUCCION NO ATENTO CONDICIONES TRANSITO MOMENTO,0,0,0,0,15:30:00
-73.3206916,-37.2484567,488,8,REGION BIO BIO,8202,ARAUCO,ARTURO PRAT,COVADONGA,0,"Avenida Arturo Prat & Covadonga, Arauco, Bío Bío, Chile",-37.2484567,-73.3206916,1,GEOMETRIC_CENTER,2020,1305977,2020/10/11 00:00:00+00,COLISION LATERAL,COLISION,URBANA,OTRAS CAUSAS,OTRAS CAUSAS,0,0,0,0,12:05:00
-73.3406997,-37.4749172,489,8,REGION BIO BIO,8205,CURANILAHUE,JUAN BENITEZ MEZA, ,317,"Juan Benítez Meza 317, Curanilahue, Bío Bío, Chile",-37.4749172,-73.3406997,1,RANGE_INTERPOLATED,2020,1305996,2020/10/18 00:00:00+00,CHOQUE POSTERIOR/FRENTE,CHOQUE,URBANA,IMPRUDENCIA DEL CONDUCTOR,CONDUCCION CONTRA SENTIDO DEL TRANSITO,0,0,0,0,02:20:00
-73.4924463,-38.3424548,490,8,REGION BIO BIO,8207,TIRUA,EL BOSQUE, ,244,"Tirua, Tirúa, Bío Bío, Chile",-38.3424548,-73.4924463,1,APPROXIMATE,2020,1306013,2020/10/08 00:00:00+00,CHOQUE,CHOQUE,URBANA,PERDIDA CONTROL VEHICULO,PERDIDA CONTROL VEHICULO,0,0,0,0,22:40:00
-73.0300404,-36.9025545,491,8,REGION BIO BIO,8103,CHIGUAYANTE,OHIGGINS,COLON,0,"Av. Colon & Av. OHiggins, Chiguayante, Bío Bío, Chile",-36.9025545,-73.0300404,1,GEOMETRIC_CENTER,2020,1306105,2020/10/20 00:00:00+00,ATROPELLO,ATROPELLO,URBANA,DESOBEDIENCIA A SEÑALIZACION,SEÑALIZACION DESOBEDECER LUZ ROJA DE SEMAFORO,0,2,0,0,18:20:00
-73.064663,-36.8056119,492,8,REGION BIO BIO,8101,CONCEPCION,ANIBAL PINTO, ,2284,"Anibal Pinto 2284, Concepción, Bío Bío, Chile",-36.8056119,-73.064663,1,ROOFTOP,2020,1306135,2020/10/08 00:00:00+00,CHOQUE FRENTE/POSTERIOR,CHOQUE,URBANA,CAUSAS NO DETERMINADAS,CAUSAS NO DETERMINADAS,0,0,0,0,11:23:00
-73.0525386,-36.8223137,493,8,REGION BIO BIO,8101,CONCEPCION,ANIBAL PINTO,LAS HERAS,0,"Anibal Pinto & Las Heras, Concepción, Bío Bío, Chile",-36.8223137,-73.0525386,1,GEOMETRIC_CENTER,2020,1306150,2020/10/13 00:00:00+00,COLISION LATERAL,COLISION,URBANA,IMPRUDENCIA DEL CONDUCTOR,CONDUCCION NO ATENTO CONDICIONES TRANSITO MOMENTO,0,0,0,1,09:40:00
-73.033815,-36.8087669,494,8,REGION BIO BIO,8101,CONCEPCION,ALONSO DE RIVERA,CAMILO HENRIQUEZ,0,"Camilo Henríquez 2565, Concepción, Bío Bío, Chile",-36.8087669,-73.033815,1,ROOFTOP,2020,1306180,2020/09/02 00:00:00+00,COLISION LATERAL,COLISION,URBANA,IMPRUDENCIA DEL CONDUCTOR,CONDUCCION NO ATENTO CONDICIONES TRANSITO MOMENTO,0,1,0,0,22:56:00
-73.1586108,-37.006705,495,8,REGION BIO BIO,8102,CORONEL,MANUEL MONTT,HEROES DE LA CONCEPCION,0,"Avenida Manuel Montt & Heroes de la Concepción, Coronel, Bío Bío, Chile",-37.006705,-73.1586108,1,GEOMETRIC_CENTER,2020,1306442,2020/10/21 00:00:00+00,ATROPELLO,ATROPELLO,URBANA,DESOBEDIENCIA A SEÑALIZACION,SEÑALIZACION DESOBEDECER LUZ ROJA DE SEMAFORO,1,0,0,0,22:55:00
-72.2395537,-37.7216764,496,8,REGION BIO BIO,8305,MULCHEN,ANIBAL PINTO,PANTOJA,0,"Pantoja & Anibal Pinto, Mulchen, Mulchén, Bío Bío, Chile",-37.7216764,-72.2395537,1,GEOMETRIC_CENTER,2020,1306468,2020/10/14 00:00:00+00,COLISION,COLISION,URBANA,IMPRUDENCIA DEL CONDUCTOR,CONDUCCION NO ATENTO CONDICIONES TRANSITO MOMENTO,0,0,0,0,13:00:00
-72.2191155,-37.7336354,497,8,REGION BIO BIO,8305,MULCHEN,MANQUECUEL, ,1587,"Estero Manquecuel, Mulchén, Bío Bío, Chile",-37.7336354,-72.2191155,1,APPROXIMATE,2020,1306471,2020/10/15 00:00:00+00,CHOQUE,CHOQUE,URBANA,FALLAS MECANICAS,FALLAS MECANICAS FRENOS,0,0,0,0,18:30:00
-72.530111,-37.5852535,498,8,REGION BIO BIO,8307,NEGRETE,IGNACIO CARRERA PINTO,10 DE JULIO,0,"10 de Julio & Ignacio Carrera Pinto, Negrete, Bío Bío, Chile",-37.5852535,-72.530111,1,GEOMETRIC_CENTER,2020,1306478,2020/10/14 00:00:00+00,ATROPELLO,ATROPELLO,URBANA,IMPRUDENCIA DEL CONDUCTOR,NO RESPETAR DERECHO PREFERENTE DE PASO A PEATON,0,0,0,1,19:15:00
-73.020597,-36.9365493,499,8,REGION BIO BIO,8103,CHIGUAYANTE,MANUEL RODRIGUEZ,SANTA CLEMIRA,0,"Sta. Clemira & Av. Manuel Rodríguez, Chiguayante, Bío Bío, Chile",-36.9365493,-73.020597,1,GEOMETRIC_CENTER,2020,1306560,2020/10/23 00:00:00+00,COLISION PERPENDICULAR,COLISION,URBANA,OTRAS CAUSAS,OTRAS CAUSAS,0,0,0,1,16:30:00
-72.2381507,-37.7211125,500,8,REGION BIO BIO,8305,MULCHEN,SALVO,PEDRO LAGOS,0,"Salvo & Pedro Lagos, Mulchen, Mulchén, Bío Bío, Chile",-37.7211125,-72.2381507,1,GEOMETRIC_CENTER,2020,1306657,2020/10/19 00:00:00+00,COLISION,COLISION,URBANA,IMPRUDENCIA DEL CONDUCTOR,CONDUCCION NO ATENTO CONDICIONES TRANSITO MOMENTO,0,0,0,1,18:35:00
-73.1211954,-36.7081331,501,8,REGION BIO BIO,8110,TALCAHUANO,SAN EUGENIO, ,539,"San Eugenio 539, Talcahuano, Bío Bío, Chile",-36.7081331,-73.1211954,1,RANGE_INTERPOLATED,2020,1306774,2020/10/20 00:00:00+00,ATROPELLO,ATROPELLO,URBANA,IMPRUDENCIA DEL CONDUCTOR,NO RESPETAR DERECHO PREFERENTE DE PASO A PEATON,0,0,0,1,16:30:00
-73.0859452,-36.7696228,502,8,REGION BIO BIO,8110,TALCAHUANO,PASAJE DIECISIETE,COLON,0,"Av. Cristóbal Colón & Diecisiete Nte., Talcahuano, Bío Bío, Chile",-36.7696228,-73.0859452,1,GEOMETRIC_CENTER,2020,1306764,2020/10/19 00:00:00+00,COLISION LATERAL,COLISION,URBANA,ALCOHOL EN CONDUCTOR,CONDUCCION EN ESTADO DE EBRIEDAD,0,0,0,0,19:20:00
-73.0638168,-36.8313002,503,8,REGION BIO BIO,8101,CONCEPCION,LOS CARRERA PONIENTE, ,301,"Av. los Carrera 301, Concepción, Bío Bío, Chile",-36.8313002,-73.0638168,1,ROOFTOP,2020,1306888,2020/10/19 00:00:00+00,COLISION POR ALCANCE,COLISION,URBANA,IMPRUDENCIA DEL CONDUCTOR,CONDUCCION SIN MANTENER DISTANCIA RAZONABLE NI PRUDENTE,0,0,0,1,12:30:00
-73.0569215,-36.8253368,504,8,REGION BIO BIO,8101,CONCEPCION,LOS CARRERA,ANGOL,0,"Angol & Avenida los Carrera, Concepción, Bío Bío, Chile",-36.8253368,-73.0569215,1,GEOMETRIC_CENTER,2020,1306894,2020/10/20 00:00:00+00,COLISION LATERAL,COLISION,URBANA,DESOBEDIENCIA A SEÑALIZACION,SEÑALIZACION DESOBEDECER LUZ INTERMITENTE SEMAFORO,0,0,0,1,08:25:00
-73.0305836,-36.9171192,505,8,REGION BIO BIO,8103,CHIGUAYANTE,OCHO ORIENTE,OROZIMBO BARBOSA,0,"Orozimbo Barbosa 104, Chiguayante, Bío Bío, Chile",-36.9171192,-73.0305836,1,ROOFTOP,2020,1306902,2020/10/22 00:00:00+00,CHOQUE FRONTAL,CHOQUE,URBANA,VELOCIDAD IMPRUDENTE,VELOCIDAD NO RAZONABLE NI PRUDENTE,1,0,0,0,00:30:00
-73.0395537,-36.8269931,506,8,REGION BIO BIO,8101,CONCEPCION,PLAZA PERU,CHACABUCO,0,"Av. Chacabuco & Pl. Perú, Concepción, Bío Bío, Chile",-36.8269931,-73.0395537,1,GEOMETRIC_CENTER,2020,1306903,2020/10/20 00:00:00+00,COLISION PERPENDICULAR,COLISION,URBANA,IMPRUDENCIA DEL CONDUCTOR,CONDUCCION NO ATENTO CONDICIONES TRANSITO MOMENTO,0,0,1,0,20:35:00
-73.0710541,-36.8275269,507,8,REGION BIO BIO,8101,CONCEPCION,COSTANERA,BALMACEDA,0,"Parque Costanera Concepción - Av. Costanera 8000, Concepción, Bío Bío, Chile",-36.8275269,-73.0710541,1,ROOFTOP,2020,1306914,2020/10/21 00:00:00+00,CHOQUE POSTERIOR,CHOQUE,URBANA,IMPRUDENCIA DEL CONDUCTOR,CONDUCCION SIN MANTENER DISTANCIA RAZONABLE NI PRUDENTE,0,0,0,0,13:40:00
-73.0331621,-36.8172851,508,8,REGION BIO BIO,8101,CONCEPCION,JUAN BOSCO,FRESIA,0,"Fresia & Avenida San Juan Bosco, Concepción, Bío Bío, Chile",-36.8172851,-73.0331621,1,GEOMETRIC_CENTER,2020,1306920,2020/10/22 00:00:00+00,COLISION PERPENDICULAR,COLISION,URBANA,IMPRUDENCIA DEL CONDUCTOR,CONDUCCION NO ATENTO CONDICIONES TRANSITO MOMENTO,0,0,0,0,12:05:00
-73.0260316,-36.9234133,509,8,REGION BIO BIO,8103,CHIGUAYANTE,MANUEL RODRIGUEZ,ANIBAL PINTO,0,"Aníbal Pinto & Avenida Manuel Rodríguez, Chiguayante, Bío Bío, Chile",-36.9234133,-73.0260316,1,GEOMETRIC_CENTER,2020,1307001,2020/10/26 00:00:00+00,CHOQUE FRENTE/POSTERIOR,CHOQUE,URBANA,PERDIDA CONTROL VEHICULO,PERDIDA CONTROL VEHICULO,0,0,0,0,19:10:00
-73.3242044,-37.246691,510,8,REGION BIO BIO,8202,ARAUCO,CIENFUEGOS,CARLOS CONDELL,0,"Cienfuegos & Carlos Condell, Arauco, Bío Bío, Chile",-37.246691,-73.3242044,1,GEOMETRIC_CENTER,2020,1307019,2020/10/15 00:00:00+00,COLISION LATERAL,COLISION,URBANA,IMPRUDENCIA DEL CONDUCTOR,CONDUCCION NO ATENTO CONDICIONES TRANSITO MOMENTO,0,0,0,0,17:10:00
-73.1012783,-36.8387625,511,8,REGION BIO BIO,8108,SAN PEDRO DE LA PAZ,PEDRO AGUIRRE CERDA,LOS CANELOS,0,"Avenida Pedro Aguirre Cerda & Los Canelos, San Pedro de la Paz, Bío Bío, Chile",-36.8387625,-73.1012783,1,GEOMETRIC_CENTER,2020,1307101,2020/10/25 00:00:00+00,ATROPELLO,ATROPELLO,URBANA,CAUSAS NO DETERMINADAS,CAUSAS NO DETERMINADAS,0,1,0,0,15:30:00
-72.3416978,-37.4723009,512,8,REGION BIO BIO,8301,LOS ANGELES,RICARDO VICUÑA,LOS MARIANISTAS,0,"Ricardo Vicuña Ote. 407-499, Los Angeles, Los Ángeles, Bío Bío, Chile",-37.4723009,-72.3416978,1,ROOFTOP,2020,1307123,2020/10/14 00:00:00+00,COLISION FRONTAL,COLISION,URBANA,IMPRUDENCIA DEL CONDUCTOR,CONDUCCION NO ATENTO CONDICIONES TRANSITO MOMENTO,0,1,0,1,22:00:00
-72.3408062,-37.4756008,513,8,REGION BIO BIO,8301,LOS ANGELES,MERCEDES JARPA,GABRIELA MISTRAL,0,"Avenida Gabriela Mistral & Mercedes Jarpa, Los Angeles, Los Ángeles, Bío Bío, Chile",-37.4756008,-72.3408062,1,GEOMETRIC_CENTER,2020,1307136,2020/10/14 00:00:00+00,COLISION,COLISION,URBANA,IMPRUDENCIA DEL CONDUCTOR,CONDUCCION NO ATENTO CONDICIONES TRANSITO MOMENTO,0,0,0,0,22:04:00
-72.3397616,-37.4643014,514,8,REGION BIO BIO,8301,LOS ANGELES,MARCONI,COMANDANTE LUIS SOTO,0,"Comandante Luis Soto & Guillermo Marconi, Los Angeles, Los Ángeles, Bío Bío, Chile",-37.4643014,-72.3397616,1,GEOMETRIC_CENTER,2020,1307142,2020/10/15 00:00:00+00,COLISION LATERAL,COLISION,URBANA,IMPRUDENCIA DEL CONDUCTOR,CONDUCCION NO ATENTO CONDICIONES TRANSITO MOMENTO,0,0,0,0,08:05:00
-72.3398899,-37.452286,515,8,REGION BIO BIO,8301,LOS ANGELES,SOR VICENTA,ORIENTE,0,"Av. Sor Vicenta & Av. Ote., Los Angeles, Los Ángeles, Bío Bío, Chile",-37.452286,-72.3398899,1,GEOMETRIC_CENTER,2020,1307162,2020/10/15 00:00:00+00,COLISION POR ALCANCE,COLISION,URBANA,IMPRUDENCIA DEL CONDUCTOR,CONDUCCION NO ATENTO CONDICIONES TRANSITO MOMENTO,0,0,0,0,22:25:00
-72.3523371,-37.4691338,516,8,REGION BIO BIO,8301,LOS ANGELES,COLO COLO,VALDIVIA,0,"Valdivia & Colo Colo, Los Angeles, Los Ángeles, Bío Bío, Chile",-37.4691338,-72.3523371,1,GEOMETRIC_CENTER,2020,1307170,2020/10/16 00:00:00+00,ATROPELLO,ATROPELLO,URBANA,IMPRUDENCIA DEL CONDUCTOR,CONDUCCION NO ATENTO CONDICIONES TRANSITO MOMENTO,0,0,0,1,10:05:00
-72.3611368,-37.4692009,517,8,REGION BIO BIO,8301,LOS ANGELES,LOS ANGELES,COLO COLO,0,"Avenida Los Angeles & Colo Colo, Los Angeles, Los Ángeles, Bío Bío, Chile",-37.4692009,-72.3611368,1,GEOMETRIC_CENTER,2020,1307172,2020/10/17 00:00:00+00,CHOQUE LATERAL,CHOQUE,URBANA,IMPRUDENCIA DEL CONDUCTOR,CONDUCCION NO ATENTO CONDICIONES TRANSITO MOMENTO,0,0,0,0,09:15:00
-72.3497738,-37.4740297,518,8,REGION BIO BIO,8301,LOS ANGELES,MANUEL BULNES,PILAUCO,0,"Freire 185, Los Angeles, Los Ángeles, Bío Bío, Chile",-37.4740297,-72.3497738,1,ROOFTOP,2020,1307176,2020/10/17 00:00:00+00,COLISION POR ALCANCE,COLISION,URBANA,IMPRUDENCIA DEL CONDUCTOR,CONDUCCION NO ATENTO CONDICIONES TRANSITO MOMENTO,0,0,0,0,11:50:00
-72.3460544,-37.4851378,519,8,REGION BIO BIO,8301,LOS ANGELES,LOS CARRERA,COSTANERA PAILLIHUE,0,"Av. Los Carrera 1115, Los Angeles, Los Ángeles, Bío Bío, Chile",-37.4851378,-72.3460544,1,ROOFTOP,2020,1307184,2020/10/18 00:00:00+00,ATROPELLO,ATROPELLO,URBANA,IMPRUDENCIA DEL CONDUCTOR,CONDUCCION NO ATENTO CONDICIONES TRANSITO MOMENTO,0,0,0,1,10:05:00
-72.3721599,-37.4632641,520,8,REGION BIO BIO,8301,LOS ANGELES,BOMBERO RIOSECO,LOS AZALEAS,0,"Bombero Francisco Rioseco 1585, Biobío, Los Ángeles, Bío Bío, Chile",-37.4632641,-72.3721599,1,ROOFTOP,2020,1307200,2020/10/18 00:00:00+00,CHOQUE POSTERIOR/POSTERIOR,CHOQUE,URBANA,IMPRUDENCIA DEL CONDUCTOR,CONDUCCION NO ATENTO CONDICIONES TRANSITO MOMENTO,0,0,0,0,14:00:00
-72.3578367,-37.4765258,521,8,REGION BIO BIO,8301,LOS ANGELES,PATRICIO LYNCH,BLANCO ENCALADA,0,"Blanco Encalada & Patricio Lynch, Los Angeles, Los Ángeles, Bío Bío, Chile",-37.4765258,-72.3578367,1,GEOMETRIC_CENTER,2020,1307216,2020/10/18 00:00:00+00,COLISION LATERAL,COLISION,URBANA,IMPRUDENCIA DEL CONDUCTOR,CONDUCCION NO ATENTO CONDICIONES TRANSITO MOMENTO,0,1,0,0,15:15:00
-72.3721599,-37.4632641,522,8,REGION BIO BIO,8301,LOS ANGELES,FRANCISCO BOMBERO RIOSECO,LLAU LLEU,0,"Bombero Francisco Rioseco 1585, Biobío, Los Ángeles, Bío Bío, Chile",-37.4632641,-72.3721599,1,ROOFTOP,2020,1307251,2020/10/20 00:00:00+00,COLISION LATERAL,COLISION,URBANA,IMPRUDENCIA DEL CONDUCTOR,CONDUCCION NO ATENTO CONDICIONES TRANSITO MOMENTO,0,0,0,0,14:45:00
-72.3665554,-37.4671528,523,8,REGION BIO BIO,8301,LOS ANGELES,LAS AZALEAS,COSTANERA QUILQUE NORTE,0,"Las Azaleas & Costanera Quilque Norte, Los Angeles, Los Ángeles, Bío Bío, Chile",-37.4671528,-72.3665554,1,GEOMETRIC_CENTER,2020,1307254,2020/10/21 00:00:00+00,CHOQUE FRENTE/FRENTE,CHOQUE,URBANA,DESOBEDIENCIA A SEÑALIZACION,SEÑALIZACION DESOBEDECER SEÑAL PARE,0,0,0,1,11:30:00
-72.3590412,-37.4809176,524,8,REGION BIO BIO,8301,LOS ANGELES,VICUÑA MACKENNA, ,780,"Av. Vicuña Mackenna 780, Los Angeles, Los Ángeles, Bío Bío, Chile",-37.4809176,-72.3590412,1,ROOFTOP,2020,1307261,2020/10/22 00:00:00+00,CHOQUE POSTERIOR/FRENTE,CHOQUE,URBANA,IMPRUDENCIA DEL CONDUCTOR,CONDUCCION NO ATENTO CONDICIONES TRANSITO MOMENTO,0,0,0,0,12:30:00
-71.9437116,-37.2959717,525,8,REGION BIO BIO,8312,TUCAPEL,SAN DIEGO, ,156,"Tucapel, Bío Bío, Chile",-37.2959717,-71.9437116,1,GEOMETRIC_CENTER,2020,1307268,2020/10/22 00:00:00+00,COLISION FRONTAL,COLISION,URBANA,IMPRUDENCIA DEL CONDUCTOR,CONDUCCION NO ATENTO CONDICIONES TRANSITO MOMENTO,0,0,0,0,13:30:00
-73.096428,-36.6392542,526,8,REGION BIO BIO,8110,TALCAHUANO,MARYLAN,TUMBES,0,"Maryland, Tumbes, Talcahuano, Bío Bío, Chile",-36.6392542,-73.096428,1,GEOMETRIC_CENTER,2020,1307269,2020/10/23 00:00:00+00,COLISION LATERAL,COLISION,URBANA,IMPRUDENCIA DEL CONDUCTOR,NO RESPETAR DERECHO PREFERENTE DE PASO A PEATON,0,0,0,0,23:30:00
-72.3628977,-37.4787639,527,8,REGION BIO BIO,8301,LOS ANGELES,ALCAZAR,ELEUTERIO RAMIREZ,0,"Eleuterio Ramirez & Alcázar, Los Angeles, Los Ángeles, Bío Bío, Chile",-37.4787639,-72.3628977,1,GEOMETRIC_CENTER,2020,1307370,2020/10/25 00:00:00+00,COLISION LATERAL,COLISION,URBANA,IMPRUDENCIA DEL CONDUCTOR,CONDUCCION NO ATENTO CONDICIONES TRANSITO MOMENTO,0,0,0,0,20:20:00
-72.3494519,-37.4638607,528,8,REGION BIO BIO,8301,LOS ANGELES,ALMAGRO,GALVARINO,0,"Galvarino & Almagro, Los Angeles, Los Ángeles, Bío Bío, Chile",-37.4638607,-72.3494519,1,GEOMETRIC_CENTER,2020,1307376,2020/10/26 00:00:00+00,COLISION FRONTAL,COLISION,URBANA,IMPRUDENCIA DEL CONDUCTOR,CONDUCCION NO ATENTO CONDICIONES TRANSITO MOMENTO,0,0,0,1,07:55:00
-72.3483665,-37.4804266,529,8,REGION BIO BIO,8301,LOS ANGELES,LAS INDUSTRIAS,SANTA BARBARA,0,"Av. Los Carrera 660, Los Angeles, Los Ángeles, Bío Bío, Chile",-37.4804266,-72.3483665,1,ROOFTOP,2020,1307379,2020/10/26 00:00:00+00,COLISION LATERAL,COLISION,URBANA,IMPRUDENCIA DEL CONDUCTOR,CONDUCCION NO ATENTO CONDICIONES TRANSITO MOMENTO,0,0,0,0,20:00:00
-72.370895,-37.4755589,530,8,REGION BIO BIO,8301,LOS ANGELES,BAQUEDANO, ,2040,"Baquedano 2040, Los Ángeles, Bío Bío, Chile",-37.4755589,-72.370895,1,RANGE_INTERPOLATED,2020,1307380,2020/10/26 00:00:00+00,CHOQUE LATERAL,CHOQUE,URBANA,IMPRUDENCIA DEL CONDUCTOR,CONDUCCION NO ATENTO CONDICIONES TRANSITO MOMENTO,0,0,0,0,22:17:00
-73.1353658,-36.712765,531,8,REGION BIO BIO,8110,TALCAHUANO,SAN VICENTE, ,1105,"San Vicente 1105, Talcahuano, Bío Bío, Chile",-36.712765,-73.1353658,1,RANGE_INTERPOLATED,2020,1307488,2020/10/23 00:00:00+00,ATROPELLO,ATROPELLO,URBANA,DESOBEDIENCIA A SEÑALIZACION,SEÑALIZACION DESOBEDECER OTRA,0,0,1,0,07:10:00
-73.0344112,-36.7946966,532,8,REGION BIO BIO,8101,CONCEPCION,ANDALIEN, ,772,"Av. Andalien 772, Concepción, Bío Bío, Chile",-36.7946966,-73.0344112,1,ROOFTOP,2020,1307459,2020/10/22 00:00:00+00,CHOQUE LATERAL,CHOQUE,URBANA,IMPRUDENCIA DEL CONDUCTOR,CONDUCCION NO ATENTO CONDICIONES TRANSITO MOMENTO,0,0,0,0,15:40:00
-73.0531471,-36.8238989,533,8,REGION BIO BIO,8101,CONCEPCION,LOS CARRERA,CAUPOLICAN,0,"Avenida los Carrera & Caupolicán, Concepción, Bío Bío, Chile",-36.8238989,-73.0531471,1,GEOMETRIC_CENTER,2020,1307474,2020/10/26 00:00:00+00,COLISION POR ALCANCE,COLISION,URBANA,IMPRUDENCIA DEL CONDUCTOR,CONDUCCION SIN MANTENER DISTANCIA RAZONABLE NI PRUDENTE,0,0,0,0,16:30:00
-73.0651458,-36.8321223,534,8,REGION BIO BIO,8101,CONCEPCION,COSTANERA,CENTRAL NORTE,0,"Av. Costanera & Central Nte., Concepción, Bío Bío, Chile",-36.8321223,-73.0651458,1,GEOMETRIC_CENTER,2020,1307496,2020/10/27 00:00:00+00,CHOQUE POSTERIOR,CHOQUE,URBANA,IMPRUDENCIA DEL CONDUCTOR,CONDUCCION SIN MANTENER DISTANCIA RAZONABLE NI PRUDENTE,0,0,0,3,09:50:00
-73.0417691,-36.8189691,535,8,REGION BIO BIO,8101,CONCEPCION,LOS CARRERA,LAUTARO,0,"Lautaro & Avenida los Carrera, Concepción, Bío Bío, Chile",-36.8189691,-73.0417691,1,GEOMETRIC_CENTER,2020,1307503,2020/10/27 00:00:00+00,COLISION PERPENDICULAR,COLISION,URBANA,IMPRUDENCIA DEL CONDUCTOR,CONDUCCION NO ATENTO CONDICIONES TRANSITO MOMENTO,0,0,0,1,15:45:00
-73.0866314,-36.777716,536,8,REGION BIO BIO,8110,TALCAHUANO,CRISTOBAL COLON, ,3594,"Av. Cristóbal Colón # 6900, Talcahuano, Bío Bío, Chile",-36.777716,-73.0866314,1,ROOFTOP,2020,1307536,2020/10/27 00:00:00+00,ATROPELLO,ATROPELLO,URBANA,ALCOHOL EN PEATON,EBRIEDAD DEL PEATON,0,0,0,1,19:09:00
-73.1126408,-36.8381308,537,8,REGION BIO BIO,8108,SAN PEDRO DE LA PAZ,PEDRO AGUIRRE CERDA,LOS BATROS,0,"Avenida Pedro Aguirre Cerda & Los Batros, San Pedro de la Paz, Bío Bío, Chile",-36.8381308,-73.1126408,1,GEOMETRIC_CENTER,2020,1307680,2020/10/20 00:00:00+00,COLISION POR ALCANCE,COLISION,URBANA,IMPRUDENCIA DEL CONDUCTOR,CONDUCCION NO ATENTO CONDICIONES TRANSITO MOMENTO,0,0,0,0,17:40:00
-73.1148661,-36.832975,538,8,REGION BIO BIO,8108,SAN PEDRO DE LA PAZ,LOS CLAVELES, ,405,"Los Claveles 405, San Pedro de la Paz, Bío Bío, Chile",-36.832975,-73.1148661,1,ROOFTOP,2020,1307700,2020/10/13 00:00:00+00,ATROPELLO,ATROPELLO,URBANA,IMPRUDENCIA DEL CONDUCTOR,CONDUCCION NO ATENTO CONDICIONES TRANSITO MOMENTO,0,1,0,0,17:15:00