X,Y,FID,COD_REG,REGION,CUT,COMUNA,CALLE_UNO,CALLE_DOS,NUMERO,DIR_GEOCOD,LAT,LNG,VAL_COM,TIPO,Año,Idaccident,Fecha,Tipo_Accid,Tipo__CONA,Zona,Causa__CON,Causa,Fallecidos,Graves,Menos_Grav,Leves,Hora
-73.1470288,-36.8988811,539,8,REGION BIO BIO,8108,SAN PEDRO DE LA PAZ,VICENTE HUIDOBRO,LOS LAGOS,0,"Vicente Huidobro Ote., San Pedro de la Paz, Coronel, Bío Bío, Chile",-36.8988811,-73.1470288,1,GEOMETRIC_CENTER,2020,1307701,2020/10/14 00:00:00+00,COLISION LATERAL,COLISION,URBANA,IMPRUDENCIA DEL CONDUCTOR,CONDUCCION NO ATENTO CONDICIONES TRANSITO MOMENTO,0,0,0,0,19:00:00
-73.1212545,-36.8295934,540,8,REGION BIO BIO,8108,SAN PEDRO DE LA PAZ,DIAGONAL BIO BIO,LAS TORRES,0,"Las Torres & Avenida Diagonal Bio Bio, San Pedro de la Paz, Bío Bío, Chile",-36.8295934,-73.1212545,1,GEOMETRIC_CENTER,2020,1307704,2020/10/17 00:00:00+00,COLISION LATERAL,COLISION,URBANA,IMPRUDENCIA DEL CONDUCTOR,CONDUCCION NO ATENTO CONDICIONES TRANSITO MOMENTO,0,0,0,0,21:30:00
-73.0666786,-36.7918325,541,8,REGION BIO BIO,8110,TALCAHUANO,JORGE ALESSANDRI RODRIGUEZ, ,3177,"Av. Pdte. Jorge Alessandri Rodriguez 3177, Concepción, Talcahuano, Bío Bío, Chile",-36.7918325,-73.0666786,1,ROOFTOP,2020,1307788,2020/10/20 00:00:00+00,CHOQUE FRENTE/LADO,CHOQUE,URBANA,CAUSAS NO DETERMINADAS,CAUSAS NO DETERMINADAS,0,0,0,0,12:46:00
-73.1113585,-36.7811514,542,8,REGION BIO BIO,8112,HUALPEN,YUGOSLAVIA,GRAN BRETAÑA,0,"Yugoslavia - Gran Bretaña, Hualpén, Bío Bío, Chile",-36.7811514,-73.1113585,1,GEOMETRIC_CENTER,2020,1307810,2020/10/25 00:00:00+00,COLISION,COLISION,URBANA,IMPRUDENCIA DEL CONDUCTOR,CONDUCCION SIN MANTENER DISTANCIA RAZONABLE NI PRUDENTE,0,0,0,0,19:55:00
-73.0973279,-36.790238,543,8,REGION BIO BIO,8112,HUALPEN,TOSCANA, ,3163,"Toscana - Alicante, Hualpén, Bío Bío, Chile",-36.790238,-73.0973279,1,GEOMETRIC_CENTER,2020,1307884,2020/10/29 00:00:00+00,VOLCADURA,VOLCADURA,URBANA,DROGAS Y/O FATIGA EN CONDUCTOR,"CONDICIONES FISICAS DEFICIENTES (CANSANCIO, SUEÑO)",0,0,0,0,12:40:00
-73.098358,-36.8441902,544,8,REGION BIO BIO,8108,SAN PEDRO DE LA PAZ,LOS AROMOS,LOS CANELOS,0,"Los Canelos & Avenida Los Aromos, San Pedro de la Paz, Bío Bío, Chile",-36.8441902,-73.098358,1,GEOMETRIC_CENTER,2020,1307922,2020/10/29 00:00:00+00,COLISION,COLISION,URBANA,IMPRUDENCIA DEL CONDUCTOR,CONDUCCION SIN MANTENER DISTANCIA RAZONABLE NI PRUDENTE,0,0,0,0,14:30:00
-73.1167368,-36.8305354,545,8,REGION BIO BIO,8108,SAN PEDRO DE LA PAZ,ELIAS, ,811,"San Pedro de la Paz, Bío Bío, Chile",-36.8305354,-73.1167368,1,APPROXIMATE,2020,1307971,2020/10/29 00:00:00+00,CHOQUE FRENTE/LADO,CHOQUE,URBANA,IMPRUDENCIA DEL CONDUCTOR,CONDUCCION NO ATENTO CONDICIONES TRANSITO MOMENTO,0,0,0,0,13:30:00
-73.1633596,-36.9887446,546,8,REGION BIO BIO,8102,CORONEL,JUAN ANTONIO RIOS,DOS ORIENTE,0,"Dos Oriente & Juan Antonio Ríos, Coronel, Bío Bío, Chile",-36.9887446,-73.1633596,1,GEOMETRIC_CENTER,2020,1307972,2020/10/21 00:00:00+00,COLISION,COLISION,URBANA,IMPRUDENCIA DEL CONDUCTOR,CONDUCCION NO ATENTO CONDICIONES TRANSITO MOMENTO,0,0,1,0,21:20:00
-73.0614352,-36.8259554,547,8,REGION BIO BIO,8101,CONCEPCION,ARTURO PRAT,LAS HERAS,0,"Las Heras & Arturo Prat, Concepción, Bío Bío, Chile",-36.8259554,-73.0614352,1,GEOMETRIC_CENTER,2020,1307993,2020/10/30 00:00:00+00,CHOQUE POSTERIOR,CHOQUE,URBANA,VELOCIDAD IMPRUDENTE,"VELOCIDAD NO REDUCIR CRUCE DE CALLES, CUMBRE, CURVA, ETC.",0,0,0,0,15:00:00
-73.0423803,-36.8231766,548,8,REGION BIO BIO,8101,CONCEPCION,BARROS ARANA,PAICAVI,0,"Barros Arana & Paicaví, Concepción, Bío Bío, Chile",-36.8231766,-73.0423803,1,GEOMETRIC_CENTER,2020,1307995,2020/10/30 00:00:00+00,CHOQUE POSTERIOR,CHOQUE,URBANA,IMPRUDENCIA DEL CONDUCTOR,CONDUCCION SIN MANTENER DISTANCIA RAZONABLE NI PRUDENTE,0,0,0,0,16:20:00
-73.0614352,-36.8259554,549,8,REGION BIO BIO,8101,CONCEPCION,ARTURO PRAT,LAS HERAS,0,"Las Heras & Arturo Prat, Concepción, Bío Bío, Chile",-36.8259554,-73.0614352,1,GEOMETRIC_CENTER,2020,1307998,2020/10/30 00:00:00+00,CHOQUE POSTERIOR,CHOQUE,URBANA,IMPRUDENCIA DEL CONDUCTOR,CONDUCCION SIN MANTENER DISTANCIA RAZONABLE NI PRUDENTE,0,0,1,0,14:30:00
-73.1545822,-37.0920575,550,8,REGION BIO BIO,8106,LOTA,FERNANDO MAIRA, ,26,"Lota, Región del Biobío, Chile",-37.0920575,-73.1545822,1,APPROXIMATE,2020,1313875,2020/11/04 00:00:00+00,COLISION POR ALCANCE,COLISION,URBANA,IMPRUDENCIA DEL CONDUCTOR,CONDUCCION NO ATENTO CONDICIONES TRANSITO MOMENTO,0,0,0,4,17:15:00
-73.1540005,-37.0823752,551,8,REGION BIO BIO,8106,LOTA,FERNANDO MAIRA,ARMANDO PARRA,0,"Carlos Parra, Lota, Bío Bío, Chile",-37.0823752,-73.1540005,1,GEOMETRIC_CENTER,2020,1308220,2020/10/18 00:00:00+00,COLISION POR ALCANCE,COLISION,URBANA,ALCOHOL EN CONDUCTOR,CONDUCCION EN ESTADO DE EBRIEDAD,0,0,0,0,14:20:00
-72.237675,-37.7196711,552,8,REGION BIO BIO,8305,MULCHEN,SALVO, ,570,"Salvo 570, Mulchen, Negrete, Bío Bío, Chile",-37.7196711,-72.237675,1,RANGE_INTERPOLATED,2020,1308228,2020/10/30 00:00:00+00,CHOQUE,CHOQUE,URBANA,ALCOHOL EN CONDUCTOR,CONDUCCION EN ESTADO DE EBRIEDAD,0,0,0,0,22:45:00
-73.1545202,-37.0942838,553,8,REGION BIO BIO,8106,LOTA,PRAT,SERRANO,0,"Arturo Prat & Serrano, Lota, Bío Bío, Chile",-37.0942838,-73.1545202,1,GEOMETRIC_CENTER,2020,1308247,2020/10/20 00:00:00+00,COLISION LATERAL,COLISION,URBANA,DESOBEDIENCIA A SEÑALIZACION,SEÑALIZACION DESOBEDECER SEÑAL CEDA EL PASO,0,0,1,0,04:35:00
-73.0859976,-36.7719994,554,8,REGION BIO BIO,8110,TALCAHUANO,CRISTOBAL COLON, ,6296,"Av. Cristóbal Colón 6296, Talcahuano, Bío Bío, Chile",-36.7719994,-73.0859976,1,ROOFTOP,2020,1308266,2020/10/23 00:00:00+00,VOLCADURA,VOLCADURA,URBANA,PERDIDA CONTROL VEHICULO,PERDIDA CONTROL VEHICULO,0,0,0,1,09:55:00
-73.1237426,-36.7535424,555,8,REGION BIO BIO,8110,TALCAHUANO,GRAN BRETAÑA, ,2110,"Gran Bretaña 2110, Talcahuano, Bío Bío, Chile",-36.7535424,-73.1237426,1,RANGE_INTERPOLATED,2020,1308307,2020/10/14 00:00:00+00,CHOQUE FRENTE/POSTERIOR,CHOQUE,URBANA,IMPRUDENCIA DEL CONDUCTOR,CONDUCCION SIN MANTENER DISTANCIA RAZONABLE NI PRUDENTE,0,0,0,0,07:35:00
-73.3194474,-37.2459943,556,8,REGION BIO BIO,8202,ARAUCO,ARTURO PRAT,CARLOS CONDELL,0,"Carlos Condell 328, Arauco, Bío Bío, Chile",-37.2459943,-73.3194474,1,ROOFTOP,2020,1308423,2020/10/30 00:00:00+00,ATROPELLO,ATROPELLO,URBANA,IMPRUDENCIA DEL CONDUCTOR,CONDUCCION NO ATENTO CONDICIONES TRANSITO MOMENTO,0,0,0,1,12:25:00
-73.1551646,-37.0823464,557,8,REGION BIO BIO,8106,LOTA,BANNEN,YERBAS BUENAS,0,"Camilo Henríquez - Población Pedro Bannen 099, Lota, Bío Bío, Chile",-37.0823464,-73.1551646,1,ROOFTOP,2020,1308427,2020/10/23 00:00:00+00,CHOQUE LATERAL,CHOQUE,URBANA,PERDIDA CONTROL VEHICULO,PERDIDA CONTROL VEHICULO,0,0,0,1,07:50:00
-73.033815,-36.8087669,558,8,REGION BIO BIO,8101,CONCEPCION,ALONSO DE RIVERA,CAMILO HENRIQUEZ,0,"Camilo Henríquez 2565, Concepción, Bío Bío, Chile",-36.8087669,-73.033815,1,ROOFTOP,2020,1308616,2020/10/18 00:00:00+00,COLISION POR ALCANCE,COLISION,URBANA,CAUSAS NO DETERMINADAS,CAUSAS NO DETERMINADAS,0,0,0,1,23:15:00
-73.027521,-36.810789,559,8,REGION BIO BIO,8101,CONCEPCION,JUAN BOSCO,GRAL BONILLA,0,"Cam. a Penco, Concepción, Bío Bío, Chile",-36.810789,-73.027521,1,GEOMETRIC_CENTER,2020,1308638,2020/10/23 00:00:00+00,COLISION LATERAL,COLISION,URBANA,IMPRUDENCIA DEL CONDUCTOR,CONDUCCION NO ATENTO CONDICIONES TRANSITO MOMENTO,0,0,0,0,17:00:00
-73.0894265,-36.7602546,560,8,REGION BIO BIO,8110,TALCAHUANO,CRISTOABL COLON,MONSEÑOR ALARCON,0,"Mons Alarcón & Colón, Talcahuano, Bío Bío, Chile",-36.7602546,-73.0894265,1,GEOMETRIC_CENTER,2020,1308765,2020/10/28 00:00:00+00,COLISION LATERAL,COLISION,URBANA,DESOBEDIENCIA A SEÑALIZACION,SEÑALIZACION DESOBEDECER LUZ ROJA DE SEMAFORO,0,0,0,1,16:00:00
-73.1178771,-36.7317058,561,8,REGION BIO BIO,8110,TALCAHUANO,ISLA CAMPANA, ,25,"Isla Campana 25, Talcahuano, Bío Bío, Chile",-36.7317058,-73.1178771,1,ROOFTOP,2020,1308836,2020/10/28 00:00:00+00,CHOQUE POSTERIOR/LADO,CHOQUE,URBANA,IMPRUDENCIA DEL CONDUCTOR,CONDUCCION NO ATENTO CONDICIONES TRANSITO MOMENTO,0,0,0,0,22:10:00
-72.2372738,-37.7186927,562,8,REGION BIO BIO,8305,MULCHEN,SALVO, ,690,"Salvo 690, Mulchen, Negrete, Bío Bío, Chile",-37.7186927,-72.2372738,1,ROOFTOP,2020,1308945,2020/11/03 00:00:00+00,COLISION,COLISION,URBANA,IMPRUDENCIA DEL CONDUCTOR,CONDUCCION NO ATENTO CONDICIONES TRANSITO MOMENTO,0,0,0,1,18:25:00
-73.2279055,-38.0159484,563,8,REGION BIO BIO,8204,CONTULMO,LOS MAÑIOS,LOS LINGUES,0,"Los Tilos, Contulmo, Bío Bío, Chile",-38.0159484,-73.2279055,1,GEOMETRIC_CENTER,2020,1308974,2020/10/19 00:00:00+00,IMPACTO CON ANIMAL,OTRO TIPO,URBANA,DEFICIENCIAS VIALES,ANIMALES SUELTOS VIA PUBLICA,0,0,0,1,20:00:00
-73.4048981,-37.8068502,564,8,REGION BIO BIO,8203,CAÑETE,RIO PAICAVI,ARTURO PEREZ CANTO,0,"Paicaví & Arturo Pérez Canto, Canete, Cañete, Bío Bío, Chile",-37.8068502,-73.4048981,1,GEOMETRIC_CENTER,2020,1308996,2020/10/25 00:00:00+00,COLISION,COLISION,URBANA,ALCOHOL EN CONDUCTOR,CONDUCCION EN ESTADO DE EBRIEDAD,0,0,0,0,02:15:00
-73.0835051,-36.8017621,565,8,REGION BIO BIO,8112,HUALPEN,CRISTOBAL COLON,PUERTO DE PALOS,0,"Avenida Cristóbal Colón & Pto de Palos, Hualpén, Bío Bío, Chile",-36.8017621,-73.0835051,1,GEOMETRIC_CENTER,2020,1309256,2020/11/04 00:00:00+00,COLISION,COLISION,URBANA,IMPRUDENCIA DEL CONDUCTOR,CONDUCCION NO ATENTO CONDICIONES TRANSITO MOMENTO,0,0,0,1,16:00:00
-73.0927057,-36.7505918,566,8,REGION BIO BIO,8110,TALCAHUANO,GOMEZ CARREÑO, ,3817,"Gómez Carreño 3817, Talcahuano, Bío Bío, Chile",-36.7505918,-73.0927057,1,ROOFTOP,2020,1309275,2020/11/01 00:00:00+00,VOLCADURA,VOLCADURA,URBANA,PERDIDA CONTROL VEHICULO,PERDIDA CONTROL VEHICULO,0,0,1,0,12:45:00
-73.3637705,-37.4677355,567,8,REGION BIO BIO,8205,CURANILAHUE,LOS CASTAÑOS, ,168,"Los Castaños 168, Curanilahue, Bío Bío, Chile",-37.4677355,-73.3637705,1,RANGE_INTERPOLATED,2020,1309303,2020/11/04 00:00:00+00,CHOQUE,CHOQUE,URBANA,CAUSAS NO DETERMINADAS,CAUSAS NO DETERMINADAS,0,0,0,0,19:00:00
-73.0423853,-36.8257659,568,8,REGION BIO BIO,8101,CONCEPCION,SAN MARTN,ONGOLMO,0,"San Martín & Ongolmo, Concepción, Bío Bío, Chile",-36.8257659,-73.0423853,1,GEOMETRIC_CENTER,2020,1309308,2020/01/02 00:00:00+00,COLISION LATERAL,COLISION,URBANA,IMPRUDENCIA DEL CONDUCTOR,CONDUCCION CAMBIAR SORPRESIVAMENTE PISTA CIRCULACION,0,0,0,0,14:00:00
-73.0495662,-36.8241191,569,8,REGION BIO BIO,8101,CONCEPCION,COLO COLO, ,666,"Colo Colo 666, Concepción, Bío Bío, Chile",-36.8241191,-73.0495662,1,RANGE_INTERPOLATED,2020,1309310,2020/11/02 00:00:00+00,CHOQUE POSTERIOR,CHOQUE,URBANA,IMPRUDENCIA DEL CONDUCTOR,CONDUCCION NO ATENTO CONDICIONES TRANSITO MOMENTO,0,0,0,0,13:45:00
-73.0579213,-36.8334751,570,8,REGION BIO BIO,8101,CONCEPCION,PADRE HURTADO,COCHRANE,0,"Av. Padre Alberto Hurtado & Cochrane Pte., Concepción, Bío Bío, Chile",-36.8334751,-73.0579213,1,GEOMETRIC_CENTER,2020,1309323,2020/11/02 00:00:00+00,COLISION PERPENDICULAR,COLISION,URBANA,DESOBEDIENCIA A SEÑALIZACION,SEÑALIZACION DESOBEDECER SEÑAL PARE,0,0,0,0,19:00:00
-73.0436675,-36.821115,571,8,REGION BIO BIO,8101,CONCEPCION,MAIPU,PAICAVI,0,"Maipú & Paicaví, Concepción, Bío Bío, Chile",-36.821115,-73.0436675,1,GEOMETRIC_CENTER,2020,1309325,2020/11/02 00:00:00+00,CHOQUE POSTERIOR,CHOQUE,URBANA,IMPRUDENCIA DEL CONDUCTOR,CONDUCCION SIN MANTENER DISTANCIA RAZONABLE NI PRUDENTE,0,0,0,0,17:10:00
-73.0543088,-36.8243923,572,8,REGION BIO BIO,8101,CONCEPCION,RENGO,LOS CARRERA,0,"Rengo & Avenida los Carrera, Concepción, Bío Bío, Chile",-36.8243923,-73.0543088,1,GEOMETRIC_CENTER,2020,1309364,2020/11/02 00:00:00+00,COLISION PERPENDICULAR,COLISION,URBANA,ALCOHOL EN CONDUCTOR,CONDUCCION EN ESTADO DE EBRIEDAD,0,0,0,1,21:50:00
-72.70011,-37.2760314,573,8,REGION BIO BIO,8304,LAJA,LAGUNA SEÑORAZA, ,5270,"Laguna la Senoraza, Laja, Bío Bío, Chile",-37.2760314,-72.70011,1,APPROXIMATE,2020,1309535,2020/10/27 00:00:00+00,CHOQUE FRENTE/POSTERIOR,CHOQUE,URBANA,PERDIDA CONTROL VEHICULO,PERDIDA CONTROL VEHICULO,0,0,0,0,23:20:00
-72.3972601,-37.0378168,574,8,REGION BIO BIO,8303,CABRERO,LAS VIOLETAS,PABLO NERUDA,0,"Calle las Violetas & Pablo Neruda, Cabrero, Bío Bío, Chile",-37.0378168,-72.3972601,1,GEOMETRIC_CENTER,2020,1309540,2020/10/30 00:00:00+00,COLISION LATERAL,COLISION,URBANA,ALCOHOL EN CONDUCTOR,CONDUCCION EN ESTADO DE EBRIEDAD,0,0,0,0,20:24:00
-72.659446,-37.5102781,575,8,REGION BIO BIO,8306,NACIMIENTO,JULIO HEMMELMANN,HERNAN MERINO,0,"Avenida Julio Hemmelmann & Hernán Merino, Nacimiento, Bío Bío, Chile",-37.5102781,-72.659446,1,GEOMETRIC_CENTER,2020,1309691,2020/10/30 00:00:00+00,CHOQUE,CHOQUE,URBANA,DROGAS Y/O FATIGA EN CONDUCTOR,"CONDICIONES FISICAS DEFICIENTES (CANSANCIO, SUEÑO)",0,0,0,0,17:30:00
-73.1377618,-36.883602,576,8,REGION BIO BIO,8108,SAN PEDRO DE LA PAZ,JAVIERA CARRERA,VICTORIA,0,"Javiera Carrera & Victoria, San Pedro de la Paz, Bío Bío, Chile",-36.883602,-73.1377618,1,GEOMETRIC_CENTER,2020,1309693,2020/11/03 00:00:00+00,COLISION POR ALCANCE,COLISION,URBANA,IMPRUDENCIA DEL CONDUCTOR,CONDUCCION NO ATENTO CONDICIONES TRANSITO MOMENTO,0,0,1,0,13:30:00
-73.137966,-36.8698323,577,8,REGION BIO BIO,8108,SAN PEDRO DE LA PAZ,LOS OLMOS,LOS ALAMOS,0,"Camino a Coronel Km.10 N°5580 Modulo 3A, San Pedro de la Paz, Bío Bío, Chile",-36.8698323,-73.137966,1,GEOMETRIC_CENTER,2020,1309714,2020/11/04 00:00:00+00,ATROPELLO,ATROPELLO,URBANA,IMPRUDENCIA DEL CONDUCTOR,CONDUCCION NO ATENTO CONDICIONES TRANSITO MOMENTO,0,0,0,1,19:00:00
-73.112117,-36.8000857,578,8,REGION BIO BIO,8112,HUALPEN,COSTANERA,GRAN BRETAÑA,0,"C. la Roda, Hualpén, Bío Bío, Chile",-36.8000857,-73.112117,1,GEOMETRIC_CENTER,2020,1309717,2020/11/06 00:00:00+00,COLISION,COLISION,URBANA,IMPRUDENCIA DEL CONDUCTOR,NO RESPETAR DERECHO PREFERENTE DE PASO A PEATON,0,0,0,0,16:00:00
-73.1055547,-36.7924877,579,8,REGION BIO BIO,8112,HUALPEN,BREMEN,VALENCIA,0,"Valencia & Bremen, Hualpén, Bío Bío, Chile",-36.7924877,-73.1055547,1,GEOMETRIC_CENTER,2020,1309718,2020/11/07 00:00:00+00,COLISION,COLISION,URBANA,IMPRUDENCIA DEL CONDUCTOR,CONDUCCION NO ATENTO CONDICIONES TRANSITO MOMENTO,0,0,0,0,20:30:00
-72.3528088,-37.4683372,580,8,REGION BIO BIO,8301,LOS ANGELES,VALDIVIA, ,440,"Valdivia 440, Los Angeles, Los Ángeles, Bío Bío, Chile",-37.4683372,-72.3528088,1,ROOFTOP,2020,1316116,2020/12/01 00:00:00+00,CHOQUE POSTERIOR/FRENTE,CHOQUE,URBANA,IMPRUDENCIA DEL CONDUCTOR,CONDUCCION NO ATENTO CONDICIONES TRANSITO MOMENTO,0,0,0,0,14:19:00
-73.016474,-36.9460732,581,8,REGION BIO BIO,8103,CHIGUAYANTE,MANUEL RODRIGUEZ,ESPERANZA,0,"Esperanza & Avenida Manuel Rodríguez, Chiguayante, Bío Bío, Chile",-36.9460732,-73.016474,1,GEOMETRIC_CENTER,2020,1309868,2020/10/30 00:00:00+00,CHOQUE FRONTAL,CHOQUE,URBANA,CAUSAS NO DETERMINADAS,CAUSAS NO DETERMINADAS,0,0,0,0,01:40:00
-73.3326602,-37.4802861,582,8,REGION BIO BIO,8205,CURANILAHUE,IGNACIO SERRANO,ARTURO PRAT,0,"Arturo Pérez Canto 438, Curanilahue, Bío Bío, Chile",-37.4802861,-73.3326602,1,ROOFTOP,2020,1309870,2020/11/05 00:00:00+00,COLISION LATERAL,COLISION,URBANA,CAUSAS NO DETERMINADAS,CAUSAS NO DETERMINADAS,0,0,0,4,14:00:00
-73.3459497,-37.477799,583,8,REGION BIO BIO,8205,CURANILAHUE,SGTO ALDEA, ,941,"Sgto. Aldea 941, Curanilahue, Bío Bío, Chile",-37.477799,-73.3459497,1,ROOFTOP,2020,1309886,2020/11/06 00:00:00+00,CHOQUE LADO/POSTERIOR,CHOQUE,URBANA,CAUSAS NO DETERMINADAS,CAUSAS NO DETERMINADAS,0,0,0,0,22:20:00
-73.0426159,-36.8678995,584,8,REGION BIO BIO,8103,CHIGUAYANTE,CAMINO A CHIGUAYANTE,BINIMELIS,0,"Camino A Chiguayante & Pascual Binimelis, Concepción, Chiguayante, Bío Bío, Chile",-36.8678995,-73.0426159,1,GEOMETRIC_CENTER,2020,1309887,2020/11/05 00:00:00+00,COLISION PERPENDICULAR,COLISION,URBANA,DESOBEDIENCIA A SEÑALIZACION,SEÑALIZACION DESOBEDECER LUZ ROJA DE SEMAFORO,0,0,0,3,10:25:00
-73.034601,-36.815732,585,8,REGION BIO BIO,8101,CONCEPCION,LOLS CARRERAS,LAS TARREAS,0,"Av. los Carrera 2081, Concepción, Bío Bío, Chile",-36.815732,-73.034601,1,ROOFTOP,2020,1309904,2020/10/24 00:00:00+00,CHOQUE FRONTAL,CHOQUE,URBANA,CAUSAS NO DETERMINADAS,CAUSAS NO DETERMINADAS,0,0,0,0,00:01:00
-73.0507113,-36.8096616,586,8,REGION BIO BIO,8101,CONCEPCION,PAICAVI,EJERCITO,0,"Ejército & Paicaví, Concepción, Bío Bío, Chile",-36.8096616,-73.0507113,1,GEOMETRIC_CENTER,2020,1309908,2020/10/23 00:00:00+00,ATROPELLO,ATROPELLO,URBANA,CAUSAS NO DETERMINADAS,CAUSAS NO DETERMINADAS,0,0,0,1,15:45:00
-72.2413018,-37.7231935,587,8,REGION BIO BIO,8305,MULCHEN,UNZUETA,SAN MARTIN,0,"Unzueta & San Martín, Mulchen, Mulchén, Bío Bío, Chile",-37.7231935,-72.2413018,1,GEOMETRIC_CENTER,2020,1309980,2020/11/05 00:00:00+00,ATROPELLO,ATROPELLO,URBANA,IMPRUDENCIA DEL PEATON,PEATON CRUZA CALZADA FORMA SORPRESIVA O DESCUIDADA,0,0,1,0,17:30:00
-73.0884623,-36.8028833,588,8,REGION BIO BIO,8112,HUALPEN,AMERICA DEL SUR, ,299,"América del Sur 299, Hualpén, Bío Bío, Chile",-36.8028833,-73.0884623,1,ROOFTOP,2020,1310135,2020/11/06 00:00:00+00,CHOQUE POSTERIOR/FRENTE,CHOQUE,URBANA,IMPRUDENCIA DEL CONDUCTOR,CONDUCIR VEHICULO EN RETROCESO,0,0,0,0,13:51:00
-73.0905075,-36.8073748,589,8,REGION BIO BIO,8112,HUALPEN,COSTANERA, ,9781,"Av. Costanera 9781, Hualpén, Bío Bío, Chile",-36.8073748,-73.0905075,1,ROOFTOP,2020,1310144,2020/11/09 00:00:00+00,COLISION,COLISION,URBANA,IMPRUDENCIA DEL CONDUCTOR,CONDUCCION SIN MANTENER DISTANCIA RAZONABLE NI PRUDENTE,0,0,0,1,19:10:00
-72.7167614,-37.2805344,590,8,REGION BIO BIO,8304,LAJA,ARTURO PRAT,FREIRE,0,"Arturo Prat & Freire, Laja, Bío Bío, Chile",-37.2805344,-72.7167614,1,GEOMETRIC_CENTER,2020,1310160,2020/11/06 00:00:00+00,COLISION LATERAL,COLISION,URBANA,IMPRUDENCIA DEL CONDUCTOR,NO RESPETAR DERECHO PREFERENTE DE PASO A VEHICULO,0,1,0,3,18:45:00
-73.022067,-36.8247736,591,8,REGION BIO BIO,8101,CONCEPCION,CALEUCHE,PASAJE 10,0,"Caleuche & Pasaje Diez, Concepción, Bío Bío, Chile",-36.8247736,-73.022067,1,GEOMETRIC_CENTER,2020,1310166,2020/11/03 00:00:00+00,COLISION PERPENDICULAR,COLISION,URBANA,IMPRUDENCIA DEL CONDUCTOR,CONDUCIR VEHICULO EN RETROCESO,0,0,0,0,11:10:00
-73.0589464,-36.836343,592,8,REGION BIO BIO,8101,CONCEPCION,ERRAZURIZ,ESMERALDA,0,"Errázuriz & Esmeralda, Concepción, Bío Bío, Chile",-36.836343,-73.0589464,1,GEOMETRIC_CENTER,2020,1310168,2020/11/04 00:00:00+00,COLISION LATERAL,COLISION,URBANA,IMPRUDENCIA DEL CONDUCTOR,CONDUCCION NO ATENTO CONDICIONES TRANSITO MOMENTO,0,0,0,0,09:40:00
-73.0436466,-36.8262952,593,8,REGION BIO BIO,8101,CONCEPCION,SAN MARTIN,OROMPELLO,0,"San Martín & Orompello, Concepción, Bío Bío, Chile",-36.8262952,-73.0436466,1,GEOMETRIC_CENTER,2020,1310169,2020/11/04 00:00:00+00,COLISION PERPENDICULAR,COLISION,URBANA,IMPRUDENCIA DEL CONDUCTOR,CONDUCCION SIN MANTENER DISTANCIA RAZONABLE NI PRUDENTE,0,0,0,0,07:00:00
-73.0856174,-36.7987522,594,8,REGION BIO BIO,8112,HUALPEN,OHIGGINS,CRISTOBAL COLON,0,"Cristobal Colon - Av Los Copihues, Hualpén, Bío Bío, Chile",-36.7987522,-73.0856174,1,GEOMETRIC_CENTER,2020,1310256,2020/11/10 00:00:00+00,CHOQUE,CHOQUE,URBANA,PERDIDA CONTROL VEHICULO,PERDIDA CONTROL VEHICULO,0,0,0,1,09:00:00
-73.3142332,-37.2452137,595,8,REGION BIO BIO,8202,ARAUCO,OHIGGINS,CARLOS CONDELL,0,"OHiggins & Carlos Condell, Arauco, Bío Bío, Chile",-37.2452137,-73.3142332,1,GEOMETRIC_CENTER,2020,1310353,2020/11/06 00:00:00+00,CHOQUE POSTERIOR,CHOQUE,URBANA,IMPRUDENCIA DEL CONDUCTOR,CONDUCIR VEHICULO EN RETROCESO,0,0,0,0,15:48:00
-73.4068943,-37.6058457,596,8,REGION BIO BIO,8206,LOS ALAMOS,DIEGO PORTALES,LOS ULMOS,0,"Av. Diego Portales Nº 1855, Los Alamos, Bío Bío, Chile",-37.6058457,-73.4068943,1,GEOMETRIC_CENTER,2020,1310419,2020/11/05 00:00:00+00,ATROPELLO,ATROPELLO,URBANA,IMPRUDENCIA DEL CONDUCTOR,NO RESPETAR DERECHO PREFERENTE DE PASO A PEATON,0,0,1,0,17:40:00
-73.0480548,-36.8268899,597,8,REGION BIO BIO,8101,CONCEPCION,OHIGGINS,COLO COLO,0,"Colo Colo & Libertador General Bernardo OHiggins, Concepción, Bío Bío, Chile",-36.8268899,-73.0480548,1,GEOMETRIC_CENTER,2020,1310447,2020/11/04 00:00:00+00,ATROPELLO,ATROPELLO,URBANA,IMPRUDENCIA DEL CONDUCTOR,NO RESPETAR DERECHO PREFERENTE DE PASO A PEATON,0,1,0,0,18:20:00
-73.0568699,-36.8331809,598,8,REGION BIO BIO,8101,CONCEPCION,COSTANERA,KOSTER,0,"Arturo Prat 199, Concepción, Bío Bío, Chile",-36.8331809,-73.0568699,1,ROOFTOP,2020,1310452,2020/10/27 00:00:00+00,COLISION LATERAL,COLISION,URBANA,IMPRUDENCIA DEL CONDUCTOR,CONDUCCION CAMBIAR SORPRESIVAMENTE PISTA CIRCULACION,0,0,0,0,18:30:00