X,Y,FID,COD_REG,REGION,CUT,COMUNA,CALLE_UNO,CALLE_DOS,NUMERO,DIR_GEOCOD,LAT,LNG,VAL_COM,TIPO,Año,Idaccident,Fecha,Tipo_Accid,Tipo__CONA,Zona,Causa__CON,Causa,Fallecidos,Graves,Menos_Grav,Leves,Hora
-73.0539656,-36.8272004,599,8,REGION BIO BIO,8101,CONCEPCION,LINCOYAN, ,564,"Lincoyán 564, Concepción, Bío Bío, Chile",-36.8272004,-73.0539656,1,ROOFTOP,2020,1310471,2020/11/05 00:00:00+00,CHOQUE,CHOQUE,URBANA,IMPRUDENCIA DEL CONDUCTOR,CONDUCIR VEHICULO EN RETROCESO,0,0,0,0,16:30:00
-73.0580545,-36.8310504,600,8,REGION BIO BIO,8101,CONCEPCION,ARTURO PRAT,OHIGGINS,0,"Libertador General Bernardo OHiggins & Arturo Prat, Concepción, Bío Bío, Chile",-36.8310504,-73.0580545,1,GEOMETRIC_CENTER,2020,1310474,2020/11/05 00:00:00+00,COLISION PERPENDICULAR,COLISION,URBANA,DESOBEDIENCIA A SEÑALIZACION,SEÑALIZACION DESOBEDECER LUZ ROJA DE SEMAFORO,0,0,0,2,20:15:00
-73.0543088,-36.8243923,601,8,REGION BIO BIO,8101,CONCEPCION,LOS CARRERA,RENGO,0,"Rengo & Avenida los Carrera, Concepción, Bío Bío, Chile",-36.8243923,-73.0543088,1,GEOMETRIC_CENTER,2020,1310524,2020/11/06 00:00:00+00,COLISION,COLISION,URBANA,DESOBEDIENCIA A SEÑALIZACION,SEÑALIZACION DESOBEDECER LUZ ROJA DE SEMAFORO,0,0,0,1,09:00:00
-73.0651458,-36.8321223,602,8,REGION BIO BIO,8101,CONCEPCION,COSTANERA,CENTRAL NORTE,0,"Av. Costanera & Central Nte., Concepción, Bío Bío, Chile",-36.8321223,-73.0651458,1,GEOMETRIC_CENTER,2020,1310544,2020/11/06 00:00:00+00,COLISION PERPENDICULAR,COLISION,URBANA,DESOBEDIENCIA A SEÑALIZACION,SEÑALIZACION DESOBEDECER SEÑAL CEDA EL PASO,0,1,0,0,07:35:00
-72.994211,-36.8269621,603,8,REGION BIO BIO,8101,CONCEPCION,GRAL BONILLA,PASO SUPERIOR PALOMARES,0,"Jorge Giacaman 12, 8, Concepción, Bío Bío, Chile",-36.8269621,-72.994211,1,ROOFTOP,2020,1310578,2020/11/06 00:00:00+00,COLISION POR ALCANCE,COLISION,URBANA,ALCOHOL EN CONDUCTOR,CONDUCCION EN ESTADO DE EBRIEDAD,0,0,0,3,21:45:00
-73.0565259,-36.8447301,604,8,REGION BIO BIO,8101,CONCEPCION,COSTANERA,SGTO ALDEA,0,"Av. Costanera & Sgto. Aldea, Concepción, Bío Bío, Chile",-36.8447301,-73.0565259,1,GEOMETRIC_CENTER,2020,1310581,2020/11/07 00:00:00+00,COLISION POR ALCANCE,COLISION,URBANA,IMPRUDENCIA DEL CONDUCTOR,CONDUCCION SIN MANTENER DISTANCIA RAZONABLE NI PRUDENTE,0,0,0,0,07:50:00
-73.0287652,-36.8117434,605,8,REGION BIO BIO,8101,CONCEPCION,JUAN BOSCO, ,2593,"Av. San Juan Bosco 2593, Concepción, Bío Bío, Chile",-36.8117434,-73.0287652,1,ROOFTOP,2020,1310598,2020/11/07 00:00:00+00,ATROPELLO,ATROPELLO,URBANA,IMPRUDENCIA DEL PEATON,PEATON CRUZA CALZADA FUERA PASO PEATONES,1,0,0,0,10:25:00
-73.0374613,-36.8850752,606,8,REGION BIO BIO,8103,CHIGUAYANTE,CAMINO A CHIGUAYANTE,PASAJE C,0,"Cam. A Chiguayante & Pje. C, Concepción, Chiguayante, Bío Bío, Chile",-36.8850752,-73.0374613,1,GEOMETRIC_CENTER,2020,1310600,2020/11/05 00:00:00+00,CHOQUE FRENTE/POSTERIOR,CHOQUE,URBANA,IMPRUDENCIA DEL CONDUCTOR,CONDUCCION NO ATENTO CONDICIONES TRANSITO MOMENTO,0,0,0,1,08:40:00
-73.0520747,-36.8254832,607,8,REGION BIO BIO,8101,CONCEPCION,CAUPOLICAN, ,650,"Caupolicán 650, Concepción, Bío Bío, Chile",-36.8254832,-73.0520747,1,ROOFTOP,2020,1310636,2020/11/11 00:00:00+00,CHOQUE POSTERIOR,CHOQUE,URBANA,IMPRUDENCIA DEL CONDUCTOR,CONDUCCION NO ATENTO CONDICIONES TRANSITO MOMENTO,0,0,0,0,16:45:00
-73.1106296,-36.7849961,608,8,REGION BIO BIO,8112,HUALPEN,GRAN BRETAÑA,FINLANDIA,0,"Gran Bretaña & Finlandia, Hualpén, Bío Bío, Chile",-36.7849961,-73.1106296,1,GEOMETRIC_CENTER,2020,1310653,2020/11/10 00:00:00+00,VOLCADURA,VOLCADURA,URBANA,PERDIDA CONTROL VEHICULO,PERDIDA CONTROL VEHICULO,0,0,0,1,17:45:00
-72.9691522,-36.6067869,609,8,REGION BIO BIO,8111,TOME,SANTA FE, ,2852,"Calle Sta. Fe 2852, Tome, Tomé, Bío Bío, Chile",-36.6067869,-72.9691522,1,RANGE_INTERPOLATED,2020,1310729,2020/11/04 00:00:00+00,CHOQUE POSTERIOR/LADO,CHOQUE,URBANA,IMPRUDENCIA DEL CONDUCTOR,CONDUCIR VEHICULO EN RETROCESO,0,0,0,0,22:55:00
-73.0133095,-36.954699,610,8,REGION BIO BIO,8103,CHIGUAYANTE,MANUEL RODRIGUEZ,LOS ANDES,0,"Los Andes & Avenida Manuel Rodríguez, Chiguayante, Bío Bío, Chile",-36.954699,-73.0133095,1,GEOMETRIC_CENTER,2020,1310769,2020/11/07 00:00:00+00,COLISION PERPENDICULAR,COLISION,URBANA,CAUSAS NO DETERMINADAS,CAUSAS NO DETERMINADAS,0,0,0,0,20:00:00
-72.9565399,-36.6169956,611,8,REGION BIO BIO,8111,TOME,MARIANO EGAÑA, ,1150,"Mariano Egaña 1150, Tome, Tomé, Bío Bío, Chile",-36.6169956,-72.9565399,1,RANGE_INTERPOLATED,2020,1310924,2020/11/06 00:00:00+00,COLISION LATERAL,COLISION,URBANA,IMPRUDENCIA DEL CONDUCTOR,CONDUCCION NO ATENTO CONDICIONES TRANSITO MOMENTO,0,0,1,0,15:30:00
-72.9560673,-36.6257192,612,8,REGION BIO BIO,8111,TOME,LATORRE, ,170,"A Latorre 170, Tome, Tomé, Bío Bío, Chile",-36.6257192,-72.9560673,1,RANGE_INTERPOLATED,2020,1310936,2020/11/08 00:00:00+00,COLISION LATERAL,COLISION,URBANA,IMPRUDENCIA DEL CONDUCTOR,CONDUCCION NO ATENTO CONDICIONES TRANSITO MOMENTO,0,0,0,0,21:30:00
-72.9565444,-36.6241393,613,8,REGION BIO BIO,8111,TOME,LATORRE, ,120,"A Latorre 120, Tome, Tomé, Bío Bío, Chile",-36.6241393,-72.9565444,1,RANGE_INTERPOLATED,2020,1310948,2020/11/10 00:00:00+00,COLISION POR ALCANCE,COLISION,URBANA,PERDIDA CONTROL VEHICULO,PERDIDA CONTROL VEHICULO,0,0,0,0,14:15:00
-72.9621074,-36.6106737,614,8,REGION BIO BIO,8111,TOME,EDMUNDO WITTING, ,570,"Witting 570, Tome, Tomé, Bío Bío, Chile",-36.6106737,-72.9621074,1,RANGE_INTERPOLATED,2020,1310959,2020/11/10 00:00:00+00,COLISION FRONTAL,COLISION,URBANA,IMPRUDENCIA DEL CONDUCTOR,CONDUCCION CAMBIAR SORPRESIVAMENTE PISTA CIRCULACION,0,0,0,0,19:50:00
-73.0203414,-36.9371175,615,8,REGION BIO BIO,8103,CHIGUAYANTE,MANUEL RODRIGUEZ,BIO BIO,0,"Avenida Manuel Rodríguez & Bío Bío, Chiguayante, Bío Bío, Chile",-36.9371175,-73.0203414,1,GEOMETRIC_CENTER,2020,1311018,2020/11/11 00:00:00+00,COLISION POR ALCANCE,COLISION,URBANA,OTRAS CAUSAS,OTRAS CAUSAS,0,0,0,0,23:50:00
-73.0528453,-36.8246114,616,8,REGION BIO BIO,8101,CONCEPCION,CAUPOLICAN, ,725,"Caupolicán 725, Concepción, Bío Bío, Chile",-36.8246114,-73.0528453,1,RANGE_INTERPOLATED,2020,1311045,2020/11/12 00:00:00+00,COLISION LATERAL,COLISION,URBANA,IMPRUDENCIA DEL CONDUCTOR,ADELANTAMIENTO SIN EL ESPACIO O TIEMPO SUFICIENTE,0,0,0,0,13:45:00
-72.3544316,-37.4605613,617,8,REGION BIO BIO,8301,LOS ANGELES,OROMPELLO,ALCURA,0,"Orompello 551, Biobío, Los Ángeles, Bío Bío, Chile",-37.4605613,-72.3544316,1,ROOFTOP,2020,1311134,2020/11/02 00:00:00+00,COLISION,COLISION,URBANA,IMPRUDENCIA DEL CONDUCTOR,CONDUCCION NO ATENTO CONDICIONES TRANSITO MOMENTO,0,0,0,1,22:50:00
-73.0902438,-36.8426857,618,8,REGION BIO BIO,8108,SAN PEDRO DE LA PAZ,4 NORTE,COSTANERA,0,"Costanera 4, San Pedro de la Paz, Región Metropolitana, Chile",-36.8426857,-73.0902438,1,RANGE_INTERPOLATED,2020,1311060,2020/11/08 00:00:00+00,COLISION LATERAL,COLISION,URBANA,IMPRUDENCIA DEL CONDUCTOR,CONDUCCION NO ATENTO CONDICIONES TRANSITO MOMENTO,0,0,0,2,23:55:00
-73.1362532,-36.8858229,619,8,REGION BIO BIO,8108,SAN PEDRO DE LA PAZ,LOS NARANJOS,LOS SAUCES,0,"Los Naranjos & Los Sauces, San Pedro de la Paz, Bío Bío, Chile",-36.8858229,-73.1362532,1,GEOMETRIC_CENTER,2020,1311063,2020/11/09 00:00:00+00,COLISION LATERAL,COLISION,URBANA,IMPRUDENCIA DEL CONDUCTOR,CONDUCCION NO ATENTO CONDICIONES TRANSITO MOMENTO,0,0,0,1,13:20:00
-73.0463104,-36.8170615,620,8,REGION BIO BIO,8101,CONCEPCION,PAICAVI,MANUEL BULNES,0,"Manuel Bulnes & Paicaví, Concepción, Bío Bío, Chile",-36.8170615,-73.0463104,1,GEOMETRIC_CENTER,2020,1279353,2020/04/29 00:00:00+00,COLISION LATERAL,COLISION,URBANA,DESOBEDIENCIA A SEÑALIZACION,SEÑALIZACION DESOBEDECER SEÑAL PARE,0,0,0,0,08:30:00
-72.9937829,-36.8222042,621,8,REGION BIO BIO,8101,CONCEPCION,GIACAMAN,21 DE MAYO,0,"Veintiuno de Mayo & Jorge Giacaman, Concepción, Bío Bío, Chile",-36.8222042,-72.9937829,1,GEOMETRIC_CENTER,2020,1311117,2020/11/15 00:00:00+00,CHOQUE,CHOQUE,URBANA,PERDIDA CONTROL VEHICULO,PERDIDA CONTROL VEHICULO,0,0,0,0,07:35:00
-72.3271477,-37.441101,622,8,REGION BIO BIO,8301,LOS ANGELES,LAS INDUSTRIAS,SOR VICENTA,0,"Av. Sor Vicenta & Av Las Industrias, Los Ángeles, Bío Bío, Chile",-37.441101,-72.3271477,1,GEOMETRIC_CENTER,2020,1311144,2020/11/03 00:00:00+00,COLISION LATERAL,COLISION,URBANA,IMPRUDENCIA DEL CONDUCTOR,CONDUCCION NO ATENTO CONDICIONES TRANSITO MOMENTO,0,0,0,6,17:55:00
-72.3393464,-37.4522672,623,8,REGION BIO BIO,8301,LOS ANGELES,ESTACION,21 DE MAYO,0,"Terminal De Buses Los Angeles - 2379,, Av. Sor Vicenta 2201, Los Angeles, Los Ángeles, Bío Bío, Chile",-37.4522672,-72.3393464,1,ROOFTOP,2020,1311150,2020/11/04 00:00:00+00,COLISION,COLISION,URBANA,IMPRUDENCIA DEL CONDUCTOR,CONDUCCION NO ATENTO CONDICIONES TRANSITO MOMENTO,0,0,0,0,08:30:00
-72.3551717,-37.4637115,624,8,REGION BIO BIO,8301,LOS ANGELES,GALVARINO,ERCILLA,0,"Galvarino & Ercilla, Los Angeles, Los Ángeles, Bío Bío, Chile",-37.4637115,-72.3551717,1,GEOMETRIC_CENTER,2020,1311154,2020/11/04 00:00:00+00,CHOQUE FRONTAL,CHOQUE,URBANA,IMPRUDENCIA DEL CONDUCTOR,CONDUCCION NO ATENTO CONDICIONES TRANSITO MOMENTO,0,0,0,0,11:00:00
-72.3271477,-37.441101,625,8,REGION BIO BIO,8301,LOS ANGELES,SOR VICENTA,LAS INDUSTRIAS,0,"Av. Sor Vicenta & Av Las Industrias, Los Ángeles, Bío Bío, Chile",-37.441101,-72.3271477,1,GEOMETRIC_CENTER,2020,1311182,2020/11/04 00:00:00+00,CHOQUE FRENTE/POSTERIOR,CHOQUE,URBANA,IMPRUDENCIA DEL CONDUCTOR,CONDUCCION NO ATENTO CONDICIONES TRANSITO MOMENTO,0,0,0,0,17:45:00
-72.3506169,-37.4651123,626,8,REGION BIO BIO,8301,LOS ANGELES,COLON,LIENTUR,0,"Colón & Lientur, Los Angeles, Los Ángeles, Bío Bío, Chile",-37.4651123,-72.3506169,1,GEOMETRIC_CENTER,2020,1311188,2020/11/05 00:00:00+00,ATROPELLO,ATROPELLO,URBANA,IMPRUDENCIA DEL CONDUCTOR,CONDUCCION NO ATENTO CONDICIONES TRANSITO MOMENTO,0,0,0,1,11:30:00
-72.331862,-37.4846155,627,8,REGION BIO BIO,8301,LOS ANGELES,FRANCISCO ENCINA,LOS QUECHUAS,0,"Avenida Francisco Encina & Los Quechuas, Los Angeles, Los Ángeles, Bío Bío, Chile",-37.4846155,-72.331862,1,GEOMETRIC_CENTER,2020,1311218,2020/11/07 00:00:00+00,COLISION LATERAL,COLISION,URBANA,IMPRUDENCIA DEL CONDUCTOR,CONDUCCION NO ATENTO CONDICIONES TRANSITO MOMENTO,0,0,0,0,15:30:00
-72.3833515,-37.4671165,628,8,REGION BIO BIO,8301,LOS ANGELES,AGUAS CALIENTES, ,2366,"Aguas Calientes 2366, Los Ángeles, Bío Bío, Chile",-37.4671165,-72.3833515,1,RANGE_INTERPOLATED,2020,1311233,2020/11/07 00:00:00+00,CHOQUE FRENTE/POSTERIOR,CHOQUE,URBANA,IMPRUDENCIA DEL CONDUCTOR,CONDUCCION NO ATENTO CONDICIONES TRANSITO MOMENTO,0,0,0,0,19:00:00
-72.3772007,-37.4664843,629,8,REGION BIO BIO,8301,LOS ANGELES,TALAR, ,841,"Talar 841, Los Angeles, Los Ángeles, Bío Bío, Chile",-37.4664843,-72.3772007,1,ROOFTOP,2020,1311252,2020/11/07 00:00:00+00,ATROPELLO,ATROPELLO,URBANA,IMPRUDENCIA DEL CONDUCTOR,CONDUCCION NO ATENTO CONDICIONES TRANSITO MOMENTO,0,0,0,1,21:45:00
-72.3833366,-37.467113,630,8,REGION BIO BIO,8301,LOS ANGELES,AGUAS CALIENTES, ,2418,"Aguas Calientes 2418, Los Ángeles, Bío Bío, Chile",-37.467113,-72.3833366,1,RANGE_INTERPOLATED,2020,1311255,2020/11/07 00:00:00+00,CHOQUE POSTERIOR/FRENTE,CHOQUE,URBANA,IMPRUDENCIA DEL CONDUCTOR,CONDUCCION NO ATENTO CONDICIONES TRANSITO MOMENTO,0,0,0,0,23:00:00
-72.3594471,-37.4760887,631,8,REGION BIO BIO,8301,LOS ANGELES,LYNCH,JOSE MIGUEL INFANTE,0,"Jose Miguel Infante 377, Los Angeles, Los Ángeles, Bío Bío, Chile",-37.4760887,-72.3594471,1,ROOFTOP,2020,1311291,2020/11/08 00:00:00+00,COLISION LATERAL,COLISION,URBANA,IMPRUDENCIA DEL CONDUCTOR,CONDUCCION NO ATENTO CONDICIONES TRANSITO MOMENTO,0,1,0,0,22:00:00
-72.3535525,-37.4677698,632,8,REGION BIO BIO,8301,LOS ANGELES,MENDOZA, ,489,"Mendoza 489, Los Angeles, Los Ángeles, Bío Bío, Chile",-37.4677698,-72.3535525,1,RANGE_INTERPOLATED,2020,1275260,2020/03/23 00:00:00+00,CHOQUE FRENTE/LADO,CHOQUE,URBANA,IMPRUDENCIA DEL CONDUCTOR,CONDUCCION NO ATENTO CONDICIONES TRANSITO MOMENTO,0,0,0,0,17:00:00
-72.3651694,-37.4653932,633,8,REGION BIO BIO,8301,LOS ANGELES,GALVARINO,LAS PRIMULAS,0,"Las Primulas & Galvarino, Los Angeles, Los Ángeles, Bío Bío, Chile",-37.4653932,-72.3651694,1,GEOMETRIC_CENTER,2020,1311335,2020/11/09 00:00:00+00,COLISION FRONTAL,COLISION,URBANA,IMPRUDENCIA DEL CONDUCTOR,CONDUCCION NO ATENTO CONDICIONES TRANSITO MOMENTO,0,0,0,0,21:10:00
-72.355861,-37.467135,634,8,REGION BIO BIO,8301,LOS ANGELES,SAN MARTIN,5 DE ABRIL,0,"Ercilla 575, Los Angeles, Los Ángeles, Bío Bío, Chile",-37.467135,-72.355861,1,ROOFTOP,2020,1311348,2020/11/13 00:00:00+00,COLISION LATERAL,COLISION,URBANA,ALCOHOL EN CONDUCTOR,CONDUCCION EN ESTADO DE EBRIEDAD,0,0,0,0,12:00:00
-72.3467675,-37.4507979,635,8,REGION BIO BIO,8301,LOS ANGELES,PASAJE 1 LIENTUR,PASAJE 2,0,"Pje. Uno, Los Angeles, Los Ángeles, Bío Bío, Chile",-37.4507979,-72.3467675,1,GEOMETRIC_CENTER,2020,1311387,2020/11/10 00:00:00+00,COLISION FRONTAL,COLISION,URBANA,IMPRUDENCIA DEL CONDUCTOR,CONDUCCION NO ATENTO CONDICIONES TRANSITO MOMENTO,0,0,0,1,19:35:00
-72.3552194,-37.4662085,636,8,REGION BIO BIO,8301,LOS ANGELES,TUCAPEL,ERCILLA,0,"Avenida Tucapel & Ercilla, Los Angeles, Los Ángeles, Bío Bío, Chile",-37.4662085,-72.3552194,1,GEOMETRIC_CENTER,2020,1311460,2020/11/12 00:00:00+00,COLISION LATERAL,COLISION,URBANA,IMPRUDENCIA DEL CONDUCTOR,CONDUCCION NO ATENTO CONDICIONES TRANSITO MOMENTO,0,0,0,0,19:40:00
-72.3536966,-37.4606361,637,8,REGION BIO BIO,8301,LOS ANGELES,OROMPELLO,MENDOZA,0,"Orompello & Mendoza, Los Angeles, Los Ángeles, Bío Bío, Chile",-37.4606361,-72.3536966,1,GEOMETRIC_CENTER,2020,1311463,2020/11/12 00:00:00+00,COLISION,COLISION,URBANA,IMPRUDENCIA DEL CONDUCTOR,CONDUCCION NO ATENTO CONDICIONES TRANSITO MOMENTO,0,0,0,0,20:45:00
-72.3386663,-37.486121,638,8,REGION BIO BIO,8301,LOS ANGELES,FRANCISCO ENCINA,HERNAN DIAZ,0,"Avenida Francisco Encina & Hernán Díaz, Los Angeles, Los Ángeles, Bío Bío, Chile",-37.486121,-72.3386663,1,GEOMETRIC_CENTER,2020,1311470,2020/11/13 00:00:00+00,CHOQUE LADO/POSTERIOR,CHOQUE,URBANA,ALCOHOL EN CONDUCTOR,CONDUCCION EN ESTADO DE EBRIEDAD,0,0,0,1,07:15:00
-72.3262664,-37.5128969,639,8,REGION BIO BIO,8301,LOS ANGELES,LAS INDUSTRIAS,ENLACE,0,"Av Las Industrias 14340, Los Angeles, Los Ángeles, Bío Bío, Chile",-37.5128969,-72.3262664,1,ROOFTOP,2020,1311478,2020/11/13 00:00:00+00,VOLCADURA,VOLCADURA,RURAL,IMPRUDENCIA DEL CONDUCTOR,CONDUCCION NO ATENTO CONDICIONES TRANSITO MOMENTO,0,0,0,0,11:00:00
-73.1116594,-36.72642,640,8,REGION BIO BIO,8110,TALCAHUANO,OHIGGINS, ,313,"OHiggins 313, Talcahuano, Bío Bío, Chile",-36.72642,-73.1116594,1,RANGE_INTERPOLATED,2020,1311610,2020/11/16 00:00:00+00,ATROPELLO,ATROPELLO,URBANA,IMPRUDENCIA DEL PEATON,PEATON CRUZA CALZADA FORMA SORPRESIVA O DESCUIDADA,0,0,0,2,02:18:00
-72.3709311,-37.4713424,641,8,REGION BIO BIO,8301,LOS ANGELES,COLO COLO,PADRE HURTADO,0,"Colo Colo & Avenida Padre Hurtado, Los Angeles, Los Ángeles, Bío Bío, Chile",-37.4713424,-72.3709311,1,GEOMETRIC_CENTER,2020,1311626,2020/11/15 00:00:00+00,CHOQUE FRENTE/POSTERIOR,CHOQUE,URBANA,IMPRUDENCIA DEL CONDUCTOR,CONDUCCION NO ATENTO CONDICIONES TRANSITO MOMENTO,0,0,1,0,12:00:00
-72.3377849,-37.4500655,642,8,REGION BIO BIO,8301,LOS ANGELES,SOR VICENTA, ,2374,"Av. Sor Vicenta 2374, Los Angeles, Los Ángeles, Bío Bío, Chile",-37.4500655,-72.3377849,1,RANGE_INTERPOLATED,2020,1311631,2020/11/16 00:00:00+00,CHOQUE FRENTE/POSTERIOR,CHOQUE,URBANA,IMPRUDENCIA DEL CONDUCTOR,CONDUCCION NO ATENTO CONDICIONES TRANSITO MOMENTO,0,0,0,0,11:30:00
-73.1313404,-36.8475014,643,8,REGION BIO BIO,8108,SAN PEDRO DE LA PAZ,LAS ILUSIONES,NUEVA UNO,0,"Las Ilusiones & Nueva Uno, San Pedro de la Paz, Bío Bío, Chile",-36.8475014,-73.1313404,1,GEOMETRIC_CENTER,2020,1311639,2020/11/16 00:00:00+00,ATROPELLO,ATROPELLO,URBANA,IMPRUDENCIA DEL CONDUCTOR,CONDUCCION NO ATENTO CONDICIONES TRANSITO MOMENTO,0,0,0,1,07:40:00
-72.3420464,-37.4872794,644,8,REGION BIO BIO,8301,LOS ANGELES,FRANCISCO ENCINA, ,4,"Av. Francisco Encina 4, Los Angeles, Los Ángeles, Bío Bío, Chile",-37.4872794,-72.3420464,1,RANGE_INTERPOLATED,2020,1311652,2020/11/16 00:00:00+00,COLISION LATERAL,COLISION,URBANA,IMPRUDENCIA DEL CONDUCTOR,CONDUCCION NO ATENTO CONDICIONES TRANSITO MOMENTO,0,0,0,0,16:30:00
-72.3780764,-37.4811834,645,8,REGION BIO BIO,8301,LOS ANGELES,VALLE DEL MONASTARIO,LA CONSTITUCION,0,"La Constitucion & Avenida Valle del Monasterio, Los Ángeles, Bío Bío, Chile",-37.4811834,-72.3780764,1,GEOMETRIC_CENTER,2020,1311695,2020/11/16 00:00:00+00,ATROPELLO,ATROPELLO,URBANA,IMPRUDENCIA DEL CONDUCTOR,CONDUCCION NO ATENTO CONDICIONES TRANSITO MOMENTO,0,1,0,0,17:05:00
-73.4624646,-37.6244223,646,8,REGION BIO BIO,8206,LOS ALAMOS,ANDALIO VIGUERAS,44457,0,"Andalio Vigueras, Los Alamos, Bío Bío, Chile",-37.6244223,-73.4624646,1,GEOMETRIC_CENTER,2020,1311734,2020/11/13 00:00:00+00,COLISION LATERAL,COLISION,URBANA,IMPRUDENCIA DEL CONDUCTOR,CONDUCCION NO ATENTO CONDICIONES TRANSITO MOMENTO,0,0,0,0,18:30:00
-73.0598003,-36.8367012,647,8,REGION BIO BIO,8101,CONCEPCION,ESMERALDA,COSTANERA,0,"Costanera & Esmeralda, Concepción, Bío Bío, Chile",-36.8367012,-73.0598003,1,GEOMETRIC_CENTER,2020,1311780,2020/11/16 00:00:00+00,COLISION LATERAL,COLISION,URBANA,IMPRUDENCIA DEL CONDUCTOR,CONDUCCION NO ATENTO CONDICIONES TRANSITO MOMENTO,0,0,0,0,12:20:00
-73.0499009,-36.8289039,648,8,REGION BIO BIO,8101,CONCEPCION,CAUPOLICAN,SAN MARTIN,0,"San Martín & Caupolicán, Concepción, Bío Bío, Chile",-36.8289039,-73.0499009,1,GEOMETRIC_CENTER,2020,1311793,2020/11/16 00:00:00+00,COLISION PERPENDICULAR,COLISION,URBANA,DESOBEDIENCIA A SEÑALIZACION,SEÑALIZACION DESOBEDECER LUZ ROJA DE SEMAFORO,0,0,0,0,09:20:00
-72.5588823,-37.0970691,649,8,REGION BIO BIO,8313,YUMBEL,CASTELLON, ,315,"Castellón 315, Yumbel, Bío Bío, Chile",-37.0970691,-72.5588823,1,RANGE_INTERPOLATED,2020,1312140,2020/11/11 00:00:00+00,COLISION,COLISION,URBANA,ALCOHOL EN CONDUCTOR,CONDUCCION EN ESTADO DE EBRIEDAD,0,0,0,0,17:00:00
-72.4020914,-37.0354747,650,8,REGION BIO BIO,8303,CABRERO,ESMERALDA,MEMBRILLAR,0,"Membrillar & Esmeralda, Cabrero, Bío Bío, Chile",-37.0354747,-72.4020914,1,GEOMETRIC_CENTER,2020,1312141,2020/11/11 00:00:00+00,ATROPELLO,ATROPELLO,URBANA,IMPRUDENCIA DEL CONDUCTOR,CONDUCCION NO ATENTO CONDICIONES TRANSITO MOMENTO,0,0,0,1,14:10:00
-73.3211555,-37.2473902,651,8,REGION BIO BIO,8202,ARAUCO,ESMERALDA,ARTURO PRAT,0,"Avenida Arturo Prat & Esmeralda, Arauco, Bío Bío, Chile",-37.2473902,-73.3211555,1,GEOMETRIC_CENTER,2020,1312144,2020/11/11 00:00:00+00,CHOQUE LATERAL,CHOQUE,URBANA,ALCOHOL EN CONDUCTOR,CONDUCCION BAJO LA INFLUENCIA DEL ALCOHOL,0,0,0,3,22:00:00
-73.1005265,-36.8023443,652,8,REGION BIO BIO,8112,HUALPEN,OCEANO ATLANTICO,OCEANO INDICO,0,"Océano Índico & Atlántico, Hualpén, Bío Bío, Chile",-36.8023443,-73.1005265,1,GEOMETRIC_CENTER,2020,1312183,2020/11/12 00:00:00+00,COLISION,COLISION,URBANA,DESOBEDIENCIA A SEÑALIZACION,SEÑALIZACION DESOBEDECER SEÑAL CEDA EL PASO,0,0,0,2,14:40:00
-73.112117,-36.8000857,653,8,REGION BIO BIO,8112,HUALPEN,COSTANERA,GRAN BRETAÑA,0,"C. la Roda, Hualpén, Bío Bío, Chile",-36.8000857,-73.112117,1,GEOMETRIC_CENTER,2020,1312202,2020/11/13 00:00:00+00,VOLCADURA,VOLCADURA,URBANA,PERDIDA CONTROL VEHICULO,PERDIDA CONTROL VEHICULO,0,0,0,0,06:30:00
-73.0827269,-36.7969496,654,8,REGION BIO BIO,8112,HUALPEN,NUEVA IMPERIAL, ,113,"Nva Imperial 113, Hualpén, Bío Bío, Chile",-36.7969496,-73.0827269,1,RANGE_INTERPOLATED,2020,1312209,2020/11/13 00:00:00+00,COLISION,COLISION,URBANA,IMPRUDENCIA DEL CONDUCTOR,CONDUCCION NO ATENTO CONDICIONES TRANSITO MOMENTO,0,0,0,0,15:40:00
-73.0905075,-36.8073748,655,8,REGION BIO BIO,8112,HUALPEN,COSTANERA, ,9781,"Av. Costanera 9781, Hualpén, Bío Bío, Chile",-36.8073748,-73.0905075,1,ROOFTOP,2020,1312285,2020/11/14 00:00:00+00,CHOQUE FRONTAL,CHOQUE,URBANA,ALCOHOL EN CONDUCTOR,CONDUCCION EN ESTADO DE EBRIEDAD,0,0,0,1,22:05:00
-73.0915947,-36.8096243,656,8,REGION BIO BIO,8112,HUALPEN,GRAN BRETAÑA,COSTANERA,0,"Avenida Costanera 9200 Hualpén, Concepción, Hualpén, Bío Bío, Chile",-36.8096243,-73.0915947,1,GEOMETRIC_CENTER,2020,1312297,2020/11/17 00:00:00+00,CHOQUE POSTERIOR/FRENTE,CHOQUE,URBANA,IMPRUDENCIA DEL CONDUCTOR,CONDUCIR VEHICULO EN RETROCESO,0,0,0,0,19:00:00
-73.0932492,-36.7935934,657,8,REGION BIO BIO,8112,HUALPEN,CORRAL, ,8515,"Corral 8515, Hualpén, Bío Bío, Chile",-36.7935934,-73.0932492,1,RANGE_INTERPOLATED,2020,1312306,2020/11/18 00:00:00+00,CHOQUE,CHOQUE,URBANA,IMPRUDENCIA DEL CONDUCTOR,CONDUCIR VEHICULO EN RETROCESO,0,0,0,0,14:30:00