X,Y,FID,COD_REG,REGION,CUT,COMUNA,CALLE_UNO,CALLE_DOS,NUMERO,DIR_GEOCOD,LAT,LNG,VAL_COM,TIPO,Año,Idaccident,Fecha,Tipo_Accid,Tipo__CONA,Zona,Causa__CON,Causa,Fallecidos,Graves,Menos_Grav,Leves,Hora
-73.1402409,-36.8470755,658,8,REGION BIO BIO,8108,SAN PEDRO DE LA PAZ,RENE SCHNEIDER, ,439,"René Schneider 439, San Pedro de la Paz, Región Metropolitana, Chile",-36.8470755,-73.1402409,1,RANGE_INTERPOLATED,2020,1312443,2020/11/18 00:00:00+00,CHOQUE FRONTAL,CHOQUE,URBANA,IMPRUDENCIA DEL CONDUCTOR,CONDUCCION NO ATENTO CONDICIONES TRANSITO MOMENTO,0,0,0,0,19:40:00
-73.0920315,-36.757417,659,8,REGION BIO BIO,8110,TALCAHUANO,LAS HORTENSIAS, ,4994,"Las Hortensias 4994, Talcahuano, Bío Bío, Chile",-36.757417,-73.0920315,1,ROOFTOP,2020,1312644,2020/11/11 00:00:00+00,COLISION LATERAL,COLISION,URBANA,DESOBEDIENCIA A SEÑALIZACION,SEÑALIZACION DESOBEDECER LUZ ROJA DE SEMAFORO,0,0,0,2,11:00:00
-73.3170901,-37.2444277,660,8,REGION BIO BIO,8202,ARAUCO,CHACABUCO,COCHRANE,0,"Cochrane & Chacabuco, Arauco, Bío Bío, Chile",-37.2444277,-73.3170901,1,GEOMETRIC_CENTER,2020,1312692,2020/11/12 00:00:00+00,OTRO TIPO,OTRO TIPO,URBANA,IMPRUDENCIA DEL CONDUCTOR,CONDUCCION NO ATENTO CONDICIONES TRANSITO MOMENTO,0,0,0,1,14:30:00
-73.1132597,-36.7270191,661,8,REGION BIO BIO,8110,TALCAHUANO,BALMACEDA, ,645,"Balmaceda 645, Talcahuano, Bío Bío, Chile",-36.7270191,-73.1132597,1,ROOFTOP,2020,1312771,2020/11/11 00:00:00+00,CHOQUE FRONTAL,CHOQUE,URBANA,ALCOHOL EN CONDUCTOR,CONDUCCION EN ESTADO DE EBRIEDAD,0,0,0,0,01:30:00
-73.112305,-36.7206424,662,8,REGION BIO BIO,8110,TALCAHUANO,SERRANO,TRUMBULL,0,"David Fuentes 81, Talcahuano, Bío Bío, Chile",-36.7206424,-73.112305,1,ROOFTOP,2020,1312769,2020/11/11 00:00:00+00,COLISION LATERAL,COLISION,URBANA,DESOBEDIENCIA A SEÑALIZACION,SEÑALIZACION DESOBEDECER SEÑAL PARE,0,0,0,0,20:50:00
-73.0848872,-36.7507856,663,8,REGION BIO BIO,8110,TALCAHUANO,JUAN GUILLERMO SOSA, ,3992,"Juan Guillermo Sosa, Talcahuano, Bío Bío, Chile",-36.7507856,-73.0848872,1,GEOMETRIC_CENTER,2020,1312846,2020/11/12 00:00:00+00,COLISION POR ALCANCE,COLISION,URBANA,IMPRUDENCIA DEL CONDUCTOR,CONDUCCION SIN MANTENER DISTANCIA RAZONABLE NI PRUDENTE,0,0,0,0,16:10:00
-73.0398959,-36.8273557,664,8,REGION BIO BIO,8101,CONCEPCION,CHACABUCO,EDMUNDO LARENAS,0,"Chacabuco - Paicaví / Sur, Concepción, Bío Bío, Chile",-36.8273557,-73.0398959,1,GEOMETRIC_CENTER,2020,1312868,2020/11/19 00:00:00+00,COLISION LATERAL,COLISION,URBANA,IMPRUDENCIA DEL CONDUCTOR,ADELANTAMIENTO SOBREPASANDO LINEA CONTINUA,0,0,0,0,19:30:00
-73.0121052,-36.9444301,665,8,REGION BIO BIO,8103,CHIGUAYANTE,ESPERANZA, ,105,"Esperanza 105, Chiguayante, Bío Bío, Chile",-36.9444301,-73.0121052,1,ROOFTOP,2020,1312943,2020/11/14 00:00:00+00,CHOQUE LADO/LADO,CHOQUE,URBANA,CAUSAS NO DETERMINADAS,CAUSAS NO DETERMINADAS,0,0,0,0,18:00:00
-72.9633975,-36.6733364,666,8,REGION BIO BIO,8111,TOME,POLVORIN,LOS CAÑONES,0,"El Polvorin & Los Cañones, Punta de Parra, Tomé, Bío Bío, Chile",-36.6733364,-72.9633975,1,GEOMETRIC_CENTER,2020,1312968,2020/11/14 00:00:00+00,COLISION PERPENDICULAR,COLISION,URBANA,IMPRUDENCIA DEL CONDUCTOR,CONDUCCION NO ATENTO CONDICIONES TRANSITO MOMENTO,0,0,1,0,17:15:00
-72.9308639,-36.5415721,667,8,REGION BIO BIO,8111,TOME,DANIEL VERA,ADRIANA,0,"Av. Daniel Vera 1436, Villarrica, Tomé, Bío Bío, Chile",-36.5415721,-72.9308639,1,ROOFTOP,2020,1313174,2020/11/17 00:00:00+00,COLISION PERPENDICULAR,COLISION,URBANA,IMPRUDENCIA DEL CONDUCTOR,CONDUCCION NO ATENTO CONDICIONES TRANSITO MOMENTO,0,1,0,0,17:05:00
-73.0587819,-36.8274447,668,8,REGION BIO BIO,8101,CONCEPCION,MAIPU,SERRANO,0,"Maipú & Serrano, Concepción, Bío Bío, Chile",-36.8274447,-73.0587819,1,GEOMETRIC_CENTER,2020,1313180,2020/11/21 00:00:00+00,COLISION PERPENDICULAR,COLISION,URBANA,DESOBEDIENCIA A SEÑALIZACION,SEÑALIZACION DESOBEDECER LUZ INTERMITENTE SEMAFORO,0,0,0,0,08:00:00
-73.0366934,-36.8194708,669,8,REGION BIO BIO,8101,CONCEPCION,LIENTUR,FREIRE,0,"Lientur & Freire, Concepción, Bío Bío, Chile",-36.8194708,-73.0366934,1,GEOMETRIC_CENTER,2020,1313184,2020/11/21 00:00:00+00,COLISION,COLISION,URBANA,IMPRUDENCIA DEL CONDUCTOR,CONDUCCION NO ATENTO CONDICIONES TRANSITO MOMENTO,0,0,0,1,14:00:00
-73.1185521,-36.7408334,670,8,REGION BIO BIO,8110,TALCAHUANO,GRAN BRETAÑA, ,1425,"Gran Bretaña 1425, Talcahuano, Bío Bío, Chile",-36.7408334,-73.1185521,1,ROOFTOP,2020,1313185,2020/11/15 00:00:00+00,CHOQUE FRONTAL,CHOQUE,URBANA,ALCOHOL EN CONDUCTOR,CONDUCCION EN ESTADO DE EBRIEDAD,0,0,0,1,08:55:00
-72.9439514,-36.6058147,671,8,REGION BIO BIO,8111,TOME,VARIENTE HINRICHSEN,SANTIAGO OSORIO,0,"Santiago Osorio & Variante Hinrichsen, Tome, Tomé, Bío Bío, Chile",-36.6058147,-72.9439514,1,GEOMETRIC_CENTER,2020,1313190,2020/11/17 00:00:00+00,CHOQUE FRONTAL,CHOQUE,URBANA,PERDIDA CONTROL VEHICULO,PERDIDA CONTROL VEHICULO,0,0,0,0,20:50:00
-73.0492998,-36.824775,672,8,REGION BIO BIO,8101,CONCEPCION,FREIRE,COLO COLO,0,"Freire & Colo Colo, Concepción, Bío Bío, Chile",-36.824775,-73.0492998,1,GEOMETRIC_CENTER,2020,1313195,2020/11/23 00:00:00+00,COLISION LATERAL,COLISION,URBANA,IMPRUDENCIA DEL CONDUCTOR,CONDUCCION CAMBIAR SORPRESIVAMENTE PISTA CIRCULACION,0,0,0,0,13:00:00
-72.9568538,-36.6166791,673,8,REGION BIO BIO,8111,TOME,NOGUEIRA,MARIANO EGAÑA,0,"Mariano Egaña & Nogueira, Tome, Tomé, Bío Bío, Chile",-36.6166791,-72.9568538,1,GEOMETRIC_CENTER,2020,1313196,2020/11/18 00:00:00+00,ATROPELLO,ATROPELLO,URBANA,IMPRUDENCIA DEL CONDUCTOR,CONDUCCION NO ATENTO CONDICIONES TRANSITO MOMENTO,0,0,0,1,18:30:00
-73.0594034,-36.8264888,674,8,REGION BIO BIO,8101,CONCEPCION,LOS CARRERA,SERRANO,0,"Avenida los Carrera & Serrano, Concepción, Bío Bío, Chile",-36.8264888,-73.0594034,1,GEOMETRIC_CENTER,2020,1313208,2020/11/23 00:00:00+00,COLISION PERPENDICULAR,COLISION,URBANA,ALCOHOL EN CONDUCTOR,CONDUCCION EN ESTADO DE EBRIEDAD,0,0,0,0,13:00:00
-73.0360609,-36.8203784,675,8,REGION BIO BIO,8101,CONCEPCION,LIENTUR,BARROS ARANA,0,"Lientur & Barros Arana, Concepción, Bío Bío, Chile",-36.8203784,-73.0360609,1,GEOMETRIC_CENTER,2020,1313210,2020/11/23 00:00:00+00,COLISION LATERAL,COLISION,URBANA,IMPRUDENCIA DEL CONDUCTOR,CONDUCCION NO ATENTO CONDICIONES TRANSITO MOMENTO,0,0,0,0,16:50:00
-73.112117,-36.8000857,676,8,REGION BIO BIO,8112,HUALPEN,COSTANERA,GRAN BRETAÑA,0,"C. la Roda, Hualpén, Bío Bío, Chile",-36.8000857,-73.112117,1,GEOMETRIC_CENTER,2020,1313253,2020/11/21 00:00:00+00,CHOQUE,CHOQUE,URBANA,PERDIDA CONTROL VEHICULO,PERDIDA CONTROL VEHICULO,0,0,0,0,06:45:00
-73.0531471,-36.8238989,677,8,REGION BIO BIO,8101,CONCEPCION,CAUPOLICAN,LOS CARRERA,0,"Avenida los Carrera & Caupolicán, Concepción, Bío Bío, Chile",-36.8238989,-73.0531471,1,GEOMETRIC_CENTER,2020,1313221,2020/11/23 00:00:00+00,ATROPELLO,ATROPELLO,URBANA,IMPRUDENCIA DEL CONDUCTOR,NO RESPETAR DERECHO PREFERENTE DE PASO A PEATON,0,0,1,0,14:00:00
-73.0518584,-36.825862,678,8,REGION BIO BIO,8101,CONCEPCION,CAUPOLICAN,FREIRE,0,"Freire & Caupolicán, Concepción, Bío Bío, Chile",-36.825862,-73.0518584,1,GEOMETRIC_CENTER,2020,1313260,2020/11/24 00:00:00+00,COLISION LATERAL,COLISION,URBANA,IMPRUDENCIA DEL CONDUCTOR,ADELANTAMIENTO SIN EL ESPACIO O TIEMPO SUFICIENTE,0,0,0,0,13:30:00
-73.0410298,-36.8251949,679,8,REGION BIO BIO,8101,CONCEPCION,SAN MARTIN,PAICAVI,0,"San Martín & Paicaví, Concepción, Bío Bío, Chile",-36.8251949,-73.0410298,1,GEOMETRIC_CENTER,2020,1313271,2020/11/25 00:00:00+00,ATROPELLO,ATROPELLO,URBANA,IMPRUDENCIA DEL CONDUCTOR,NO RESPETAR DERECHO PREFERENTE DE PASO A PEATON,0,0,0,2,10:20:00
-73.0966348,-36.7866363,680,8,REGION BIO BIO,8112,HUALPEN,GRECIA,SUECIA,0,"Suecia & Grecia, Hualpén, Bío Bío, Chile",-36.7866363,-73.0966348,1,GEOMETRIC_CENTER,2020,1313314,2020/11/21 00:00:00+00,COLISION,COLISION,URBANA,DESOBEDIENCIA A SEÑALIZACION,SEÑALIZACION DESOBEDECER SEÑAL PARE,0,0,0,0,17:00:00
-73.336259,-37.4705003,681,8,REGION BIO BIO,8205,CURANILAHUE,LA LAGUNA, ,77,"La Laguna 77, Curanilahue, Bío Bío, Chile",-37.4705003,-73.336259,1,RANGE_INTERPOLATED,2020,1313572,2020/11/24 00:00:00+00,CHOQUE,CHOQUE,URBANA,CAUSAS NO DETERMINADAS,CAUSAS NO DETERMINADAS,0,0,0,0,03:25:00
-72.3629688,-37.4803166,682,8,REGION BIO BIO,8301,LOS ANGELES,VICUÑA MACKENNA,ALCAZAR,0,"Avenida Vicuña Mackenna & Alcázar, Los Angeles, Los Ángeles, Bío Bío, Chile",-37.4803166,-72.3629688,1,GEOMETRIC_CENTER,2020,1313578,2020/11/21 00:00:00+00,CHOQUE,CHOQUE,URBANA,ALCOHOL EN CONDUCTOR,CONDUCCION BAJO LA INFLUENCIA DEL ALCOHOL,1,0,0,1,22:00:00
-73.1174724,-36.8398906,683,8,REGION BIO BIO,8108,SAN PEDRO DE LA PAZ,LAS ROSAS,1950,0,"Badajoz 1950, San Pedro de la Paz, Región Metropolitana, Chile",-36.8398906,-73.1174724,1,RANGE_INTERPOLATED,2020,1313644,2020/11/26 00:00:00+00,CHOQUE FRENTE/POSTERIOR,CHOQUE,URBANA,IMPRUDENCIA DEL CONDUCTOR,CONDUCCION NO ATENTO CONDICIONES TRANSITO MOMENTO,0,0,0,0,15:15:00
-73.0138908,-36.9527546,684,8,REGION BIO BIO,8103,CHIGUAYANTE,MANUEL RODRIGUEZ,ITALIA,0,"Italia & Avenida Manuel Rodríguez, Chiguayante, Bío Bío, Chile",-36.9527546,-73.0138908,1,GEOMETRIC_CENTER,2020,1313651,2020/11/23 00:00:00+00,COLISION PERPENDICULAR,COLISION,URBANA,IMPRUDENCIA DEL CONDUCTOR,VIRAJES INDEBIDOS,0,0,0,2,05:50:00
-73.0426159,-36.8678995,685,8,REGION BIO BIO,8103,CHIGUAYANTE,CAMINO A CHIGUAYANTE,BINIMELIS,0,"Camino A Chiguayante & Pascual Binimelis, Concepción, Chiguayante, Bío Bío, Chile",-36.8678995,-73.0426159,1,GEOMETRIC_CENTER,2020,1313658,2020/10/24 00:00:00+00,COLISION PERPENDICULAR,COLISION,URBANA,CAUSAS NO DETERMINADAS,CAUSAS NO DETERMINADAS,0,0,0,0,22:38:00
-73.0185694,-36.9405959,686,8,REGION BIO BIO,8103,CHIGUAYANTE,MANUEL RODRIGUEZ,MANQUIMAVIDA,0,"Manquimávida & Avenida Manuel Rodríguez, Chiguayante, Bío Bío, Chile",-36.9405959,-73.0185694,1,GEOMETRIC_CENTER,2020,1313677,2020/11/25 00:00:00+00,COLISION POR ALCANCE,COLISION,URBANA,IMPRUDENCIA DEL CONDUCTOR,CONDUCCION NO ATENTO CONDICIONES TRANSITO MOMENTO,0,0,0,0,19:40:00
-73.1424587,-36.8341327,687,8,REGION BIO BIO,8108,SAN PEDRO DE LA PAZ,DANIEL BELMAR, ,1950,"Daniel Belmar 1950, San Pedro de la Paz, Región Metropolitana, Chile",-36.8341327,-73.1424587,1,RANGE_INTERPOLATED,2020,1313774,2020/11/27 00:00:00+00,VOLCADURA,VOLCADURA,URBANA,IMPRUDENCIA DEL CONDUCTOR,CONDUCCION NO ATENTO CONDICIONES TRANSITO MOMENTO,0,1,0,0,15:40:00
-73.0256151,-36.9250059,688,8,REGION BIO BIO,8103,CHIGUAYANTE,MANUEL RODRIGUEZ,CHIGUAY,0,"Chiguay & Avenida Manuel Rodríguez, Chiguayante, Bío Bío, Chile",-36.9250059,-73.0256151,1,GEOMETRIC_CENTER,2020,1313810,2020/11/28 00:00:00+00,COLISION PERPENDICULAR,COLISION,URBANA,OTRAS CAUSAS,OTRAS CAUSAS,0,0,0,2,14:10:00
-72.9232172,-36.8293994,689,8,REGION BIO BIO,8101,CONCEPCION,RUTA 146, ,65,"Ruta 146 65, Concepción, Bío Bío, Chile",-36.8293994,-72.9232172,1,RANGE_INTERPOLATED,2020,1320928,2020/12/22 00:00:00+00,COLISION,COLISION,URBANA,IMPRUDENCIA DEL CONDUCTOR,CONDUCCION NO ATENTO CONDICIONES TRANSITO MOMENTO,0,0,0,0,10:30:00
-73.1404886,-37.0381028,690,8,REGION BIO BIO,8102,CORONEL,TUCAPEL,SOTOMAYOR,0,"Sotomayor & Tucapel, Coronel, Bío Bío, Chile",-37.0381028,-73.1404886,1,GEOMETRIC_CENTER,2020,1314020,2020/11/02 00:00:00+00,COLISION,COLISION,URBANA,IMPRUDENCIA DEL CONDUCTOR,CONDUCCION NO ATENTO CONDICIONES TRANSITO MOMENTO,0,0,0,2,14:10:00
-73.0188831,-36.8192507,691,8,REGION BIO BIO,8101,CONCEPCION,COLLAO, ,870,"Collao 870, Concepción, Bío Bío, Chile",-36.8192507,-73.0188831,1,ROOFTOP,2020,1314045,2020/11/27 00:00:00+00,CHOQUE POSTERIOR,CHOQUE,URBANA,IMPRUDENCIA DEL CONDUCTOR,CONDUCCION SIN MANTENER DISTANCIA RAZONABLE NI PRUDENTE,0,0,0,0,09:20:00
-73.0517618,-36.8284078,692,8,REGION BIO BIO,8101,CONCEPCION,OHIGGINS,RENGO,0,"Rengo & Libertador General Bernardo OHiggins, Concepción, Bío Bío, Chile",-36.8284078,-73.0517618,1,GEOMETRIC_CENTER,2020,1314030,2020/11/26 00:00:00+00,COLISION LATERAL,COLISION,URBANA,IMPRUDENCIA DEL CONDUCTOR,CONDUCCION CAMBIAR SORPRESIVAMENTE PISTA CIRCULACION,0,0,0,0,13:25:00
-73.0594034,-36.8264888,693,8,REGION BIO BIO,8101,CONCEPCION,LOS CARRERA,SERRANO,0,"Avenida los Carrera & Serrano, Concepción, Bío Bío, Chile",-36.8264888,-73.0594034,1,GEOMETRIC_CENTER,2020,1314039,2020/11/27 00:00:00+00,ATROPELLO,ATROPELLO,URBANA,IMPRUDENCIA DEL CONDUCTOR,NO RESPETAR DERECHO PREFERENTE DE PASO A PEATON,0,0,0,1,09:45:00
-73.0461896,-36.8222157,694,8,REGION BIO BIO,8101,CONCEPCION,MAIPU,OROMPELLO,0,"Maipú & Orompello, Concepción, Bío Bío, Chile",-36.8222157,-73.0461896,1,GEOMETRIC_CENTER,2020,1314064,2020/11/27 00:00:00+00,CHOQUE LATERAL,CHOQUE,URBANA,IMPRUDENCIA DEL CONDUCTOR,"ADELANTAMIENTO EN CRUCE, CURVA, CUESTA, PUENTE",0,0,0,0,17:00:00
-73.063156,-36.8349005,695,8,REGION BIO BIO,8101,CONCEPCION,COSTANERA,PUENTE CHACABUCO,0,"Avenida Costanera & Puente Chacabuco, Concepción, Bío Bío, Chile",-36.8349005,-73.063156,1,GEOMETRIC_CENTER,2020,1314074,2020/11/28 00:00:00+00,COLISION,COLISION,URBANA,IMPRUDENCIA DEL CONDUCTOR,VIRAJES INDEBIDOS,0,0,0,0,04:30:00
-73.0856174,-36.7987522,696,8,REGION BIO BIO,8112,HUALPEN,CRISTOBAL COLON,LOS COPIHUES,0,"Cristobal Colon - Av Los Copihues, Hualpén, Bío Bío, Chile",-36.7987522,-73.0856174,1,GEOMETRIC_CENTER,2020,1314124,2020/11/25 00:00:00+00,ATROPELLO,ATROPELLO,URBANA,IMPRUDENCIA DEL CONDUCTOR,NO RESPETAR DERECHO PREFERENTE DE PASO A PEATON,0,0,0,1,13:45:00
-72.5320562,-37.5862531,697,8,REGION BIO BIO,8307,NEGRETE,LIDIA ROSA VERA, ,4,"Negrete, Bío Bío, Chile",-37.5862531,-72.5320562,1,APPROXIMATE,2020,1314235,2020/11/29 00:00:00+00,CHOQUE,CHOQUE,URBANA,CAUSAS NO DETERMINADAS,CAUSAS NO DETERMINADAS,0,0,0,0,19:30:00
-73.0807632,-36.7874108,698,8,REGION BIO BIO,8112,HUALPEN,SANTA MARIA, ,7550,"Av. Sta. María 7550, Hualpén, Bío Bío, Chile",-36.7874108,-73.0807632,1,ROOFTOP,2020,1314394,2020/11/28 00:00:00+00,CHOQUE,CHOQUE,URBANA,IMPRUDENCIA DEL CONDUCTOR,CONDUCIR VEHICULO EN RETROCESO,0,0,0,0,15:24:00
-73.0927057,-36.7505918,699,8,REGION BIO BIO,8110,TALCAHUANO,GOMEZ CARREÑO, ,3817,"Gómez Carreño 3817, Talcahuano, Bío Bío, Chile",-36.7505918,-73.0927057,1,ROOFTOP,2020,1314529,2020/11/03 00:00:00+00,VOLCADURA,VOLCADURA,URBANA,PERDIDA CONTROL VEHICULO,PERDIDA CONTROL VEHICULO,0,1,0,0,09:30:00
-72.990202,-36.7381919,700,8,REGION BIO BIO,8107,PENCO,YERBAS BUENAS,OHIGGINS,0,"OHiggins & Yerbas Buenas, Penco, Bío Bío, Chile",-36.7381919,-72.990202,1,GEOMETRIC_CENTER,2020,1314542,2020/11/12 00:00:00+00,COLISION LATERAL,COLISION,URBANA,IMPRUDENCIA DEL CONDUCTOR,CONDUCCION NO ATENTO CONDICIONES TRANSITO MOMENTO,0,0,0,0,05:15:00
-73.0934016,-36.7637267,701,8,REGION BIO BIO,8110,TALCAHUANO,RIO TIRUA,RIO PETROHUE,0,"Río Petrohué & Río Tirúa, Talcahuano, Bío Bío, Chile",-36.7637267,-73.0934016,1,GEOMETRIC_CENTER,2020,1314583,2020/11/06 00:00:00+00,COLISION LATERAL,COLISION,URBANA,IMPRUDENCIA DEL CONDUCTOR,NO RESPETAR DERECHO PREFERENTE DE PASO A VEHICULO,0,0,0,0,20:25:00
-73.1175786,-36.7242122,702,8,REGION BIO BIO,8110,TALCAHUANO,VALDIVIA, ,711,"Valdivia, Talcahuano, Bío Bío, Chile",-36.7242122,-73.1175786,1,GEOMETRIC_CENTER,2020,1315680,2020/11/30 00:00:00+00,CHOQUE LADO/LADO,CHOQUE,URBANA,IMPRUDENCIA DEL CONDUCTOR,CONDUCCION NO ATENTO CONDICIONES TRANSITO MOMENTO,0,0,0,0,13:20:00
-73.0130994,-36.7673289,703,8,REGION BIO BIO,8107,PENCO,CAMINO FORESTAL LA GREDA, ,100,"Uno Sur 70, Concepción, Penco, Bío Bío, Chile",-36.7673289,-73.0130994,1,ROOFTOP,2020,1314614,2020/11/19 00:00:00+00,VOLCADURA,VOLCADURA,URBANA,PERDIDA CONTROL VEHICULO,PERDIDA CONTROL VEHICULO,0,0,1,0,15:30:00
-73.0947058,-36.7600136,704,8,REGION BIO BIO,8110,TALCAHUANO,RIO MAULE, ,5053,"Río Maule 5053, Talcahuano, Bío Bío, Chile",-36.7600136,-73.0947058,1,RANGE_INTERPOLATED,2020,1314638,2020/11/22 00:00:00+00,CHOQUE FRONTAL,CHOQUE,URBANA,PERDIDA CONTROL VEHICULO,PERDIDA CONTROL VEHICULO,0,0,0,0,08:00:00
-73.0838938,-36.7805189,705,8,REGION BIO BIO,8110,TALCAHUANO,LOURDES, ,96,"Lourdes 96, Talcahuano, Bío Bío, Chile",-36.7805189,-73.0838938,1,RANGE_INTERPOLATED,2020,1314709,2020/11/28 00:00:00+00,CHOQUE POSTERIOR/LADO,CHOQUE,URBANA,IMPRUDENCIA DEL CONDUCTOR,CONDUCCION NO ATENTO CONDICIONES TRANSITO MOMENTO,0,0,0,0,19:00:00
-73.0530804,-36.8263488,706,8,REGION BIO BIO,8101,CONCEPCION,RENGO,FREIRE,0,"Rengo & Freire, Concepción, Bío Bío, Chile",-36.8263488,-73.0530804,1,GEOMETRIC_CENTER,2020,1314721,2020/11/30 00:00:00+00,ATROPELLO,ATROPELLO,URBANA,IMPRUDENCIA DEL PEATON,PEATON PERMANECE SOBRE LA CALZADA,0,1,0,1,15:45:00
-73.0494048,-36.8221863,707,8,REGION BIO BIO,8101,CONCEPCION,LOS CARRERA,CASTELLON,0,"Avenida los Carrera & Castellón, Concepción, Bío Bío, Chile",-36.8221863,-73.0494048,1,GEOMETRIC_CENTER,2020,1314728,2020/11/30 00:00:00+00,COLISION,COLISION,URBANA,IMPRUDENCIA DEL CONDUCTOR,CONDUCCION CAMBIAR SORPRESIVAMENTE PISTA CIRCULACION,0,0,0,0,12:05:00
-73.0860819,-36.7764428,708,8,REGION BIO BIO,8110,TALCAHUANO,CRISTOBAL COLON, ,6723,"Av. Cristóbal Colón 6723, Talcahuano, Bío Bío, Chile",-36.7764428,-73.0860819,1,ROOFTOP,2020,1314828,2020/11/22 00:00:00+00,CHOQUE FRENTE/POSTERIOR,CHOQUE,URBANA,ALCOHOL EN CONDUCTOR,CONDUCCION EN ESTADO DE EBRIEDAD,0,0,0,0,19:45:00
-73.086454,-36.7845133,709,8,REGION BIO BIO,8112,HUALPEN,CRISTOBAL COLON, ,7601,"Av. Cristóbal Colón 7601, Hualpén, Bío Bío, Chile",-36.7845133,-73.086454,1,ROOFTOP,2020,1314904,2020/12/01 00:00:00+00,ATROPELLO,ATROPELLO,URBANA,IMPRUDENCIA DEL PEATON,PEATON CRUZA CALZADA FUERA PASO PEATONES,0,0,0,1,14:00:00
-73.1098707,-36.7164605,710,8,REGION BIO BIO,8110,TALCAHUANO,ORELLA,VALDIVIA,0,"Colón 776, Talcahuano, Bío Bío, Chile",-36.7164605,-73.1098707,1,ROOFTOP,2020,1314918,2020/11/17 00:00:00+00,COLISION LATERAL,COLISION,URBANA,DESOBEDIENCIA A SEÑALIZACION,SEÑALIZACION DESOBEDECER SEÑAL PARE,0,0,0,1,17:35:00
-73.1527368,-37.0838756,711,8,REGION BIO BIO,8106,LOTA,FERNANDO MAIRA,CONDELL,0,"Fernando Maira Nº 580 – A, Sector La Cantera, Lota, Bío Bío, Chile",-37.0838756,-73.1527368,1,GEOMETRIC_CENTER,2020,1315070,2020/11/17 00:00:00+00,COLISION LATERAL,COLISION,URBANA,IMPRUDENCIA DEL CONDUCTOR,NO RESPETAR DERECHO PREFERENTE DE PASO A VEHICULO,0,0,0,0,18:00:00
-73.1611198,-37.0954529,712,8,REGION BIO BIO,8106,LOTA,COSTANERA, ,10,"Costanera Pte. 10, Lota, Bío Bío, Chile",-37.0954529,-73.1611198,1,RANGE_INTERPOLATED,2020,1315090,2020/11/30 00:00:00+00,CHOQUE POSTERIOR,CHOQUE,URBANA,IMPRUDENCIA DEL CONDUCTOR,CONDUCCION NO ATENTO CONDICIONES TRANSITO MOMENTO,0,0,0,0,18:00:00
-73.1114202,-36.7241188,713,8,REGION BIO BIO,8110,TALCAHUANO,BILBAO, ,117,"Bilbao 117, Talcahuano, Bío Bío, Chile",-36.7241188,-73.1114202,1,ROOFTOP,2020,1315392,2020/11/06 00:00:00+00,COLISION POR ALCANCE,COLISION,URBANA,IMPRUDENCIA DEL CONDUCTOR,ADELANTAMIENTO SIN EL ESPACIO O TIEMPO SUFICIENTE,0,0,0,0,08:20:00
-73.0880308,-36.761627,714,8,REGION BIO BIO,8110,TALCAHUANO,CRISTOBAL COLON, ,5456,"Gómez Carreño 5456, Talcahuano, Bío Bío, Chile",-36.761627,-73.0880308,1,RANGE_INTERPOLATED,2020,1315453,2020/11/06 00:00:00+00,COLISION LATERAL,COLISION,URBANA,IMPRUDENCIA DEL CONDUCTOR,CONDUCCION SIN MANTENER DISTANCIA RAZONABLE NI PRUDENTE,0,0,0,0,09:20:00
-73.1141261,-36.7138671,715,8,REGION BIO BIO,8110,TALCAHUANO,ANIBAL PINTO, ,107,"Aníbal Pinto 107, Talcahuano, Bío Bío, Chile",-36.7138671,-73.1141261,1,RANGE_INTERPOLATED,2020,1315479,2020/11/06 00:00:00+00,ATROPELLO,ATROPELLO,URBANA,DESOBEDIENCIA A SEÑALIZACION,SEÑALIZACION DESOBEDECER LUZ ROJA DE SEMAFORO,0,0,0,1,12:05:00
-73.0436564,-36.8197164,716,8,REGION BIO BIO,8101,CONCEPCION,LOS CARRERA,PAICAVI,0,"Los Carrera - Paicaví, Concepción, Bío Bío, Chile",-36.8197164,-73.0436564,1,GEOMETRIC_CENTER,2020,1315646,2020/12/02 00:00:00+00,COLISION LATERAL,COLISION,URBANA,IMPRUDENCIA DEL CONDUCTOR,NO RESPETAR DERECHO PREFERENTE DE PASO A VEHICULO,0,0,0,0,09:15:00
-73.112071,-36.7152421,717,8,REGION BIO BIO,8110,TALCAHUANO,ANIBAL PINTO, ,332,"Aníbal Pinto 332, Talcahuano, Bío Bío, Chile",-36.7152421,-73.112071,1,ROOFTOP,2020,1315624,2020/11/20 00:00:00+00,CHOQUE FRENTE/POSTERIOR,CHOQUE,URBANA,IMPRUDENCIA DEL CONDUCTOR,CONDUCCION SIN MANTENER DISTANCIA RAZONABLE NI PRUDENTE,0,0,0,0,14:30:00
-72.363167,-37.4712201,718,8,REGION BIO BIO,8301,LOS ANGELES,CAMINO LOS TILOS, ,1,"Los Tilos 1, Los Angeles, Los Ángeles, Bío Bío, Chile",-37.4712201,-72.363167,1,RANGE_INTERPOLATED,2020,1315641,2020/11/16 00:00:00+00,CHOQUE FRONTAL,CHOQUE,URBANA,IMPRUDENCIA DEL CONDUCTOR,CONDUCCION NO ATENTO CONDICIONES TRANSITO MOMENTO,0,0,0,0,21:00:00