X,Y,FID,COD_REG,REGION,CUT,COMUNA,CALLE_UNO,CALLE_DOS,NUMERO,DIR_GEOCOD,LAT,LNG,VAL_COM,TIPO,Año,Idaccident,Fecha,Tipo_Accid,Tipo__CONA,Zona,Causa__CON,Causa,Fallecidos,Graves,Menos_Grav,Leves,Hora
-72.3759014,-37.4640973,719,8,REGION BIO BIO,8301,LOS ANGELES,BOMBERO RIOSECO,LAGO VILLARICA,0,"Bombero Francisco Rioseco & Lago Villarrica, Los Angeles, Los Ángeles, Bío Bío, Chile",-37.4640973,-72.3759014,1,GEOMETRIC_CENTER,2020,1315648,2020/11/17 00:00:00+00,COLISION LATERAL,COLISION,URBANA,IMPRUDENCIA DEL CONDUCTOR,CONDUCCION NO ATENTO CONDICIONES TRANSITO MOMENTO,0,1,0,0,20:00:00
-73.051234,-36.8217151,720,8,REGION BIO BIO,8101,CONCEPCION,LAS HERAS,COLO COLO,0,"Colo Colo & Las Heras, Concepción, Bío Bío, Chile",-36.8217151,-73.051234,1,GEOMETRIC_CENTER,2020,1315651,2020/12/02 00:00:00+00,COLISION PERPENDICULAR,COLISION,URBANA,DESOBEDIENCIA A SEÑALIZACION,SEÑALIZACION DESOBEDECER SEÑAL PARE,0,0,0,0,08:50:00
-73.0505165,-36.8304386,721,8,REGION BIO BIO,8101,CONCEPCION,COCHRANE,RENGO,0,"Rengo & Cochrane, Concepción, Bío Bío, Chile",-36.8304386,-73.0505165,1,GEOMETRIC_CENTER,2020,1315661,2020/12/02 00:00:00+00,CHOQUE POSTERIOR,CHOQUE,URBANA,IMPRUDENCIA DEL CONDUCTOR,CONDUCCION SIN MANTENER DISTANCIA RAZONABLE NI PRUDENTE,0,0,0,0,14:10:00
-72.3334317,-37.4463576,722,8,REGION BIO BIO,8301,LOS ANGELES,MONTE PERDIDO,SOR VICENTA,0,"Av. Sor Vicenta & C. Monte Perdido, Los Angeles, Los Ángeles, Bío Bío, Chile",-37.4463576,-72.3334317,1,GEOMETRIC_CENTER,2020,1315688,2020/11/19 00:00:00+00,COLISION,COLISION,URBANA,IMPRUDENCIA DEL CONDUCTOR,CONDUCCION NO ATENTO CONDICIONES TRANSITO MOMENTO,0,0,0,0,17:00:00
-72.5624879,-37.101431,723,8,REGION BIO BIO,8313,YUMBEL,GRAL CRUZ,LOS CARRERA,0,"Los Carrera & General Cruz, Yumbel, Bío Bío, Chile",-37.101431,-72.5624879,1,GEOMETRIC_CENTER,2020,1315698,2020/11/26 00:00:00+00,COLISION FRONTAL,COLISION,URBANA,ALCOHOL EN CONDUCTOR,CONDUCCION EN ESTADO DE EBRIEDAD,0,0,0,1,20:05:00
-72.355577,-37.4705138,724,8,REGION BIO BIO,8301,LOS ANGELES,ERCILLA, ,268,"Ercilla 268, Los Angeles, Los Ángeles, Bío Bío, Chile",-37.4705138,-72.355577,1,ROOFTOP,2020,1315701,2020/11/19 00:00:00+00,CHOQUE FRENTE/POSTERIOR,CHOQUE,URBANA,IMPRUDENCIA DEL CONDUCTOR,CONDUCCION NO ATENTO CONDICIONES TRANSITO MOMENTO,0,0,0,0,17:15:00
-73.0664635,-36.7918699,725,8,REGION BIO BIO,8110,TALCAHUANO,JORGE ALESSANDRI PALMA, ,3177,"Av. Pdte. Jorge Alessandri Rodriguez 3177, Talcahuano, Bío Bío, Chile",-36.7918699,-73.0664635,1,ROOFTOP,2020,1315703,2020/11/09 00:00:00+00,COLISION POR ALCANCE,COLISION,URBANA,IMPRUDENCIA DEL CONDUCTOR,CONDUCCION SIN MANTENER DISTANCIA RAZONABLE NI PRUDENTE,0,0,0,0,10:00:00
-72.3551717,-37.4637115,726,8,REGION BIO BIO,8301,LOS ANGELES,GALVARINO,ERCILLA,0,"Galvarino & Ercilla, Los Angeles, Los Ángeles, Bío Bío, Chile",-37.4637115,-72.3551717,1,GEOMETRIC_CENTER,2020,1315707,2020/11/19 00:00:00+00,COLISION LATERAL,COLISION,URBANA,IMPRUDENCIA DEL CONDUCTOR,CONDUCCION NO ATENTO CONDICIONES TRANSITO MOMENTO,0,0,0,0,20:35:00
-72.3598725,-37.4803453,727,8,REGION BIO BIO,8301,LOS ANGELES,VICUÑA MACKENNA,JOSE MIGUEL INFANTE,0,"Av. Vicuña Mackenna & Jose Miguel Infante, Los Angeles, Los Ángeles, Bío Bío, Chile",-37.4803453,-72.3598725,1,GEOMETRIC_CENTER,2020,1315711,2020/11/19 00:00:00+00,CHOQUE LATERAL,CHOQUE,URBANA,IMPRUDENCIA DEL CONDUCTOR,CONDUCCION NO ATENTO CONDICIONES TRANSITO MOMENTO,0,0,0,0,02:15:00
-72.3612405,-37.4606822,728,8,REGION BIO BIO,8301,LOS ANGELES,OROMPELLO,LOS ANGELES,0,"Orompello & Avenida Los Angeles, Los Angeles, Los Ángeles, Bío Bío, Chile",-37.4606822,-72.3612405,1,GEOMETRIC_CENTER,2020,1315721,2020/11/20 00:00:00+00,COLISION FRONTAL,COLISION,URBANA,IMPRUDENCIA DEL CONDUCTOR,CONDUCCION NO ATENTO CONDICIONES TRANSITO MOMENTO,0,0,0,0,07:56:00
-73.0288293,-36.8151287,729,8,REGION BIO BIO,8101,CONCEPCION,COLLAO, ,171,"Collao 171, Concepción, Bío Bío, Chile",-36.8151287,-73.0288293,1,ROOFTOP,2020,1315730,2020/12/02 00:00:00+00,CHOQUE POSTERIOR,CHOQUE,URBANA,IMPRUDENCIA DEL CONDUCTOR,CONDUCCION SIN MANTENER DISTANCIA RAZONABLE NI PRUDENTE,0,0,0,0,20:10:00
-73.1130947,-36.7754938,730,8,REGION BIO BIO,8110,TALCAHUANO,GRAN BRETAÑA, ,5691,"Gran Bretaña 5691, Talcahuano, Bío Bío, Chile",-36.7754938,-73.1130947,1,ROOFTOP,2020,1315745,2020/11/12 00:00:00+00,COLISION LATERAL,COLISION,URBANA,DESOBEDIENCIA A SEÑALIZACION,SEÑALIZACION DESOBEDECER LUZ INTERMITENTE SEMAFORO,0,0,0,1,16:30:00
-72.3348591,-37.4609378,731,8,REGION BIO BIO,8301,LOS ANGELES,COSTANERA QUILQUE NORTE,VOLCAN CHILLAN,0,"Pje Dos 781, Los Angeles, Los Ángeles, Bío Bío, Chile",-37.4609378,-72.3348591,1,ROOFTOP,2020,1315750,2020/11/20 00:00:00+00,COLISION,COLISION,URBANA,IMPRUDENCIA DEL CONDUCTOR,CONDUCCION NO ATENTO CONDICIONES TRANSITO MOMENTO,0,0,0,0,14:50:00
-73.0490232,-36.8076767,732,8,REGION BIO BIO,8101,CONCEPCION,JUAN DE DIOS RIVERA,LAUTARO,0,"Lautaro & Juan de Dios Rivera, Concepción, Bío Bío, Chile",-36.8076767,-73.0490232,1,GEOMETRIC_CENTER,2020,1315759,2020/12/03 00:00:00+00,COLISION PERPENDICULAR,COLISION,URBANA,DESOBEDIENCIA A SEÑALIZACION,SEÑALIZACION DESOBEDECER SEÑAL CEDA EL PASO,0,0,0,0,11:00:00
-72.3550795,-37.4607519,733,8,REGION BIO BIO,8301,LOS ANGELES,ERCILLA,OROMPELLO,0,"Orompello & Ercilla, Los Angeles, Los Ángeles, Bío Bío, Chile",-37.4607519,-72.3550795,1,GEOMETRIC_CENTER,2020,1315779,2020/11/20 00:00:00+00,COLISION,COLISION,URBANA,IMPRUDENCIA DEL CONDUCTOR,CONDUCCION NO ATENTO CONDICIONES TRANSITO MOMENTO,0,0,0,0,15:50:00
-73.0883555,-36.7732604,734,8,REGION BIO BIO,8110,TALCAHUANO,1 PONIENTE,PASAJE 12,0,"Doce Nte. & Uno Pte., Talcahuano, Bío Bío, Chile",-36.7732604,-73.0883555,1,GEOMETRIC_CENTER,2020,1315784,2020/11/25 00:00:00+00,COLISION LATERAL,COLISION,URBANA,IMPRUDENCIA DEL CONDUCTOR,NO RESPETAR DERECHO PREFERENTE DE PASO A VEHICULO,0,0,0,1,11:15:00
-72.3663431,-37.4748096,735,8,REGION BIO BIO,8301,LOS ANGELES,BAQUEDANO,SUBERCACASEUX,0,"Benjamin Subercaseaux & Baquedano, Los Angeles, Los Ángeles, Bío Bío, Chile",-37.4748096,-72.3663431,1,GEOMETRIC_CENTER,2020,1315790,2020/11/21 00:00:00+00,CHOQUE FRONTAL,CHOQUE,URBANA,IMPRUDENCIA DEL CONDUCTOR,CONDUCCION NO ATENTO CONDICIONES TRANSITO MOMENTO,0,0,0,0,21:30:00
-72.3350045,-37.4893481,736,8,REGION BIO BIO,8301,LOS ANGELES,LOS MAYAS,TOLPAN,0,"Los Mayas & Tolpan, Los Angeles, Los Ángeles, Bío Bío, Chile",-37.4893481,-72.3350045,1,GEOMETRIC_CENTER,2020,1315811,2020/11/22 00:00:00+00,COLISION LATERAL,COLISION,URBANA,IMPRUDENCIA DEL CONDUCTOR,CONDUCCION NO ATENTO CONDICIONES TRANSITO MOMENTO,0,0,0,1,16:05:00
-72.3414859,-37.4587896,737,8,REGION BIO BIO,8301,LOS ANGELES,MARCONI,ALMTE LATORRE,0,"Guillermo Marconi & Avenida Almirante Latorre, Los Angeles, Los Ángeles, Bío Bío, Chile",-37.4587896,-72.3414859,1,GEOMETRIC_CENTER,2020,1315819,2020/11/23 00:00:00+00,CHOQUE LADO/LADO,CHOQUE,URBANA,IMPRUDENCIA DEL CONDUCTOR,CONDUCCION NO ATENTO CONDICIONES TRANSITO MOMENTO,0,0,0,0,07:00:00
-72.3513195,-37.4756208,738,8,REGION BIO BIO,8301,LOS ANGELES,BAQUEDANO,OHIGGINS,0,"Baquedano & Bernardo OHiggins, Los Angeles, Los Ángeles, Bío Bío, Chile",-37.4756208,-72.3513195,1,GEOMETRIC_CENTER,2020,1315833,2020/11/23 00:00:00+00,COLISION LATERAL,COLISION,URBANA,IMPRUDENCIA DEL CONDUCTOR,CONDUCCION NO ATENTO CONDICIONES TRANSITO MOMENTO,0,0,0,1,09:10:00
-72.337113,-37.4493304,739,8,REGION BIO BIO,8301,LOS ANGELES,SOR VICENTA, ,2276,"Av. Sor Vicenta 2276, Los Angeles, Los Ángeles, Bío Bío, Chile",-37.4493304,-72.337113,1,ROOFTOP,2020,1315854,2020/11/23 00:00:00+00,CHOQUE FRONTAL,CHOQUE,URBANA,IMPRUDENCIA DEL CONDUCTOR,CONDUCCION NO ATENTO CONDICIONES TRANSITO MOMENTO,0,0,0,0,18:45:00
-72.3751223,-37.4624865,740,8,REGION BIO BIO,8301,LOS ANGELES,NELTUME,BOMB RIOSECO,0,"Pje. Lago Neltume, Los Angeles, Los Ángeles, Bío Bío, Chile",-37.4624865,-72.3751223,1,GEOMETRIC_CENTER,2020,1315861,2020/11/23 00:00:00+00,COLISION FRONTAL,COLISION,URBANA,IMPRUDENCIA DEL CONDUCTOR,CONDUCCION NO ATENTO CONDICIONES TRANSITO MOMENTO,0,0,0,1,20:00:00
-72.4404972,-37.4978148,741,8,REGION BIO BIO,8301,LOS ANGELES,CAMINO SECTOR HUASO CHILENO, ,1,"Huaso Chileno, Los Ángeles, Bío Bío, Chile",-37.4978148,-72.4404972,1,GEOMETRIC_CENTER,2020,1315865,2020/11/23 00:00:00+00,COLISION FRONTAL,COLISION,RURAL,IMPRUDENCIA DEL CONDUCTOR,CONDUCCION NO ATENTO CONDICIONES TRANSITO MOMENTO,0,1,0,0,20:50:00
-72.3799551,-37.4690371,742,8,REGION BIO BIO,8301,LOS ANGELES,LOS CARDOS, ,2240,"Los Cardos 2240, Los Angeles, Los Ángeles, Bío Bío, Chile",-37.4690371,-72.3799551,1,ROOFTOP,2020,1315880,2020/11/23 00:00:00+00,COLISION,COLISION,URBANA,IMPRUDENCIA DEL CONDUCTOR,CONDUCCION NO ATENTO CONDICIONES TRANSITO MOMENTO,0,0,0,0,21:15:00
-72.3513368,-37.4777297,743,8,REGION BIO BIO,8301,LOS ANGELES,OHIGGINS,CARLOS CONDELL,0,"Bernardo OHiggins 480, Los Angeles, Los Ángeles, Bío Bío, Chile",-37.4777297,-72.3513368,1,ROOFTOP,2020,1315912,2020/11/24 00:00:00+00,COLISION LATERAL,COLISION,URBANA,IMPRUDENCIA DEL CONDUCTOR,CONDUCCION NO ATENTO CONDICIONES TRANSITO MOMENTO,0,0,0,1,10:04:00
-72.9545817,-36.6095897,744,8,REGION BIO BIO,8111,TOME,CARLOS WERNER, ,2908,"Carlos Petour, Tome, Tomé, Bío Bío, Chile",-36.6095897,-72.9545817,1,GEOMETRIC_CENTER,2020,1317972,2020/12/12 00:00:00+00,COLISION LATERAL,COLISION,URBANA,IMPRUDENCIA DEL CONDUCTOR,ADELANTAMIENTO SOBREPASANDO LINEA CONTINUA,0,0,0,0,16:00:00
-73.087929,-36.838102,745,8,REGION BIO BIO,8108,SAN PEDRO DE LA PAZ,VICTORIA,PEDRO LIRA,0,"Íñigo García 780, San Pedro de la Paz, Bío Bío, Chile",-36.838102,-73.087929,1,ROOFTOP,2020,1316015,2020/11/06 00:00:00+00,COLISION,COLISION,URBANA,CAUSAS NO DETERMINADAS,CAUSAS NO DETERMINADAS,0,1,0,0,23:20:00
-73.1160629,-36.8359177,746,8,REGION BIO BIO,8108,SAN PEDRO DE LA PAZ,LAS GARZAS,LAS TORCAZAS,0,"Las Torcazas & Las Garzas, San Pedro de la Paz, Bío Bío, Chile",-36.8359177,-73.1160629,1,GEOMETRIC_CENTER,2020,1316020,2020/11/10 00:00:00+00,CHOQUE FRONTAL,CHOQUE,RURAL,CAUSAS NO DETERMINADAS,CAUSAS NO DETERMINADAS,0,0,0,0,19:20:00
-73.1339402,-36.8810322,747,8,REGION BIO BIO,8108,SAN PEDRO DE LA PAZ,MANUEL RODRIGUEZ,EMPALME 21 DE MAYO,0,"Manuel Rodríguez, San Pedro de la Paz, Bío Bío, Chile",-36.8810322,-73.1339402,1,GEOMETRIC_CENTER,2020,1316021,2020/11/09 00:00:00+00,COLISION FRONTAL,COLISION,URBANA,CAUSAS NO DETERMINADAS,CAUSAS NO DETERMINADAS,0,0,0,0,19:30:00
-73.0928547,-36.8531039,748,8,REGION BIO BIO,8108,SAN PEDRO DE LA PAZ,CAMINO EL VENADO, ,1480,"Cam. El Venado 1480, San Pedro de la Paz, Región Metropolitana, Chile",-36.8531039,-73.0928547,1,RANGE_INTERPOLATED,2020,1316022,2020/11/09 00:00:00+00,COLISION LATERAL,COLISION,URBANA,CAUSAS NO DETERMINADAS,CAUSAS NO DETERMINADAS,0,0,0,0,13:46:00
-73.0913198,-36.8390616,749,8,REGION BIO BIO,8108,SAN PEDRO DE LA PAZ,PEDRO AGUIRRE CERDA,ANIBAL PINCHEIRA,0,"Av Pedro Aguirre Cerda / Pincheira, San Pedro de la Paz, Bío Bío, Chile",-36.8390616,-73.0913198,1,GEOMETRIC_CENTER,2020,1316023,2020/11/08 00:00:00+00,CHOQUE FRONTAL,CHOQUE,RURAL,CAUSAS NO DETERMINADAS,CAUSAS NO DETERMINADAS,0,0,0,0,00:30:00
-72.3590412,-37.4809176,750,8,REGION BIO BIO,8301,LOS ANGELES,VICUÑA MACKENNA, ,780,"Av. Vicuña Mackenna 780, Los Angeles, Los Ángeles, Bío Bío, Chile",-37.4809176,-72.3590412,1,ROOFTOP,2020,1316122,2020/12/01 00:00:00+00,CHOQUE FRONTAL,CHOQUE,URBANA,IMPRUDENCIA DEL CONDUCTOR,CONDUCCION NO ATENTO CONDICIONES TRANSITO MOMENTO,0,0,0,1,23:45:00
-73.0666786,-36.7918325,751,8,REGION BIO BIO,8110,TALCAHUANO,JORGE ALESSANDRI RODRIGUEZ, ,3177,"Av. Pdte. Jorge Alessandri Rodriguez 3177, Concepción, Talcahuano, Bío Bío, Chile",-36.7918325,-73.0666786,1,ROOFTOP,2020,1316074,2020/12/04 00:00:00+00,COLISION,COLISION,URBANA,IMPRUDENCIA DEL CONDUCTOR,ADELANTAMIENTO SIN EL ESPACIO O TIEMPO SUFICIENTE,0,0,0,0,19:40:00
-72.3709789,-37.4631399,752,8,REGION BIO BIO,8301,LOS ANGELES,FRANCISCO BOMBERO RIOSECO,LAGO CHAPO,0,"Bombero Francisco Rioseco & Lago Chapo, Los Angeles, Los Ángeles, Bío Bío, Chile",-37.4631399,-72.3709789,1,GEOMETRIC_CENTER,2020,1316101,2020/11/27 00:00:00+00,COLISION POR ALCANCE,COLISION,URBANA,IMPRUDENCIA DEL CONDUCTOR,CONDUCCION NO ATENTO CONDICIONES TRANSITO MOMENTO,0,1,0,0,18:10:00
-72.3263262,-37.4578279,753,8,REGION BIO BIO,8301,LOS ANGELES,LAS INDUSTRIAS, ,510,"Av Las Industrias 510, Los Angeles, Los Ángeles, Bío Bío, Chile",-37.4578279,-72.3263262,1,ROOFTOP,2020,1316102,2020/11/27 00:00:00+00,COLISION LATERAL,COLISION,URBANA,IMPRUDENCIA DEL CONDUCTOR,CONDUCCION NO ATENTO CONDICIONES TRANSITO MOMENTO,0,0,0,2,18:35:00
-72.3466826,-37.4576393,754,8,REGION BIO BIO,8301,LOS ANGELES,CHORRILLOS,ALMAGRO,0,"Chorrillos & Almagro, Los Angeles, Los Ángeles, Bío Bío, Chile",-37.4576393,-72.3466826,1,GEOMETRIC_CENTER,2020,1316105,2020/11/28 00:00:00+00,COLISION LATERAL,COLISION,URBANA,IMPRUDENCIA DEL CONDUCTOR,CONDUCCION NO ATENTO CONDICIONES TRANSITO MOMENTO,0,0,0,1,08:50:00
-72.3469851,-37.4840939,755,8,REGION BIO BIO,8301,LOS ANGELES,LOS CARRERA,LAS QUINTAS,0,"Avenida Los Carrera & Las Quintas, Los Angeles, Los Ángeles, Bío Bío, Chile",-37.4840939,-72.3469851,1,GEOMETRIC_CENTER,2020,1316106,2020/11/28 00:00:00+00,COLISION POR ALCANCE,COLISION,URBANA,IMPRUDENCIA DEL CONDUCTOR,CONDUCCION SIN MANTENER DISTANCIA RAZONABLE NI PRUDENTE,0,0,0,1,16:50:00
-72.3426467,-37.4670444,756,8,REGION BIO BIO,8301,LOS ANGELES,BALMACEDA,ELOGIO ALTAMIRANO,0,"Balmaceda & Pasaje Eulogio Altamirano, Los Angeles, Los Ángeles, Bío Bío, Chile",-37.4670444,-72.3426467,1,GEOMETRIC_CENTER,2020,1316110,2020/11/30 00:00:00+00,COLISION LATERAL,COLISION,URBANA,IMPRUDENCIA DEL CONDUCTOR,CONDUCCION NO ATENTO CONDICIONES TRANSITO MOMENTO,0,0,0,0,19:30:00
-72.3758905,-37.4666489,757,8,REGION BIO BIO,8301,LOS ANGELES,GALVARINO,ESTANISLAO ANGUITA,0,"Avenida Estanislao Anguita & Galvarino, Los Angeles, Los Ángeles, Bío Bío, Chile",-37.4666489,-72.3758905,1,GEOMETRIC_CENTER,2020,1316117,2020/12/01 00:00:00+00,COLISION LATERAL,COLISION,URBANA,IMPRUDENCIA DEL CONDUCTOR,CONDUCCION NO ATENTO CONDICIONES TRANSITO MOMENTO,0,0,0,5,15:45:00
-72.3436908,-37.4554333,758,8,REGION BIO BIO,8301,LOS ANGELES,SOR VICENTA,MARCONI,0,"Avenida Sor Vicenta & Guillermo Marconi, Los Angeles, Los Ángeles, Bío Bío, Chile",-37.4554333,-72.3436908,1,GEOMETRIC_CENTER,2020,1316121,2020/12/01 00:00:00+00,COLISION LATERAL,COLISION,URBANA,IMPRUDENCIA DEL CONDUCTOR,CONDUCCION NO ATENTO CONDICIONES TRANSITO MOMENTO,0,0,0,0,21:50:00
-72.3253945,-37.4658996,759,8,REGION BIO BIO,8301,LOS ANGELES,LAS INDUSTRIAS,CAMINO ANTUCO,0,"Km 0 - Antuco 1, Los Angeles, Los Ángeles, Bío Bío, Chile",-37.4658996,-72.3253945,1,ROOFTOP,2020,1316128,2020/12/02 00:00:00+00,COLISION POR ALCANCE,COLISION,URBANA,IMPRUDENCIA DEL CONDUCTOR,CONDUCCION NO ATENTO CONDICIONES TRANSITO MOMENTO,0,0,0,0,09:25:00
-72.3612405,-37.4606822,760,8,REGION BIO BIO,8301,LOS ANGELES,OROMPELLO,LOS ANGELES,0,"Orompello & Avenida Los Angeles, Los Angeles, Los Ángeles, Bío Bío, Chile",-37.4606822,-72.3612405,1,GEOMETRIC_CENTER,2020,1316135,2020/12/03 00:00:00+00,COLISION,COLISION,URBANA,IMPRUDENCIA DEL CONDUCTOR,CONDUCCION NO ATENTO CONDICIONES TRANSITO MOMENTO,0,0,0,0,18:00:00
-72.3612251,-37.4629159,761,8,REGION BIO BIO,8301,LOS ANGELES,ALAMEDA SUR, ,2,"Los Angeles, Los Ángeles, Bío Bío, Chile",-37.4629159,-72.3612251,1,APPROXIMATE,2020,1316136,2020/12/03 00:00:00+00,VOLCADURA,VOLCADURA,RURAL,IMPRUDENCIA DEL CONDUCTOR,CONDUCCION NO ATENTO CONDICIONES TRANSITO MOMENTO,0,0,0,0,19:45:00
-72.3719734,-37.4755945,762,8,REGION BIO BIO,8301,LOS ANGELES,BAQUEDANO,SAN CRISTIAN,0,"Baquedano & San Cristian, Los Ángeles, Bío Bío, Chile",-37.4755945,-72.3719734,1,GEOMETRIC_CENTER,2020,1316137,2020/12/03 00:00:00+00,COLISION LATERAL,COLISION,URBANA,IMPRUDENCIA DEL CONDUCTOR,CONDUCCION NO ATENTO CONDICIONES TRANSITO MOMENTO,0,0,0,0,23:00:00
-72.3528088,-37.4683372,763,8,REGION BIO BIO,8301,LOS ANGELES,VALDIVIA, ,440,"Valdivia 440, Los Angeles, Los Ángeles, Bío Bío, Chile",-37.4683372,-72.3528088,1,ROOFTOP,2020,1316139,2020/12/04 00:00:00+00,COLISION LATERAL,COLISION,URBANA,IMPRUDENCIA DEL CONDUCTOR,CONDUCCION NO ATENTO CONDICIONES TRANSITO MOMENTO,0,0,0,0,13:35:00
-72.3669485,-37.4605431,764,8,REGION BIO BIO,8301,LOS ANGELES,DON VICTOR, ,1100,"Don Víctor 1100, Los Angeles, Los Ángeles, Bío Bío, Chile",-37.4605431,-72.3669485,1,RANGE_INTERPOLATED,2020,1316141,2020/12/04 00:00:00+00,CHOQUE FRENTE/LADO,CHOQUE,URBANA,IMPRUDENCIA DEL CONDUCTOR,CONDUCCION NO ATENTO CONDICIONES TRANSITO MOMENTO,0,0,0,0,19:37:00
-72.0222195,-37.6653451,765,8,REGION BIO BIO,8311,SANTA BARBARA,BAQUEDANO, ,376,"Baquedano 376, Santa Bárbara, Bío Bío, Chile",-37.6653451,-72.0222195,1,RANGE_INTERPOLATED,2020,1316207,2020/12/02 00:00:00+00,COLISION,COLISION,URBANA,IMPRUDENCIA DEL CONDUCTOR,CONDUCCION NO ATENTO CONDICIONES TRANSITO MOMENTO,0,0,0,1,16:10:00
-73.0957167,-36.780426,766,8,REGION BIO BIO,8110,TALCAHUANO,LAS GOLONDRINAS,PORVENIR,0,"Avenida Las Golondrinas & Porvenir, Talcahuano, Bío Bío, Chile",-36.780426,-73.0957167,1,GEOMETRIC_CENTER,2020,1316232,2020/12/04 00:00:00+00,COLISION,COLISION,URBANA,IMPRUDENCIA DEL CONDUCTOR,CONDUCCION NO ATENTO CONDICIONES TRANSITO MOMENTO,0,0,0,0,20:36:00
-73.1096918,-36.7848658,767,8,REGION BIO BIO,8112,HUALPEN,FINLANDIA,LONDRES,0,"Londres & Finlandia, Hualpén, Bío Bío, Chile",-36.7848658,-73.1096918,1,GEOMETRIC_CENTER,2020,1316246,2020/12/04 00:00:00+00,CAIDA,CAIDA,URBANA,IMPRUDENCIA DEL PASAJERO,PASAJERO SUBE O DESCIENDE DE VEHICULO MOVIMIENTO,0,0,0,1,19:50:00
-73.0879544,-36.7892782,768,8,REGION BIO BIO,8112,HUALPEN,CHAITEN,PATRIA VIEJA,0,"Patria Vieja & Chaitén, Hualpén, Bío Bío, Chile",-36.7892782,-73.0879544,1,GEOMETRIC_CENTER,2020,1316282,2020/12/04 00:00:00+00,COLISION,COLISION,URBANA,DESOBEDIENCIA A SEÑALIZACION,SEÑALIZACION DESOBEDECER SEÑAL PARE,0,1,0,0,20:30:00
-73.0877808,-36.7763222,769,8,REGION BIO BIO,8110,TALCAHUANO,EJERCITO,MARINA,0,"Ejército & La Marina, Talcahuano, Bío Bío, Chile",-36.7763222,-73.0877808,1,GEOMETRIC_CENTER,2020,1316358,2020/12/02 00:00:00+00,COLISION LATERAL,COLISION,URBANA,IMPRUDENCIA DEL CONDUCTOR,NO RESPETAR DERECHO PREFERENTE DE PASO A VEHICULO,0,0,0,1,22:00:00
-73.097907,-36.7441307,770,8,REGION BIO BIO,8110,TALCAHUANO,DESIDERIO GARCIA, ,49,"Desiderio García 49, Talcahuano, Bío Bío, Chile",-36.7441307,-73.097907,1,ROOFTOP,2020,1316363,2020/12/05 00:00:00+00,COLISION LATERAL,COLISION,URBANA,IMPRUDENCIA DEL CONDUCTOR,VIRAJES INDEBIDOS,0,0,0,1,16:30:00
-72.9898121,-36.732046,771,8,REGION BIO BIO,8107,PENCO,LOS OLIVOS, ,26,"Los Olivos 26, Penco, Bío Bío, Chile",-36.732046,-72.9898121,1,RANGE_INTERPOLATED,2020,1316431,2020/11/27 00:00:00+00,CHOQUE FRENTE/POSTERIOR,CHOQUE,URBANA,CAUSAS NO DETERMINADAS,CAUSAS NO DETERMINADAS,0,0,0,0,17:40:00
-72.9531503,-36.6175657,772,8,REGION BIO BIO,8111,TOME,ANIBAL PINTO, ,1015,"Aníbal Pinto 1015, Tome, Tomé, Bío Bío, Chile",-36.6175657,-72.9531503,1,ROOFTOP,2020,1316513,2020/12/03 00:00:00+00,COLISION LATERAL,COLISION,URBANA,IMPRUDENCIA DEL CONDUCTOR,CONDUCCION NO ATENTO CONDICIONES TRANSITO MOMENTO,0,0,0,0,15:00:00
-73.1480407,-37.110918,773,8,REGION BIO BIO,8106,LOTA,LAS TRANCAS COLCURA, ,0,"Colcura, Lota, Bío Bío, Chile",-37.110918,-73.1480407,1,APPROXIMATE,2020,1274528,2020/03/19 00:00:00+00,COLISION FRONTAL,COLISION,RURAL,IMPRUDENCIA DEL CONDUCTOR,CONDUCCION NO ATENTO CONDICIONES TRANSITO MOMENTO,0,1,0,2,17:30:00
-72.9368437,-36.9737875,774,8,REGION BIO BIO,8105,HUALQUI,CHANGOS,ATACAMEÑOS,0,"Calle Camino Al Cementerio Tiene el, Hualqui, Concepcion, Bío Bío, Chile",-36.9737875,-72.9368437,1,GEOMETRIC_CENTER,2020,1316590,2020/11/14 00:00:00+00,COLISION PERPENDICULAR,COLISION,URBANA,ALCOHOL EN CONDUCTOR,CONDUCCION EN ESTADO DE EBRIEDAD,0,0,0,0,17:55:00
-73.0600454,-36.8279683,775,8,REGION BIO BIO,8101,CONCEPCION,MAIPU,ARTURO PRAT,0,"Maipú & Arturo Prat, Concepción, Bío Bío, Chile",-36.8279683,-73.0600454,1,GEOMETRIC_CENTER,2020,1316617,2020/10/16 00:00:00+00,COLISION LATERAL,COLISION,URBANA,IMPRUDENCIA DEL CONDUCTOR,CONDUCCION NO ATENTO CONDICIONES TRANSITO MOMENTO,0,0,0,0,11:40:00
-73.0531471,-36.8238989,776,8,REGION BIO BIO,8101,CONCEPCION,LOS CARRERA,CAUPOLICAN,0,"Avenida los Carrera & Caupolicán, Concepción, Bío Bío, Chile",-36.8238989,-73.0531471,1,GEOMETRIC_CENTER,2020,1316622,2020/11/02 00:00:00+00,COLISION LATERAL,COLISION,URBANA,CAUSAS NO DETERMINADAS,CAUSAS NO DETERMINADAS,0,0,0,0,16:45:00