X,Y,FID,COD_REG,REGION,CUT,COMUNA,CALLE_UNO,CALLE_DOS,NUMERO,DIR_GEOCOD,LAT,LNG,VAL_COM,TIPO,Año,Idaccident,Fecha,Tipo_Accid,Tipo__CONA,Zona,Causa__CON,Causa,Fallecidos,Graves,Menos_Grav,Leves,Hora
-73.0326608,-36.7979174,777,8,REGION BIO BIO,8101,CONCEPCION,ANDALIEN,QUINCHAMALI,0,"Quinchamalí & Avenida Andalien, Concepción, Bío Bío, Chile",-36.7979174,-73.0326608,1,GEOMETRIC_CENTER,2020,1316623,2020/10/31 00:00:00+00,CHOQUE FRENTE/LADO,CHOQUE,URBANA,CAUSAS NO DETERMINADAS,CAUSAS NO DETERMINADAS,0,0,0,0,19:25:00
-73.0508769,-36.7987622,778,8,REGION BIO BIO,8101,CONCEPCION,EDUARDO BARRIOS, ,1495,"Eduardo Barrios 1495, Concepción, Bío Bío, Chile",-36.7987622,-73.0508769,1,RANGE_INTERPOLATED,2020,1316632,2020/10/30 00:00:00+00,CHOQUE POSTERIOR/FRENTE,CHOQUE,URBANA,CAUSAS NO DETERMINADAS,CAUSAS NO DETERMINADAS,0,0,0,0,19:45:00
-73.0406346,-36.8065437,779,8,REGION BIO BIO,8101,CONCEPCION,PASAJE D,PASAJE 21,0,"Pje. D & Pje. Veintiuno, Concepción, Bío Bío, Chile",-36.8065437,-73.0406346,1,GEOMETRIC_CENTER,2020,1316634,2020/11/17 00:00:00+00,CHOQUE FRENTE/LADO,CHOQUE,URBANA,CAUSAS NO DETERMINADAS,CAUSAS NO DETERMINADAS,0,0,0,0,16:00:00
-73.053552,-36.8058456,780,8,REGION BIO BIO,8101,CONCEPCION,PAICAVI,VENTUS,0,"Ventus & Paicaví, Concepción, Bío Bío, Chile",-36.8058456,-73.053552,1,GEOMETRIC_CENTER,2020,1316635,2020/11/16 00:00:00+00,CHOQUE FRONTAL,CHOQUE,URBANA,CAUSAS NO DETERMINADAS,CAUSAS NO DETERMINADAS,0,0,0,0,23:00:00
-73.0529308,-36.8068078,781,8,REGION BIO BIO,8101,CONCEPCION,MANUEL GUTIERREZ,PAICAVI,0,"Manuel Gutiérrez & Paicaví, Concepción, Bío Bío, Chile",-36.8068078,-73.0529308,1,GEOMETRIC_CENTER,2020,1316637,2020/11/14 00:00:00+00,COLISION LATERAL,COLISION,URBANA,CAUSAS NO DETERMINADAS,CAUSAS NO DETERMINADAS,0,1,0,0,16:00:00
-73.045492,-36.7938913,782,8,REGION BIO BIO,8101,CONCEPCION,ABDON CIFUENTES,ABATE MOLINA,0,"Abdón Cifuentes & Abate Molina, Concepción, Bío Bío, Chile",-36.7938913,-73.045492,1,GEOMETRIC_CENTER,2020,1316639,2020/11/11 00:00:00+00,COLISION LATERAL,COLISION,URBANA,IMPRUDENCIA DEL CONDUCTOR,CONDUCCION CAMBIAR SORPRESIVAMENTE PISTA CIRCULACION,0,1,0,0,07:50:00
-73.0905075,-36.8073748,783,8,REGION BIO BIO,8112,HUALPEN,COSTANERA, ,9781,"Av. Costanera 9781, Hualpén, Bío Bío, Chile",-36.8073748,-73.0905075,1,ROOFTOP,2020,1316739,2020/12/07 00:00:00+00,VOLCADURA,VOLCADURA,URBANA,PERDIDA CONTROL VEHICULO,PERDIDA CONTROL VEHICULO,0,0,0,0,16:25:00
-73.0690575,-36.7950569,784,8,REGION BIO BIO,8112,HUALPEN,JORGE ALESSANDRI RODRIGUEZ, ,9000,"Av. Pdte. Jorge Alessandri Rodriguez 9000, Hualpén, Concepción, Bío Bío, Chile",-36.7950569,-73.0690575,1,ROOFTOP,2020,1316744,2020/12/07 00:00:00+00,COLISION,COLISION,URBANA,IMPRUDENCIA DEL CONDUCTOR,CONDUCCION SIN MANTENER DISTANCIA RAZONABLE NI PRUDENTE,0,0,0,0,17:30:00
-73.0961468,-36.7848031,785,8,REGION BIO BIO,8112,HUALPEN,SICILIA, ,3020,"Sicilia 3020, Hualpén, Bío Bío, Chile",-36.7848031,-73.0961468,1,ROOFTOP,2020,1304975,2020/10/14 00:00:00+00,CHOQUE FRONTAL,CHOQUE,URBANA,PERDIDA CONTROL VEHICULO,PERDIDA CONTROL VEHICULO,0,0,0,0,06:00:00
-72.9373704,-36.9737655,786,8,REGION BIO BIO,8105,HUALQUI,LOS ARRAYANES,LOS PITIOS,0,"Bulnes 623, Hualqui, Bío Bío, Chile",-36.9737655,-72.9373704,1,ROOFTOP,2020,1317135,2020/11/16 00:00:00+00,COLISION PERPENDICULAR,COLISION,URBANA,CAUSAS NO DETERMINADAS,CAUSAS NO DETERMINADAS,0,0,0,1,12:00:00
-73.1213778,-36.7222871,787,8,REGION BIO BIO,8110,TALCAHUANO,ARGENTINA,SHUYLER,0,"Schuyler & Argentina, Talcahuano, Bío Bío, Chile",-36.7222871,-73.1213778,1,GEOMETRIC_CENTER,2020,1316991,2020/12/08 00:00:00+00,COLISION LATERAL,COLISION,URBANA,ALCOHOL EN CONDUCTOR,CONDUCCION EN ESTADO DE EBRIEDAD,0,0,0,1,17:40:00
-73.0857069,-36.7652867,788,8,REGION BIO BIO,8110,TALCAHUANO,CRISTOABL COLON, ,5749,"Gómez Carreño 5749, Talcahuano, Bío Bío, Chile",-36.7652867,-73.0857069,1,ROOFTOP,2020,1317043,2020/12/02 00:00:00+00,COLISION LATERAL,COLISION,URBANA,IMPRUDENCIA DEL CONDUCTOR,CONDUCCION CAMBIAR SORPRESIVAMENTE PISTA CIRCULACION,0,0,0,0,18:26:00
-73.1183966,-36.7609995,789,8,REGION BIO BIO,8110,TALCAHUANO,GRAN BRETAÑA, ,4379,"Gran Bretaña 4379, Talcahuano, Bío Bío, Chile",-36.7609995,-73.1183966,1,RANGE_INTERPOLATED,2020,1317045,2020/12/04 00:00:00+00,COLISION POR ALCANCE,COLISION,URBANA,IMPRUDENCIA DEL CONDUCTOR,CONDUCCION SIN MANTENER DISTANCIA RAZONABLE NI PRUDENTE,0,0,0,0,18:57:00
-72.9345385,-36.9727224,790,8,REGION BIO BIO,8105,HUALQUI,LA ARAUCANA,EL AGUILA,0,"Av. Araucana, Hualqui, Bío Bío, Chile",-36.9727224,-72.9345385,1,GEOMETRIC_CENTER,2020,1317173,2020/11/20 00:00:00+00,COLISION PERPENDICULAR,COLISION,URBANA,OTRAS CAUSAS,OTRAS CAUSAS,0,0,0,0,13:10:00
-73.0473865,-36.825274,791,8,REGION BIO BIO,8101,CONCEPCION,CASTELLON,BARROS ARANA,0,"Barros Arana & Castellón, Concepción, Bío Bío, Chile",-36.825274,-73.0473865,1,GEOMETRIC_CENTER,2020,1317226,2020/12/07 00:00:00+00,COLISION PERPENDICULAR,COLISION,URBANA,IMPRUDENCIA DEL CONDUCTOR,CONDUCCION SIN MANTENER DISTANCIA RAZONABLE NI PRUDENTE,0,0,0,0,13:50:00
-73.0468096,-36.8237537,792,8,REGION BIO BIO,8101,CONCEPCION,FREIRE,TUCAPEL,0,"Tucapel & Freire, Concepción, Bío Bío, Chile",-36.8237537,-73.0468096,1,GEOMETRIC_CENTER,2020,1317235,2020/12/07 00:00:00+00,COLISION LATERAL,COLISION,URBANA,IMPRUDENCIA DEL CONDUCTOR,CONDUCCION CAMBIAR SORPRESIVAMENTE PISTA CIRCULACION,0,0,0,0,12:00:00
-73.0822086,-36.7490721,793,8,REGION BIO BIO,8110,TALCAHUANO,JUAN GUILLERMO SOSA, ,823,"Juan Guillermo Sosa 823, Talcahuano, Bío Bío, Chile",-36.7490721,-73.0822086,1,ROOFTOP,2020,1317254,2020/12/01 00:00:00+00,COLISION LATERAL,COLISION,URBANA,IMPRUDENCIA DEL CONDUCTOR,VIRAJES INDEBIDOS,0,0,0,0,18:35:00
-73.1014942,-36.7945758,794,8,REGION BIO BIO,8112,HUALPEN,BREMEN,ALTONA,0,"Bremen & Altona, Hualpén, Bío Bío, Chile",-36.7945758,-73.1014942,1,GEOMETRIC_CENTER,2020,1317286,2020/12/08 00:00:00+00,COLISION,COLISION,URBANA,IMPRUDENCIA DEL CONDUCTOR,NO RESPETAR DERECHO PREFERENTE DE PASO A PEATON,0,0,0,0,19:30:00
-72.9409144,-36.9784467,795,8,REGION BIO BIO,8105,HUALQUI,PATRICIO LYNCH,ESMERALDA,0,"Patricio Lynch - Esmeralda / Poniente, Hualqui, Bío Bío, Chile",-36.9784467,-72.9409144,1,GEOMETRIC_CENTER,2020,1317294,2020/11/28 00:00:00+00,COLISION PERPENDICULAR,COLISION,URBANA,CAUSAS NO DETERMINADAS,CAUSAS NO DETERMINADAS,0,0,0,0,23:00:00
-72.9350913,-36.9630754,796,8,REGION BIO BIO,8105,HUALQUI,LAUTARO,CAUPOLICAN,0,"Lautaro - Caupolicán, Hualqui, Bío Bío, Chile",-36.9630754,-72.9350913,1,GEOMETRIC_CENTER,2020,1317302,2020/11/30 00:00:00+00,COLISION PERPENDICULAR,COLISION,URBANA,CAUSAS NO DETERMINADAS,CAUSAS NO DETERMINADAS,0,0,0,0,21:00:00
-73.031695,-36.9188417,797,8,REGION BIO BIO,8103,CHIGUAYANTE,PASAJE SIETE,FERNANDO URRA,0,"Parque Los Altos De Chiguayante., Chiguayante, Bío Bío, Chile",-36.9188417,-73.031695,1,GEOMETRIC_CENTER,2020,1317334,2020/12/02 00:00:00+00,CHOQUE POSTERIOR/POSTERIOR,CHOQUE,URBANA,CAUSAS NO DETERMINADAS,CAUSAS NO DETERMINADAS,0,0,0,0,19:50:00
-73.1570376,-37.0165562,798,8,REGION BIO BIO,8102,CORONEL,CRUZ MORA,CARLOS PRATS,0,"Cruz Mora & Avenida General Carlos Prats, Coronel, Bío Bío, Chile",-37.0165562,-73.1570376,1,GEOMETRIC_CENTER,2020,1317402,2020/11/12 00:00:00+00,COLISION,COLISION,URBANA,IMPRUDENCIA DEL CONDUCTOR,CONDUCCION NO ATENTO CONDICIONES TRANSITO MOMENTO,0,0,0,2,17:20:00
-72.9581455,-36.6722444,799,8,REGION BIO BIO,8111,TOME,CARD SAMORE, ,0,"Rotonda Samoré, Punta de Parra, Tomé, Bío Bío, Chile",-36.6722444,-72.9581455,1,GEOMETRIC_CENTER,2020,1317545,2020/12/09 00:00:00+00,VOLCADURA,VOLCADURA,URBANA,PERDIDA CONTROL VEHICULO,PERDIDA CONTROL VEHICULO,0,1,0,2,11:15:00
-73.1081514,-36.7408041,800,8,REGION BIO BIO,8110,TALCAHUANO,ALTO HORNO, ,771,"Alto Horno 771, Talcahuano, Bío Bío, Chile",-36.7408041,-73.1081514,1,RANGE_INTERPOLATED,2020,1317576,2020/12/03 00:00:00+00,COLISION POR ALCANCE,COLISION,URBANA,IMPRUDENCIA DEL CONDUCTOR,CONDUCCION SIN MANTENER DISTANCIA RAZONABLE NI PRUDENTE,0,0,0,2,06:30:00
-72.9909979,-36.8238656,801,8,REGION BIO BIO,8101,CONCEPCION,LOS ANDES, ,16,"Los Andes 16, Concepción, Bío Bío, Chile",-36.8238656,-72.9909979,1,RANGE_INTERPOLATED,2020,1317603,2020/12/09 00:00:00+00,CHOQUE LATERAL,CHOQUE,URBANA,IMPRUDENCIA DEL CONDUCTOR,CONDUCCION NO ATENTO CONDICIONES TRANSITO MOMENTO,0,0,0,0,21:20:00
-73.0308824,-36.8146163,802,8,REGION BIO BIO,8101,CONCEPCION,LOS CARRERA,GRAL NOVOA,0,"Av. los Carrera & Gral. Novoa, Concepción, Bío Bío, Chile",-36.8146163,-73.0308824,1,GEOMETRIC_CENTER,2020,1317604,2020/12/09 00:00:00+00,VOLCADURA,VOLCADURA,URBANA,PERDIDA CONTROL VEHICULO,PERDIDA CONTROL VEHICULO,0,1,0,0,19:10:00
-72.342919,-37.487697,803,8,REGION BIO BIO,8301,LOS ANGELES,LOS CARRERA,FRANCISCO ENCINA,0,"Av. Los Carrera & Av. Francisco Encina, Los Angeles, Los Ángeles, Bío Bío, Chile",-37.487697,-72.342919,1,GEOMETRIC_CENTER,2020,1279427,2020/05/05 00:00:00+00,COLISION POR ALCANCE,COLISION,URBANA,IMPRUDENCIA DEL CONDUCTOR,CONDUCCION NO ATENTO CONDICIONES TRANSITO MOMENTO,0,0,0,0,08:45:00
-73.096648,-36.839279,804,8,REGION BIO BIO,8108,SAN PEDRO DE LA PAZ,PEDRO AGUIRRE CERDA, ,1055,"Av. Pedro Aguirre Cerda 1055, San Pedro de la Paz, Bío Bío, Chile",-36.839279,-73.096648,1,ROOFTOP,2020,1317611,2020/12/10 00:00:00+00,CHOQUE POSTERIOR,CHOQUE,URBANA,IMPRUDENCIA DEL CONDUCTOR,CONDUCCION SIN MANTENER DISTANCIA RAZONABLE NI PRUDENTE,0,1,0,0,13:30:00
-72.3425361,-37.4880624,805,8,REGION BIO BIO,8301,LOS ANGELES,LOS CARRERA,LAS INDUSTRIAS,0,"Av. Los Carrera 1596, Los Angeles, Los Ángeles, Bío Bío, Chile",-37.4880624,-72.3425361,1,ROOFTOP,2020,1279429,2020/05/05 00:00:00+00,COLISION LATERAL,COLISION,URBANA,IMPRUDENCIA DEL CONDUCTOR,ADELANTAMIENTO POR LA BERMA,0,0,0,0,20:40:00
-73.1653089,-37.0902007,806,8,REGION BIO BIO,8106,LOTA,COSTANERA, ,0,"Parque Isidora Cousiño De Lota - Avenida El Parque 21 Lota, Biobío, Lota, Bío Bío, Chile",-37.0902007,-73.1653089,1,GEOMETRIC_CENTER,2020,1317626,2020/12/04 00:00:00+00,ATROPELLO,ATROPELLO,URBANA,PERDIDA CONTROL VEHICULO,PERDIDA CONTROL VEHICULO,0,1,0,0,08:30:00
-73.3244833,-37.2455279,807,8,REGION BIO BIO,8202,ARAUCO,LORD COCHRANE,CIENFUEGOS,0,"Cochrane & Cienfuegos, Arauco, Bío Bío, Chile",-37.2455279,-73.3244833,1,GEOMETRIC_CENTER,2020,1279710,2020/04/27 00:00:00+00,COLISION LATERAL,COLISION,URBANA,IMPRUDENCIA DEL CONDUCTOR,CONDUCCION NO ATENTO CONDICIONES TRANSITO MOMENTO,0,0,1,0,11:00:00
-73.1538316,-37.0811328,808,8,REGION BIO BIO,8106,LOTA,ATACAMA, ,1035,"Atacama 1035, Lota, Bío Bío, Chile",-37.0811328,-73.1538316,1,RANGE_INTERPOLATED,2020,1317628,2020/12/08 00:00:00+00,ATROPELLO,ATROPELLO,URBANA,ALCOHOL EN CONDUCTOR,CONDUCCION EN ESTADO DE EBRIEDAD,0,0,0,1,19:40:00
-73.0436564,-36.8197164,809,8,REGION BIO BIO,8101,CONCEPCION,LOS CARRERA,PAICAVI,0,"Los Carrera - Paicaví, Concepción, Bío Bío, Chile",-36.8197164,-73.0436564,1,GEOMETRIC_CENTER,2020,1279779,2020/05/05 00:00:00+00,COLISION LATERAL,COLISION,URBANA,IMPRUDENCIA DEL CONDUCTOR,CONDUCCION NO ATENTO CONDICIONES TRANSITO MOMENTO,0,0,0,0,11:10:00
-73.0291066,-36.9126111,810,8,REGION BIO BIO,8103,CHIGUAYANTE,OHIGGINS,AVDA OCHO ORIENTE,0,"Avenida Bernardo ohiggins 2401 local 8 Chiguayante, Biobío, Chiguayante, Bío Bío, Chile",-36.9126111,-73.0291066,1,GEOMETRIC_CENTER,2020,1317680,2020/12/03 00:00:00+00,COLISION POR ALCANCE,COLISION,URBANA,CAUSAS NO DETERMINADAS,CAUSAS NO DETERMINADAS,0,0,0,1,09:10:00
-73.0436466,-36.8262952,811,8,REGION BIO BIO,8101,CONCEPCION,OROMPELLO,SAN MARTIN,0,"San Martín & Orompello, Concepción, Bío Bío, Chile",-36.8262952,-73.0436466,1,GEOMETRIC_CENTER,2020,1279781,2020/05/02 00:00:00+00,COLISION,COLISION,URBANA,IMPRUDENCIA DEL CONDUCTOR,CONDUCCION NO ATENTO CONDICIONES TRANSITO MOMENTO,0,0,0,0,13:00:00
-73.0599601,-36.8264441,812,8,REGION BIO BIO,8101,CONCEPCION,LOS CARRERA, ,73,"Av. los Carrera 73, Concepción, Bío Bío, Chile",-36.8264441,-73.0599601,1,ROOFTOP,2020,1279782,2020/05/06 00:00:00+00,COLISION LATERAL,COLISION,URBANA,IMPRUDENCIA DEL CONDUCTOR,ADELANTAMIENTO SOBREPASANDO LINEA CONTINUA,0,0,0,0,19:45:00
-73.1136443,-36.7371621,813,8,REGION BIO BIO,8110,TALCAHUANO,GRAN BRETAÑA, ,825,"Gran Bretaña 825, Talcahuano, Bío Bío, Chile",-36.7371621,-73.1136443,1,RANGE_INTERPOLATED,2020,1279783,2020/05/06 00:00:00+00,COLISION LATERAL,COLISION,URBANA,IMPRUDENCIA DEL CONDUCTOR,CONDUCCION CAMBIAR SORPRESIVAMENTE PISTA CIRCULACION,0,0,0,0,10:46:00
-72.714257,-37.2826004,814,8,REGION BIO BIO,8304,LAJA,FELIX EICHER, ,351,"P. Félix Eicher 351, Laja, Bío Bío, Chile",-37.2826004,-72.714257,1,RANGE_INTERPOLATED,2020,1279816,2020/04/23 00:00:00+00,COLISION POR ALCANCE,COLISION,URBANA,IMPRUDENCIA DEL CONDUCTOR,CONDUCCION NO ATENTO CONDICIONES TRANSITO MOMENTO,0,0,0,2,11:35:00
-72.713804,-37.2809647,815,8,REGION BIO BIO,8304,LAJA,OHIGGINS, ,136,"OHiggins 136, Laja, Bío Bío, Chile",-37.2809647,-72.713804,1,RANGE_INTERPOLATED,2020,1279837,2020/05/05 00:00:00+00,CHOQUE LADO/LADO,CHOQUE,URBANA,IMPRUDENCIA DEL CONDUCTOR,CONDUCCION NO ATENTO CONDICIONES TRANSITO MOMENTO,0,0,0,0,13:45:00
-72.5683431,-37.092069,816,8,REGION BIO BIO,8313,YUMBEL,SERRANO,18 DE SEPTIEMBRE,0,"Serrano & 18 de Septiembre, Yumbel, Bío Bío, Chile",-37.092069,-72.5683431,1,GEOMETRIC_CENTER,2020,1279823,2020/04/25 00:00:00+00,ATROPELLO,ATROPELLO,URBANA,ALCOHOL EN PEATON,EBRIEDAD DEL PEATON,0,0,0,1,13:05:00
-72.7104678,-37.284865,817,8,REGION BIO BIO,8304,LAJA,LOS ARRAYANES, ,312,"Laja, Bío Bío, Chile",-37.284865,-72.7104678,1,APPROXIMATE,2020,1279828,2020/04/26 00:00:00+00,CHOQUE LADO/LADO,CHOQUE,URBANA,IMPRUDENCIA DEL CONDUCTOR,CONDUCCION NO ATENTO CONDICIONES TRANSITO MOMENTO,0,0,0,1,17:00:00
-72.7042911,-37.2643418,818,8,REGION BIO BIO,8304,LAJA,SAN MARTIN,CURACO,0,"San Martin & Pje. Curaco, Laja, Bío Bío, Chile",-37.2643418,-72.7042911,1,GEOMETRIC_CENTER,2020,1279830,2020/04/28 00:00:00+00,ATROPELLO,ATROPELLO,URBANA,IMPRUDENCIA DEL PEATON,PEATON CRUZA CALZADA FORMA SORPRESIVA O DESCUIDADA,0,0,1,0,18:30:00
-72.9565649,-36.6182688,819,8,REGION BIO BIO,8111,TOME,MARIANO EGAÑA, ,1033,"Mariano Egaña 1033, Tome, Tomé, Bío Bío, Chile",-36.6182688,-72.9565649,1,RANGE_INTERPOLATED,2020,1279899,2020/05/08 00:00:00+00,COLISION LATERAL,COLISION,URBANA,OTRAS CAUSAS,OTRAS CAUSAS,0,0,0,1,12:35:00
-72.790412,-36.6286456,820,8,REGION BIO BIO,8111,TOME,URREJOLA, ,700,"Rafael Urrejola 700, Rafael, Tomé, Bío Bío, Chile",-36.6286456,-72.790412,1,RANGE_INTERPOLATED,2020,1279910,2020/05/09 00:00:00+00,CHOQUE FRONTAL,CHOQUE,URBANA,IMPRUDENCIA DEL CONDUCTOR,CONDUCCION NO ATENTO CONDICIONES TRANSITO MOMENTO,0,0,1,0,10:10:00
-73.113477,-36.7242155,821,8,REGION BIO BIO,8110,TALCAHUANO,BILBAO, ,274,"Bilbao 274, Talcahuano, Bío Bío, Chile",-36.7242155,-73.113477,1,ROOFTOP,2020,1283501,2020/05/12 00:00:00+00,COLISION LATERAL,COLISION,URBANA,IMPRUDENCIA DEL CONDUCTOR,CONDUCCION CAMBIAR SORPRESIVAMENTE PISTA CIRCULACION,0,0,0,0,16:55:00
-72.3651797,-37.4800723,822,8,REGION BIO BIO,8301,LOS ANGELES,VICUÑA MACKENNA,LOS CIRUELOS,0,"Los Ciruelos & Avenida Vicuña Mackenna, Los Angeles, Los Ángeles, Bío Bío, Chile",-37.4800723,-72.3651797,1,GEOMETRIC_CENTER,2020,1280123,2020/05/08 00:00:00+00,COLISION LATERAL,COLISION,URBANA,IMPRUDENCIA DEL CONDUCTOR,CONDUCCION NO ATENTO CONDICIONES TRANSITO MOMENTO,0,1,0,1,15:30:00
-73.1307903,-36.7237878,823,8,REGION BIO BIO,8110,TALCAHUANO,LA MARINA, ,810,"La Marina 810, Talcahuano, Bío Bío, Chile",-36.7237878,-73.1307903,1,RANGE_INTERPOLATED,2020,1280195,2020/05/08 00:00:00+00,ATROPELLO,ATROPELLO,URBANA,IMPRUDENCIA DEL PEATON,PEATON CRUZA CALZADA FORMA SORPRESIVA O DESCUIDADA,0,1,0,0,15:40:00
-72.3683669,-37.4801677,824,8,REGION BIO BIO,8301,LOS ANGELES,PADRE HURTADO,VICUÑA MACKENNA,0,"Av. Vicuña Mackenna & Av. Padre Hurtado, Los Angeles, Los Ángeles, Bío Bío, Chile",-37.4801677,-72.3683669,1,GEOMETRIC_CENTER,2020,1280255,2020/05/09 00:00:00+00,CHOQUE FRONTAL,CHOQUE,URBANA,PERDIDA CONTROL VEHICULO,PERDIDA CONTROL VEHICULO,0,0,0,0,23:45:00
-72.4049714,-37.0362813,825,8,REGION BIO BIO,8303,CABRERO,VIAL,MANUEL PALACIOS,0,"Avenida Vial & Manuel Palacios, Cabrero, Bío Bío, Chile",-37.0362813,-72.4049714,1,GEOMETRIC_CENTER,2020,1280494,2020/05/09 00:00:00+00,COLISION LATERAL,COLISION,URBANA,IMPRUDENCIA DEL CONDUCTOR,CONDUCCION CONTRA SENTIDO DEL TRANSITO,0,0,0,1,20:05:00
-73.096648,-36.839279,826,8,REGION BIO BIO,8108,SAN PEDRO DE LA PAZ,PEDRO AGUIRRE CERDA, ,1055,"Av. Pedro Aguirre Cerda 1055, San Pedro de la Paz, Bío Bío, Chile",-36.839279,-73.096648,1,ROOFTOP,2020,1280575,2020/05/04 00:00:00+00,CHOQUE FRENTE/POSTERIOR,CHOQUE,URBANA,CAUSAS NO DETERMINADAS,CAUSAS NO DETERMINADAS,0,0,0,0,16:30:00
-73.041953,-36.8265632,827,8,REGION BIO BIO,8101,CONCEPCION,PEDRO AGUIRRE CERDA,MICHILAMONCO,0,"Diag. Pedro Aguirre Cerda 1180, Concepción, Bío Bío, Chile",-36.8265632,-73.041953,1,ROOFTOP,2020,1280577,2020/05/07 00:00:00+00,COLISION,COLISION,URBANA,CAUSAS NO DETERMINADAS,CAUSAS NO DETERMINADAS,0,0,0,0,15:15:00
-73.0956702,-36.8278845,828,8,REGION BIO BIO,8108,SAN PEDRO DE LA PAZ,PUENTE JUAN PABLO II, ,1,"Puente Juan Pablo II, San Pedro de la Paz, Bío Bío, Chile",-36.8278845,-73.0956702,1,GEOMETRIC_CENTER,2020,1280578,2020/05/08 00:00:00+00,COLISION,COLISION,URBANA,OTRAS CAUSAS,HECHO DELICTUAL,0,0,0,0,13:15:00
-73.0525033,-36.8248392,829,8,REGION BIO BIO,8101,CONCEPCION,MAIPU,CAUPOLICAN,0,"Caupolicán & Maipú, Concepción, Bío Bío, Chile",-36.8248392,-73.0525033,1,GEOMETRIC_CENTER,2020,1280587,2020/05/08 00:00:00+00,ATROPELLO,ATROPELLO,URBANA,IMPRUDENCIA DEL CONDUCTOR,CONDUCCION NO ATENTO CONDICIONES TRANSITO MOMENTO,0,0,0,1,15:00:00
-73.0461896,-36.8222157,830,8,REGION BIO BIO,8101,CONCEPCION,OROMPELLO,MAIPU,0,"Maipú & Orompello, Concepción, Bío Bío, Chile",-36.8222157,-73.0461896,1,GEOMETRIC_CENTER,2020,1280591,2020/05/09 00:00:00+00,COLISION PERPENDICULAR,COLISION,URBANA,IMPRUDENCIA DEL CONDUCTOR,CONDUCCION NO ATENTO CONDICIONES TRANSITO MOMENTO,0,0,0,0,15:00:00
-73.0461093,-36.8273051,831,8,REGION BIO BIO,8101,CONCEPCION,SAN MARTIN,CASTELLON,0,"San Martín & Castellón, Concepción, Bío Bío, Chile",-36.8273051,-73.0461093,1,GEOMETRIC_CENTER,2020,1280633,2020/05/09 00:00:00+00,COLISION PERPENDICULAR,COLISION,URBANA,IMPRUDENCIA DEL CONDUCTOR,CONDUCCION NO ATENTO CONDICIONES TRANSITO MOMENTO,0,0,0,0,13:00:00
-73.0594034,-36.8264888,832,8,REGION BIO BIO,8101,CONCEPCION,LOS CARRERA,SERRANO,0,"Avenida los Carrera & Serrano, Concepción, Bío Bío, Chile",-36.8264888,-73.0594034,1,GEOMETRIC_CENTER,2020,1280636,2020/05/10 00:00:00+00,COLISION PERPENDICULAR,COLISION,URBANA,DESOBEDIENCIA A SEÑALIZACION,SEÑALIZACION DESOBEDECER LUZ ROJA DE SEMAFORO,0,0,0,3,09:20:00
-73.0404403,-36.8185718,833,8,REGION BIO BIO,8101,CONCEPCION,LOS CARRERA,GALVARINO,0,"Galvarino & Avenida los Carrera, Concepción, Bío Bío, Chile",-36.8185718,-73.0404403,1,GEOMETRIC_CENTER,2020,1280638,2020/05/04 00:00:00+00,CHOQUE POSTERIOR,CHOQUE,URBANA,IMPRUDENCIA DEL CONDUCTOR,CONDUCCION SIN MANTENER DISTANCIA RAZONABLE NI PRUDENTE,0,0,0,0,12:50:00
-73.0455419,-36.8232329,834,8,REGION BIO BIO,8101,CONCEPCION,FREIRE,OROMPELLO,0,"Freire & Orompello, Concepción, Bío Bío, Chile",-36.8232329,-73.0455419,1,GEOMETRIC_CENTER,2020,1280645,2020/05/12 00:00:00+00,COLISION POR ALCANCE,COLISION,URBANA,IMPRUDENCIA DEL CONDUCTOR,CONDUCCION SIN MANTENER DISTANCIA RAZONABLE NI PRUDENTE,0,0,0,0,11:30:00
-73.3179978,-37.2472905,835,8,REGION BIO BIO,8202,ARAUCO,CAUPOLICAN,LOS CIPRESES,0,"Caupolicán 505, Arauco, Bío Bío, Chile",-37.2472905,-73.3179978,1,ROOFTOP,2020,1320265,2020/11/27 00:00:00+00,VOLCADURA,VOLCADURA,URBANA,PERDIDA CONTROL VEHICULO,PERDIDA CONTROL VEHICULO,0,0,0,3,18:30:00
-73.0893837,-36.7796997,836,8,REGION BIO BIO,8110,TALCAHUANO,SAN MIGUEL, ,7203,"San Miguel, Talcahuano, Bío Bío, Chile",-36.7796997,-73.0893837,1,GEOMETRIC_CENTER,2020,1280711,2020/05/03 00:00:00+00,CHOQUE FRENTE/LADO,CHOQUE,URBANA,IMPRUDENCIA DEL CONDUCTOR,VIRAJES INDEBIDOS,0,0,0,0,17:55:00
-73.1174563,-36.7819512,837,8,REGION BIO BIO,8112,HUALPEN,COSTANERA,YUGOSLAVIA,0,"Avenida Costanera & Yugoslavia, Hualpén, Bío Bío, Chile",-36.7819512,-73.1174563,1,GEOMETRIC_CENTER,2020,1280714,2020/05/12 00:00:00+00,COLISION,COLISION,URBANA,IMPRUDENCIA DEL CONDUCTOR,CONDUCCION CAMBIAR SORPRESIVAMENTE PISTA CIRCULACION,0,0,0,0,18:35:00