X,Y,FID,COD_REG,REGION,CUT,COMUNA,CALLE_UNO,CALLE_DOS,NUMERO,DIR_GEOCOD,LAT,LNG,VAL_COM,TIPO,Año,Idaccident,Fecha,Tipo_Accid,Tipo__CONA,Zona,Causa__CON,Causa,Fallecidos,Graves,Menos_Grav,Leves,Hora
-73.107437,-36.7335721,838,8,REGION BIO BIO,8110,TALCAHUANO,CRISTOBAL COLON, ,2400,"Colón 2400, Talcahuano, Bío Bío, Chile",-36.7335721,-73.107437,1,ROOFTOP,2020,1280719,2020/05/02 00:00:00+00,COLISION LATERAL,COLISION,URBANA,IMPRUDENCIA DEL CONDUCTOR,CONDUCCION CAMBIAR SORPRESIVAMENTE PISTA CIRCULACION,0,0,0,1,15:55:00
-72.3481845,-37.4657495,839,8,REGION BIO BIO,8301,LOS ANGELES,VILLAGRAN,COSTANERA QUILQUE,0,"Villagrán & Costanera Quilque Norte, Los Angeles, Los Ángeles, Bío Bío, Chile",-37.4657495,-72.3481845,1,GEOMETRIC_CENTER,2020,1280720,2020/05/13 00:00:00+00,COLISION POR ALCANCE,COLISION,URBANA,IMPRUDENCIA DEL CONDUCTOR,CONDUCCION NO ATENTO CONDICIONES TRANSITO MOMENTO,0,0,0,0,05:30:00
-73.0664635,-36.7918699,840,8,REGION BIO BIO,8110,TALCAHUANO,JORGE ALESSANDRI PALMA, ,3177,"Av. Pdte. Jorge Alessandri Rodriguez 3177, Talcahuano, Bío Bío, Chile",-36.7918699,-73.0664635,1,ROOFTOP,2020,1280726,2020/05/04 00:00:00+00,CHOQUE FRENTE/POSTERIOR,CHOQUE,URBANA,IMPRUDENCIA DEL CONDUCTOR,CONDUCCION SIN MANTENER DISTANCIA RAZONABLE NI PRUDENTE,0,0,0,0,15:45:00
-73.1125723,-36.7854984,841,8,REGION BIO BIO,8112,HUALPEN,FINLANDIA,GIBRALTAR,0,"Gibraltar & Finlandia, Hualpén, Bío Bío, Chile",-36.7854984,-73.1125723,1,GEOMETRIC_CENTER,2020,1280770,2020/05/13 00:00:00+00,COLISION,COLISION,URBANA,IMPRUDENCIA DEL CONDUCTOR,"ADELANTAMIENTO EN CRUCE, CURVA, CUESTA, PUENTE",0,0,0,0,14:15:00
-72.3262258,-37.4930639,842,8,REGION BIO BIO,8301,LOS ANGELES,ORIENTE,LA FRONTERA,0,"Cancha parque antuco - Avda. Ote. 2201, Los Angeles, Los Ángeles, Bío Bío, Chile",-37.4930639,-72.3262258,1,ROOFTOP,2020,1280813,2020/05/14 00:00:00+00,COLISION FRONTAL,COLISION,URBANA,DESOBEDIENCIA A SEÑALIZACION,SEÑALIZACION DESOBEDECER SEÑAL PARE,0,0,1,1,12:45:00
-73.1546161,-37.0844261,843,8,REGION BIO BIO,8106,LOTA,LA PAZ,JOSE MIGUEL CARRERA,0,"Jose Miguel Carrera 02 Lota, Biobío, Lota, Bío Bío, Chile",-37.0844261,-73.1546161,1,GEOMETRIC_CENTER,2020,1280920,2020/05/13 00:00:00+00,CHOQUE FRONTAL,CHOQUE,URBANA,IMPRUDENCIA DEL CONDUCTOR,CONDUCCION NO ATENTO CONDICIONES TRANSITO MOMENTO,0,0,0,1,20:25:00
-73.1560878,-37.0918972,844,8,REGION BIO BIO,8106,LOTA,ANIBAL PINTO,SERRANO,0,"Aníbal Pinto & Serrano, Lota, Bío Bío, Chile",-37.0918972,-73.1560878,1,GEOMETRIC_CENTER,2020,1280922,2020/05/14 00:00:00+00,CHOQUE FRENTE/POSTERIOR,CHOQUE,URBANA,IMPRUDENCIA DEL CONDUCTOR,CONDUCCION NO ATENTO CONDICIONES TRANSITO MOMENTO,0,0,0,0,17:00:00
-72.9531789,-36.6170345,845,8,REGION BIO BIO,8111,TOME,ANIBAL PINTO,SOTOMAYOR,0,"Aníbal Pinto & Sotomayor, Tome, Tomé, Bío Bío, Chile",-36.6170345,-72.9531789,1,GEOMETRIC_CENTER,2020,1280944,2020/05/15 00:00:00+00,CHOQUE POSTERIOR/POSTERIOR,CHOQUE,URBANA,IMPRUDENCIA DEL CONDUCTOR,CONDUCIR VEHICULO EN RETROCESO,0,0,0,0,13:45:00
-73.051234,-36.8217151,846,8,REGION BIO BIO,8101,CONCEPCION,COLO COLO,LAS HERAS,0,"Colo Colo & Las Heras, Concepción, Bío Bío, Chile",-36.8217151,-73.051234,1,GEOMETRIC_CENTER,2020,1281037,2020/05/15 00:00:00+00,CHOQUE POSTERIOR,CHOQUE,URBANA,IMPRUDENCIA DEL CONDUCTOR,CONDUCCION SIN MANTENER DISTANCIA RAZONABLE NI PRUDENTE,0,0,0,0,17:10:00
-73.0589464,-36.836343,847,8,REGION BIO BIO,8101,CONCEPCION,ESMERALDA,ERRAZURIZ,0,"Errázuriz & Esmeralda, Concepción, Bío Bío, Chile",-36.836343,-73.0589464,1,GEOMETRIC_CENTER,2020,1281056,2020/05/16 00:00:00+00,ATROPELLO,ATROPELLO,URBANA,IMPRUDENCIA DEL PEATON,PEATON CRUZA CALZADA FORMA SORPRESIVA O DESCUIDADA,0,0,0,1,21:20:00
-73.0598003,-36.8367012,848,8,REGION BIO BIO,8101,CONCEPCION,COSTANERA,ESMERALDA,0,"Costanera & Esmeralda, Concepción, Bío Bío, Chile",-36.8367012,-73.0598003,1,GEOMETRIC_CENTER,2020,1281060,2020/05/17 00:00:00+00,COLISION POR ALCANCE,COLISION,URBANA,IMPRUDENCIA DEL CONDUCTOR,CONDUCCION SIN MANTENER DISTANCIA RAZONABLE NI PRUDENTE,0,0,0,1,13:00:00
-73.0921227,-36.7537947,849,8,REGION BIO BIO,8110,TALCAHUANO,CRISTOABL COLON, ,2194,"Gómez Carreño 2194, Talcahuano, Bío Bío, Chile",-36.7537947,-73.0921227,1,RANGE_INTERPOLATED,2020,1281403,2020/05/12 00:00:00+00,CHOQUE FRENTE/POSTERIOR,CHOQUE,URBANA,IMPRUDENCIA DEL CONDUCTOR,CONDUCCION SIN MANTENER DISTANCIA RAZONABLE NI PRUDENTE,0,0,0,0,15:30:00
-73.0920755,-36.7525084,850,8,REGION BIO BIO,8110,TALCAHUANO,GOMEZ CARREÑO, ,3751,"Gómez Carreño 3751, Talcahuano, Bío Bío, Chile",-36.7525084,-73.0920755,1,RANGE_INTERPOLATED,2020,1281213,2020/05/10 00:00:00+00,CHOQUE FRONTAL,CHOQUE,URBANA,PERDIDA CONTROL VEHICULO,PERDIDA CONTROL VEHICULO,0,0,0,0,08:20:00
-73.0881616,-36.7613948,851,8,REGION BIO BIO,8110,TALCAHUANO,CRISTOBAL COLON, ,5308,"Gómez Carreño 5308, Talcahuano, Bío Bío, Chile",-36.7613948,-73.0881616,1,RANGE_INTERPOLATED,2020,1281228,2020/05/10 00:00:00+00,CHOQUE FRENTE/POSTERIOR,CHOQUE,URBANA,IMPRUDENCIA DEL CONDUCTOR,CONDUCCION SIN MANTENER DISTANCIA RAZONABLE NI PRUDENTE,0,0,0,0,12:30:00
-73.113477,-36.7242155,852,8,REGION BIO BIO,8110,TALCAHUANO,BILBAO, ,274,"Bilbao 274, Talcahuano, Bío Bío, Chile",-36.7242155,-73.113477,1,ROOFTOP,2020,1281232,2020/05/12 00:00:00+00,COLISION LATERAL,COLISION,URBANA,IMPRUDENCIA DEL CONDUCTOR,CONDUCCION CAMBIAR SORPRESIVAMENTE PISTA CIRCULACION,0,0,0,0,16:45:00
-72.9593421,-36.602966,853,8,REGION BIO BIO,8111,TOME,ENRIQUE MOLINA,DIAGONAL BIO BIO,0,"Enrique Molina G & Bío Bío, Tome, Tomé, Bío Bío, Chile",-36.602966,-72.9593421,1,GEOMETRIC_CENTER,2020,1281264,2020/05/17 00:00:00+00,COLISION PERPENDICULAR,COLISION,URBANA,IMPRUDENCIA DEL CONDUCTOR,CONDUCCION NO ATENTO CONDICIONES TRANSITO MOMENTO,0,0,0,0,03:45:00
-73.0491588,-36.8286803,854,8,REGION BIO BIO,8101,CONCEPCION,SAN MARTIN, ,654,"San Martín 654, Concepción, Bío Bío, Chile",-36.8286803,-73.0491588,1,ROOFTOP,2020,1281441,2020/05/18 00:00:00+00,COLISION LATERAL,COLISION,URBANA,IMPRUDENCIA DEL CONDUCTOR,CONDUCCION NO ATENTO CONDICIONES TRANSITO MOMENTO,0,0,0,0,16:30:00
-73.0519172,-36.8232611,855,8,REGION BIO BIO,8101,CONCEPCION,LOS CARRERA,ANIBAL PINTO,0,"Anibal Pinto & Avenida los Carrera, Concepción, Bío Bío, Chile",-36.8232611,-73.0519172,1,GEOMETRIC_CENTER,2020,1281432,2020/05/18 00:00:00+00,COLISION LATERAL,COLISION,URBANA,IMPRUDENCIA DEL CONDUCTOR,CONDUCCION NO ATENTO CONDICIONES TRANSITO MOMENTO,0,0,0,0,11:30:00
-73.0467918,-36.8212535,856,8,REGION BIO BIO,8101,CONCEPCION,OROMPELLO,LOS CARRERA,0,"Avenida los Carrera & Orompello, Concepción, Bío Bío, Chile",-36.8212535,-73.0467918,1,GEOMETRIC_CENTER,2020,1281435,2020/05/18 00:00:00+00,COLISION PERPENDICULAR,COLISION,URBANA,DESOBEDIENCIA A SEÑALIZACION,SEÑALIZACION DESOBEDECER LUZ ROJA DE SEMAFORO,0,0,0,0,07:15:00
-73.0508421,-36.8267498,857,8,REGION BIO BIO,8101,CONCEPCION,CAUPOLICAN,BARROS ARANA,0,"Barros Arana & Caupolicán, Concepción, Bío Bío, Chile",-36.8267498,-73.0508421,1,GEOMETRIC_CENTER,2020,1281463,2020/05/19 00:00:00+00,COLISION PERPENDICULAR,COLISION,URBANA,DESOBEDIENCIA A SEÑALIZACION,SEÑALIZACION DESOBEDECER SEÑAL CEDA EL PASO,0,0,0,0,13:05:00
-73.0392404,-36.8256521,858,8,REGION BIO BIO,8101,CONCEPCION,COCHRANE,JANEQUEO,0,"Janequeo & Cochrane, Concepción, Bío Bío, Chile",-36.8256521,-73.0392404,1,GEOMETRIC_CENTER,2020,1281465,2020/05/19 00:00:00+00,CHOQUE LATERAL,CHOQUE,URBANA,IMPRUDENCIA DEL CONDUCTOR,ADELANTAMIENTO SOBREPASANDO LINEA CONTINUA,0,0,0,0,17:00:00
-73.0525033,-36.8248392,859,8,REGION BIO BIO,8101,CONCEPCION,MAIPU,CAUPOLICAN,0,"Caupolicán & Maipú, Concepción, Bío Bío, Chile",-36.8248392,-73.0525033,1,GEOMETRIC_CENTER,2020,1281548,2020/05/20 00:00:00+00,ATROPELLO,ATROPELLO,URBANA,IMPRUDENCIA DEL PEATON,PEATON CRUZA CALZADA FORMA SORPRESIVA O DESCUIDADA,0,0,0,1,13:00:00
-72.4000079,-37.0283386,860,8,REGION BIO BIO,8303,CABRERO,GRAL CRUZ, ,19,"Gral. Cruz 19, Cabrero, Bío Bío, Chile",-37.0283386,-72.4000079,1,RANGE_INTERPOLATED,2020,1281618,2020/05/15 00:00:00+00,CHOQUE POSTERIOR,CHOQUE,URBANA,IMPRUDENCIA DEL CONDUCTOR,CONDUCCION NO ATENTO CONDICIONES TRANSITO MOMENTO,0,0,0,0,12:40:00
-73.1045624,-36.7929971,861,8,REGION BIO BIO,8112,HUALPEN,ALEMANIA,BREMEN,0,"Bremen & Alemania, Hualpén, Bío Bío, Chile",-36.7929971,-73.1045624,1,GEOMETRIC_CENTER,2020,1281742,2020/05/16 00:00:00+00,COLISION,COLISION,URBANA,IMPRUDENCIA DEL CONDUCTOR,VIRAJES INDEBIDOS,0,0,0,0,19:30:00
-73.1099531,-36.7866757,862,8,REGION BIO BIO,8112,HUALPEN,O-60,GRAN BRETAÑA,0,"Hualpén, Bío Bío, Chile",-36.7866757,-73.1099531,1,APPROXIMATE,2020,1281744,2020/05/18 00:00:00+00,CHOQUE,CHOQUE,URBANA,PERDIDA CONTROL VEHICULO,PERDIDA CONTROL VEHICULO,0,0,0,0,06:20:00
-73.1045624,-36.7929971,863,8,REGION BIO BIO,8112,HUALPEN,BREMEN,ALEMANIA,0,"Bremen & Alemania, Hualpén, Bío Bío, Chile",-36.7929971,-73.1045624,1,GEOMETRIC_CENTER,2020,1281749,2020/05/19 00:00:00+00,CHOQUE,CHOQUE,URBANA,IMPRUDENCIA DEL CONDUCTOR,CONDUCCION NO ATENTO CONDICIONES TRANSITO MOMENTO,0,0,0,0,13:50:00
-72.940964,-36.6235062,864,8,REGION BIO BIO,8111,TOME,MANUEL MONTT, ,1880,"Manuel Montt 1880, Tomé, Bío Bío, Chile",-36.6235062,-72.940964,1,RANGE_INTERPOLATED,2020,1281825,2020/05/20 00:00:00+00,CHOQUE FRONTAL,CHOQUE,URBANA,PERDIDA CONTROL VEHICULO,PERDIDA CONTROL VEHICULO,0,1,0,1,11:00:00
-73.1341319,-36.8506206,865,8,REGION BIO BIO,8108,SAN PEDRO DE LA PAZ,LAS INDUSTRIAS, ,3655,"Las Industrias 3655, San Pedro de la Paz, Bío Bío, Chile",-36.8506206,-73.1341319,1,ROOFTOP,2020,1281832,2020/05/18 00:00:00+00,COLISION POR ALCANCE,COLISION,URBANA,IMPRUDENCIA DEL CONDUCTOR,CONDUCCION NO ATENTO CONDICIONES TRANSITO MOMENTO,0,0,0,0,10:00:00
-73.0978932,-36.8444675,866,8,REGION BIO BIO,8108,SAN PEDRO DE LA PAZ,MANUEL RODRIGUEZ,CAMILO HENRIQUEZ,0,"Los Canelos 103, Biobío, San Pedro de la Paz, Bío Bío, Chile",-36.8444675,-73.0978932,1,ROOFTOP,2020,1281834,2020/05/15 00:00:00+00,CHOQUE FRONTAL,CHOQUE,URBANA,ALCOHOL EN CONDUCTOR,CONDUCCION EN ESTADO DE EBRIEDAD,0,0,0,1,23:25:00
-73.6469814,-37.6019225,867,8,REGION BIO BIO,8201,LEBU,CHACABUCO,EL ROBLE,0,"El Roble & Chacabuco, Lebu, Bío Bío, Chile",-37.6019225,-73.6469814,1,GEOMETRIC_CENTER,2020,1281845,2020/05/09 00:00:00+00,IMPACTO CON ANIMAL,OTRO TIPO,URBANA,DEFICIENCIAS VIALES,ANIMALES SUELTOS VIA PUBLICA,0,0,0,0,21:30:00
-73.0529948,-36.8289288,868,8,REGION BIO BIO,8101,CONCEPCION,OHIGGINS,LINCOYAN,0,"Lincoyán & Libertador Gral. Bernardo OHiggins, Concepción, Bío Bío, Chile",-36.8289288,-73.0529948,1,GEOMETRIC_CENTER,2020,1281860,2020/05/15 00:00:00+00,CHOQUE POSTERIOR/POSTERIOR,CHOQUE,URBANA,CAUSAS NO DETERMINADAS,CAUSAS NO DETERMINADAS,0,0,0,0,17:10:00
-72.3361001,-37.4900589,869,8,REGION BIO BIO,8301,LOS ANGELES,CAMINO TOLPAN, ,1,"Tolpan 1, Los Angeles, Los Ángeles, Bío Bío, Chile",-37.4900589,-72.3361001,1,RANGE_INTERPOLATED,2020,1281884,2020/05/16 00:00:00+00,VOLCADURA,VOLCADURA,URBANA,ALCOHOL EN CONDUCTOR,CONDUCCION EN ESTADO DE EBRIEDAD,0,0,0,0,22:30:00
-72.3824811,-37.4682613,870,8,REGION BIO BIO,8301,LOS ANGELES,GALVARINO,LAS TORCAZAS,0,"Galvarino & Las Torcazas, Los Ángeles, Bío Bío, Chile",-37.4682613,-72.3824811,1,GEOMETRIC_CENTER,2020,1281900,2020/05/17 00:00:00+00,COLISION LATERAL,COLISION,URBANA,IMPRUDENCIA DEL CONDUCTOR,CONDUCCION NO ATENTO CONDICIONES TRANSITO MOMENTO,0,0,0,0,06:00:00
-73.0370547,-36.7916302,871,8,REGION BIO BIO,8101,CONCEPCION,ABDON CIFUNTES, ,276,"Abdón Cifuentes 276, Concepción, Bío Bío, Chile",-36.7916302,-73.0370547,1,RANGE_INTERPOLATED,2020,1281925,2020/05/03 00:00:00+00,CHOQUE FRONTAL,CHOQUE,URBANA,ALCOHOL EN CONDUCTOR,CONDUCCION EN ESTADO DE EBRIEDAD,0,0,0,1,22:20:00
-73.0500093,-36.8212047,872,8,REGION BIO BIO,8101,CONCEPCION,CASTELLON,LAS HERAS,0,"Castellón & Las Heras, Concepción, Bío Bío, Chile",-36.8212047,-73.0500093,1,GEOMETRIC_CENTER,2020,1281935,2020/05/19 00:00:00+00,COLISION LATERAL,COLISION,URBANA,DESOBEDIENCIA A SEÑALIZACION,SEÑALIZACION DESOBEDECER SEÑAL PARE,0,0,0,1,12:50:00
-73.0518036,-36.8165315,873,8,REGION BIO BIO,8101,CONCEPCION,TUCAPEL, ,1313,"Tucapel 1313, Concepción, Bío Bío, Chile",-36.8165315,-73.0518036,1,ROOFTOP,2020,1281961,2020/05/02 00:00:00+00,CHOQUE POSTERIOR/POSTERIOR,CHOQUE,URBANA,IMPRUDENCIA DEL CONDUCTOR,CONDUCCION SIN MANTENER DISTANCIA RAZONABLE NI PRUDENTE,0,0,0,0,14:20:00
-73.0599109,-36.7985462,874,8,REGION BIO BIO,8101,CONCEPCION,PAICAVI,ALONSO DE RIVERA,0,"Avenida Alonso de Ribera & Paicaví, Concepción, Bío Bío, Chile",-36.7985462,-73.0599109,1,GEOMETRIC_CENTER,2020,1281970,2020/05/04 00:00:00+00,COLISION LATERAL,COLISION,URBANA,CAUSAS NO DETERMINADAS,CAUSAS NO DETERMINADAS,0,0,0,1,21:45:00
-73.0545232,-36.8166568,875,8,REGION BIO BIO,8101,CONCEPCION,MANUEL RODRIGUEZ,COLO COLO,0,"Manuel Rodríguez & Colo Colo, Concepción, Bío Bío, Chile",-36.8166568,-73.0545232,1,GEOMETRIC_CENTER,2020,1281983,2020/05/05 00:00:00+00,COLISION LATERAL,COLISION,URBANA,DESOBEDIENCIA A SEÑALIZACION,SEÑALIZACION DESOBEDECER SEÑAL CEDA EL PASO,0,0,0,0,08:35:00
-72.3481875,-37.46622,876,8,REGION BIO BIO,8301,LOS ANGELES,VILLAGRAN,TUCAPEL,0,"Avenida Tucapel & Villagrán, Los Angeles, Los Ángeles, Bío Bío, Chile",-37.46622,-72.3481875,1,GEOMETRIC_CENTER,2020,1281996,2020/05/18 00:00:00+00,COLISION POR ALCANCE,COLISION,URBANA,IMPRUDENCIA DEL CONDUCTOR,CONDUCCION NO ATENTO CONDICIONES TRANSITO MOMENTO,0,0,0,0,14:25:00
-73.0573229,-36.8027177,877,8,REGION BIO BIO,8101,CONCEPCION,CATALUÑA, ,1156,"Cataluña 1156, Concepción, Bío Bío, Chile",-36.8027177,-73.0573229,1,RANGE_INTERPOLATED,2020,1282029,2020/05/12 00:00:00+00,COLISION POR ALCANCE,COLISION,URBANA,CAUSAS NO DETERMINADAS,CAUSAS NO DETERMINADAS,0,0,0,0,16:40:00
-73.0775195,-36.8084399,878,8,REGION BIO BIO,8101,CONCEPCION,JORGE ALESSANDRI,SALIDA FORESTAL ARAUCO,0,"Unnamed Road, Concepción, Bío Bío, Chile",-36.8084399,-73.0775195,1,GEOMETRIC_CENTER,2020,1282036,2020/05/15 00:00:00+00,COLISION LATERAL,COLISION,URBANA,CAUSAS NO DETERMINADAS,CAUSAS NO DETERMINADAS,0,0,0,0,16:40:00
-73.0455419,-36.8232329,879,8,REGION BIO BIO,8101,CONCEPCION,OROMPELLO,FREIRE,0,"Freire & Orompello, Concepción, Bío Bío, Chile",-36.8232329,-73.0455419,1,GEOMETRIC_CENTER,2020,1282038,2020/05/15 00:00:00+00,COLISION LATERAL,COLISION,URBANA,CAUSAS NO DETERMINADAS,CAUSAS NO DETERMINADAS,0,0,0,0,18:43:00
-73.0436564,-36.8197164,880,8,REGION BIO BIO,8101,CONCEPCION,LOS CARRERA,PAICAVI,0,"Los Carrera - Paicaví, Concepción, Bío Bío, Chile",-36.8197164,-73.0436564,1,GEOMETRIC_CENTER,2020,1282040,2020/05/05 00:00:00+00,COLISION LATERAL,COLISION,URBANA,IMPRUDENCIA DEL CONDUCTOR,CONDUCCION NO ATENTO CONDICIONES TRANSITO MOMENTO,0,0,0,0,12:15:00
-73.0905075,-36.8073748,881,8,REGION BIO BIO,8112,HUALPEN,COSTANERA, ,9781,"Av. Costanera 9781, Hualpén, Bío Bío, Chile",-36.8073748,-73.0905075,1,ROOFTOP,2020,1282076,2020/05/22 00:00:00+00,COLISION,COLISION,URBANA,IMPRUDENCIA DEL CONDUCTOR,CONDUCCION CAMBIAR SORPRESIVAMENTE PISTA CIRCULACION,0,0,0,0,09:30:00
-73.1085995,-36.7396389,882,8,REGION BIO BIO,8110,TALCAHUANO,ALTO HORNO, ,850,"Alto Horno 850, Talcahuano, Bío Bío, Chile",-36.7396389,-73.1085995,1,ROOFTOP,2020,1282082,2020/05/23 00:00:00+00,CHOQUE FRENTE/POSTERIOR,CHOQUE,URBANA,IMPRUDENCIA DEL CONDUCTOR,CONDUCCION SIN MANTENER DISTANCIA RAZONABLE NI PRUDENTE,0,0,0,0,15:50:00
-73.3970052,-37.805731,883,8,REGION BIO BIO,8203,CAÑETE,MARIQUEO,LAUTARO,0,"Lautaro & Mariqueo, Canete, Cañete, Bío Bío, Chile",-37.805731,-73.3970052,1,GEOMETRIC_CENTER,2020,1282107,2020/05/18 00:00:00+00,CHOQUE,CHOQUE,URBANA,ALCOHOL EN CONDUCTOR,CONDUCCION EN ESTADO DE EBRIEDAD,0,0,0,0,19:40:00
-73.111347,-36.7140617,884,8,REGION BIO BIO,8110,TALCAHUANO,BLANCO ENCALADA, ,11,"Blanco Encalada, Talcahuano, Bío Bío, Chile",-36.7140617,-73.111347,1,GEOMETRIC_CENTER,2020,1282114,2020/05/13 00:00:00+00,COLISION LATERAL,COLISION,URBANA,IMPRUDENCIA DEL CONDUCTOR,CONDUCCION CAMBIAR SORPRESIVAMENTE PISTA CIRCULACION,0,0,0,1,17:20:00
-72.35522,-37.4651202,885,8,REGION BIO BIO,8301,LOS ANGELES,LIENTUR,ERCILLA,0,"Ercilla & Lientur, Los Angeles, Los Ángeles, Bío Bío, Chile",-37.4651202,-72.35522,1,GEOMETRIC_CENTER,2020,1282125,2020/05/20 00:00:00+00,COLISION LATERAL,COLISION,URBANA,IMPRUDENCIA DEL CONDUCTOR,CONDUCCION NO ATENTO CONDICIONES TRANSITO MOMENTO,0,0,0,1,20:00:00
-71.9452071,-37.2358806,886,8,REGION BIO BIO,8312,TUCAPEL,SAN GUILLERMO, ,668,"San Guillermo 668, Huepil, Tucapel, Bío Bío, Chile",-37.2358806,-71.9452071,1,RANGE_INTERPOLATED,2020,1282127,2020/05/20 00:00:00+00,CHOQUE FRONTAL,CHOQUE,URBANA,ALCOHOL EN CONDUCTOR,CONDUCCION EN ESTADO DE EBRIEDAD,0,0,0,1,10:55:00
-73.1106246,-36.7247616,887,8,REGION BIO BIO,8110,TALCAHUANO,CAUPOLICAN,BARROS ARANA,0,"Caupolicán & Barros Arana, Talcahuano, Bío Bío, Chile",-36.7247616,-73.1106246,1,GEOMETRIC_CENTER,2020,1282128,2020/05/14 00:00:00+00,COLISION LATERAL,COLISION,URBANA,IMPRUDENCIA DEL CONDUCTOR,NO RESPETAR DERECHO PREFERENTE DE PASO A VEHICULO,0,0,0,0,16:45:00
-72.3366622,-37.4673462,888,8,REGION BIO BIO,8301,LOS ANGELES,DR GENARIO REYES, ,581,"DR GENARO REYES 581,LOS ANGELES ,BIO BIO OFICINA 402 Los Ángeles, Biobío, Los Ángeles, Región del Biobío, Chile",-37.4673462,-72.3366622,1,GEOMETRIC_CENTER,2020,1282190,2020/05/22 00:00:00+00,CHOQUE POSTERIOR/LADO,CHOQUE,URBANA,IMPRUDENCIA DEL CONDUCTOR,CONDUCCION NO ATENTO CONDICIONES TRANSITO MOMENTO,0,0,0,0,17:55:00
-72.3552194,-37.4662085,889,8,REGION BIO BIO,8301,LOS ANGELES,TUCAPEL,ERCILLA,0,"Avenida Tucapel & Ercilla, Los Angeles, Los Ángeles, Bío Bío, Chile",-37.4662085,-72.3552194,1,GEOMETRIC_CENTER,2020,1282146,2020/05/21 00:00:00+00,COLISION LATERAL,COLISION,URBANA,IMPRUDENCIA DEL CONDUCTOR,CONDUCCION NO ATENTO CONDICIONES TRANSITO MOMENTO,0,0,0,2,10:50:00
-72.3478471,-37.4556286,890,8,REGION BIO BIO,8301,LOS ANGELES,GUACOLDA,COVADONGA,0,"Guacolda & Covadonga, Los Angeles, Los Ángeles, Bío Bío, Chile",-37.4556286,-72.3478471,1,GEOMETRIC_CENTER,2020,1282148,2020/05/21 00:00:00+00,CHOQUE FRONTAL,CHOQUE,URBANA,ALCOHOL EN CONDUCTOR,CONDUCCION EN ESTADO DE EBRIEDAD,0,0,0,0,22:20:00
-73.021847,-36.9335783,891,8,REGION BIO BIO,8103,CHIGUAYANTE,MANUEL RODRIGUEZ,LIBERTAD,0,"Libertad & Avenida Manuel Rodríguez, Chiguayante, Bío Bío, Chile",-36.9335783,-73.021847,1,GEOMETRIC_CENTER,2020,1282155,2020/05/13 00:00:00+00,COLISION PERPENDICULAR,COLISION,URBANA,CAUSAS NO DETERMINADAS,CAUSAS NO DETERMINADAS,0,0,0,1,13:45:00
-73.0436675,-36.821115,892,8,REGION BIO BIO,8101,CONCEPCION,PAICAVI,MAIPU,0,"Maipú & Paicaví, Concepción, Bío Bío, Chile",-36.821115,-73.0436675,1,GEOMETRIC_CENTER,2020,1282156,2020/05/22 00:00:00+00,COLISION PERPENDICULAR,COLISION,URBANA,IMPRUDENCIA DEL CONDUCTOR,CONDUCCION NO ATENTO CONDICIONES TRANSITO MOMENTO,0,0,0,0,20:10:00
-73.0710541,-36.8275269,893,8,REGION BIO BIO,8101,CONCEPCION,COSTANERA,LAS HERAS,0,"Parque Costanera Concepción - Av. Costanera 8000, Concepción, Bío Bío, Chile",-36.8275269,-73.0710541,1,ROOFTOP,2020,1282158,2020/05/23 00:00:00+00,COLISION,COLISION,URBANA,FALLAS MECANICAS,FALLAS MECANICAS FRENOS,0,0,0,0,11:30:00
-73.0314566,-36.9064214,894,8,REGION BIO BIO,8103,CHIGUAYANTE,OCHO ORIENTE,CALLE UNO,0,"C. 1 & Calle 8 Ote., Chiguayante, Bío Bío, Chile",-36.9064214,-73.0314566,1,GEOMETRIC_CENTER,2020,1282179,2020/05/20 00:00:00+00,CHOQUE FRENTE/POSTERIOR,CHOQUE,URBANA,CAUSAS NO DETERMINADAS,CAUSAS NO DETERMINADAS,0,0,0,0,21:50:00
-73.0468736,-36.860515,895,8,REGION BIO BIO,8103,CHIGUAYANTE,ENRIQUE VAN RYSSELBERGUE, ,1945,"Enrique Van Rysselberghe Martinez, Concepción, Chiguayante, Bío Bío, Chile",-36.860515,-73.0468736,1,GEOMETRIC_CENTER,2020,1282183,2020/05/21 00:00:00+00,CHOQUE FRONTAL,CHOQUE,URBANA,CAUSAS NO DETERMINADAS,CAUSAS NO DETERMINADAS,0,0,0,0,04:00:00
-73.1432837,-36.720285,896,8,REGION BIO BIO,8110,TALCAHUANO,LOS DELFINES, ,1787,"Los Delfines 1787, Talcahuano, Bío Bío, Chile",-36.720285,-73.1432837,1,RANGE_INTERPOLATED,2020,1282187,2020/05/17 00:00:00+00,CHOQUE POSTERIOR/POSTERIOR,CHOQUE,URBANA,IMPRUDENCIA DEL CONDUCTOR,CONDUCCION NO ATENTO CONDICIONES TRANSITO MOMENTO,0,0,0,0,21:00:00
-73.0114913,-36.9462515,897,8,REGION BIO BIO,8103,CHIGUAYANTE,OHIGGINS,PORVENIR,0,"OHiggins Poniente & Porvenir, Chiguayante, Bío Bío, Chile",-36.9462515,-73.0114913,1,GEOMETRIC_CENTER,2020,1282188,2020/05/12 00:00:00+00,CHOQUE FRENTE/POSTERIOR,CHOQUE,URBANA,OTRAS CAUSAS,OTRAS CAUSAS,0,0,0,0,10:30:00