X,Y,FID,COD_REG,REGION,CUT,COMUNA,CALLE_UNO,CALLE_DOS,NUMERO,DIR_GEOCOD,LAT,LNG,VAL_COM,TIPO,Año,Idaccident,Fecha,Tipo_Accid,Tipo__CONA,Zona,Causa__CON,Causa,Fallecidos,Graves,Menos_Grav,Leves,Hora
-73.054312,-36.829392,898,8,REGION BIO BIO,8101,CONCEPCION,OHIGGINS,ANGOL,0,"Angol & Libertador General Bernardo OHiggins, Concepción, Bío Bío, Chile",-36.829392,-73.054312,1,GEOMETRIC_CENTER,2020,1282192,2020/05/25 00:00:00+00,COLISION LATERAL,COLISION,URBANA,IMPRUDENCIA DEL CONDUCTOR,NO RESPETAR DERECHO PREFERENTE DE PASO A VEHICULO,0,0,0,0,09:30:00
-73.3397987,-37.4762076,899,8,REGION BIO BIO,8205,CURANILAHUE,GUACOLDA,18 DE SEPTIEMBRE,0,"Guacolda 18, Curanilahue, Bío Bío, Chile",-37.4762076,-73.3397987,1,RANGE_INTERPOLATED,2020,1282234,2020/05/23 00:00:00+00,COLISION,COLISION,URBANA,IMPRUDENCIA DEL CONDUCTOR,CONDUCCION CAMBIAR SORPRESIVAMENTE PISTA CIRCULACION,0,0,0,1,17:00:00
-72.3271938,-37.440257,900,8,REGION BIO BIO,8301,LOS ANGELES,LAS INDUSTRIAS, ,6252,"Av Las Industrias 6252, Los Ángeles, Bío Bío, Chile",-37.440257,-72.3271938,1,RANGE_INTERPOLATED,2020,1282196,2020/05/23 00:00:00+00,CHOQUE FRENTE/POSTERIOR,CHOQUE,URBANA,IMPRUDENCIA DEL CONDUCTOR,CONDUCCION NO ATENTO CONDICIONES TRANSITO MOMENTO,0,0,0,0,19:40:00
-73.0407721,-36.8741062,901,8,REGION BIO BIO,8103,CHIGUAYANTE,CAMINO A CHIGUAYANTE,NAHUELBUTA,0,"Camino A Chiguayante & Alto Nahuelbuta, Concepción, Chiguayante, Bío Bío, Chile",-36.8741062,-73.0407721,1,GEOMETRIC_CENTER,2020,1282291,2020/05/14 00:00:00+00,VOLCADURA,VOLCADURA,URBANA,CAUSAS NO DETERMINADAS,CAUSAS NO DETERMINADAS,0,1,0,0,15:50:00
-73.016474,-36.9460732,902,8,REGION BIO BIO,8103,CHIGUAYANTE,MANUEL RODRIGUEZ,ESPERANZA,0,"Esperanza & Avenida Manuel Rodríguez, Chiguayante, Bío Bío, Chile",-36.9460732,-73.016474,1,GEOMETRIC_CENTER,2020,1282327,2020/05/19 00:00:00+00,ATROPELLO,ATROPELLO,URBANA,DESOBEDIENCIA A SEÑALIZACION,SEÑALIZACION DESOBEDECER LUZ ROJA DE SEMAFORO,0,1,0,0,07:20:00
-73.0312956,-36.902995,903,8,REGION BIO BIO,8103,CHIGUAYANTE,OCHO ORIENTE, ,1356,"Calle 8 Ote. 1356, Chiguayante, Bío Bío, Chile",-36.902995,-73.0312956,1,RANGE_INTERPOLATED,2020,1282335,2020/05/15 00:00:00+00,VOLCADURA,VOLCADURA,URBANA,FALLAS MECANICAS,FALLAS MECANICAS NEUMATICOS,0,0,0,1,08:44:00
-73.0895142,-36.795944,904,8,REGION BIO BIO,8112,HUALPEN,CAMINO A RAMUNTCHO, ,200,"Ramuntcho 200, Hualpén, Bío Bío, Chile",-36.795944,-73.0895142,1,RANGE_INTERPOLATED,2020,1282356,2020/05/26 00:00:00+00,CHOQUE FRONTAL,CHOQUE,URBANA,ALCOHOL EN CONDUCTOR,CONDUCCION EN ESTADO DE EBRIEDAD,0,0,0,0,03:10:00
-73.1137246,-36.7816882,905,8,REGION BIO BIO,8112,HUALPEN,YUGOSLAVIA,GIBRALTAR,0,"Gibraltar & Yugoslavia, Hualpén, Bío Bío, Chile",-36.7816882,-73.1137246,1,GEOMETRIC_CENTER,2020,1282380,2020/05/26 00:00:00+00,COLISION,COLISION,URBANA,IMPRUDENCIA DEL CONDUCTOR,NO RESPETAR DERECHO PREFERENTE DE PASO A PEATON,0,1,0,0,15:20:00
-73.1504836,-37.0927492,906,8,REGION BIO BIO,8106,LOTA,RENE SCHNEIDER,LOS DURAZNOS,0,"Los Duraznos & René Schneider, Lota, Bío Bío, Chile",-37.0927492,-73.1504836,1,GEOMETRIC_CENTER,2020,1282452,2020/05/25 00:00:00+00,CHOQUE POSTERIOR/FRENTE,CHOQUE,URBANA,IMPRUDENCIA DEL CONDUCTOR,CONDUCCION NO ATENTO CONDICIONES TRANSITO MOMENTO,0,0,0,0,21:50:00
-73.1458511,-36.8523032,907,8,REGION BIO BIO,8108,SAN PEDRO DE LA PAZ,GALVARINO,CENTRAL,0,"Calle Galvarino & Central, San Pedro de la Paz, Bío Bío, Chile",-36.8523032,-73.1458511,1,GEOMETRIC_CENTER,2020,1282457,2020/05/20 00:00:00+00,ATROPELLO,ATROPELLO,URBANA,IMPRUDENCIA DEL CONDUCTOR,CONDUCCION NO ATENTO CONDICIONES TRANSITO MOMENTO,0,0,0,1,18:25:00
-73.1205604,-36.7253079,908,8,REGION BIO BIO,8110,TALCAHUANO,MALAQUIAS CONCHA, ,810,"Malaquías Concha 810, Talcahuano, Bío Bío, Chile",-36.7253079,-73.1205604,1,RANGE_INTERPOLATED,2020,1282502,2020/05/26 00:00:00+00,VOLCADURA,VOLCADURA,URBANA,PERDIDA CONTROL VEHICULO,PERDIDA CONTROL VEHICULO,0,0,0,0,07:50:00
-72.3773713,-37.3384282,909,8,REGION BIO BIO,8301,LOS ANGELES,CAMINO LA MONA, ,1,"La mona, Los Ángeles, Bío Bío, Chile",-37.3384282,-72.3773713,1,GEOMETRIC_CENTER,2020,1282514,2020/05/25 00:00:00+00,COLISION,COLISION,RURAL,IMPRUDENCIA DEL CONDUCTOR,CONDUCCION CAMBIAR SORPRESIVAMENTE PISTA CIRCULACION,0,0,0,1,08:50:00
-72.3261585,-37.4792181,910,8,REGION BIO BIO,8301,LOS ANGELES,LAS INDUSTRIAS, ,960,"Av Las Industrias 960, Los Ángeles, Bío Bío, Chile",-37.4792181,-72.3261585,1,RANGE_INTERPOLATED,2020,1282553,2020/05/27 00:00:00+00,COLISION LATERAL,COLISION,URBANA,ALCOHOL EN CONDUCTOR,CONDUCCION EN ESTADO DE EBRIEDAD,0,0,0,1,20:55:00
-73.0856174,-36.7987522,911,8,REGION BIO BIO,8112,HUALPEN,CRISTOBAL COLON,LOS COPIHUES,0,"Cristobal Colon - Av Los Copihues, Hualpén, Bío Bío, Chile",-36.7987522,-73.0856174,1,GEOMETRIC_CENTER,2020,1282571,2020/05/27 00:00:00+00,COLISION,COLISION,URBANA,DESOBEDIENCIA A SEÑALIZACION,SEÑALIZACION DESOBEDECER LUZ ROJA DE SEMAFORO,0,0,0,0,16:30:00
-73.1392832,-36.7085968,912,8,REGION BIO BIO,8110,TALCAHUANO,BAHIA INGLESA, ,2300,"Bahía Inglesa 2300, Talcahuano, Bío Bío, Chile",-36.7085968,-73.1392832,1,RANGE_INTERPOLATED,2020,1282608,2020/05/18 00:00:00+00,COLISION FRONTAL,COLISION,URBANA,ALCOHOL EN CONDUCTOR,CONDUCCION EN ESTADO DE EBRIEDAD,0,0,0,0,20:00:00
-73.1139974,-36.7674257,913,8,REGION BIO BIO,8110,TALCAHUANO,JHON DALTON,SANTIAGO WATT,0,"John Dalton & Santiago Watt, Talcahuano, Bío Bío, Chile",-36.7674257,-73.1139974,1,GEOMETRIC_CENTER,2020,1282615,2020/05/19 00:00:00+00,COLISION LATERAL,COLISION,URBANA,IMPRUDENCIA DEL CONDUCTOR,NO RESPETAR DERECHO PREFERENTE DE PASO A VEHICULO,0,0,0,0,14:40:00
-72.35522,-37.4651202,914,8,REGION BIO BIO,8301,LOS ANGELES,LIENTUR,ERCILLA,0,"Ercilla & Lientur, Los Angeles, Los Ángeles, Bío Bío, Chile",-37.4651202,-72.35522,1,GEOMETRIC_CENTER,2020,1282663,2020/05/21 00:00:00+00,COLISION LATERAL,COLISION,URBANA,IMPRUDENCIA DEL CONDUCTOR,CONDUCCION NO ATENTO CONDICIONES TRANSITO MOMENTO,0,0,0,2,09:33:00
-72.3375672,-37.4441881,915,8,REGION BIO BIO,8301,LOS ANGELES,AYINRREHUE, ,2473,"Ayinrehue 2473, Los Ángeles, Bío Bío, Chile",-37.4441881,-72.3375672,1,ROOFTOP,2020,1282669,2020/05/27 00:00:00+00,CHOQUE LADO/POSTERIOR,CHOQUE,URBANA,IMPRUDENCIA DEL CONDUCTOR,CONDUCCION NO ATENTO CONDICIONES TRANSITO MOMENTO,0,0,0,0,12:15:00
-72.2476709,-37.7165386,916,8,REGION BIO BIO,8305,MULCHEN,MANERA,MATTA,0,"Mulchen, Mulchén, Bío Bío, Chile",-37.7165386,-72.2476709,1,GEOMETRIC_CENTER,2020,1282675,2020/05/12 00:00:00+00,COLISION,COLISION,URBANA,IMPRUDENCIA DEL CONDUCTOR,CONDUCCION NO ATENTO CONDICIONES TRANSITO MOMENTO,0,0,0,1,20:25:00
-72.2334526,-37.7170316,917,8,REGION BIO BIO,8305,MULCHEN,VILLA ALEGRE, ,75,"Villa Alegre, Mulchen, Mulchén, Bío Bío, Chile",-37.7170316,-72.2334526,1,GEOMETRIC_CENTER,2020,1282783,2020/05/16 00:00:00+00,CHOQUE,CHOQUE,URBANA,ALCOHOL EN CONDUCTOR,CONDUCCION EN ESTADO DE EBRIEDAD,0,0,0,0,22:35:00
-72.3385869,-37.4203394,918,8,REGION BIO BIO,8301,LOS ANGELES,LAS INDUSTRIAS, ,7060,"Av Las Industrias 7060, Los Ángeles, Bío Bío, Chile",-37.4203394,-72.3385869,1,RANGE_INTERPOLATED,2020,1282797,2020/05/28 00:00:00+00,COLISION POR ALCANCE,COLISION,URBANA,IMPRUDENCIA DEL CONDUCTOR,CONDUCCION NO ATENTO CONDICIONES TRANSITO MOMENTO,0,0,0,1,08:40:00
-73.4650798,-37.6277739,919,8,REGION BIO BIO,8206,LOS ALAMOS,LAS CAMELIAS, ,278,"Los Alamos, Bío Bío, Chile",-37.6277739,-73.4650798,1,APPROXIMATE,2020,1282904,2020/05/24 00:00:00+00,CHOQUE POSTERIOR/POSTERIOR,CHOQUE,URBANA,IMPRUDENCIA DEL CONDUCTOR,CONDUCIR VEHICULO EN RETROCESO,0,0,0,0,20:30:00
-72.6782619,-37.5083956,920,8,REGION BIO BIO,8306,NACIMIENTO,JULIO HEMMELMANN,ESTADIO,0,"Av. Julio Hemmelmann 632, Nacimiento, Bío Bío, Chile",-37.5083956,-72.6782619,1,ROOFTOP,2020,1282953,2020/05/24 00:00:00+00,COLISION LATERAL,COLISION,URBANA,PERDIDA CONTROL VEHICULO,PERDIDA CONTROL VEHICULO,0,0,0,0,13:20:00
-72.9550565,-36.6182153,921,8,REGION BIO BIO,8111,TOME,MANUEL MONTT,VICUÑA MACKENNA,0,"Vicuña Mackenna & Manuel Montt, Tome, Tomé, Bío Bío, Chile",-36.6182153,-72.9550565,1,GEOMETRIC_CENTER,2020,1282998,2020/05/29 00:00:00+00,COLISION FRONTAL,COLISION,URBANA,OTRAS CAUSAS,OTRAS CAUSAS,0,0,0,0,21:10:00
-73.0531471,-36.8238989,922,8,REGION BIO BIO,8101,CONCEPCION,CAUPOLICAN,LOS CARRERA,0,"Avenida los Carrera & Caupolicán, Concepción, Bío Bío, Chile",-36.8238989,-73.0531471,1,GEOMETRIC_CENTER,2020,1283087,2020/05/26 00:00:00+00,COLISION POR ALCANCE,COLISION,URBANA,VELOCIDAD IMPRUDENTE,VELOCIDAD NO RAZONABLE NI PRUDENTE,0,0,0,0,10:45:00
-73.0510649,-36.8253936,923,8,REGION BIO BIO,8101,CONCEPCION,FREIRE, ,655,"Freire 655, Concepción, Bío Bío, Chile",-36.8253936,-73.0510649,1,RANGE_INTERPOLATED,2020,1283105,2020/05/29 00:00:00+00,COLISION LATERAL,COLISION,URBANA,IMPRUDENCIA DEL CONDUCTOR,CONDUCCION CAMBIAR SORPRESIVAMENTE PISTA CIRCULACION,0,0,0,0,13:50:00
-73.0185694,-36.9405959,924,8,REGION BIO BIO,8103,CHIGUAYANTE,MANQUIMAVIDA,MANIUEL RODRIGUEZ,0,"Manquimávida & Avenida Manuel Rodríguez, Chiguayante, Bío Bío, Chile",-36.9405959,-73.0185694,1,GEOMETRIC_CENTER,2020,1283117,2020/05/29 00:00:00+00,COLISION PERPENDICULAR,COLISION,URBANA,IMPRUDENCIA DEL CONDUCTOR,NO RESPETAR DERECHO PREFERENTE DE PASO A VEHICULO,0,1,0,0,13:20:00
-73.0410298,-36.8251949,925,8,REGION BIO BIO,8101,CONCEPCION,SAN MARTIN,PAICAVI,0,"San Martín & Paicaví, Concepción, Bío Bío, Chile",-36.8251949,-73.0410298,1,GEOMETRIC_CENTER,2020,1283166,2020/05/16 00:00:00+00,COLISION PERPENDICULAR,COLISION,URBANA,IMPRUDENCIA DEL CONDUCTOR,CONDUCCION NO ATENTO CONDICIONES TRANSITO MOMENTO,0,0,0,0,09:40:00
-72.963833,-36.6116255,926,8,REGION BIO BIO,8111,TOME,EDMUNDO WITTING,CERAMICA,0,"Cerámica & Witting, Tome, Tomé, Bío Bío, Chile",-36.6116255,-72.963833,1,GEOMETRIC_CENTER,2020,1283291,2020/05/23 00:00:00+00,COLISION LATERAL,COLISION,URBANA,IMPRUDENCIA DEL CONDUCTOR,VIRAJES INDEBIDOS,0,0,0,0,21:00:00
-73.1496834,-36.8856289,927,8,REGION BIO BIO,8108,SAN PEDRO DE LA PAZ,COSTANERA,LOS PARQUES,0,"Av Costanera 7488, San Pedro de la Paz, Bío Bío, Chile",-36.8856289,-73.1496834,1,ROOFTOP,2020,1283335,2020/05/30 00:00:00+00,CHOQUE FRONTAL,CHOQUE,URBANA,IMPRUDENCIA DEL CONDUCTOR,CONDUCCION NO ATENTO CONDICIONES TRANSITO MOMENTO,0,0,1,0,06:55:00
-73.1481633,-36.8344397,928,8,REGION BIO BIO,8108,SAN PEDRO DE LA PAZ,MAITENCILLO, ,1151,"Maitencillo, San Pedro de la Paz, Bío Bío, Chile",-36.8344397,-73.1481633,1,GEOMETRIC_CENTER,2020,1283343,2020/05/31 00:00:00+00,CHOQUE FRENTE/FRENTE,CHOQUE,URBANA,IMPRUDENCIA DEL CONDUCTOR,CONDUCCION NO ATENTO CONDICIONES TRANSITO MOMENTO,0,1,0,3,08:55:00
-73.0866314,-36.777716,929,8,REGION BIO BIO,8110,TALCAHUANO,CRISTOBAL COLON, ,2194,"Av. Cristóbal Colón # 6900, Talcahuano, Bío Bío, Chile",-36.777716,-73.0866314,1,ROOFTOP,2020,1283445,2020/05/27 00:00:00+00,ATROPELLO,ATROPELLO,URBANA,DESOBEDIENCIA A SEÑALIZACION,SEÑALIZACION DESOBEDECER LUZ ROJA DE SEMAFORO,0,1,0,0,17:00:00
-73.3216475,-37.2434988,930,8,REGION BIO BIO,8202,ARAUCO,ARTURO PRAT, ,55,"Av. Arturo Prat 55, Arauco, Bío Bío, Chile",-37.2434988,-73.3216475,1,ROOFTOP,2020,1283465,2020/05/17 00:00:00+00,CHOQUE POSTERIOR,CHOQUE,URBANA,ALCOHOL EN CONDUCTOR,CONDUCCION EN ESTADO DE EBRIEDAD,0,0,0,0,17:35:00
-73.112291,-36.71398,931,8,REGION BIO BIO,8110,TALCAHUANO,CRISTOBAL COLON, ,443,"Avenida Colón 443, Edificio Don Cristóbal, Oficina 106, Talcahuano, Bío Bío, Chile",-36.71398,-73.112291,1,GEOMETRIC_CENTER,2020,1283472,2020/05/31 00:00:00+00,COLISION LATERAL,COLISION,URBANA,IMPRUDENCIA DEL CONDUCTOR,CONDUCCION CAMBIAR SORPRESIVAMENTE PISTA CIRCULACION,0,0,0,0,08:00:00
-73.1131072,-36.7647992,932,8,REGION BIO BIO,8110,TALCAHUANO,SANTIAGO WATT, ,4869,"Santiago Watt 4869, Talcahuano, Bío Bío, Chile",-36.7647992,-73.1131072,1,RANGE_INTERPOLATED,2020,1283519,2020/05/28 00:00:00+00,CHOQUE POSTERIOR/POSTERIOR,CHOQUE,URBANA,IMPRUDENCIA DEL CONDUCTOR,CONDUCCION NO ATENTO CONDICIONES TRANSITO MOMENTO,0,0,0,0,07:30:00
-73.0889726,-36.7762955,933,8,REGION BIO BIO,8110,TALCAHUANO,EJERCITO, ,6742,"Ejército, Talcahuano, Bío Bío, Chile",-36.7762955,-73.0889726,1,GEOMETRIC_CENTER,2020,1283588,2020/05/13 00:00:00+00,ATROPELLO,ATROPELLO,URBANA,IMPRUDENCIA DEL CONDUCTOR,NO RESPETAR DERECHO PREFERENTE DE PASO A PEATON,0,0,0,1,10:30:00
-73.0608019,-36.8269433,934,8,REGION BIO BIO,8101,CONCEPCION,ARTURO PRAT,LOS CARRERA,0,"Avenida los Carrera & Arturo Prat, Concepción, Bío Bío, Chile",-36.8269433,-73.0608019,1,GEOMETRIC_CENTER,2020,1283632,2020/05/29 00:00:00+00,COLISION LATERAL,COLISION,URBANA,IMPRUDENCIA DEL CONDUCTOR,CONDUCCION NO ATENTO CONDICIONES TRANSITO MOMENTO,0,0,0,0,13:50:00
-73.0311517,-36.8143989,935,8,REGION BIO BIO,8101,CONCEPCION,JUAN BOSCO,CARDENIO AVELLO,0,"Cardenio Avello & Avenida San Juan Bosco, Concepción, Bío Bío, Chile",-36.8143989,-73.0311517,1,GEOMETRIC_CENTER,2020,1283715,2020/05/15 00:00:00+00,CHOQUE FRONTAL,CHOQUE,URBANA,PERDIDA CONTROL VEHICULO,PERDIDA CONTROL VEHICULO,0,1,0,0,04:20:00
-73.0614226,-36.7987885,936,8,REGION BIO BIO,8101,CONCEPCION,PAICAVI,FRENTE REV TECNICA,0,"Paicaví 3380, Concepción, Bío Bío, Chile",-36.7987885,-73.0614226,1,ROOFTOP,2020,1283738,2020/05/26 00:00:00+00,COLISION POR ALCANCE,COLISION,URBANA,IMPRUDENCIA DEL CONDUCTOR,CONDUCCION SIN MANTENER DISTANCIA RAZONABLE NI PRUDENTE,0,0,0,0,12:40:00
-73.0537369,-36.8253528,937,8,REGION BIO BIO,8101,CONCEPCION,MAIPU,RENGO,0,"Rengo & Maipú, Concepción, Bío Bío, Chile",-36.8253528,-73.0537369,1,GEOMETRIC_CENTER,2020,1283749,2020/05/18 00:00:00+00,COLISION POR ALCANCE,COLISION,URBANA,IMPRUDENCIA DEL CONDUCTOR,CONDUCCION NO ATENTO CONDICIONES TRANSITO MOMENTO,0,0,0,0,15:00:00
-73.0350735,-36.8328715,938,8,REGION BIO BIO,8101,CONCEPCION,CHORRILLOS,VICTORIA,0,"Chorrillos & Victoria, Concepción, Bío Bío, Chile",-36.8328715,-73.0350735,1,GEOMETRIC_CENTER,2020,1283783,2020/05/20 00:00:00+00,CHOQUE POSTERIOR/FRENTE,CHOQUE,URBANA,IMPRUDENCIA DEL CONDUCTOR,CONDUCCION NO ATENTO CONDICIONES TRANSITO MOMENTO,0,0,0,0,11:30:00
-73.0340729,-36.8193398,939,8,REGION BIO BIO,8101,CONCEPCION,JUAN BOSCO,IRARRAZAVAL,0,"Av. San Juan Bosco 140, Concepción, Bío Bío, Chile",-36.8193398,-73.0340729,1,ROOFTOP,2020,1283785,2020/05/23 00:00:00+00,COLISION POR ALCANCE,COLISION,URBANA,IMPRUDENCIA DEL CONDUCTOR,CONDUCCION CAMBIAR SORPRESIVAMENTE PISTA CIRCULACION,0,0,0,1,11:30:00
-73.1633531,-36.9857392,940,8,REGION BIO BIO,8102,CORONEL,JUAN ANTONIO RIOS, ,2847,"Juan Antonio Ríos 2847, Coronel, Bío Bío, Chile",-36.9857392,-73.1633531,1,RANGE_INTERPOLATED,2020,1283796,2020/05/24 00:00:00+00,CHOQUE,CHOQUE,URBANA,OTRAS CAUSAS,OTRAS CAUSAS,0,0,0,0,18:15:00
-73.0582617,-36.8182445,941,8,REGION BIO BIO,8101,CONCEPCION,MANUEL RODRIGUEZ,RENGO,0,"Rengo & Manuel Rodríguez, Concepción, Bío Bío, Chile",-36.8182445,-73.0582617,1,GEOMETRIC_CENTER,2020,1283876,2020/06/03 00:00:00+00,COLISION LATERAL,COLISION,URBANA,IMPRUDENCIA DEL CONDUCTOR,CONDUCCION NO ATENTO CONDICIONES TRANSITO MOMENTO,0,0,0,0,12:10:00
-73.0481127,-36.8216544,942,8,REGION BIO BIO,8101,CONCEPCION,LOS CARRERA,TUCAPEL,0,"Tucapel & Avenida los Carrera, Concepción, Bío Bío, Chile",-36.8216544,-73.0481127,1,GEOMETRIC_CENTER,2020,1283881,2020/06/03 00:00:00+00,COLISION LATERAL,COLISION,URBANA,IMPRUDENCIA DEL CONDUCTOR,CONDUCCION NO ATENTO CONDICIONES TRANSITO MOMENTO,0,0,0,0,16:30:00
-73.0525716,-36.8150197,943,8,REGION BIO BIO,8101,CONCEPCION,TUCAPEL, ,1449,"Tucapel 1449, Concepción, Bío Bío, Chile",-36.8150197,-73.0525716,1,RANGE_INTERPOLATED,2020,1283885,2020/06/03 00:00:00+00,COLISION POR ALCANCE,COLISION,URBANA,IMPRUDENCIA DEL CONDUCTOR,CONDUCCION SIN MANTENER DISTANCIA RAZONABLE NI PRUDENTE,0,0,0,0,16:50:00
-73.161044,-36.9966788,944,8,REGION BIO BIO,8102,CORONEL,JOSE SANTOS OSSA,JORGE PARRA GAJARDO,0,"José Santos Ossa & Jorge Parra Gajardo, Coronel, Bío Bío, Chile",-36.9966788,-73.161044,1,GEOMETRIC_CENTER,2020,1283907,2020/05/25 00:00:00+00,COLISION LATERAL,COLISION,URBANA,IMPRUDENCIA DEL CONDUCTOR,CONDUCCION NO ATENTO CONDICIONES TRANSITO MOMENTO,0,0,0,1,20:50:00
-73.1404334,-36.8397373,945,8,REGION BIO BIO,8108,SAN PEDRO DE LA PAZ,PRIMERA TRANSVERSAL,SEGUNDA LONGITUDINAL,0,"Segunda Longitudinal 457, San Pedro de la Paz, Bío Bío, Chile",-36.8397373,-73.1404334,1,ROOFTOP,2020,1284030,2020/06/01 00:00:00+00,CHOQUE LADO/LADO,CHOQUE,URBANA,IMPRUDENCIA DEL CONDUCTOR,CONDUCCION NO ATENTO CONDICIONES TRANSITO MOMENTO,0,0,0,0,04:30:00
-73.1383886,-36.8602682,946,8,REGION BIO BIO,8108,SAN PEDRO DE LA PAZ,UNO,SAMUEL,0,"C. Tres Nte. 273, San Pedro de la Paz, Bío Bío, Chile",-36.8602682,-73.1383886,1,ROOFTOP,2020,1284036,2020/05/29 00:00:00+00,COLISION LATERAL,COLISION,URBANA,IMPRUDENCIA DEL CONDUCTOR,CONDUCCION NO ATENTO CONDICIONES TRANSITO MOMENTO,0,0,0,0,18:40:00
-72.9833,-36.7333,947,8,REGION BIO BIO,8107,PENCO,PENCO, ,199,"Penco, Bío Bío, Chile",-36.7333,-72.9833,1,APPROXIMATE,2020,1284112,2020/06/01 00:00:00+00,ATROPELLO,ATROPELLO,URBANA,IMPRUDENCIA DEL CONDUCTOR,NO RESPETAR DERECHO PREFERENTE DE PASO A PEATON,0,0,0,1,17:45:00
-73.0600273,-36.7983598,948,8,REGION BIO BIO,8101,CONCEPCION,PAICAVI, ,3075,"Paicaví 3075, Concepción, Bío Bío, Chile",-36.7983598,-73.0600273,1,RANGE_INTERPOLATED,2020,1284117,2020/06/06 00:00:00+00,COLISION,COLISION,URBANA,IMPRUDENCIA DEL CONDUCTOR,CONDUCCION SIN MANTENER DISTANCIA RAZONABLE NI PRUDENTE,0,0,0,0,10:00:00
-72.3476083,-37.3995824,949,8,REGION BIO BIO,8301,LOS ANGELES,VILLA EL ESFUERZO,LAS INDUSTRIAS,0,"Villa el esfuerzo, Los Ángeles, Bío Bío, Chile",-37.3995824,-72.3476083,1,GEOMETRIC_CENTER,2020,1284191,2020/05/28 00:00:00+00,CHOQUE FRENTE/LADO,CHOQUE,URBANA,PERDIDA CONTROL VEHICULO,PERDIDA CONTROL VEHICULO,0,0,0,1,14:30:00
-72.3814062,-37.4679853,950,8,REGION BIO BIO,8301,LOS ANGELES,NAHUELBUTA,GALVARINO,0,"Galvarino & Avenida Nahuelbuta, Los Ángeles, Bío Bío, Chile",-37.4679853,-72.3814062,1,GEOMETRIC_CENTER,2020,1284129,2020/05/31 00:00:00+00,COLISION LATERAL,COLISION,URBANA,DESOBEDIENCIA A SEÑALIZACION,SEÑALIZACION DESOBEDECER SEÑAL PARE,0,0,0,0,17:35:00
-72.3576661,-37.4739709,951,8,REGION BIO BIO,8301,LOS ANGELES,BULNES,BLANCO ENCALADA,0,"Bulnes & Blanco Encalada, Los Angeles, Los Ángeles, Bío Bío, Chile",-37.4739709,-72.3576661,1,GEOMETRIC_CENTER,2020,1284150,2020/05/30 00:00:00+00,COLISION FRONTAL,COLISION,URBANA,IMPRUDENCIA DEL CONDUCTOR,CONDUCCION NO ATENTO CONDICIONES TRANSITO MOMENTO,0,1,0,0,19:25:00
-72.3765955,-37.4648334,952,8,REGION BIO BIO,8301,LOS ANGELES,ESTANISLAO ANGUITA,PONIENTE,0,"Av. Estanislao Anguita & Pasaje Pte., Los Angeles, Los Ángeles, Bío Bío, Chile",-37.4648334,-72.3765955,1,GEOMETRIC_CENTER,2020,1284168,2020/06/04 00:00:00+00,COLISION POR ALCANCE,COLISION,URBANA,VELOCIDAD IMPRUDENTE,VELOCIDAD MAYOR QUE MAXIMA PERMITIDA,1,0,0,0,16:00:00
-72.991339,-36.7360676,953,8,REGION BIO BIO,8107,PENCO,FREIRE,YERBAS BUENAS,0,"Freire & Yerbas Buenas, Penco, Bío Bío, Chile",-36.7360676,-72.991339,1,GEOMETRIC_CENTER,2020,1284223,2020/06/04 00:00:00+00,COLISION LATERAL,COLISION,URBANA,IMPRUDENCIA DEL CONDUCTOR,CONDUCCION NO ATENTO CONDICIONES TRANSITO MOMENTO,0,0,0,0,17:20:00
-73.0880935,-36.7615157,954,8,REGION BIO BIO,8110,TALCAHUANO,CRISTOBAL COLON, ,5400,"Gómez Carreño 5400, Talcahuano, Bío Bío, Chile",-36.7615157,-73.0880935,1,RANGE_INTERPOLATED,2020,1284311,2020/06/05 00:00:00+00,CHOQUE FRENTE/POSTERIOR,CHOQUE,URBANA,IMPRUDENCIA DEL CONDUCTOR,CONDUCCION SIN MANTENER DISTANCIA RAZONABLE NI PRUDENTE,0,0,0,0,08:15:00
-72.3326241,-37.4458105,955,8,REGION BIO BIO,8301,LOS ANGELES,SOR VICENTA, ,2575,"Av. Sor Vicenta 2575, Los Angeles, Los Ángeles, Bío Bío, Chile",-37.4458105,-72.3326241,1,ROOFTOP,2020,1284342,2020/06/01 00:00:00+00,CHOQUE FRONTAL,CHOQUE,URBANA,IMPRUDENCIA DEL CONDUCTOR,CONDUCCION NO ATENTO CONDICIONES TRANSITO MOMENTO,0,0,0,0,17:30:00
-72.3588125,-37.469742,956,8,REGION BIO BIO,8301,LOS ANGELES,LAUTARO, ,891,"Lautaro 891, Los Angeles, Los Ángeles, Bío Bío, Chile",-37.469742,-72.3588125,1,ROOFTOP,2020,1284478,2020/06/03 00:00:00+00,COLISION,COLISION,URBANA,IMPRUDENCIA DEL CONDUCTOR,CONDUCCION NO ATENTO CONDICIONES TRANSITO MOMENTO,0,0,0,0,18:05:00
-73.0720513,-36.801125,957,8,REGION BIO BIO,8112,HUALPEN,COSTANERA,JORGE ALESSANDRI RODRIGUEZ,0,"Av. Jorge Alessandri Rodríguez 2121, Hualpén, Bío Bío, Chile",-36.801125,-73.0720513,1,ROOFTOP,2020,1284509,2020/06/07 00:00:00+00,CHOQUE FRONTAL,CHOQUE,URBANA,PERDIDA CONTROL VEHICULO,PERDIDA CONTROL VEHICULO,0,0,0,0,02:00:00