X,Y,FID,COD_REG,REGION,CUT,COMUNA,CALLE_UNO,CALLE_DOS,NUMERO,DIR_GEOCOD,LAT,LNG,VAL_COM,TIPO,Año,Idaccident,Fecha,Tipo_Accid,Tipo__CONA,Zona,Causa__CON,Causa,Fallecidos,Graves,Menos_Grav,Leves,Hora
-72.3516897,-37.4791759,958,8,REGION BIO BIO,8301,LOS ANGELES,SAN MARTIN,PATRICIO LYNCH,0,"Calle Bernardo OHiggins 547, Los Angeles, Los Ángeles, Bío Bío, Chile",-37.4791759,-72.3516897,1,ROOFTOP,2020,1284523,2020/06/09 00:00:00+00,COLISION,COLISION,URBANA,IMPRUDENCIA DEL CONDUCTOR,CONDUCCION NO ATENTO CONDICIONES TRANSITO MOMENTO,0,0,0,0,10:25:00
-72.3611581,-37.4763575,959,8,REGION BIO BIO,8301,LOS ANGELES,PATRICIO LYNCH,CAMILO HENRIQUEZ,0,"Camilo Henríquez & Patricio Lynch, Los Angeles, Los Ángeles, Bío Bío, Chile",-37.4763575,-72.3611581,1,GEOMETRIC_CENTER,2020,1284526,2020/06/09 00:00:00+00,COLISION LATERAL,COLISION,URBANA,ALCOHOL EN CONDUCTOR,CONDUCCION EN ESTADO DE EBRIEDAD,0,0,0,0,16:00:00
-72.9384933,-36.971756,960,8,REGION BIO BIO,8105,HUALQUI,LA ARAUCANA,LA CONCEPCION,0,"La Concepción & Av. Araucana, Hualqui, Bío Bío, Chile",-36.971756,-72.9384933,1,GEOMETRIC_CENTER,2020,1284562,2020/05/14 00:00:00+00,COLISION LATERAL,COLISION,URBANA,OTRAS CAUSAS,OTRAS CAUSAS,0,0,0,0,09:50:00
-72.724635,-37.2631474,961,8,REGION BIO BIO,8310,SAN ROSENDO,ESMERALDA,VALLEJOS,0,"Vallejos & Esmeralda, San Rosendo, Bío Bío, Chile",-37.2631474,-72.724635,1,GEOMETRIC_CENTER,2020,1284585,2020/05/29 00:00:00+00,COLISION LATERAL,COLISION,URBANA,DESOBEDIENCIA A SEÑALIZACION,SEÑALIZACION DESOBEDECER SEÑAL CEDA EL PASO,0,0,1,0,16:25:00
-73.1029217,-36.7979433,962,8,REGION BIO BIO,8112,HUALPEN,ATENAS,ESLOVENIA,0,"Eslovenia & Atenas, Hualpén, Bío Bío, Chile",-36.7979433,-73.1029217,1,GEOMETRIC_CENTER,2020,1284764,2020/06/10 00:00:00+00,COLISION,COLISION,URBANA,DESOBEDIENCIA A SEÑALIZACION,SEÑALIZACION DESOBEDECER SEÑAL CEDA EL PASO,0,0,0,0,07:50:00
-73.0944348,-36.839038,963,8,REGION BIO BIO,8108,SAN PEDRO DE LA PAZ,PEDRO AGUIRRE CERDA, ,1001,"Av. Pedro Aguirre Cerda 1001, San Pedro de la Paz, Bío Bío, Chile",-36.839038,-73.0944348,1,ROOFTOP,2020,1284818,2020/06/03 00:00:00+00,CHOQUE LADO/LADO,CHOQUE,URBANA,CAUSAS NO DETERMINADAS,CAUSAS NO DETERMINADAS,0,1,0,0,14:20:00
-73.1153707,-36.8380055,964,8,REGION BIO BIO,8108,SAN PEDRO DE LA PAZ,PEDRO AGUIRRE CERDA,LOS AVELLANOS,0,"Avenida Pedro Aguirre Cerda & Los Avellanos, San Pedro de la Paz, Bío Bío, Chile",-36.8380055,-73.1153707,1,GEOMETRIC_CENTER,2020,1284819,2020/06/05 00:00:00+00,COLISION,COLISION,URBANA,CAUSAS NO DETERMINADAS,CAUSAS NO DETERMINADAS,0,0,0,2,20:26:00
-72.3543317,-37.4728768,965,8,REGION BIO BIO,8301,LOS ANGELES,RICARDO VICUÑA,MANUEL RODRIGUEZ,0,"Avenida Ricardo Vicuña & Manuel Rodríguez, Los Angeles, Los Ángeles, Bío Bío, Chile",-37.4728768,-72.3543317,1,GEOMETRIC_CENTER,2020,1284826,2020/06/09 00:00:00+00,CHOQUE LATERAL,CHOQUE,URBANA,IMPRUDENCIA DEL CONDUCTOR,CONDUCCION NO ATENTO CONDICIONES TRANSITO MOMENTO,0,0,0,0,10:46:00
-73.4619586,-37.6265593,966,8,REGION BIO BIO,8206,LOS ALAMOS,LOS CEREZOS,DIEGO PORTALES,0,"Los Alamos, Bío Bío, Chile",-37.6265593,-73.4619586,1,GEOMETRIC_CENTER,2020,1284950,2020/06/06 00:00:00+00,COLISION FRONTAL,COLISION,URBANA,ALCOHOL EN CONDUCTOR,CONDUCCION EN ESTADO DE EBRIEDAD,0,0,0,0,06:00:00
-73.0925624,-36.7559223,967,8,REGION BIO BIO,8110,TALCAHUANO,LAS HORTENSIAS, ,4910,"Las Hortensias 4910, Talcahuano, Bío Bío, Chile",-36.7559223,-73.0925624,1,RANGE_INTERPOLATED,2020,1285057,2020/06/08 00:00:00+00,CHOQUE POSTERIOR/FRENTE,CHOQUE,URBANA,IMPRUDENCIA DEL CONDUCTOR,CONDUCCION SIN MANTENER DISTANCIA RAZONABLE NI PRUDENTE,0,0,0,0,20:00:00
-72.3751849,-37.4719517,968,8,REGION BIO BIO,8301,LOS ANGELES,VIÑA DEL MAR, ,285,"Viña del Mar 285, Los Angeles, Los Ángeles, Bío Bío, Chile",-37.4719517,-72.3751849,1,RANGE_INTERPOLATED,2020,1285076,2020/06/11 00:00:00+00,COLISION POR ALCANCE,COLISION,URBANA,IMPRUDENCIA DEL CONDUCTOR,CONDUCCION NO ATENTO CONDICIONES TRANSITO MOMENTO,0,0,0,0,09:05:00
-73.1419251,-36.831278,969,8,REGION BIO BIO,8108,SAN PEDRO DE LA PAZ,PIEDRA DE FRANCIA,LAPISLAZULI,0,"Piedra de Francia & Lapislázuli, San Pedro de la Paz, Bío Bío, Chile",-36.831278,-73.1419251,1,GEOMETRIC_CENTER,2020,1285088,2020/06/13 00:00:00+00,CHOQUE POSTERIOR/LADO,CHOQUE,URBANA,IMPRUDENCIA DEL CONDUCTOR,CONDUCCION NO ATENTO CONDICIONES TRANSITO MOMENTO,0,0,0,0,20:30:00
-72.3521309,-37.4762044,970,8,REGION BIO BIO,8301,LOS ANGELES,ALCAZAR,MANUEL BAQUEDANO,0,"Plaza Pinto - Baquedano 416, Los Angeles, Los Ángeles, Bío Bío, Chile",-37.4762044,-72.3521309,1,ROOFTOP,2020,1285095,2020/06/11 00:00:00+00,COLISION LATERAL,COLISION,URBANA,IMPRUDENCIA DEL CONDUCTOR,CONDUCCION NO ATENTO CONDICIONES TRANSITO MOMENTO,0,0,0,0,13:15:00
-72.3399241,-37.4751862,971,8,REGION BIO BIO,8301,LOS ANGELES,ANDRES BELLO,FRANCISCO,0,"Balmaceda 83, Los Angeles, Los Ángeles, Bío Bío, Chile",-37.4751862,-72.3399241,1,ROOFTOP,2020,1285099,2020/06/12 00:00:00+00,ATROPELLO,ATROPELLO,URBANA,IMPRUDENCIA DEL CONDUCTOR,CONDUCCION NO ATENTO CONDICIONES TRANSITO MOMENTO,0,0,1,0,08:00:00
-73.1545822,-37.0920575,972,8,REGION BIO BIO,8106,LOTA,FERNANDO MAIRA, ,53,"Lota, Región del Biobío, Chile",-37.0920575,-73.1545822,1,APPROXIMATE,2020,1285102,2020/06/01 00:00:00+00,VOLCADURA,VOLCADURA,URBANA,PERDIDA CONTROL VEHICULO,PERDIDA CONTROL VEHICULO,0,0,1,0,09:50:00
-73.043644,-36.8237229,973,8,REGION BIO BIO,8101,CONCEPCION,ONGOLMO,BARROS ARANA,0,"Ongolmo & Barros Arana, Concepción, Bío Bío, Chile",-36.8237229,-73.043644,1,GEOMETRIC_CENTER,2020,1285113,2020/06/08 00:00:00+00,COLISION PERPENDICULAR,COLISION,URBANA,IMPRUDENCIA DEL CONDUCTOR,CONDUCCION NO ATENTO CONDICIONES TRANSITO MOMENTO,0,0,0,0,10:00:00
-73.0411081,-36.8226418,974,8,REGION BIO BIO,8101,CONCEPCION,JANEQUEO,BARROS ARANA,0,"Janequeo & Barros Arana, Concepción, Bío Bío, Chile",-36.8226418,-73.0411081,1,GEOMETRIC_CENTER,2020,1285125,2020/06/09 00:00:00+00,COLISION PERPENDICULAR,COLISION,URBANA,IMPRUDENCIA DEL CONDUCTOR,CONDUCCION NO ATENTO CONDICIONES TRANSITO MOMENTO,0,0,0,0,16:10:00
-73.063156,-36.8349005,975,8,REGION BIO BIO,8101,CONCEPCION,COSTANERA,CHACABUCO,0,"Avenida Costanera & Puente Chacabuco, Concepción, Bío Bío, Chile",-36.8349005,-73.063156,1,GEOMETRIC_CENTER,2020,1285128,2020/06/10 00:00:00+00,COLISION PERPENDICULAR,COLISION,URBANA,DESOBEDIENCIA A SEÑALIZACION,SEÑALIZACION DESOBEDECER SEÑAL PARE,0,0,1,1,21:45:00
-73.0480315,-36.8242518,976,8,REGION BIO BIO,8101,CONCEPCION,CASTELLON,FREIRE,0,"Freire & Castellón, Concepción, Bío Bío, Chile",-36.8242518,-73.0480315,1,GEOMETRIC_CENTER,2020,1285134,2020/06/11 00:00:00+00,CHOQUE,CHOQUE,URBANA,IMPRUDENCIA DEL CONDUCTOR,CONDUCCION NO ATENTO CONDICIONES TRANSITO MOMENTO,0,0,0,0,16:40:00
-73.027521,-36.810789,977,8,REGION BIO BIO,8101,CONCEPCION,GRAL BONILLA,COLLAO,0,"Cam. a Penco, Concepción, Bío Bío, Chile",-36.810789,-73.027521,1,GEOMETRIC_CENTER,2020,1285138,2020/06/12 00:00:00+00,CHOQUE,CHOQUE,URBANA,IMPRUDENCIA DEL CONDUCTOR,CONDUCCION NO ATENTO CONDICIONES TRANSITO MOMENTO,0,0,0,0,18:40:00
-73.0767017,-36.8089984,978,8,REGION BIO BIO,8101,CONCEPCION,21 DE MAYO,CAP ORELLA,0,"Avenida 21 de Mayo & Capitán Orella, Concepción, Bío Bío, Chile",-36.8089984,-73.0767017,1,GEOMETRIC_CENTER,2020,1285149,2020/06/12 00:00:00+00,CHOQUE,CHOQUE,URBANA,IMPRUDENCIA DEL CONDUCTOR,CONDUCCION SIN MANTENER DISTANCIA RAZONABLE NI PRUDENTE,0,0,0,0,09:10:00
-73.0189484,-36.821469,979,8,REGION BIO BIO,8101,CONCEPCION,ARTURO PEREZ CANTO, ,936,"Arturo Pérez Canto 936, Concepción, Bío Bío, Chile",-36.821469,-73.0189484,1,RANGE_INTERPOLATED,2020,1285153,2020/06/13 00:00:00+00,CHOQUE,CHOQUE,URBANA,IMPRUDENCIA DEL CONDUCTOR,CONDUCCION NO ATENTO CONDICIONES TRANSITO MOMENTO,0,0,0,0,14:30:00
-73.1264866,-36.7208811,980,8,REGION BIO BIO,8110,TALCAHUANO,LATORRE, ,1005,"Almte. Latorre 1005, Talcahuano, Bío Bío, Chile",-36.7208811,-73.1264866,1,RANGE_INTERPOLATED,2020,1285316,2020/06/13 00:00:00+00,VOLCADURA,VOLCADURA,URBANA,PERDIDA CONTROL VEHICULO,PERDIDA CONTROL VEHICULO,0,1,0,0,14:54:00
-72.3271477,-37.441101,981,8,REGION BIO BIO,8301,LOS ANGELES,SOR VICENTA,LAS INDUSTRIAS,0,"Av. Sor Vicenta & Av Las Industrias, Los Ángeles, Bío Bío, Chile",-37.441101,-72.3271477,1,GEOMETRIC_CENTER,2020,1285337,2020/06/14 00:00:00+00,COLISION,COLISION,URBANA,IMPRUDENCIA DEL CONDUCTOR,CONDUCCION NO ATENTO CONDICIONES TRANSITO MOMENTO,0,0,0,0,07:30:00
-73.0423698,-36.8205879,982,8,REGION BIO BIO,8101,CONCEPCION,MAIPU,JANEQUEO,0,"Janequeo & Maipú, Concepción, Bío Bío, Chile",-36.8205879,-73.0423698,1,GEOMETRIC_CENTER,2020,1285384,2020/06/16 00:00:00+00,COLISION PERPENDICULAR,COLISION,URBANA,DESOBEDIENCIA A SEÑALIZACION,SEÑALIZACION DESOBEDECER SEÑAL PARE,0,0,0,0,19:50:00
-73.0436466,-36.8262952,983,8,REGION BIO BIO,8101,CONCEPCION,SAN MARTIN,OROMPELLO,0,"San Martín & Orompello, Concepción, Bío Bío, Chile",-36.8262952,-73.0436466,1,GEOMETRIC_CENTER,2020,1285584,2020/06/17 00:00:00+00,ATROPELLO,ATROPELLO,URBANA,IMPRUDENCIA DEL CONDUCTOR,NO RESPETAR DERECHO PREFERENTE DE PASO A PEATON,0,0,0,1,11:15:00
-72.3258294,-37.4697612,984,8,REGION BIO BIO,8301,LOS ANGELES,LAS INDUSTRIAS, ,512,"Av Las Industrias 512, Los Ángeles, Bío Bío, Chile",-37.4697612,-72.3258294,1,RANGE_INTERPOLATED,2020,1285588,2020/06/15 00:00:00+00,COLISION POR ALCANCE,COLISION,URBANA,IMPRUDENCIA DEL CONDUCTOR,CONDUCCION NO ATENTO CONDICIONES TRANSITO MOMENTO,0,0,0,0,17:30:00
-73.0486424,-36.8308144,985,8,REGION BIO BIO,8101,CONCEPCION,CAUPOLICAN,CHACABUCO,0,"Avenida Chacabuco & Caupolicán, Concepción, Bío Bío, Chile",-36.8308144,-73.0486424,1,GEOMETRIC_CENTER,2020,1285589,2020/06/17 00:00:00+00,ATROPELLO,ATROPELLO,URBANA,IMPRUDENCIA DEL CONDUCTOR,CONDUCIR VEHICULO EN RETROCESO,0,0,0,1,11:30:00
-73.1627336,-36.996629,986,8,REGION BIO BIO,8102,CORONEL,MANUEL MONTT, ,2320,"Av. Manuel Montt 2320, Coronel, Bío Bío, Chile",-36.996629,-73.1627336,1,RANGE_INTERPOLATED,2020,1285612,2020/06/06 00:00:00+00,CHOQUE FRONTAL,CHOQUE,URBANA,IMPRUDENCIA DEL PEATON,PEATON CRUZA CALZADA FORMA SORPRESIVA O DESCUIDADA,0,1,0,1,21:10:00
-73.1677359,-36.9874801,987,8,REGION BIO BIO,8102,CORONEL,LOS MOLINEROS,LOS ROBLES,0,"Los Diaguitas 441 Coronel, Biobío, Coronel, Bío Bío, Chile",-36.9874801,-73.1677359,1,GEOMETRIC_CENTER,2020,1285635,2020/06/09 00:00:00+00,COLISION POR ALCANCE,COLISION,URBANA,IMPRUDENCIA DEL CONDUCTOR,CONDUCCION SIN MANTENER DISTANCIA RAZONABLE NI PRUDENTE,0,0,0,0,16:00:00
-73.0373179,-36.8906093,988,8,REGION BIO BIO,8103,CHIGUAYANTE,OCHO ORIENTE,COSTANERA,0,"Av Costanera Sur S/N, Chiguayante, Región Metropolitana, Chile",-36.8906093,-73.0373179,1,ROOFTOP,2020,1286948,2020/06/20 00:00:00+00,COLISION PERPENDICULAR,COLISION,URBANA,FALLAS MECANICAS,FALLAS MECANICAS NEUMATICOS,0,0,0,1,14:25:00
-71.9795138,-37.4568767,989,8,REGION BIO BIO,8309,QUILLECO,LOS AVELLANOS,LOS NOTROS,0,"Los Notros & Los Avellanos, Quilleco, Bío Bío, Chile",-37.4568767,-71.9795138,1,GEOMETRIC_CENTER,2020,1285643,2020/06/15 00:00:00+00,CHOQUE FRONTAL,CHOQUE,URBANA,PERDIDA CONTROL VEHICULO,PERDIDA CONTROL VEHICULO,0,0,0,1,12:30:00
-72.3440517,-37.4710741,990,8,REGION BIO BIO,8301,LOS ANGELES,DARIO BARRUETO,JUAN ANTONIO COLOMA,0,"Dario Barrueto & Juan Antonio Coloma, Los Angeles, Los Ángeles, Bío Bío, Chile",-37.4710741,-72.3440517,1,GEOMETRIC_CENTER,2020,1285671,2020/06/17 00:00:00+00,COLISION LATERAL,COLISION,URBANA,IMPRUDENCIA DEL CONDUCTOR,CONDUCCION NO ATENTO CONDICIONES TRANSITO MOMENTO,0,0,0,1,15:35:00
-72.3388461,-37.4531875,991,8,REGION BIO BIO,8301,LOS ANGELES,ORIENTE, ,2049,"Av. Ote. 2049, Los Angeles, Los Ángeles, Bío Bío, Chile",-37.4531875,-72.3388461,1,RANGE_INTERPOLATED,2020,1285674,2020/06/17 00:00:00+00,COLISION FRONTAL,COLISION,URBANA,ALCOHOL EN CONDUCTOR,CONDUCCION EN ESTADO DE EBRIEDAD,0,0,0,1,18:15:00
-72.3398899,-37.452286,992,8,REGION BIO BIO,8301,LOS ANGELES,SOR VICENTA,ORIENTE,0,"Av. Sor Vicenta & Av. Ote., Los Angeles, Los Ángeles, Bío Bío, Chile",-37.452286,-72.3398899,1,GEOMETRIC_CENTER,2020,1285679,2020/06/17 00:00:00+00,COLISION FRONTAL,COLISION,URBANA,IMPRUDENCIA DEL CONDUCTOR,CONDUCCION NO ATENTO CONDICIONES TRANSITO MOMENTO,0,0,0,1,13:05:00
-73.1099531,-36.7866757,993,8,REGION BIO BIO,8112,HUALPEN,COSTANERA,O-60,0,"Hualpén, Bío Bío, Chile",-36.7866757,-73.1099531,1,APPROXIMATE,2020,1285731,2020/06/16 00:00:00+00,CHOQUE,CHOQUE,URBANA,ALCOHOL EN CONDUCTOR,CONDUCCION EN ESTADO DE EBRIEDAD,0,0,0,0,21:20:00
-73.0702027,-36.7931793,994,8,REGION BIO BIO,8112,HUALPEN,AUTOPISTA CONCEPCION TALCAHUANO,OHIGGINS,0,"Autop. Concepción - Talcahuano 8696, Concepción, Hualpén, Bío Bío, Chile",-36.7931793,-73.0702027,1,ROOFTOP,2020,1285736,2020/06/15 00:00:00+00,COLISION,COLISION,URBANA,ALCOHOL EN CONDUCTOR,CONDUCCION EN ESTADO DE EBRIEDAD,0,0,0,0,22:37:00
-73.0710541,-36.8275269,995,8,REGION BIO BIO,8101,CONCEPCION,COSTANERA,LAS CANCHAS,0,"Parque Costanera Concepción - Av. Costanera 8000, Concepción, Bío Bío, Chile",-36.8275269,-73.0710541,1,ROOFTOP,2020,1285760,2020/06/17 00:00:00+00,COLISION LATERAL,COLISION,URBANA,IMPRUDENCIA DEL CONDUCTOR,VIRAJES INDEBIDOS,0,0,0,0,20:30:00
-73.0334353,-36.8169144,996,8,REGION BIO BIO,8101,CONCEPCION,MAIPU,FRESIA,0,"Maipú & Fresia, Concepción, Bío Bío, Chile",-36.8169144,-73.0334353,1,GEOMETRIC_CENTER,2020,1285768,2020/06/18 00:00:00+00,COLISION LATERAL,COLISION,URBANA,IMPRUDENCIA DEL CONDUCTOR,ADELANTAMIENTO SOBREPASANDO LINEA CONTINUA,0,0,0,0,13:40:00
-73.1775136,-37.0109567,997,8,REGION BIO BIO,8102,CORONEL,ARENAS BLANCAS, ,1,"Arenas Blancas 1, Coronel, Bío Bío, Chile",-37.0109567,-73.1775136,1,RANGE_INTERPOLATED,2020,1285799,2020/06/16 00:00:00+00,COLISION,COLISION,URBANA,ALCOHOL EN CONDUCTOR,CONDUCCION EN ESTADO DE EBRIEDAD,0,0,0,2,23:45:00
-72.9573035,-36.6206187,998,8,REGION BIO BIO,8111,TOME,LATORRE,BRASIL,0,"Brasil & A Latorre, Tome, Tomé, Bío Bío, Chile",-36.6206187,-72.9573035,1,GEOMETRIC_CENTER,2020,1285832,2020/06/18 00:00:00+00,CHOQUE FRONTAL,CHOQUE,URBANA,PERDIDA CONTROL VEHICULO,PERDIDA CONTROL VEHICULO,0,0,0,0,21:20:00
-72.706985,-37.2652957,999,8,REGION BIO BIO,8304,LAJA,RUCAHUE, ,1360,"Rucahue 1360, Laja, Bío Bío, Chile",-37.2652957,-72.706985,1,RANGE_INTERPOLATED,2020,1285854,2020/06/04 00:00:00+00,CHOQUE FRENTE/FRENTE,CHOQUE,URBANA,IMPRUDENCIA DEL CONDUCTOR,CONDUCCION NO ATENTO CONDICIONES TRANSITO MOMENTO,0,0,0,0,10:10:00
-72.4005604,-37.0357467,1000,8,REGION BIO BIO,8303,CABRERO,GRAL CRUZ, ,570,"Gral. Cruz 570, Cabrero, Bío Bío, Chile",-37.0357467,-72.4005604,1,RANGE_INTERPOLATED,2020,1285859,2020/06/12 00:00:00+00,CHOQUE POSTERIOR/POSTERIOR,CHOQUE,URBANA,IMPRUDENCIA DEL CONDUCTOR,CONDUCCION NO ATENTO CONDICIONES TRANSITO MOMENTO,0,0,0,0,13:40:00
-72.714257,-37.2826004,1001,8,REGION BIO BIO,8304,LAJA,FELIX EICHER, ,370,"P. Félix Eicher 370, Laja, Bío Bío, Chile",-37.2826004,-72.714257,1,RANGE_INTERPOLATED,2020,1285860,2020/06/12 00:00:00+00,CHOQUE FRONTAL,CHOQUE,URBANA,IMPRUDENCIA DEL CONDUCTOR,CONDUCCION NO ATENTO CONDICIONES TRANSITO MOMENTO,0,0,0,0,21:45:00
-72.342919,-37.487697,1002,8,REGION BIO BIO,8301,LOS ANGELES,FRANCISCO ENCINA,LOS CARRERA,0,"Av. Los Carrera & Av. Francisco Encina, Los Angeles, Los Ángeles, Bío Bío, Chile",-37.487697,-72.342919,1,GEOMETRIC_CENTER,2020,1285924,2020/06/19 00:00:00+00,CHOQUE FRENTE/POSTERIOR,CHOQUE,URBANA,OTRAS CAUSAS,OTRAS CAUSAS,0,0,0,0,23:50:00
-72.3413423,-37.4849403,1003,8,REGION BIO BIO,8301,LOS ANGELES,RENE SEPULVEDA,RENE SCHNEIDER,0,"René Sepúlveda & René Schneider, Los Angeles, Los Ángeles, Bío Bío, Chile",-37.4849403,-72.3413423,1,GEOMETRIC_CENTER,2020,1285964,2020/06/20 00:00:00+00,COLISION LATERAL,COLISION,URBANA,IMPRUDENCIA DEL CONDUCTOR,CONDUCCION NO ATENTO CONDICIONES TRANSITO MOMENTO,0,0,0,2,13:50:00
-72.3266667,-37.5054589,1004,8,REGION BIO BIO,8301,LOS ANGELES,LAS INDUSTRIAS, ,14340,"Av Las Industrias 14340, Los Ángeles, Bío Bío, Chile",-37.5054589,-72.3266667,1,RANGE_INTERPOLATED,2020,1285997,2020/06/20 00:00:00+00,COLISION LATERAL,COLISION,URBANA,IMPRUDENCIA DEL CONDUCTOR,CONDUCCION NO ATENTO CONDICIONES TRANSITO MOMENTO,0,0,0,2,13:50:00
-73.0747207,-36.8027361,1005,8,REGION BIO BIO,8112,HUALPEN,JORGE ALESSANDRI RODRIGUEZ,COSTANERA,0,"Avenida Presidente Jorge Alessandri Rodriguez 1669, Concepción, Hualpén, Bío Bío, Chile",-36.8027361,-73.0747207,1,GEOMETRIC_CENTER,2020,1286040,2020/06/20 00:00:00+00,CHOQUE FRONTAL,CHOQUE,URBANA,PERDIDA CONTROL VEHICULO,PERDIDA CONTROL VEHICULO,0,0,0,0,00:10:00
-72.6849251,-37.4935571,1006,8,REGION BIO BIO,8306,NACIMIENTO,PADRE ENRIQUE, ,1300,"Padre Enrique 1300, Nacimiento, Bío Bío, Chile",-37.4935571,-72.6849251,1,RANGE_INTERPOLATED,2020,1286058,2020/06/17 00:00:00+00,COLISION,COLISION,URBANA,IMPRUDENCIA DEL CONDUCTOR,CONDUCCION NO ATENTO CONDICIONES TRANSITO MOMENTO,0,0,0,0,17:25:00
-73.1632057,-37.0896534,1007,8,REGION BIO BIO,8106,LOTA,EL PARQUE,RICARDO LYON,0,"Ricardo Lyon & El Parque, Lota, Bío Bío, Chile",-37.0896534,-73.1632057,1,GEOMETRIC_CENTER,2020,1286064,2020/06/15 00:00:00+00,OTRO TIPO,OTRO TIPO,URBANA,OTRAS CAUSAS,OTRAS CAUSAS,0,0,0,0,19:30:00
-73.1511793,-37.0737693,1008,8,REGION BIO BIO,8106,LOTA,SAN PEDRO, ,23,"San Pedro 23, Lota, Bío Bío, Chile",-37.0737693,-73.1511793,1,RANGE_INTERPOLATED,2020,1286068,2020/06/19 00:00:00+00,ATROPELLO,ATROPELLO,URBANA,IMPRUDENCIA DEL PEATON,PEATON CRUZA CALZADA FORMA SORPRESIVA O DESCUIDADA,0,0,1,0,15:00:00
-73.0915947,-36.8096243,1009,8,REGION BIO BIO,8112,HUALPEN,GRAN BRETAÑA,COSTANERA,0,"Avenida Costanera 9200 Hualpén, Concepción, Hualpén, Bío Bío, Chile",-36.8096243,-73.0915947,1,GEOMETRIC_CENTER,2020,1286071,2020/06/20 00:00:00+00,COLISION,COLISION,URBANA,IMPRUDENCIA DEL CONDUCTOR,CONDUCCION NO ATENTO CONDICIONES TRANSITO MOMENTO,0,1,0,1,21:30:00
-72.3252896,-37.4777711,1010,8,REGION BIO BIO,8301,LOS ANGELES,LAS INDUSTRIAS, ,10445,"Av Las Industrias 10445, Los Angeles, Los Ángeles, Bío Bío, Chile",-37.4777711,-72.3252896,1,ROOFTOP,2020,1286166,2020/06/21 00:00:00+00,COLISION POR ALCANCE,COLISION,URBANA,IMPRUDENCIA DEL CONDUCTOR,CONDUCCION NO ATENTO CONDICIONES TRANSITO MOMENTO,0,0,0,0,19:45:00
-72.2374343,-37.7178812,1011,8,REGION BIO BIO,8305,MULCHEN,CACIQUE CORONADO, ,34,"Mulchen, Mulchén, Bío Bío, Chile",-37.7178812,-72.2374343,1,APPROXIMATE,2020,1286172,2020/06/09 00:00:00+00,CHOQUE,CHOQUE,URBANA,IMPRUDENCIA DEL CONDUCTOR,CONDUCCION NO ATENTO CONDICIONES TRANSITO MOMENTO,0,0,0,0,21:00:00
-72.3615007,-37.4807078,1012,8,REGION BIO BIO,8301,LOS ANGELES,CAMILO HENRIQUEZ,VICUÑA MACKENNA,0,"Camilo Henríquez & Avenida Vicuña Mackenna, Los Angeles, Los Ángeles, Bío Bío, Chile",-37.4807078,-72.3615007,1,GEOMETRIC_CENTER,2020,1286177,2020/06/22 00:00:00+00,COLISION,COLISION,URBANA,IMPRUDENCIA DEL CONDUCTOR,CONDUCCION NO ATENTO CONDICIONES TRANSITO MOMENTO,0,0,1,0,12:10:00
-72.3425361,-37.4880624,1013,8,REGION BIO BIO,8301,LOS ANGELES,LOS CARRERA,LAS INDUSTRIAS,0,"Av. Los Carrera 1596, Los Angeles, Los Ángeles, Bío Bío, Chile",-37.4880624,-72.3425361,1,ROOFTOP,2020,1286284,2020/06/23 00:00:00+00,COLISION POR ALCANCE,COLISION,URBANA,IMPRUDENCIA DEL CONDUCTOR,CONDUCCION NO ATENTO CONDICIONES TRANSITO MOMENTO,0,0,0,1,14:10:00
-72.3313278,-37.4882341,1014,8,REGION BIO BIO,8301,LOS ANGELES,TOLPAN,LOS OMAHUACAS,0,"Los Omahuacas & Tolpan, Los Angeles, Los Ángeles, Bío Bío, Chile",-37.4882341,-72.3313278,1,GEOMETRIC_CENTER,2020,1286247,2020/06/22 00:00:00+00,COLISION POR ALCANCE,COLISION,URBANA,IMPRUDENCIA DEL CONDUCTOR,CONDUCCION NO ATENTO CONDICIONES TRANSITO MOMENTO,0,0,1,0,15:20:00
-72.3556017,-37.4722569,1015,8,REGION BIO BIO,8301,LOS ANGELES,ERCILLA,RICARDO VICUÑA,0,"Avenida Ricardo Vicuña & Ercilla, Los Angeles, Los Ángeles, Bío Bío, Chile",-37.4722569,-72.3556017,1,GEOMETRIC_CENTER,2020,1286254,2020/06/22 00:00:00+00,COLISION FRONTAL,COLISION,URBANA,IMPRUDENCIA DEL CONDUCTOR,CONDUCCION NO ATENTO CONDICIONES TRANSITO MOMENTO,0,0,0,1,16:00:00
-72.3291868,-37.4843619,1016,8,REGION BIO BIO,8301,LOS ANGELES,FRANCISCO ENCINA,PUERTO ALEGRE,0,"Avenida Francisco Encina & Pto Alegre, Los Ángeles, Bío Bío, Chile",-37.4843619,-72.3291868,1,GEOMETRIC_CENTER,2020,1286273,2020/06/23 00:00:00+00,COLISION LATERAL,COLISION,URBANA,IMPRUDENCIA DEL CONDUCTOR,CONDUCCION NO ATENTO CONDICIONES TRANSITO MOMENTO,0,0,0,2,17:45:00