X,Y,FID,COD_REG,REGION,CUT,COMUNA,CALLE_UNO,CALLE_DOS,NUMERO,DIR_GEOCOD,LAT,LNG,VAL_COM,TIPO,Año,Idaccident,Fecha,Tipo_Accid,Tipo__CONA,Zona,Causa__CON,Causa,Fallecidos,Graves,Menos_Grav,Leves,Hora
-73.108803,-36.7910682,1017,8,REGION BIO BIO,8112,HUALPEN,GRAN BRETAÑA,MADRID,0,"Gran Bretaña & Madrid, Hualpén, Bío Bío, Chile",-36.7910682,-73.108803,1,GEOMETRIC_CENTER,2020,1286322,2020/06/22 00:00:00+00,COLISION,COLISION,URBANA,ALCOHOL EN CONDUCTOR,CONDUCCION EN ESTADO DE EBRIEDAD,0,0,0,0,21:50:00
-73.0950086,-36.790715,1018,8,REGION BIO BIO,8112,HUALPEN,GENOVA,BADALONA,0,"Pasaje Badalona & Génova, Hualpén, Bío Bío, Chile",-36.790715,-73.0950086,1,GEOMETRIC_CENTER,2020,1286351,2020/06/23 00:00:00+00,CHOQUE,CHOQUE,URBANA,IMPRUDENCIA DEL CONDUCTOR,CONDUCIR VEHICULO EN RETROCESO,0,0,0,0,12:20:00
-73.1167368,-36.8305354,1019,8,REGION BIO BIO,8108,SAN PEDRO DE LA PAZ,PEDRO AGUIRRE CERDA,JORGE ALESSANDRI,0,"San Pedro de la Paz, Bío Bío, Chile",-36.8305354,-73.1167368,1,APPROXIMATE,2020,1286403,2020/06/12 00:00:00+00,COLISION,COLISION,URBANA,CAUSAS NO DETERMINADAS,CAUSAS NO DETERMINADAS,0,0,0,0,13:20:00
-73.0937997,-36.8447538,1020,8,REGION BIO BIO,8108,SAN PEDRO DE LA PAZ,CAMINO EL VENADO, ,197,"Cam. El Venado 197, San Pedro de la Paz, Región Metropolitana, Chile",-36.8447538,-73.0937997,1,RANGE_INTERPOLATED,2020,1286407,2020/06/18 00:00:00+00,CHOQUE FRONTAL,CHOQUE,URBANA,CAUSAS NO DETERMINADAS,CAUSAS NO DETERMINADAS,0,0,0,0,09:00:00
-73.0594034,-36.8264888,1021,8,REGION BIO BIO,8101,CONCEPCION,LOS CARRERA,SERRANO,0,"Avenida los Carrera & Serrano, Concepción, Bío Bío, Chile",-36.8264888,-73.0594034,1,GEOMETRIC_CENTER,2020,1286409,2020/06/19 00:00:00+00,COLISION,COLISION,URBANA,CAUSAS NO DETERMINADAS,CAUSAS NO DETERMINADAS,0,0,0,0,15:15:00
-72.3436908,-37.4554333,1022,8,REGION BIO BIO,8301,LOS ANGELES,SOR VICENTA,MARCONI,0,"Avenida Sor Vicenta & Guillermo Marconi, Los Angeles, Los Ángeles, Bío Bío, Chile",-37.4554333,-72.3436908,1,GEOMETRIC_CENTER,2020,1286461,2020/06/23 00:00:00+00,CHOQUE POSTERIOR/FRENTE,CHOQUE,URBANA,IMPRUDENCIA DEL CONDUCTOR,CONDUCCION NO ATENTO CONDICIONES TRANSITO MOMENTO,0,0,0,0,18:25:00
-72.3500922,-37.480857,1023,8,REGION BIO BIO,8301,LOS ANGELES,VICUÑA MACKENNA,FREIRE,0,"Freire & Avenida Vicuña Mackenna, Los Angeles, Los Ángeles, Bío Bío, Chile",-37.480857,-72.3500922,1,GEOMETRIC_CENTER,2020,1286465,2020/06/23 00:00:00+00,COLISION,COLISION,URBANA,IMPRUDENCIA DEL CONDUCTOR,CONDUCCION NO ATENTO CONDICIONES TRANSITO MOMENTO,0,0,0,0,11:40:00
-73.0430493,-36.8221087,1024,8,REGION BIO BIO,8101,CONCEPCION,PAICAVI,FREIRE,0,"Freire & Paicaví, Concepción, Bío Bío, Chile",-36.8221087,-73.0430493,1,GEOMETRIC_CENTER,2020,1286520,2020/06/03 00:00:00+00,COLISION LATERAL,COLISION,URBANA,IMPRUDENCIA DEL CONDUCTOR,CONDUCCION NO ATENTO CONDICIONES TRANSITO MOMENTO,0,0,0,0,12:10:00
-72.6568503,-37.5066338,1025,8,REGION BIO BIO,8306,NACIMIENTO,ESTACION, ,216,"Av. Estacion 216, Nacimiento, Negrete, Bío Bío, Chile",-37.5066338,-72.6568503,1,ROOFTOP,2020,1286597,2020/06/22 00:00:00+00,COLISION,COLISION,URBANA,IMPRUDENCIA DEL CONDUCTOR,CONDUCCION NO ATENTO CONDICIONES TRANSITO MOMENTO,0,0,0,0,17:10:00
-73.339273,-37.4767979,1026,8,REGION BIO BIO,8205,CURANILAHUE,ALAMEDA,GUACOLDA,0,"Guacolda, Curanilahue, Bío Bío, Chile",-37.4767979,-73.339273,1,GEOMETRIC_CENTER,2020,1286720,2020/06/24 00:00:00+00,VOLCADURA,VOLCADURA,URBANA,ALCOHOL EN CONDUCTOR,CONDUCCION EN ESTADO DE EBRIEDAD,0,0,0,0,19:30:00
-73.0112844,-36.940065,1027,8,REGION BIO BIO,8103,CHIGUAYANTE,LOS OLIVOS,LOS AROMOS,0,"condominio - Los Aromos, Chiguayante, Bío Bío, Chile",-36.940065,-73.0112844,1,GEOMETRIC_CENTER,2020,1286797,2020/06/07 00:00:00+00,COLISION LATERAL,COLISION,URBANA,IMPRUDENCIA DEL CONDUCTOR,"ADELANTAMIENTO EN CRUCE, CURVA, CUESTA, PUENTE",0,0,0,0,18:30:00
-73.014508,-36.9506493,1028,8,REGION BIO BIO,8103,CHIGUAYANTE,MANUEL RODRIGUEZ,LOS PINOS,0,"Los Pinos & Avenida Manuel Rodríguez, Chiguayante, Bío Bío, Chile",-36.9506493,-73.014508,1,GEOMETRIC_CENTER,2020,1286806,2020/06/08 00:00:00+00,COLISION POR ALCANCE,COLISION,URBANA,IMPRUDENCIA DEL CONDUCTOR,CONDUCCION NO ATENTO CONDICIONES TRANSITO MOMENTO,0,0,0,0,12:22:00
-73.0192274,-36.9400284,1029,8,REGION BIO BIO,8103,CHIGUAYANTE,MANUEL RODRIGUEZ, ,2000,"Av. Manuel Rodríguez 2000, Chiguayante, Bío Bío, Chile",-36.9400284,-73.0192274,1,RANGE_INTERPOLATED,2020,1286815,2020/06/03 00:00:00+00,COLISION POR ALCANCE,COLISION,URBANA,CAUSAS NO DETERMINADAS,CAUSAS NO DETERMINADAS,0,0,0,0,07:15:00
-73.0133095,-36.954699,1030,8,REGION BIO BIO,8103,CHIGUAYANTE,MANUEL RODRIGUEZ,LONS ANDES,0,"Los Andes & Avenida Manuel Rodríguez, Chiguayante, Bío Bío, Chile",-36.954699,-73.0133095,1,GEOMETRIC_CENTER,2020,1286857,2020/06/02 00:00:00+00,ATROPELLO,ATROPELLO,URBANA,CAUSAS NO DETERMINADAS,CAUSAS NO DETERMINADAS,0,0,1,0,18:40:00
-73.1477037,-36.8529744,1031,8,REGION BIO BIO,8108,SAN PEDRO DE LA PAZ,PASAJE SESENTA Y OCHO, ,1200,"Pje. Sesenta y Ocho, San Pedro de la Paz, Bío Bío, Chile",-36.8529744,-73.1477037,1,GEOMETRIC_CENTER,2020,1286860,2020/06/25 00:00:00+00,CHOQUE POSTERIOR/LADO,CHOQUE,URBANA,IMPRUDENCIA DEL CONDUCTOR,CONDUCIR VEHICULO EN RETROCESO,0,0,0,0,21:30:00
-73.1076571,-36.8381514,1032,8,REGION BIO BIO,8108,SAN PEDRO DE LA PAZ,PEDRO AGUIRRE CERDA,LOS CLAVELES,0,"Av Pedro Aguirre Cerda - Av San Pedro, San Pedro de la Paz, Bío Bío, Chile",-36.8381514,-73.1076571,1,GEOMETRIC_CENTER,2020,1286869,2020/06/26 00:00:00+00,VOLCADURA,VOLCADURA,URBANA,FALLAS MECANICAS,FALLAS MECANICAS FRENOS,0,0,0,0,07:40:00
-72.9551108,-36.6234363,1033,8,REGION BIO BIO,8111,TOME,MALDONADO,LOS SUSPIROS,0,"Los Suspiros & Maldonado, Tome, Tomé, Bío Bío, Chile",-36.6234363,-72.9551108,1,GEOMETRIC_CENTER,2020,1286904,2020/06/22 00:00:00+00,COLISION,COLISION,URBANA,CAUSAS NO DETERMINADAS,CAUSAS NO DETERMINADAS,0,0,0,0,11:15:00
-72.9576261,-36.619007,1034,8,REGION BIO BIO,8111,TOME,IGNACIO SERRANO,MANUEL MONTT,0,"Manuel Montt & Ignacio Serrano, Tome, Tomé, Bío Bío, Chile",-36.619007,-72.9576261,1,GEOMETRIC_CENTER,2020,1286906,2020/06/23 00:00:00+00,CHOQUE,CHOQUE,URBANA,IMPRUDENCIA DEL CONDUCTOR,CONDUCCION NO ATENTO CONDICIONES TRANSITO MOMENTO,0,0,0,0,11:20:00
-73.1058488,-36.8302474,1035,8,REGION BIO BIO,8108,SAN PEDRO DE LA PAZ,RENE AMENGUAL, ,1527,"René Amengual 1527, San Pedro de la Paz, Región Metropolitana, Chile",-36.8302474,-73.1058488,1,RANGE_INTERPOLATED,2020,1286910,2020/06/27 00:00:00+00,CHOQUE FRONTAL,CHOQUE,URBANA,ALCOHOL EN CONDUCTOR,CONDUCCION EN ESTADO DE EBRIEDAD,0,0,0,0,09:15:00
-72.3496178,-37.4744032,1036,8,REGION BIO BIO,8301,LOS ANGELES,FREIRE,BULNES,0,"Bulnes & Freire, Los Angeles, Los Ángeles, Bío Bío, Chile",-37.4744032,-72.3496178,1,GEOMETRIC_CENTER,2020,1286954,2020/06/23 00:00:00+00,COLISION FRONTAL,COLISION,URBANA,IMPRUDENCIA DEL CONDUCTOR,CONDUCCION NO ATENTO CONDICIONES TRANSITO MOMENTO,0,0,0,1,19:10:00
-72.3626935,-37.4762651,1037,8,REGION BIO BIO,8301,LOS ANGELES,ALCAZAR,LYNCH,0,"Alcázar & Patricio Lynch, Los Angeles, Los Ángeles, Bío Bío, Chile",-37.4762651,-72.3626935,1,GEOMETRIC_CENTER,2020,1286958,2020/06/24 00:00:00+00,IMPACTO CON ANIMAL,OTRO TIPO,URBANA,DEFICIENCIAS VIALES,ANIMALES SUELTOS VIA PUBLICA,0,0,0,0,16:50:00
-72.3484283,-37.464138,1038,8,REGION BIO BIO,8301,LOS ANGELES,VILLAGRAN, ,794,"Villagrán 794, Los Angeles, Los Ángeles, Bío Bío, Chile",-37.464138,-72.3484283,1,ROOFTOP,2020,1286961,2020/06/26 00:00:00+00,ATROPELLO,ATROPELLO,URBANA,IMPRUDENCIA DEL CONDUCTOR,CONDUCCION NO ATENTO CONDICIONES TRANSITO MOMENTO,0,0,0,0,13:50:00
-72.3231838,-37.3964767,1039,8,REGION BIO BIO,8301,LOS ANGELES,TOMAS DE AQUINO,MONASTERIO,0,"Los Angeles, Los Ángeles, Bío Bío, Chile",-37.3964767,-72.3231838,1,GEOMETRIC_CENTER,2020,1286968,2020/06/26 00:00:00+00,COLISION LATERAL,COLISION,URBANA,IMPRUDENCIA DEL CONDUCTOR,CONDUCCION NO ATENTO CONDICIONES TRANSITO MOMENTO,0,0,0,0,21:30:00
-72.3384403,-37.4449067,1040,8,REGION BIO BIO,8301,LOS ANGELES,LOS ANGELES,BOMB RIOSECO,0,"Dr. Manuel Rioseco, Los Angeles, Los Ángeles, Bío Bío, Chile",-37.4449067,-72.3384403,1,GEOMETRIC_CENTER,2020,1286970,2020/06/27 00:00:00+00,COLISION LATERAL,COLISION,URBANA,IMPRUDENCIA DEL CONDUCTOR,CONDUCCION NO ATENTO CONDICIONES TRANSITO MOMENTO,0,0,0,2,15:00:00
-73.0559332,-36.8169726,1041,8,REGION BIO BIO,8101,CONCEPCION,ANIBAL PINTO,MANUEL RODRIGUEZ,0,"Anibal Pinto & Manuel Rodríguez, Concepción, Bío Bío, Chile",-36.8169726,-73.0559332,1,GEOMETRIC_CENTER,2020,1286999,2020/06/01 00:00:00+00,CHOQUE FRENTE/POSTERIOR,CHOQUE,URBANA,CAUSAS NO DETERMINADAS,CAUSAS NO DETERMINADAS,0,0,0,0,09:35:00
-73.0620531,-36.8198109,1042,8,REGION BIO BIO,8101,CONCEPCION,SALAS,MANUEL RODRIGUEZ,0,"Obispo Hipólito Salas & Manuel Rodríguez, Concepción, Bío Bío, Chile",-36.8198109,-73.0620531,1,GEOMETRIC_CENTER,2020,1287022,2020/06/23 00:00:00+00,COLISION LATERAL,COLISION,RURAL,CAUSAS NO DETERMINADAS,CAUSAS NO DETERMINADAS,0,0,0,0,17:30:00
-73.0426022,-36.801778,1043,8,REGION BIO BIO,8101,CONCEPCION,ALONSO DE RIVERA,KM2 MANUEL GUTIERREZ,0,"Alonso de Rivera, Concepción, Bío Bío, Chile",-36.801778,-73.0426022,1,GEOMETRIC_CENTER,2020,1287145,2020/06/02 00:00:00+00,ATROPELLO,ATROPELLO,URBANA,IMPRUDENCIA DEL PEATON,PEATON CRUZA CALZADA FUERA PASO PEATONES,0,1,0,0,20:50:00
-73.0416395,-36.8054984,1044,8,REGION BIO BIO,8101,CONCEPCION,ALONSO DE RIVERA,LIENTUR,0,"Juan de Dios Rivera 2280, Concepción, Bío Bío, Chile",-36.8054984,-73.0416395,1,ROOFTOP,2020,1287150,2020/06/18 00:00:00+00,CHOQUE FRENTE/LADO,CHOQUE,URBANA,CAUSAS NO DETERMINADAS,CAUSAS NO DETERMINADAS,0,1,0,0,19:45:00
-73.6538462,-37.607265,1045,8,REGION BIO BIO,8201,LEBU,BULNES,SAAVEDRA,0,"Bulnes & Calle Saavedra, Lebu, Bío Bío, Chile",-37.607265,-73.6538462,1,GEOMETRIC_CENTER,2020,1287182,2020/06/25 00:00:00+00,ATROPELLO,ATROPELLO,URBANA,IMPRUDENCIA DEL CONDUCTOR,NO RESPETAR DERECHO PREFERENTE DE PASO A PEATON,0,0,0,1,16:30:00
-72.3667295,-37.4607576,1046,8,REGION BIO BIO,8301,LOS ANGELES,DON VICTOR,OROMPELLO,0,"Orompello & Don Víctor, Los Angeles, Los Ángeles, Bío Bío, Chile",-37.4607576,-72.3667295,1,GEOMETRIC_CENTER,2020,1287205,2020/06/28 00:00:00+00,CHOQUE FRENTE/LADO,CHOQUE,URBANA,DESOBEDIENCIA A SEÑALIZACION,SEÑALIZACION DESOBEDECER LUZ ROJA DE SEMAFORO,0,0,0,0,19:30:00
-72.35579,-37.47167,1047,8,REGION BIO BIO,8301,LOS ANGELES,ERCILLA, ,190,"Ercilla 190, Los Angeles, Los Ángeles, Bío Bío, Chile",-37.47167,-72.35579,1,ROOFTOP,2020,1287284,2020/06/29 00:00:00+00,VOLCADURA,VOLCADURA,URBANA,IMPRUDENCIA DEL CONDUCTOR,CONDUCCION NO ATENTO CONDICIONES TRANSITO MOMENTO,0,1,0,0,16:50:00
-73.1231221,-36.7234195,1048,8,REGION BIO BIO,8110,TALCAHUANO,BRASIL, ,360,"Brasil 360, Talcahuano, Bío Bío, Chile",-36.7234195,-73.1231221,1,RANGE_INTERPOLATED,2020,1287333,2020/06/28 00:00:00+00,COLISION LATERAL,COLISION,URBANA,ALCOHOL EN CONDUCTOR,CONDUCCION EN ESTADO DE EBRIEDAD,0,1,0,1,22:20:00
-73.0220778,-36.9285906,1049,8,REGION BIO BIO,8103,CHIGUAYANTE,21 DE MAYO,VALENZUELA,0,"21 de Mayo, Chiguayante, Bío Bío, Chile",-36.9285906,-73.0220778,1,GEOMETRIC_CENTER,2020,1288119,2020/06/28 00:00:00+00,COLISION FRONTAL,COLISION,URBANA,IMPRUDENCIA DEL CONDUCTOR,CONDUCCION NO ATENTO CONDICIONES TRANSITO MOMENTO,0,0,0,0,13:25:00
-72.3321568,-37.4451465,1050,8,REGION BIO BIO,8301,LOS ANGELES,SOR VICENTA,LAGUNA VERDE,0,"Av. Sor Vicenta & C. Laguna Verde, Los Angeles, Los Ángeles, Bío Bío, Chile",-37.4451465,-72.3321568,1,GEOMETRIC_CENTER,2020,1287369,2020/06/30 00:00:00+00,COLISION PERPENDICULAR,COLISION,URBANA,IMPRUDENCIA DEL CONDUCTOR,VIRAJES INDEBIDOS,0,3,0,0,19:30:00
-73.1185848,-36.7324743,1051,8,REGION BIO BIO,8110,TALCAHUANO,ISLA DE PASCUA,JUAN ANTONIO RIOS,0,"Isla de Pascua & Juan Antonio Ríos, Talcahuano, Bío Bío, Chile",-36.7324743,-73.1185848,1,GEOMETRIC_CENTER,2020,1287378,2020/06/02 00:00:00+00,COLISION LATERAL,COLISION,URBANA,IMPRUDENCIA DEL CONDUCTOR,VIRAJES INDEBIDOS,0,0,0,0,11:00:00
-73.0933554,-36.7471282,1052,8,REGION BIO BIO,8110,TALCAHUANO,LUIS ACEVEDO, ,3602,"Luis Acevedo 3602, Talcahuano, Bío Bío, Chile",-36.7471282,-73.0933554,1,ROOFTOP,2020,1287385,2020/06/17 00:00:00+00,CHOQUE FRENTE/FRENTE,CHOQUE,URBANA,IMPRUDENCIA DEL CONDUCTOR,CONDUCCION NO ATENTO CONDICIONES TRANSITO MOMENTO,0,0,0,0,20:35:00
-72.7273951,-37.2632037,1053,8,REGION BIO BIO,8310,SAN ROSENDO,IBIETA, ,105,"L. Ibieta 105, San Rosendo, Bío Bío, Chile",-37.2632037,-72.7273951,1,RANGE_INTERPOLATED,2020,1287399,2020/06/28 00:00:00+00,COLISION LATERAL,COLISION,URBANA,IMPRUDENCIA DEL CONDUCTOR,CONDUCCION NO ATENTO CONDICIONES TRANSITO MOMENTO,0,0,0,0,13:10:00
-73.0429731,-36.8196393,1054,8,REGION BIO BIO,8101,CONCEPCION,LOS CARRERA,JANEQUEO,0,"Janequeo & Avenida los Carrera, Concepción, Bío Bío, Chile",-36.8196393,-73.0429731,1,GEOMETRIC_CENTER,2020,1287409,2020/06/19 00:00:00+00,CHOQUE POSTERIOR,CHOQUE,URBANA,IMPRUDENCIA DEL CONDUCTOR,CONDUCCION SIN MANTENER DISTANCIA RAZONABLE NI PRUDENTE,0,0,0,3,14:55:00
-73.063156,-36.8349005,1055,8,REGION BIO BIO,8101,CONCEPCION,COSTANERA,PUENTE CHACABUCO,0,"Avenida Costanera & Puente Chacabuco, Concepción, Bío Bío, Chile",-36.8349005,-73.063156,1,GEOMETRIC_CENTER,2020,1287413,2020/06/20 00:00:00+00,COLISION LATERAL,COLISION,URBANA,IMPRUDENCIA DEL CONDUCTOR,VIRAJES INDEBIDOS,0,0,0,2,08:30:00
-73.0436675,-36.821115,1056,8,REGION BIO BIO,8101,CONCEPCION,PAICAVI,MAIPU,0,"Maipú & Paicaví, Concepción, Bío Bío, Chile",-36.821115,-73.0436675,1,GEOMETRIC_CENTER,2020,1287418,2020/06/20 00:00:00+00,COLISION PERPENDICULAR,COLISION,URBANA,IMPRUDENCIA DEL CONDUCTOR,CONDUCCION NO ATENTO CONDICIONES TRANSITO MOMENTO,0,0,0,0,15:20:00
-73.0436564,-36.8197164,1057,8,REGION BIO BIO,8101,CONCEPCION,LOS CARRERA,PAICAVI,0,"Los Carrera - Paicaví, Concepción, Bío Bío, Chile",-36.8197164,-73.0436564,1,GEOMETRIC_CENTER,2020,1287425,2020/06/22 00:00:00+00,CHOQUE POSTERIOR,CHOQUE,URBANA,IMPRUDENCIA DEL CONDUCTOR,CONDUCCION NO ATENTO CONDICIONES TRANSITO MOMENTO,0,0,0,0,10:16:00
-73.0461093,-36.8273051,1058,8,REGION BIO BIO,8101,CONCEPCION,SAN MARTIN,CASTELLON,0,"San Martín & Castellón, Concepción, Bío Bío, Chile",-36.8273051,-73.0461093,1,GEOMETRIC_CENTER,2020,1287427,2020/06/22 00:00:00+00,COLISION PERPENDICULAR,COLISION,URBANA,IMPRUDENCIA DEL CONDUCTOR,CONDUCCION NO ATENTO CONDICIONES TRANSITO MOMENTO,0,0,0,0,12:15:00
-73.0448855,-36.8268039,1059,8,REGION BIO BIO,8101,CONCEPCION,TUCAPEL,SAN MARTIN,0,"Tucapel & San Martín, Concepción, Bío Bío, Chile",-36.8268039,-73.0448855,1,GEOMETRIC_CENTER,2020,1287432,2020/06/22 00:00:00+00,COLISION PERPENDICULAR,COLISION,URBANA,DESOBEDIENCIA A SEÑALIZACION,SEÑALIZACION DESOBEDECER SEÑAL PARE,0,0,0,0,13:40:00
-73.0430493,-36.8221087,1060,8,REGION BIO BIO,8101,CONCEPCION,PAICAVI,FREIRE,0,"Freire & Paicaví, Concepción, Bío Bío, Chile",-36.8221087,-73.0430493,1,GEOMETRIC_CENTER,2020,1287466,2020/06/22 00:00:00+00,COLISION PERPENDICULAR,COLISION,URBANA,DESOBEDIENCIA A SEÑALIZACION,SEÑALIZACION DESOBEDECER SEÑAL PARE,0,0,0,0,15:00:00
-73.0651458,-36.8321223,1061,8,REGION BIO BIO,8101,CONCEPCION,COSTANERA,CENTRAL NORTE,0,"Av. Costanera & Central Nte., Concepción, Bío Bío, Chile",-36.8321223,-73.0651458,1,GEOMETRIC_CENTER,2020,1287475,2020/06/22 00:00:00+00,COLISION PERPENDICULAR,COLISION,URBANA,IMPRUDENCIA DEL CONDUCTOR,CONDUCCION NO ATENTO CONDICIONES TRANSITO MOMENTO,0,1,0,0,14:45:00
-73.0984332,-36.8440272,1062,8,REGION BIO BIO,8108,SAN PEDRO DE LA PAZ,MICHILAMONCO,LOS CANELOS,0,"Los Canelos & Avenida Michimalonco, San Pedro de la Paz, Bío Bío, Chile",-36.8440272,-73.0984332,1,GEOMETRIC_CENTER,2020,1287477,2020/06/25 00:00:00+00,COLISION,COLISION,URBANA,CAUSAS NO DETERMINADAS,CAUSAS NO DETERMINADAS,0,0,0,0,14:40:00
-73.0215676,-36.8189913,1063,8,REGION BIO BIO,8101,CONCEPCION,GEENRAL NOVOA,LAGO VILLARRICA,0,"Lago Villarrica & General Novoa, Concepción, Bío Bío, Chile",-36.8189913,-73.0215676,1,GEOMETRIC_CENTER,2020,1287486,2020/06/23 00:00:00+00,CHOQUE POSTERIOR,CHOQUE,URBANA,IMPRUDENCIA DEL CONDUCTOR,CONDUCCION SIN MANTENER DISTANCIA RAZONABLE NI PRUDENTE,0,0,0,0,08:30:00
-73.0430493,-36.8221087,1064,8,REGION BIO BIO,8101,CONCEPCION,PAICAVI,FREIRE,0,"Freire & Paicaví, Concepción, Bío Bío, Chile",-36.8221087,-73.0430493,1,GEOMETRIC_CENTER,2020,1287569,2020/06/24 00:00:00+00,CHOQUE POSTERIOR,CHOQUE,URBANA,IMPRUDENCIA DEL CONDUCTOR,CONDUCCION SIN MANTENER DISTANCIA RAZONABLE NI PRUDENTE,0,0,0,1,10:55:00
-73.0104403,-36.8297282,1065,8,REGION BIO BIO,8101,CONCEPCION,CALLE UNO, ,1889,"C. 1 1889, Concepción, Bío Bío, Chile",-36.8297282,-73.0104403,1,ROOFTOP,2020,1287572,2020/06/24 00:00:00+00,CHOQUE FRONTAL,CHOQUE,URBANA,IMPRUDENCIA DEL CONDUCTOR,CONDUCCION NO ATENTO CONDICIONES TRANSITO MOMENTO,0,0,0,0,21:10:00
-73.0562567,-36.8340089,1066,8,REGION BIO BIO,8101,CONCEPCION,CHACABUCO,ARTURO PRAT,0,"Avenida Chacabuco & Arturo Prat, Concepción, Bío Bío, Chile",-36.8340089,-73.0562567,1,GEOMETRIC_CENTER,2020,1287582,2020/06/25 00:00:00+00,COLISION LATERAL,COLISION,URBANA,IMPRUDENCIA DEL CONDUCTOR,VIRAJES INDEBIDOS,0,0,0,0,11:00:00
-73.0406476,-36.825816,1067,8,REGION BIO BIO,8101,CONCEPCION,PAICAVI,ONGOLMO,0,"Ongolmo & Paicaví, Concepción, Bío Bío, Chile",-36.825816,-73.0406476,1,GEOMETRIC_CENTER,2020,1287598,2020/06/22 00:00:00+00,COLISION POR ALCANCE,COLISION,URBANA,CAUSAS NO DETERMINADAS,CAUSAS NO DETERMINADAS,0,0,0,0,09:30:00
-73.0543169,-36.8344896,1068,8,REGION BIO BIO,8101,CONCEPCION,VICTOR LAMAS,SERRANO,0,"Serrano & Víctor Lamas, Concepción, Bío Bío, Chile",-36.8344896,-73.0543169,1,GEOMETRIC_CENTER,2020,1287600,2020/06/27 00:00:00+00,COLISION LATERAL,COLISION,URBANA,IMPRUDENCIA DEL CONDUCTOR,VIRAJES INDEBIDOS,0,0,0,1,13:00:00
-73.0371242,-36.7969237,1069,8,REGION BIO BIO,8101,CONCEPCION,LOS ACACIOS,LOS NARANJOS,0,"Los Acacios & Los Naranjos, Concepción, Bío Bío, Chile",-36.7969237,-73.0371242,1,GEOMETRIC_CENTER,2020,1287601,2020/06/20 00:00:00+00,COLISION POR ALCANCE,COLISION,URBANA,CAUSAS NO DETERMINADAS,CAUSAS NO DETERMINADAS,0,0,0,0,20:45:00
-73.0083748,-36.8245274,1070,8,REGION BIO BIO,8101,CONCEPCION,CAMINO NONGUEN, ,399,"Cam. Nonguén 399, Concepción, Bío Bío, Chile",-36.8245274,-73.0083748,1,ROOFTOP,2020,1287607,2020/06/29 00:00:00+00,CHOQUE POSTERIOR,CHOQUE,URBANA,IMPRUDENCIA DEL CONDUCTOR,CONDUCCION SIN MANTENER DISTANCIA RAZONABLE NI PRUDENTE,0,0,0,0,20:20:00
-73.0507365,-36.8150601,1071,8,REGION BIO BIO,8101,CONCEPCION,MANUEL RODRIGUEZ,OROMPELLO,0,"Manuel Rodríguez & Orompello, Concepción, Bío Bío, Chile",-36.8150601,-73.0507365,1,GEOMETRIC_CENTER,2020,1287617,2020/06/23 00:00:00+00,COLISION LATERAL,COLISION,URBANA,CAUSAS NO DETERMINADAS,CAUSAS NO DETERMINADAS,0,0,0,3,16:30:00
-73.0177788,-36.8191361,1072,8,REGION BIO BIO,8101,CONCEPCION,ROTONDA PALOMARES,IGNACIO COLLAO,0,"Collao 951, Concepción, Bío Bío, Chile",-36.8191361,-73.0177788,1,ROOFTOP,2020,1287627,2020/06/29 00:00:00+00,CHOQUE,CHOQUE,URBANA,ALCOHOL EN CONDUCTOR,CONDUCCION EN ESTADO DE EBRIEDAD,0,0,0,0,23:25:00
-73.0436564,-36.8197164,1073,8,REGION BIO BIO,8101,CONCEPCION,LOS CARRERA,PAICAVI,0,"Los Carrera - Paicaví, Concepción, Bío Bío, Chile",-36.8197164,-73.0436564,1,GEOMETRIC_CENTER,2020,1287640,2020/06/30 00:00:00+00,COLISION PERPENDICULAR,COLISION,URBANA,IMPRUDENCIA DEL CONDUCTOR,CONDUCCION NO ATENTO CONDICIONES TRANSITO MOMENTO,0,0,0,0,07:30:00
-73.0424442,-36.8154366,1074,8,REGION BIO BIO,8101,CONCEPCION,MANUEL BULNES,GALVARINO,0,"Manuel Bulnes & Galvarino, Concepción, Bío Bío, Chile",-36.8154366,-73.0424442,1,GEOMETRIC_CENTER,2020,1287648,2020/06/27 00:00:00+00,ATROPELLO,ATROPELLO,URBANA,IMPRUDENCIA DEL CONDUCTOR,NO RESPETAR DERECHO PREFERENTE DE PASO A PEATON,0,0,0,1,19:00:00
-73.0790981,-36.8135485,1075,8,REGION BIO BIO,8101,CONCEPCION,SAN EULOGIO,SENDA 4,0,"San Eulogio & Senda Cuatro, Concepción, Bío Bío, Chile",-36.8135485,-73.0790981,1,GEOMETRIC_CENTER,2020,1287664,2020/06/30 00:00:00+00,ATROPELLO,ATROPELLO,URBANA,IMPRUDENCIA DEL PEATON,PEATON PERMANECE SOBRE LA CALZADA,0,0,1,0,21:40:00
-73.0664635,-36.7918699,1076,8,REGION BIO BIO,8110,TALCAHUANO,JORGE ALESSANDRI PALMA, ,3177,"Av. Pdte. Jorge Alessandri Rodriguez 3177, Talcahuano, Bío Bío, Chile",-36.7918699,-73.0664635,1,ROOFTOP,2020,1287720,2020/06/19 00:00:00+00,CHOQUE POSTERIOR/LADO,CHOQUE,URBANA,IMPRUDENCIA DEL CONDUCTOR,CONDUCCION NO ATENTO CONDICIONES TRANSITO MOMENTO,0,0,0,0,15:50:00