X,Y,FID,COD_REG,REGION,CUT,COMUNA,CALLE_UNO,CALLE_DOS,NUMERO,DIR_GEOCOD,LAT,LNG,VAL_COM,TIPO,Año,Idaccident,Fecha,Tipo_Accid,Tipo__CONA,Zona,Causa__CON,Causa,Fallecidos,Graves,Menos_Grav,Leves,Hora
-73.163264,-37.0896831,1077,8,REGION BIO BIO,8106,LOTA,BALDOMERO LILLO,SUBSOLE,0,"El Parque 21, Lota, Bío Bío, Chile",-37.0896831,-73.163264,1,ROOFTOP,2020,1287730,2020/06/24 00:00:00+00,COLISION LATERAL,COLISION,URBANA,IMPRUDENCIA DEL CONDUCTOR,CONDUCCION NO ATENTO CONDICIONES TRANSITO MOMENTO,0,0,0,0,17:40:00
-73.1545202,-37.0942838,1078,8,REGION BIO BIO,8106,LOTA,SERRANO,ARTURO PRAT,0,"Arturo Prat & Serrano, Lota, Bío Bío, Chile",-37.0942838,-73.1545202,1,GEOMETRIC_CENTER,2020,1287733,2020/06/27 00:00:00+00,COLISION LATERAL,COLISION,URBANA,DESOBEDIENCIA A SEÑALIZACION,SEÑALIZACION DESOBEDECER SEÑAL CEDA EL PASO,0,0,0,0,11:30:00
-73.0984283,-36.7393141,1079,8,REGION BIO BIO,8110,TALCAHUANO,ERRAZURIZ,ELEUTERIO RAMIREZ,0,"Errázuriz & Eleuterio Ramírez, Talcahuano, Bío Bío, Chile",-36.7393141,-73.0984283,1,GEOMETRIC_CENTER,2020,1287740,2020/06/24 00:00:00+00,COLISION LATERAL,COLISION,URBANA,DESOBEDIENCIA A SEÑALIZACION,SEÑALIZACION DESOBEDECER SEÑAL CEDA EL PASO,0,0,0,0,19:15:00
-73.1309839,-36.7241299,1080,8,REGION BIO BIO,8110,TALCAHUANO,LA MARINA, ,667,"La Marina 667, Talcahuano, Bío Bío, Chile",-36.7241299,-73.1309839,1,RANGE_INTERPOLATED,2020,1287765,2020/06/25 00:00:00+00,COLISION LATERAL,COLISION,URBANA,IMPRUDENCIA DEL CONDUCTOR,CONDUCCION CAMBIAR SORPRESIVAMENTE PISTA CIRCULACION,0,0,0,2,17:30:00
-73.0869107,-36.7872899,1081,8,REGION BIO BIO,8112,HUALPEN,CAMPANARIO,CRISTOBAL COLON,0,"Avenida Cristóbal Colón & Campanario, Hualpén, Bío Bío, Chile",-36.7872899,-73.0869107,1,GEOMETRIC_CENTER,2020,1287838,2020/07/01 00:00:00+00,COLISION,COLISION,URBANA,DESOBEDIENCIA A SEÑALIZACION,SEÑALIZACION DESOBEDECER LUZ ROJA DE SEMAFORO,0,0,0,0,09:47:00
-73.1134076,-36.7081085,1082,8,REGION BIO BIO,8110,TALCAHUANO,ALMTE VILLARROEL, ,107,"Almte. Villarroel 107, Talcahuano, Bío Bío, Chile",-36.7081085,-73.1134076,1,ROOFTOP,2020,1287841,2020/07/01 00:00:00+00,COLISION,COLISION,URBANA,IMPRUDENCIA DEL CONDUCTOR,CONDUCIR VEHICULO EN RETROCESO,0,0,0,0,21:00:00
-73.1010132,-36.8336196,1083,8,REGION BIO BIO,8108,SAN PEDRO DE LA PAZ,JORGE ALESSANDRI,LOS PENSAMIENTOS,0,"Los Pensamientos & Avenida Presidente Jorge Alessandri Rodriguez, San Pedro de la Paz, Bío Bío, Chile",-36.8336196,-73.1010132,1,GEOMETRIC_CENTER,2020,1287876,2020/07/02 00:00:00+00,COLISION,COLISION,URBANA,CAUSAS NO DETERMINADAS,CAUSAS NO DETERMINADAS,0,0,0,0,17:00:00
-73.1183314,-36.7927752,1084,8,REGION BIO BIO,8112,HUALPEN,SOFIA, ,1023,"Sofía, Hualpén, Bío Bío, Chile",-36.7927752,-73.1183314,1,GEOMETRIC_CENTER,2020,1287900,2020/07/01 00:00:00+00,CHOQUE,CHOQUE,URBANA,IMPRUDENCIA DEL CONDUCTOR,CONDUCCION SIN MANTENER DISTANCIA RAZONABLE NI PRUDENTE,0,0,0,0,18:30:00
-73.1167638,-36.8304258,1085,8,REGION BIO BIO,8108,SAN PEDRO DE LA PAZ,LAS GARZAS,ENRIQUE SORO,0,"Las Garzas & Enrique Soro, San Pedro de la Paz, Bío Bío, Chile",-36.8304258,-73.1167638,1,GEOMETRIC_CENTER,2020,1287980,2020/06/30 00:00:00+00,COLISION POR ALCANCE,COLISION,URBANA,IMPRUDENCIA DEL CONDUCTOR,CONDUCCION NO ATENTO CONDICIONES TRANSITO MOMENTO,0,0,0,3,08:35:00
-73.027521,-36.810789,1086,8,REGION BIO BIO,8101,CONCEPCION,TEGUALDA,GRAL BONILLA,0,"Cam. a Penco, Concepción, Bío Bío, Chile",-36.810789,-73.027521,1,GEOMETRIC_CENTER,2020,1288017,2020/07/01 00:00:00+00,COLISION LATERAL,COLISION,URBANA,IMPRUDENCIA DEL CONDUCTOR,ADELANTAMIENTO SIN EL ESPACIO O TIEMPO SUFICIENTE,0,0,0,0,17:45:00
-73.0614496,-36.7977791,1087,8,REGION BIO BIO,8101,CONCEPCION,PAICAVI, ,3625,"Paicaví 3625, Concepción, Bío Bío, Chile",-36.7977791,-73.0614496,1,RANGE_INTERPOLATED,2020,1288115,2020/06/25 00:00:00+00,COLISION LATERAL,COLISION,URBANA,IMPRUDENCIA DEL CONDUCTOR,CONDUCCION NO ATENTO CONDICIONES TRANSITO MOMENTO,0,0,0,0,19:00:00
-73.0354842,-36.8164823,1088,8,REGION BIO BIO,8101,CONCEPCION,LOS CARRERA,VILUMILLA,0,"Avenida los Carrera & Vilumilla, Concepción, Bío Bío, Chile",-36.8164823,-73.0354842,1,GEOMETRIC_CENTER,2020,1288116,2020/06/23 00:00:00+00,COLISION LATERAL,COLISION,URBANA,CAUSAS NO DETERMINADAS,CAUSAS NO DETERMINADAS,0,0,0,3,19:45:00
-73.1074481,-36.7419986,1089,8,REGION BIO BIO,8110,TALCAHUANO,ALTO HORNO, ,559,"Alto Horno 559, Talcahuano, Bío Bío, Chile",-36.7419986,-73.1074481,1,RANGE_INTERPOLATED,2020,1288330,2020/07/03 00:00:00+00,CHOQUE LADO/LADO,CHOQUE,URBANA,IMPRUDENCIA DEL CONDUCTOR,ADELANTAMIENTO SIN EL ESPACIO O TIEMPO SUFICIENTE,0,0,0,0,13:30:00
-73.0507113,-36.8096616,1090,8,REGION BIO BIO,8101,CONCEPCION,PAICAVI,EJERCITO,0,"Ejército & Paicaví, Concepción, Bío Bío, Chile",-36.8096616,-73.0507113,1,GEOMETRIC_CENTER,2020,1288187,2020/07/01 00:00:00+00,COLISION POR ALCANCE,COLISION,URBANA,IMPRUDENCIA DEL CONDUCTOR,CONDUCCION NO ATENTO CONDICIONES TRANSITO MOMENTO,0,0,0,0,08:15:00
-72.2482872,-37.7269904,1091,8,REGION BIO BIO,8305,MULCHEN,JOSE JOAQUIN PEREZ, ,429,"José Joaquín Pérez 429, Mulchen, Negrete, Bío Bío, Chile",-37.7269904,-72.2482872,1,RANGE_INTERPOLATED,2020,1288258,2020/06/26 00:00:00+00,COLISION,COLISION,URBANA,IMPRUDENCIA DEL CONDUCTOR,CONDUCCION NO ATENTO CONDICIONES TRANSITO MOMENTO,0,0,0,0,12:30:00
-73.3975552,-37.8030201,1092,8,REGION BIO BIO,8203,CAÑETE,SERRANO, ,456,"Serrano 456, Canete, Cañete, Bío Bío, Chile",-37.8030201,-73.3975552,1,ROOFTOP,2020,1288441,2020/06/24 00:00:00+00,COLISION,COLISION,URBANA,IMPRUDENCIA DEL CONDUCTOR,CONDUCCION NO ATENTO CONDICIONES TRANSITO MOMENTO,0,0,0,0,17:15:00
-73.0270669,-36.9215088,1093,8,REGION BIO BIO,8103,CHIGUAYANTE,MANUEL RODRIGUEZ,COCHRANE,0,"Cochrane & Avenida Manuel Rodríguez, Chiguayante, Bío Bío, Chile",-36.9215088,-73.0270669,1,GEOMETRIC_CENTER,2020,1288402,2020/06/24 00:00:00+00,COLISION PERPENDICULAR,COLISION,URBANA,FALLAS MECANICAS,FALLAS MECANICAS FRENOS,0,0,0,1,12:15:00
-73.0327393,-36.9311959,1094,8,REGION BIO BIO,8103,CHIGUAYANTE,LOS HEROES,CALLE TRES,0,"Pje. 6 660, Chiguayante, Bío Bío, Chile",-36.9311959,-73.0327393,1,ROOFTOP,2020,1288420,2020/06/25 00:00:00+00,COLISION PERPENDICULAR,COLISION,URBANA,DESOBEDIENCIA A SEÑALIZACION,SEÑALIZACION DESOBEDECER SEÑAL CEDA EL PASO,0,1,0,0,20:20:00
-73.1110942,-36.7332101,1095,8,REGION BIO BIO,8110,TALCAHUANO,HUALPEN, ,2194,"Hualpén, Talcahuano, Bío Bío, Chile",-36.7332101,-73.1110942,1,GEOMETRIC_CENTER,2020,1288428,2020/07/04 00:00:00+00,CHOQUE LADO/LADO,CHOQUE,URBANA,IMPRUDENCIA DEL CONDUCTOR,VIRAJES INDEBIDOS,0,0,0,0,16:36:00
-73.3206916,-37.2484567,1096,8,REGION BIO BIO,8202,ARAUCO,COVADONGA,ARTURO PRAT,0,"Avenida Arturo Prat & Covadonga, Arauco, Bío Bío, Chile",-37.2484567,-73.3206916,1,GEOMETRIC_CENTER,2020,1288503,2020/06/23 00:00:00+00,COLISION LATERAL,COLISION,URBANA,IMPRUDENCIA DEL CONDUCTOR,CONDUCCION NO ATENTO CONDICIONES TRANSITO MOMENTO,0,0,0,2,13:20:00
-73.3033525,-37.2460436,1097,8,REGION BIO BIO,8202,ARAUCO,BUDI,VOLCAN LLAIMA,0,"Espacio Público El Budi - Esmeralda Arauco, Biobío, Arauco, Bío Bío, Chile",-37.2460436,-73.3033525,1,GEOMETRIC_CENTER,2020,1288513,2020/06/23 00:00:00+00,COLISION,COLISION,URBANA,IMPRUDENCIA DEL CONDUCTOR,CONDUCIR VEHICULO EN RETROCESO,0,0,0,0,13:20:00
-72.929138,-36.9740431,1098,8,REGION BIO BIO,8105,HUALQUI,DIEGO PORTALES, ,989,"Portales 989, Hualqui, Bío Bío, Chile",-36.9740431,-72.929138,1,ROOFTOP,2020,1288523,2020/06/06 00:00:00+00,CHOQUE FRONTAL,CHOQUE,URBANA,ALCOHOL EN CONDUCTOR,CONDUCCION BAJO LA INFLUENCIA DEL ALCOHOL,0,0,0,0,17:25:00
-72.673046,-37.5003279,1099,8,REGION BIO BIO,8306,NACIMIENTO,OHIGGINS, ,576,"OHiggins 576, Nacimiento, Bío Bío, Chile",-37.5003279,-72.673046,1,ROOFTOP,2020,1288534,2020/06/28 00:00:00+00,CHOQUE,CHOQUE,URBANA,ALCOHOL EN CONDUCTOR,CONDUCCION EN ESTADO DE EBRIEDAD,0,0,0,1,01:20:00
-72.9325,-36.9745219,1100,8,REGION BIO BIO,8105,HUALQUI,PORTALES,SERRANO,0,"Portales & Ignacio Serrano, Hualqui, Bío Bío, Chile",-36.9745219,-72.9325,1,GEOMETRIC_CENTER,2020,1288553,2020/06/02 00:00:00+00,COLISION FRONTAL,COLISION,URBANA,CAUSAS NO DETERMINADAS,CAUSAS NO DETERMINADAS,0,0,0,0,19:40:00
-73.1111663,-36.7211208,1101,8,REGION BIO BIO,8110,TALCAHUANO,GABRIEL TORO,RIQUELME,0,"Gabriel Toro & Riquelme, Talcahuano, Bío Bío, Chile",-36.7211208,-73.1111663,1,GEOMETRIC_CENTER,2020,1288572,2020/07/05 00:00:00+00,COLISION LATERAL,COLISION,URBANA,DESOBEDIENCIA A SEÑALIZACION,SEÑALIZACION DESOBEDECER SEÑAL PARE,0,0,0,0,20:00:00
-73.108803,-36.7910682,1102,8,REGION BIO BIO,8112,HUALPEN,GRAN BRETAÑA,MADRID,0,"Gran Bretaña & Madrid, Hualpén, Bío Bío, Chile",-36.7910682,-73.108803,1,GEOMETRIC_CENTER,2020,1288577,2020/07/03 00:00:00+00,COLISION,COLISION,URBANA,OTRAS CAUSAS,OTRAS CAUSAS,0,0,0,0,09:20:00
-73.0690575,-36.7950569,1103,8,REGION BIO BIO,8112,HUALPEN,JORGE ALESSANDRI RODRIGUEZ, ,9000,"Av. Pdte. Jorge Alessandri Rodriguez 9000, Hualpén, Concepción, Bío Bío, Chile",-36.7950569,-73.0690575,1,ROOFTOP,2020,1288581,2020/07/03 00:00:00+00,COLISION,COLISION,URBANA,IMPRUDENCIA DEL CONDUCTOR,CONDUCCION NO ATENTO CONDICIONES TRANSITO MOMENTO,0,0,0,0,15:30:00
-73.1099531,-36.7866757,1104,8,REGION BIO BIO,8112,HUALPEN,O-60,GRAN BRETAÑA,0,"Hualpén, Bío Bío, Chile",-36.7866757,-73.1099531,1,APPROXIMATE,2020,1288583,2020/07/03 00:00:00+00,COLISION,COLISION,URBANA,IMPRUDENCIA DEL CONDUCTOR,VIRAJES INDEBIDOS,0,0,0,0,19:45:00
-73.0427623,-36.8170526,1105,8,REGION BIO BIO,8101,CONCEPCION,LAUTARO, ,1000,"Lautaro 1000, Concepción, Bío Bío, Chile",-36.8170526,-73.0427623,1,RANGE_INTERPOLATED,2020,1288584,2020/07/01 00:00:00+00,COLISION,COLISION,URBANA,IMPRUDENCIA DEL CONDUCTOR,CONDUCCION NO ATENTO CONDICIONES TRANSITO MOMENTO,0,0,0,0,08:15:00
-73.0915822,-36.7505436,1106,8,REGION BIO BIO,8110,TALCAHUANO,LAS DALIAS,LUIS ACEVEDO,0,"Luis Acevedo & Las Dalias, Talcahuano, Bío Bío, Chile",-36.7505436,-73.0915822,1,GEOMETRIC_CENTER,2020,1288703,2020/07/02 00:00:00+00,COLISION LATERAL,COLISION,URBANA,DESOBEDIENCIA A SEÑALIZACION,SEÑALIZACION DESOBEDECER SEÑAL CEDA EL PASO,0,0,0,0,12:00:00
-73.4020806,-37.8037996,1107,8,REGION BIO BIO,8203,CAÑETE,SEPTIMO DE LINEA,ORELLA,0,"Orella & 7 de Linea, Canete, Cañete, Bío Bío, Chile",-37.8037996,-73.4020806,1,GEOMETRIC_CENTER,2020,1288840,2020/06/30 00:00:00+00,COLISION,COLISION,URBANA,IMPRUDENCIA DEL CONDUCTOR,CONDUCCION NO ATENTO CONDICIONES TRANSITO MOMENTO,0,0,0,0,19:00:00
-73.4650798,-37.6277739,1108,8,REGION BIO BIO,8206,LOS ALAMOS,LAUTARO, ,1180,"Los Alamos, Bío Bío, Chile",-37.6277739,-73.4650798,1,APPROXIMATE,2020,1288878,2020/07/05 00:00:00+00,CHOQUE FRENTE/POSTERIOR,CHOQUE,URBANA,OTRAS CAUSAS,OTRAS CAUSAS,0,0,0,1,17:05:00
-73.0481274,-36.8165817,1109,8,REGION BIO BIO,8101,CONCEPCION,ONGOLMO,CICLOVIA ONGOLMO,0,"Ongolmo, Concepción, Bío Bío, Chile",-36.8165817,-73.0481274,1,GEOMETRIC_CENTER,2020,1293295,2020/08/06 00:00:00+00,COLISION LATERAL,COLISION,URBANA,IMPRUDENCIA DEL CONDUCTOR,CONDUCCION NO ATENTO CONDICIONES TRANSITO MOMENTO,0,0,0,0,15:45:00
-73.3908702,-37.7942323,1110,8,REGION BIO BIO,8203,CAÑETE,PDTE EDUARDO FREI, ,545,"Av. Pdte. Eduardo Frei 545, Canete, Cañete, Bío Bío, Chile",-37.7942323,-73.3908702,1,RANGE_INTERPOLATED,2020,1288915,2020/07/05 00:00:00+00,COLISION,COLISION,URBANA,IMPRUDENCIA DEL CONDUCTOR,CONDUCCION NO ATENTO CONDICIONES TRANSITO MOMENTO,0,0,0,0,21:50:00
-73.3960026,-37.805725,1111,8,REGION BIO BIO,8203,CAÑETE,LUIS CRUZ MARTINEZ, ,253,"Luis Cruz Martinez 253, Canete, Cañete, Bío Bío, Chile",-37.805725,-73.3960026,1,ROOFTOP,2020,1288927,2020/07/06 00:00:00+00,CHOQUE,CHOQUE,URBANA,ALCOHOL EN CONDUCTOR,CONDUCCION EN ESTADO DE EBRIEDAD,0,1,0,1,18:50:00
-73.1385456,-36.8369315,1112,8,REGION BIO BIO,8108,SAN PEDRO DE LA PAZ,RODRIGUEZ ALDEA, ,43,"Rodríguez Aldea 43, San Pedro de la Paz, Región Metropolitana, Chile",-36.8369315,-73.1385456,1,RANGE_INTERPOLATED,2020,1289002,2020/07/09 00:00:00+00,CHOQUE POSTERIOR/LADO,CHOQUE,URBANA,ALCOHOL EN CONDUCTOR,CONDUCCION EN ESTADO DE EBRIEDAD,0,0,0,0,23:40:00
-73.1623776,-36.9809998,1113,8,REGION BIO BIO,8102,CORONEL,LOS ROBLES,LOS ALERCES,0,"Los Alerces & Los Robles, Coronel, Bío Bío, Chile",-36.9809998,-73.1623776,1,GEOMETRIC_CENTER,2020,1289007,2020/06/22 00:00:00+00,VOLCADURA,VOLCADURA,URBANA,PERDIDA CONTROL VEHICULO,PERDIDA CONTROL VEHICULO,0,0,0,1,17:55:00
-73.1544382,-36.9871327,1114,8,REGION BIO BIO,8102,CORONEL,ESTERO LA MORA,SITIO ERIAZO,0,"Estero la Mora, Coronel, Bío Bío, Chile",-36.9871327,-73.1544382,1,GEOMETRIC_CENTER,2020,1289017,2020/06/25 00:00:00+00,CHOQUE,CHOQUE,RURAL,OTRAS CAUSAS,OTRAS CAUSAS,0,0,1,0,17:20:00
-73.1406336,-36.8395303,1115,8,REGION BIO BIO,8108,SAN PEDRO DE LA PAZ,COSTANERA,SEGUNDA LONGITUDINAL,0,"Segunda Longitudinal 457, San Pedro de la Paz, Bío Bío, Chile",-36.8395303,-73.1406336,1,ROOFTOP,2020,1289026,2020/07/07 00:00:00+00,COLISION LATERAL,COLISION,URBANA,ALCOHOL EN CONDUCTOR,CONDUCCION EN ESTADO DE EBRIEDAD,0,0,0,0,07:00:00
-73.1405407,-37.0379885,1116,8,REGION BIO BIO,8102,CORONEL,SOTOMAYOR,LAS CAMELIAS,0,"Las Camelias & Sotomayor, Coronel, Bío Bío, Chile",-37.0379885,-73.1405407,1,GEOMETRIC_CENTER,2020,1289038,2020/06/27 00:00:00+00,ATROPELLO,ATROPELLO,URBANA,IMPRUDENCIA DEL PEATON,PEATON CRUZA CALZADA FORMA SORPRESIVA O DESCUIDADA,0,1,0,0,19:35:00
-73.1628388,-36.9932055,1117,8,REGION BIO BIO,8102,CORONEL,MANUEL MONTT, ,2328,"Av. Manuel Montt 2328, Coronel, Bío Bío, Chile",-36.9932055,-73.1628388,1,ROOFTOP,2020,1289042,2020/06/29 00:00:00+00,ATROPELLO,ATROPELLO,URBANA,IMPRUDENCIA DEL CONDUCTOR,CONDUCCION NO ATENTO CONDICIONES TRANSITO MOMENTO,0,0,0,1,18:45:00
-73.042278,-36.8661092,1118,8,REGION BIO BIO,8103,CHIGUAYANTE,VISTA HERMOSA, ,10,"Vista Hermosa 10, Concepción, Chiguayante, Bío Bío, Chile",-36.8661092,-73.042278,1,ROOFTOP,2020,1289059,2020/07/09 00:00:00+00,CHOQUE LADO/LADO,CHOQUE,URBANA,OTRAS CAUSAS,OTRAS CAUSAS,0,0,0,0,18:10:00
-73.021045,-36.9332487,1119,8,REGION BIO BIO,8103,CHIGUAYANTE,PASAJE TRES,LIBERTAD,0,"Libertad & Pasaje 3, Chiguayante, Bío Bío, Chile",-36.9332487,-73.021045,1,GEOMETRIC_CENTER,2020,1289065,2020/07/11 00:00:00+00,CHOQUE POSTERIOR/FRENTE,CHOQUE,URBANA,OTRAS CAUSAS,OTRAS CAUSAS,0,0,0,0,16:25:00
-73.6483739,-37.6112482,1120,8,REGION BIO BIO,8201,LEBU,CALLE 1, ,200,"C. 1, Lebu, Bío Bío, Chile",-37.6112482,-73.6483739,1,GEOMETRIC_CENTER,2020,1289121,2020/07/10 00:00:00+00,CHOQUE FRENTE/LADO,CHOQUE,URBANA,ALCOHOL EN CONDUCTOR,CONDUCCION EN ESTADO DE EBRIEDAD,0,0,0,0,22:30:00
-73.0945118,-36.7474444,1121,8,REGION BIO BIO,8110,TALCAHUANO,CRISTOBAL COLON, ,3597,"Colón 3597, Talcahuano, Bío Bío, Chile",-36.7474444,-73.0945118,1,RANGE_INTERPOLATED,2020,1289138,2020/07/09 00:00:00+00,CHOQUE FRENTE/POSTERIOR,CHOQUE,URBANA,IMPRUDENCIA DEL CONDUCTOR,CONDUCCION SIN MANTENER DISTANCIA RAZONABLE NI PRUDENTE,0,0,0,0,12:36:00
-73.0961755,-36.7915988,1122,8,REGION BIO BIO,8112,HUALPEN,PATRIA NUEVA, ,776,"Patria Nva 776, Hualpén, Bío Bío, Chile",-36.7915988,-73.0961755,1,RANGE_INTERPOLATED,2020,1289186,2020/07/09 00:00:00+00,CHOQUE FRENTE/FRENTE,CHOQUE,URBANA,CAUSAS NO DETERMINADAS,CAUSAS NO DETERMINADAS,0,0,0,0,21:30:00
-73.0961116,-36.780441,1123,8,REGION BIO BIO,8112,HUALPEN,SUECIA,LAS GOLONDRINAS,0,"Suecia & Avenida Las Golondrinas, Hualpén, Bío Bío, Chile",-36.780441,-73.0961116,1,GEOMETRIC_CENTER,2020,1289192,2020/07/10 00:00:00+00,COLISION,COLISION,URBANA,DESOBEDIENCIA A SEÑALIZACION,SEÑALIZACION DESOBEDECER LUZ ROJA DE SEMAFORO,0,0,0,0,16:40:00
-73.1099531,-36.7866757,1124,8,REGION BIO BIO,8112,HUALPEN,PASAJE DOS,YUGOSLAVIA,0,"Hualpén, Bío Bío, Chile",-36.7866757,-73.1099531,1,APPROXIMATE,2020,1289195,2020/07/10 00:00:00+00,ATROPELLO,ATROPELLO,URBANA,ALCOHOL EN PEATON,EBRIEDAD DEL PEATON,0,1,0,0,22:00:00
-73.1588344,-36.8214274,1125,8,REGION BIO BIO,8108,SAN PEDRO DE LA PAZ,PASAJE UNO,CORONEL PATIÑO,0,"San Pedro de la Paz, Bío Bío, Chile",-36.8214274,-73.1588344,1,GEOMETRIC_CENTER,2020,1289761,2020/07/15 00:00:00+00,COLISION LATERAL,COLISION,URBANA,IMPRUDENCIA DEL CONDUCTOR,CONDUCCION NO ATENTO CONDICIONES TRANSITO MOMENTO,0,0,0,0,11:48:00
-73.0539711,-36.8301268,1126,8,REGION BIO BIO,8101,CONCEPCION,ANGOL, ,341,"Angol 341, Concepción, Bío Bío, Chile",-36.8301268,-73.0539711,1,ROOFTOP,2020,1289264,2020/07/03 00:00:00+00,CHOQUE,CHOQUE,URBANA,IMPRUDENCIA DEL CONDUCTOR,NO RESPETAR DERECHO PREFERENTE DE PASO A VEHICULO,0,0,0,0,13:00:00
-73.0448855,-36.8268039,1127,8,REGION BIO BIO,8101,CONCEPCION,SAN MARTIN,TUCAPEL,0,"Tucapel & San Martín, Concepción, Bío Bío, Chile",-36.8268039,-73.0448855,1,GEOMETRIC_CENTER,2020,1289269,2020/07/03 00:00:00+00,COLISION PERPENDICULAR,COLISION,URBANA,DESOBEDIENCIA A SEÑALIZACION,SEÑALIZACION DESOBEDECER SEÑAL PARE,0,0,0,0,19:30:00
-73.0847201,-36.8005237,1128,8,REGION BIO BIO,8112,HUALPEN,CRISTOBAL COLON,NUEVA IMPERIAL,0,"Avenida Cristóbal Colón & Nva Imperial, Hualpén, Bío Bío, Chile",-36.8005237,-73.0847201,1,GEOMETRIC_CENTER,2020,1289277,2020/07/12 00:00:00+00,CHOQUE FRENTE/POSTERIOR,CHOQUE,URBANA,IMPRUDENCIA DEL CONDUCTOR,CONDUCCION NO ATENTO CONDICIONES TRANSITO MOMENTO,0,0,0,2,11:30:00
-73.0507597,-36.8292852,1129,8,REGION BIO BIO,8101,CONCEPCION,SAN MARTIN, ,530,"San Martín 530, Concepción, Bío Bío, Chile",-36.8292852,-73.0507597,1,ROOFTOP,2020,1289285,2020/07/04 00:00:00+00,CHOQUE LATERAL,CHOQUE,URBANA,IMPRUDENCIA DEL CONDUCTOR,CONDUCCION CAMBIAR SORPRESIVAMENTE PISTA CIRCULACION,0,0,0,0,13:00:00
-73.0308824,-36.8146163,1130,8,REGION BIO BIO,8101,CONCEPCION,LOS CARRERA,JUAN BOSCO,0,"Av. los Carrera & Av. San Juan Bosco, Concepción, Bío Bío, Chile",-36.8146163,-73.0308824,1,GEOMETRIC_CENTER,2020,1289297,2020/07/07 00:00:00+00,CHOQUE LATERAL,CHOQUE,URBANA,IMPRUDENCIA DEL CONDUCTOR,CONDUCCION NO ATENTO CONDICIONES TRANSITO MOMENTO,0,0,0,0,19:10:00
-73.0554811,-36.8310618,1131,8,REGION BIO BIO,8101,CONCEPCION,SAN MARTIN, ,171,"San Martín 171, Concepción, Bío Bío, Chile",-36.8310618,-73.0554811,1,ROOFTOP,2020,1289307,2020/07/08 00:00:00+00,COLISION PERPENDICULAR,COLISION,URBANA,IMPRUDENCIA DEL CONDUCTOR,CONDUCCION NO ATENTO CONDICIONES TRANSITO MOMENTO,0,0,0,0,09:30:00
-73.0178262,-36.8203952,1132,8,REGION BIO BIO,8101,CONCEPCION,LOS LIRIOS,GRAL NOVOA,0,"General Novoa & Los Lirios, Concepción, Bío Bío, Chile",-36.8203952,-73.0178262,1,GEOMETRIC_CENTER,2020,1289315,2020/07/08 00:00:00+00,COLISION PERPENDICULAR,COLISION,URBANA,DESOBEDIENCIA A SEÑALIZACION,SEÑALIZACION DESOBEDECER LUZ INTERMITENTE SEMAFORO,0,0,0,0,15:40:00
-73.0439755,-36.8254939,1133,8,REGION BIO BIO,8101,CONCEPCION,OROMPELLO, ,380,"Orompello 380, Concepción, Bío Bío, Chile",-36.8254939,-73.0439755,1,RANGE_INTERPOLATED,2020,1289318,2020/07/08 00:00:00+00,CHOQUE,CHOQUE,URBANA,IMPRUDENCIA DEL CONDUCTOR,CONDUCCION NO ATENTO CONDICIONES TRANSITO MOMENTO,0,0,0,0,15:00:00
-73.0518584,-36.825862,1134,8,REGION BIO BIO,8101,CONCEPCION,CAUPOLICAN,FREIRE,0,"Freire & Caupolicán, Concepción, Bío Bío, Chile",-36.825862,-73.0518584,1,GEOMETRIC_CENTER,2020,1289339,2020/07/09 00:00:00+00,ATROPELLO,ATROPELLO,URBANA,IMPRUDENCIA DEL PEATON,PEATON CRUZA CALZADA FUERA PASO PEATONES,0,0,0,1,08:20:00
-73.0580545,-36.8310504,1135,8,REGION BIO BIO,8101,CONCEPCION,OHIGGINS,ARTURO PRAT,0,"Libertador General Bernardo OHiggins & Arturo Prat, Concepción, Bío Bío, Chile",-36.8310504,-73.0580545,1,GEOMETRIC_CENTER,2020,1289353,2020/07/10 00:00:00+00,COLISION LATERAL,COLISION,URBANA,IMPRUDENCIA DEL CONDUCTOR,CONDUCCION CAMBIAR SORPRESIVAMENTE PISTA CIRCULACION,0,0,0,0,13:25:00
-73.0598003,-36.8367012,1136,8,REGION BIO BIO,8101,CONCEPCION,COSTANERA,ESMERALDA,0,"Costanera & Esmeralda, Concepción, Bío Bío, Chile",-36.8367012,-73.0598003,1,GEOMETRIC_CENTER,2020,1289354,2020/07/10 00:00:00+00,CHOQUE POSTERIOR,CHOQUE,URBANA,IMPRUDENCIA DEL CONDUCTOR,CONDUCCION SIN MANTENER DISTANCIA RAZONABLE NI PRUDENTE,0,0,0,0,17:20:00
-73.081286,-36.7626852,1137,8,REGION BIO BIO,8110,TALCAHUANO,VALDIVIA, ,500,"Jaime Repullo 768, Talcahuano, Bío Bío, Chile",-36.7626852,-73.081286,1,ROOFTOP,2020,1289366,2020/07/01 00:00:00+00,CAIDA,CAIDA,URBANA,VELOCIDAD IMPRUDENTE,VELOCIDAD NO RAZONABLE NI PRUDENTE,0,0,0,1,19:30:00
-73.0569215,-36.8253368,1138,8,REGION BIO BIO,8101,CONCEPCION,LOS CARRERA,ANGOL,0,"Angol & Avenida los Carrera, Concepción, Bío Bío, Chile",-36.8253368,-73.0569215,1,GEOMETRIC_CENTER,2020,1289371,2020/07/07 00:00:00+00,ATROPELLO,ATROPELLO,URBANA,CAUSAS NO DETERMINADAS,CAUSAS NO DETERMINADAS,0,0,0,1,19:00:00