X,Y,FID,COD_REG,REGION,CUT,COMUNA,CALLE_UNO,CALLE_DOS,NUMERO,DIR_GEOCOD,LAT,LNG,VAL_COM,TIPO,Año,Idaccident,Fecha,Tipo_Accid,Tipo__CONA,Zona,Causa__CON,Causa,Fallecidos,Graves,Menos_Grav,Leves,Hora
-73.34316,-37.4779614,1139,8,REGION BIO BIO,8205,CURANILAHUE,ARTURO PRAT,CAUPOLICAN,0,"Caupolican & Avenida Arturo Prat, Curanilahue, Bío Bío, Chile",-37.4779614,-73.34316,1,GEOMETRIC_CENTER,2020,1289452,2020/07/14 00:00:00+00,ATROPELLO,ATROPELLO,URBANA,IMPRUDENCIA DEL CONDUCTOR,CONDUCCION NO ATENTO CONDICIONES TRANSITO MOMENTO,0,0,0,2,15:35:00
-73.0456418,-36.8206518,1140,8,REGION BIO BIO,8101,CONCEPCION,LOS CARRERA,ONGOLMO,0,"Ongolmo & Avenida los Carrera, Concepción, Bío Bío, Chile",-36.8206518,-73.0456418,1,GEOMETRIC_CENTER,2020,1289474,2020/07/11 00:00:00+00,COLISION LATERAL,COLISION,URBANA,IMPRUDENCIA DEL CONDUCTOR,CONDUCCION NO ATENTO CONDICIONES TRANSITO MOMENTO,0,0,0,0,12:40:00
-73.1255179,-36.8259789,1141,8,REGION BIO BIO,8108,SAN PEDRO DE LA PAZ,CENTRAL,EJERCITO,0,"Central - Ejercito / Norte, San Pedro de la Paz, Bío Bío, Chile",-36.8259789,-73.1255179,1,GEOMETRIC_CENTER,2020,1289476,2020/07/06 00:00:00+00,CHOQUE FRONTAL,CHOQUE,URBANA,IMPRUDENCIA DEL CONDUCTOR,CONDUCCION NO ATENTO CONDICIONES TRANSITO MOMENTO,0,0,0,0,21:10:00
-73.0511656,-36.8294264,1142,8,REGION BIO BIO,8101,CONCEPCION,RENGO,SAN MARTIN,0,"San Martín & Rengo, Concepción, Bío Bío, Chile",-36.8294264,-73.0511656,1,GEOMETRIC_CENTER,2020,1289478,2020/07/11 00:00:00+00,COLISION PERPENDICULAR,COLISION,URBANA,DESOBEDIENCIA A SEÑALIZACION,SEÑALIZACION DESOBEDECER LUZ ROJA DE SEMAFORO,0,0,0,1,09:45:00
-73.1339209,-36.8377266,1143,8,REGION BIO BIO,8108,SAN PEDRO DE LA PAZ,DANIEL BELMAR,2 LONGITUDINAL,0,"Daniel Belmar & Segunda Longitudinal, San Pedro de la Paz, Bío Bío, Chile",-36.8377266,-73.1339209,1,GEOMETRIC_CENTER,2020,1289484,2020/07/12 00:00:00+00,COLISION LATERAL,COLISION,URBANA,IMPRUDENCIA DEL CONDUCTOR,VIRAJES INDEBIDOS,0,0,0,0,15:30:00
-73.0398566,-36.8185154,1144,8,REGION BIO BIO,8101,CONCEPCION,LOS CARRERA, ,1644,"Av. los Carrera 1644, Concepción, Bío Bío, Chile",-36.8185154,-73.0398566,1,RANGE_INTERPOLATED,2020,1289492,2020/07/12 00:00:00+00,COLISION,COLISION,URBANA,IMPRUDENCIA DEL CONDUCTOR,CONDUCCION CAMBIAR SORPRESIVAMENTE PISTA CIRCULACION,0,0,0,0,18:20:00
-73.0480548,-36.8268899,1145,8,REGION BIO BIO,8101,CONCEPCION,OHIGGINS,COLO COLO,0,"Colo Colo & Libertador General Bernardo OHiggins, Concepción, Bío Bío, Chile",-36.8268899,-73.0480548,1,GEOMETRIC_CENTER,2020,1289498,2020/07/13 00:00:00+00,COLISION POR ALCANCE,COLISION,URBANA,IMPRUDENCIA DEL CONDUCTOR,CONDUCCION NO ATENTO CONDICIONES TRANSITO MOMENTO,0,0,0,0,19:45:00
-72.9850928,-36.7372764,1146,8,REGION BIO BIO,8107,PENCO,OHIGGINS, ,600,"OHiggins 600, Penco, Bío Bío, Chile",-36.7372764,-72.9850928,1,RANGE_INTERPOLATED,2020,1289508,2020/07/08 00:00:00+00,CHOQUE,CHOQUE,URBANA,OTRAS CAUSAS,OTRAS CAUSAS,0,0,0,0,07:00:00
-73.0558347,-36.845038,1147,8,REGION BIO BIO,8101,CONCEPCION,SARGENTO ALDEA, ,205,"Sgto. Aldea 205, Concepción, Bío Bío, Chile",-36.845038,-73.0558347,1,RANGE_INTERPOLATED,2020,1289512,2020/07/14 00:00:00+00,CHOQUE,CHOQUE,URBANA,IMPRUDENCIA DEL CONDUCTOR,CONDUCCION NO ATENTO CONDICIONES TRANSITO MOMENTO,0,0,0,0,10:30:00
-73.1047174,-36.7992335,1148,8,REGION BIO BIO,8112,HUALPEN,ATENAS,ESTORIL,0,"Pasaje Estoril & Atenas, Hualpén, Bío Bío, Chile",-36.7992335,-73.1047174,1,GEOMETRIC_CENTER,2020,1289549,2020/07/15 00:00:00+00,COLISION,COLISION,URBANA,IMPRUDENCIA DEL CONDUCTOR,NO RESPETAR DERECHO PREFERENTE DE PASO A VEHICULO,0,0,0,0,10:30:00
-72.40173,-37.0354861,1149,8,REGION BIO BIO,8303,CABRERO,MEMBRILLAR, ,100,"Membrillar 100, Cabrero, Bío Bío, Chile",-37.0354861,-72.40173,1,RANGE_INTERPOLATED,2020,1289566,2020/07/08 00:00:00+00,COLISION LATERAL,COLISION,URBANA,ALCOHOL EN CONDUCTOR,CONDUCCION EN ESTADO DE EBRIEDAD,0,0,0,0,09:30:00
-72.4032966,-37.035437,1150,8,REGION BIO BIO,8303,CABRERO,ANIBAL PINTO,MEMBRILLAR,0,"Membrillar & Anibal Pinto, Cabrero, Bío Bío, Chile",-37.035437,-72.4032966,1,GEOMETRIC_CENTER,2020,1289573,2020/07/10 00:00:00+00,COLISION LATERAL,COLISION,URBANA,IMPRUDENCIA DEL CONDUCTOR,CONDUCCION NO ATENTO CONDICIONES TRANSITO MOMENTO,0,0,0,1,07:45:00
-73.0853744,-36.8392998,1151,8,REGION BIO BIO,8108,SAN PEDRO DE LA PAZ,PEDRO AGUIRRE CERDA,SAN PEDRO,0,"San Pedro & Pedro Aguirre Cerda, San Pedro de la Paz, Bío Bío, Chile",-36.8392998,-73.0853744,1,GEOMETRIC_CENTER,2020,1289594,2020/07/02 00:00:00+00,COLISION,COLISION,URBANA,CAUSAS NO DETERMINADAS,CAUSAS NO DETERMINADAS,0,0,0,0,21:50:00
-73.1012783,-36.8387625,1152,8,REGION BIO BIO,8108,SAN PEDRO DE LA PAZ,PEDRO AGUIRRE CERDA,LOS CANELOS,0,"Avenida Pedro Aguirre Cerda & Los Canelos, San Pedro de la Paz, Bío Bío, Chile",-36.8387625,-73.1012783,1,GEOMETRIC_CENTER,2020,1289597,2020/07/13 00:00:00+00,COLISION,COLISION,URBANA,CAUSAS NO DETERMINADAS,CAUSAS NO DETERMINADAS,0,0,0,2,10:50:00
-73.3311186,-37.4850436,1153,8,REGION BIO BIO,8205,CURANILAHUE,TUCAPEL, ,301,"Tucapel 301, Curanilahue, Bío Bío, Chile",-37.4850436,-73.3311186,1,ROOFTOP,2020,1289651,2020/07/14 00:00:00+00,ATROPELLO,ATROPELLO,URBANA,IMPRUDENCIA DEL CONDUCTOR,CONDUCCION NO ATENTO CONDICIONES TRANSITO MOMENTO,0,1,0,0,19:15:00
-73.0555599,-36.8325171,1154,8,REGION BIO BIO,8101,CONCEPCION,SERRANO,COCHRANE,0,"Cochrane & Serrano, Concepción, Bío Bío, Chile",-36.8325171,-73.0555599,1,GEOMETRIC_CENTER,2020,1289668,2020/07/14 00:00:00+00,COLISION PERPENDICULAR,COLISION,URBANA,DESOBEDIENCIA A SEÑALIZACION,SEÑALIZACION DESOBEDECER LUZ ROJA DE SEMAFORO,0,1,0,0,11:25:00
-73.0561709,-36.8314763,1155,8,REGION BIO BIO,8101,CONCEPCION,SERRANO,SAN MARTIN,0,"San Martín & Serrano, Concepción, Bío Bío, Chile",-36.8314763,-73.0561709,1,GEOMETRIC_CENTER,2020,1289681,2020/07/15 00:00:00+00,COLISION LATERAL,COLISION,URBANA,IMPRUDENCIA DEL CONDUCTOR,CONDUCCION NO ATENTO CONDICIONES TRANSITO MOMENTO,0,0,0,0,19:30:00
-73.0340729,-36.8193398,1156,8,REGION BIO BIO,8101,CONCEPCION,JUAN BOSCO,NONGUEN,0,"Av. San Juan Bosco 140, Concepción, Bío Bío, Chile",-36.8193398,-73.0340729,1,ROOFTOP,2020,1289684,2020/07/15 00:00:00+00,COLISION LATERAL,COLISION,URBANA,IMPRUDENCIA DEL CONDUCTOR,CONDUCCION CAMBIAR SORPRESIVAMENTE PISTA CIRCULACION,0,0,0,0,20:25:00
-73.0448855,-36.8268039,1157,8,REGION BIO BIO,8101,CONCEPCION,TUCAPEL,SAN MARTIN,0,"Tucapel & San Martín, Concepción, Bío Bío, Chile",-36.8268039,-73.0448855,1,GEOMETRIC_CENTER,2020,1289696,2020/07/16 00:00:00+00,COLISION PERPENDICULAR,COLISION,URBANA,DESOBEDIENCIA A SEÑALIZACION,SEÑALIZACION DESOBEDECER SEÑAL PARE,0,0,0,2,12:00:00
-73.0285392,-36.8116041,1158,8,REGION BIO BIO,8101,CONCEPCION,SAN JUAN BOSCO,JUAN JOSE MANZANO,0,"Juan José Manzano & Avenida San Juan Bosco, Concepción, Bío Bío, Chile",-36.8116041,-73.0285392,1,GEOMETRIC_CENTER,2020,1289699,2020/07/07 00:00:00+00,COLISION LATERAL,COLISION,URBANA,IMPRUDENCIA DEL CONDUCTOR,CONDUCCION NO ATENTO CONDICIONES TRANSITO MOMENTO,0,0,0,0,18:20:00
-73.0600454,-36.8279683,1159,8,REGION BIO BIO,8101,CONCEPCION,MAIPU,ARTURO PRAT,0,"Maipú & Arturo Prat, Concepción, Bío Bío, Chile",-36.8279683,-73.0600454,1,GEOMETRIC_CENTER,2020,1289705,2020/07/07 00:00:00+00,COLISION LATERAL,COLISION,URBANA,IMPRUDENCIA DEL CONDUCTOR,CONDUCCION NO ATENTO CONDICIONES TRANSITO MOMENTO,0,0,0,0,13:10:00
-73.0476118,-36.8324462,1160,8,REGION BIO BIO,8101,CONCEPCION,VICTOR LAMAS,BOMB FUENTES,0,"Víctor Lamas, Concepción, Bío Bío, Chile",-36.8324462,-73.0476118,1,GEOMETRIC_CENTER,2020,1289718,2020/07/16 00:00:00+00,COLISION LATERAL,COLISION,URBANA,IMPRUDENCIA DEL CONDUCTOR,CONDUCCION NO ATENTO CONDICIONES TRANSITO MOMENTO,0,0,0,1,08:30:00
-73.0363736,-36.7931237,1161,8,REGION BIO BIO,8101,CONCEPCION,ANDALIEN,CAREMAVIDA,0,"Avenida Andalien & Caremavida, Concepción, Bío Bío, Chile",-36.7931237,-73.0363736,1,GEOMETRIC_CENTER,2020,1289735,2020/07/08 00:00:00+00,COLISION LATERAL,COLISION,URBANA,DESOBEDIENCIA A SEÑALIZACION,SEÑALIZACION DESOBEDECER SEÑAL CEDA EL PASO,0,0,0,0,20:30:00
-73.0349703,-36.812966,1162,8,REGION BIO BIO,8101,CONCEPCION,CARDENIO ABELLO, ,231,"Cardenio Avello 231, Concepción, Bío Bío, Chile",-36.812966,-73.0349703,1,ROOFTOP,2020,1289752,2020/07/09 00:00:00+00,COLISION LATERAL,COLISION,URBANA,IMPRUDENCIA DEL CONDUCTOR,CONDUCCION NO ATENTO CONDICIONES TRANSITO MOMENTO,0,0,0,0,13:30:00
-73.0333654,-36.8086976,1163,8,REGION BIO BIO,8101,CONCEPCION,CAMILO HENRIQUEZ, ,2330,"Camilo Henríquez 2330, Concepción, Bío Bío, Chile",-36.8086976,-73.0333654,1,RANGE_INTERPOLATED,2020,1289753,2020/07/11 00:00:00+00,ATROPELLO,ATROPELLO,URBANA,CAUSAS NO DETERMINADAS,CAUSAS NO DETERMINADAS,0,0,0,1,18:20:00
-73.0299819,-36.8034316,1164,8,REGION BIO BIO,8101,CONCEPCION,CAMILO HENRIQUEZ,ANDALIEN,0,"Camilo Henríquez & Avenida Andalien, Concepción, Bío Bío, Chile",-36.8034316,-73.0299819,1,GEOMETRIC_CENTER,2020,1289760,2020/07/14 00:00:00+00,CHOQUE FRENTE/POSTERIOR,CHOQUE,URBANA,IMPRUDENCIA DEL CONDUCTOR,CONDUCCION NO ATENTO CONDICIONES TRANSITO MOMENTO,0,0,0,0,16:30:00
-73.0519966,-36.8101919,1165,8,REGION BIO BIO,8101,CONCEPCION,EJERCITO,ONGOLMO,0,"Ongolmo & Ejército, Concepción, Bío Bío, Chile",-36.8101919,-73.0519966,1,GEOMETRIC_CENTER,2020,1289766,2020/07/07 00:00:00+00,COLISION POR ALCANCE,COLISION,URBANA,IMPRUDENCIA DEL CONDUCTOR,CONDUCCION NO ATENTO CONDICIONES TRANSITO MOMENTO,0,1,0,0,19:30:00
-73.0577018,-36.8290963,1166,8,REGION BIO BIO,8101,CONCEPCION,LAS HERAS,PADRE HURTADO,0,"Serrano 540, Concepción, Bío Bío, Chile",-36.8290963,-73.0577018,1,ROOFTOP,2020,1289767,2020/07/13 00:00:00+00,COLISION LATERAL,COLISION,URBANA,IMPRUDENCIA DEL CONDUCTOR,CONDUCCION NO ATENTO CONDICIONES TRANSITO MOMENTO,0,1,0,0,17:10:00
-73.0950148,-36.8440173,1167,8,REGION BIO BIO,8108,SAN PEDRO DE LA PAZ,MICHIMALONCO, ,1207,"Av. Michimalonco 1207, San Pedro de la Paz, Bío Bío, Chile",-36.8440173,-73.0950148,1,ROOFTOP,2020,1289769,2020/07/13 00:00:00+00,CHOQUE FRENTE/FRENTE,CHOQUE,URBANA,IMPRUDENCIA DEL CONDUCTOR,CONDUCCION NO ATENTO CONDICIONES TRANSITO MOMENTO,0,0,0,0,16:55:00
-73.0544639,-36.8047836,1168,8,REGION BIO BIO,8101,CONCEPCION,PAICAVI, ,2325,"Paicaví 2325, Concepción, Bío Bío, Chile",-36.8047836,-73.0544639,1,ROOFTOP,2020,1289793,2020/07/15 00:00:00+00,COLISION LATERAL,COLISION,URBANA,IMPRUDENCIA DEL CONDUCTOR,CONDUCCION NO ATENTO CONDICIONES TRANSITO MOMENTO,0,0,0,1,16:00:00
-73.0443177,-36.8058135,1169,8,REGION BIO BIO,8101,CONCEPCION,JUAN DE DIOS RIVERA,PELANTARO,0,"Juan de Dios Rivera & Pelantaro, Concepción, Bío Bío, Chile",-36.8058135,-73.0443177,1,GEOMETRIC_CENTER,2020,1289795,2020/07/12 00:00:00+00,CHOQUE POSTERIOR/FRENTE,CHOQUE,URBANA,IMPRUDENCIA DEL CONDUCTOR,CONDUCCION NO ATENTO CONDICIONES TRANSITO MOMENTO,0,0,0,0,12:45:00
-73.0596518,-36.8025424,1170,8,REGION BIO BIO,8101,CONCEPCION,JESUS PALOU,BARCELONA,0,"Jesús M. Palou C. & Barcelona, Concepción, Bío Bío, Chile",-36.8025424,-73.0596518,1,GEOMETRIC_CENTER,2020,1289809,2020/07/12 00:00:00+00,COLISION LATERAL,COLISION,URBANA,DESOBEDIENCIA A SEÑALIZACION,SEÑALIZACION DESOBEDECER SEÑAL PARE,0,0,0,0,20:45:00
-72.7164758,-37.2766841,1171,8,REGION BIO BIO,8304,LAJA,SAN MARTIN,EL PINO,0,"San Martin 111, Laja, Bío Bío, Chile",-37.2766841,-72.7164758,1,ROOFTOP,2020,1289843,2020/07/11 00:00:00+00,ATROPELLO,ATROPELLO,URBANA,IMPRUDENCIA DEL CONDUCTOR,CONDUCCION NO ATENTO CONDICIONES TRANSITO MOMENTO,0,0,1,0,19:30:00
-72.3998758,-37.0295444,1172,8,REGION BIO BIO,8303,CABRERO,GRAL CRUZ, ,59,"Gral. Cruz 59, Cabrero, Bío Bío, Chile",-37.0295444,-72.3998758,1,RANGE_INTERPOLATED,2020,1289844,2020/07/13 00:00:00+00,CHOQUE LATERAL,CHOQUE,URBANA,ALCOHOL EN CONDUCTOR,CONDUCCION EN ESTADO DE EBRIEDAD,0,0,1,0,01:20:00
-73.1123223,-36.7793809,1173,8,REGION BIO BIO,8112,HUALPEN,GRAN BRETAÑA,DINAMARCA,0,"Gran Bretaña & Dinamarca, Hualpén, Bío Bío, Chile",-36.7793809,-73.1123223,1,GEOMETRIC_CENTER,2020,1289934,2020/07/17 00:00:00+00,CHOQUE FRENTE/POSTERIOR,CHOQUE,URBANA,ALCOHOL EN CONDUCTOR,CONDUCCION EN ESTADO DE EBRIEDAD,0,0,0,0,09:46:00
-73.1097563,-36.7487196,1174,8,REGION BIO BIO,8110,TALCAHUANO,QUILLAY, ,202,"Quillay 202, Talcahuano, Bío Bío, Chile",-36.7487196,-73.1097563,1,ROOFTOP,2020,1290002,2020/07/12 00:00:00+00,COLISION LATERAL,COLISION,URBANA,IMPRUDENCIA DEL CONDUCTOR,VIRAJES INDEBIDOS,0,0,0,2,11:40:00
-73.1634946,-36.9800854,1175,8,REGION BIO BIO,8102,CORONEL,CERRO ZAPALLERI,VOLCAN DECABEZADO,0,"Cerro Zapaleri & Volcán Descabezado, Coronel, Bío Bío, Chile",-36.9800854,-73.1634946,1,GEOMETRIC_CENTER,2020,1290096,2020/06/01 00:00:00+00,COLISION FRONTAL,COLISION,URBANA,IMPRUDENCIA DEL CONDUCTOR,CONDUCCION NO ATENTO CONDICIONES TRANSITO MOMENTO,0,0,0,1,10:30:00
-73.1110942,-36.7332101,1176,8,REGION BIO BIO,8110,TALCAHUANO,HUALPEN, ,2194,"Hualpén, Talcahuano, Bío Bío, Chile",-36.7332101,-73.1110942,1,GEOMETRIC_CENTER,2020,1290157,2020/07/20 00:00:00+00,COLISION LATERAL,COLISION,URBANA,IMPRUDENCIA DEL CONDUCTOR,VIRAJES INDEBIDOS,0,0,0,0,07:55:00
-73.3178224,-37.248037,1177,8,REGION BIO BIO,8202,ARAUCO,CAUPOLICAN,COVADONGA,0,"Caupolicán & Covadonga, Arauco, Bío Bío, Chile",-37.248037,-73.3178224,1,GEOMETRIC_CENTER,2020,1290163,2020/07/04 00:00:00+00,ATROPELLO,ATROPELLO,URBANA,ALCOHOL EN PEATON,EBRIEDAD DEL PEATON,0,0,0,1,21:45:00
-73.1006101,-36.7950129,1178,8,REGION BIO BIO,8112,HUALPEN,BREMEN,ATENAS,0,"Bremen & Atenas, Hualpén, Bío Bío, Chile",-36.7950129,-73.1006101,1,GEOMETRIC_CENTER,2020,1290222,2020/07/17 00:00:00+00,CHOQUE FRENTE/POSTERIOR,CHOQUE,URBANA,IMPRUDENCIA DEL CONDUCTOR,NO RESPETAR DERECHO PREFERENTE DE PASO A PEATON,0,0,0,0,23:00:00
-72.6892358,-37.4963073,1179,8,REGION BIO BIO,8306,NACIMIENTO,JULIO HEMMELMANN, ,1450,"Av. Julio Hemmelmann 1450, Nacimiento, Bío Bío, Chile",-37.4963073,-72.6892358,1,RANGE_INTERPOLATED,2020,1290229,2020/07/11 00:00:00+00,COLISION POR ALCANCE,COLISION,URBANA,IMPRUDENCIA DEL CONDUCTOR,CONDUCCION SIN MANTENER DISTANCIA RAZONABLE NI PRUDENTE,0,0,0,0,12:55:00
-73.0505432,-36.8279014,1180,8,REGION BIO BIO,8101,CONCEPCION,OHIGGINS,CAUPOLICAN,0,"Caupolicán & Libertador General Bernardo OHiggins, Concepción, Bío Bío, Chile",-36.8279014,-73.0505432,1,GEOMETRIC_CENTER,2020,1290231,2020/07/17 00:00:00+00,CHOQUE LATERAL,CHOQUE,URBANA,IMPRUDENCIA DEL CONDUCTOR,CONDUCCION NO ATENTO CONDICIONES TRANSITO MOMENTO,0,0,0,0,18:00:00
-72.6793889,-37.4985207,1181,8,REGION BIO BIO,8306,NACIMIENTO,ENRIQUE BRUNEL, ,1296,"Enrique Brunel 1296, Nacimiento, Bío Bío, Chile",-37.4985207,-72.6793889,1,RANGE_INTERPOLATED,2020,1290235,2020/07/16 00:00:00+00,COLISION,COLISION,URBANA,PERDIDA CONTROL VEHICULO,PERDIDA CONTROL VEHICULO,0,0,0,0,00:40:00
-73.0833749,-36.7430747,1182,8,REGION BIO BIO,8110,TALCAHUANO,VASCO NUÑEZ DE BALBOA, ,6950,"Vasco Núñez de Balboa 6950, Talcahuano, Bío Bío, Chile",-36.7430747,-73.0833749,1,RANGE_INTERPOLATED,2020,1290281,2020/07/20 00:00:00+00,COLISION,COLISION,URBANA,IMPRUDENCIA DEL CONDUCTOR,CONDUCCION CAMBIAR SORPRESIVAMENTE PISTA CIRCULACION,0,0,0,0,15:45:00
-73.1147426,-36.7110785,1183,8,REGION BIO BIO,8110,TALCAHUANO,ROTONDA EL ANCLA, ,6,"Plaza El Ancla, Talcahuano, Bío Bío, Chile",-36.7110785,-73.1147426,1,GEOMETRIC_CENTER,2020,1290506,2020/07/06 00:00:00+00,COLISION LATERAL,COLISION,URBANA,ALCOHOL EN CONDUCTOR,CONDUCCION EN ESTADO DE EBRIEDAD,0,0,0,0,16:35:00
-73.1605787,-37.0026541,1184,8,REGION BIO BIO,8102,CORONEL,MANUEL MONTT,LOS HARNEROS,0,"Avenida Manuel Montt & Los Harneros, Coronel, Bío Bío, Chile",-37.0026541,-73.1605787,1,GEOMETRIC_CENTER,2020,1290313,2020/07/11 00:00:00+00,CHOQUE,CHOQUE,RURAL,ALCOHOL EN PASAJERO,EBRIEDAD DEL PASAJERO,0,0,0,0,09:20:00
-73.1676113,-37.0105519,1185,8,REGION BIO BIO,8102,CORONEL,CARLOS MANRIQUEZ, ,1133,"Carlos Manríquez 1133, Coronel, Bío Bío, Chile",-37.0105519,-73.1676113,1,RANGE_INTERPOLATED,2020,1290317,2020/07/11 00:00:00+00,COLISION LATERAL,COLISION,URBANA,ALCOHOL EN CONDUCTOR,CONDUCCION EN ESTADO DE EBRIEDAD,0,0,0,1,19:30:00
-73.0871519,-36.7886555,1186,8,REGION BIO BIO,8112,HUALPEN,CRISTOBAL COLON, ,8076,"Av. Cristóbal Colón 8076, Hualpén, Bío Bío, Chile",-36.7886555,-73.0871519,1,RANGE_INTERPOLATED,2020,1290336,2020/07/20 00:00:00+00,COLISION,COLISION,URBANA,IMPRUDENCIA DEL CONDUCTOR,CONDUCCION SIN MANTENER DISTANCIA RAZONABLE NI PRUDENTE,0,0,0,2,19:30:00
-73.0568699,-36.8331809,1187,8,REGION BIO BIO,8101,CONCEPCION,COSTANERA,KOSTER,0,"Arturo Prat 199, Concepción, Bío Bío, Chile",-36.8331809,-73.0568699,1,ROOFTOP,2020,1290352,2020/07/21 00:00:00+00,CHOQUE POSTERIOR,CHOQUE,URBANA,IMPRUDENCIA DEL CONDUCTOR,CONDUCCION SIN MANTENER DISTANCIA RAZONABLE NI PRUDENTE,0,0,0,0,09:25:00
-72.6742547,-37.5084721,1188,8,REGION BIO BIO,8306,NACIMIENTO,JULIO HEMMELMANN,ANIBAL PINTO,0,"Avenida Julio Hemmelmann & Anibal Pinto, Nacimiento, Bío Bío, Chile",-37.5084721,-72.6742547,1,GEOMETRIC_CENTER,2020,1290452,2020/07/20 00:00:00+00,COLISION,COLISION,URBANA,ALCOHOL EN CONDUCTOR,CONDUCCION EN ESTADO DE EBRIEDAD,0,0,0,2,00:15:00
-73.320741,-37.247951,1189,8,REGION BIO BIO,8202,ARAUCO,ARTURO PRAT,PERU,0,"Av. Arturo Prat 489, Arauco, Arauco, Bío Bío, Chile",-37.247951,-73.320741,1,GEOMETRIC_CENTER,2020,1290484,2020/07/05 00:00:00+00,CHOQUE POSTERIOR,CHOQUE,URBANA,IMPRUDENCIA DEL CONDUCTOR,CONDUCIR VEHICULO EN RETROCESO,0,0,0,0,19:30:00
-73.3261337,-37.2434982,1190,8,REGION BIO BIO,8202,ARAUCO,FRESIA,GUACOLDA,0,"Fresia & Guacolda, Arauco, Bío Bío, Chile",-37.2434982,-73.3261337,1,GEOMETRIC_CENTER,2020,1290523,2020/07/09 00:00:00+00,CHOQUE,CHOQUE,URBANA,IMPRUDENCIA DEL CONDUCTOR,CONDUCCION NO ATENTO CONDICIONES TRANSITO MOMENTO,0,0,0,0,17:15:00
-73.4023673,-37.8046182,1191,8,REGION BIO BIO,8203,CAÑETE,SEPTIMO DE LINEA,LAUTARO,0,"Lautaro & 7 de Linea, Canete, Cañete, Bío Bío, Chile",-37.8046182,-73.4023673,1,GEOMETRIC_CENTER,2020,1290713,2020/07/11 00:00:00+00,COLISION,COLISION,URBANA,DESOBEDIENCIA A SEÑALIZACION,SEÑALIZACION DESOBEDECER SEÑAL PARE,0,0,0,0,14:53:00
-73.0173983,-36.9372021,1192,8,REGION BIO BIO,8103,CHIGUAYANTE,LOS ALERCES,PASAJE CINCO,0,"Los Alerces & Pasaje 5, Chiguayante, Bío Bío, Chile",-36.9372021,-73.0173983,1,GEOMETRIC_CENTER,2020,1290777,2020/07/16 00:00:00+00,COLISION PERPENDICULAR,COLISION,URBANA,CAUSAS NO DETERMINADAS,CAUSAS NO DETERMINADAS,0,0,0,0,18:00:00
-73.04786,-36.8112415,1193,8,REGION BIO BIO,8101,CONCEPCION,VICUÑA MACKENNA, ,1419,"Vicuña Mackenna 1419, Concepción, Bío Bío, Chile",-36.8112415,-73.04786,1,ROOFTOP,2020,1290842,2020/07/16 00:00:00+00,CHOQUE FRENTE/POSTERIOR,CHOQUE,URBANA,ALCOHOL EN CONDUCTOR,CONDUCCION EN ESTADO DE EBRIEDAD,0,0,0,0,18:05:00
-73.030422,-36.934566,1194,8,REGION BIO BIO,8103,CHIGUAYANTE,CALLE CUATRO,PINARES,0,"Calle 4 & Pinares, Chiguayante, Bío Bío, Chile",-36.934566,-73.030422,1,GEOMETRIC_CENTER,2020,1290848,2020/07/21 00:00:00+00,COLISION PERPENDICULAR,COLISION,URBANA,CAUSAS NO DETERMINADAS,CAUSAS NO DETERMINADAS,0,0,0,1,14:15:00
-73.1483694,-37.090626,1195,8,REGION BIO BIO,8106,LOTA,FERNANDO MAIRA,21 DE MAYO,0,"21 de Mayo, Lota, Bío Bío, Chile",-37.090626,-73.1483694,1,GEOMETRIC_CENTER,2020,1290868,2020/07/08 00:00:00+00,VOLCADURA,VOLCADURA,URBANA,PERDIDA CONTROL VEHICULO,PERDIDA CONTROL VEHICULO,0,0,0,1,12:30:00
-73.1617635,-37.0840963,1196,8,REGION BIO BIO,8106,LOTA,LORETO COUSIÑO,CARLOS COUSIÑO,0,"Loreto Causiño & Carlos Cousiño, Lota, Bío Bío, Chile",-37.0840963,-73.1617635,1,GEOMETRIC_CENTER,2020,1290870,2020/07/09 00:00:00+00,COLISION LATERAL,COLISION,URBANA,DESOBEDIENCIA A SEÑALIZACION,SEÑALIZACION DESOBEDECER SEÑAL CEDA EL PASO,0,0,0,0,21:30:00
-73.0543088,-36.8243923,1197,8,REGION BIO BIO,8101,CONCEPCION,CARRERA,RENGO,0,"Rengo & Avenida los Carrera, Concepción, Bío Bío, Chile",-36.8243923,-73.0543088,1,GEOMETRIC_CENTER,2020,1290892,2020/07/22 00:00:00+00,OTRO TIPO,OTRO TIPO,URBANA,OTRAS CAUSAS,OTRAS CAUSAS,0,0,0,1,09:50:00
-73.0455154,-36.8258008,1198,8,REGION BIO BIO,8101,CONCEPCION,OHIGGINS,TUCAPEL,0,"Tucapel & Libertador General Bernardo OHiggins, Concepción, Bío Bío, Chile",-36.8258008,-73.0455154,1,GEOMETRIC_CENTER,2020,1290894,2020/07/23 00:00:00+00,COLISION LATERAL,COLISION,URBANA,IMPRUDENCIA DEL CONDUCTOR,NO RESPETAR DERECHO PREFERENTE DE PASO A VEHICULO,0,0,0,0,10:20:00