X,Y,FID,COD_REG,REGION,CUT,COMUNA,CALLE_UNO,CALLE_DOS,NUMERO,DIR_GEOCOD,LAT,LNG,VAL_COM,TIPO,Año,Idaccident,Fecha,Tipo_Accid,Tipo__CONA,Zona,Causa__CON,Causa,Fallecidos,Graves,Menos_Grav,Leves,Hora
-73.0448855,-36.8268039,1199,8,REGION BIO BIO,8101,CONCEPCION,TUCAPEL,SAN MARTIN,0,"Tucapel & San Martín, Concepción, Bío Bío, Chile",-36.8268039,-73.0448855,1,GEOMETRIC_CENTER,2020,1290895,2020/07/23 00:00:00+00,COLISION PERPENDICULAR,COLISION,URBANA,DESOBEDIENCIA A SEÑALIZACION,SEÑALIZACION DESOBEDECER SEÑAL PARE,0,0,0,0,09:15:00
-73.6584847,-37.6108985,1200,8,REGION BIO BIO,8201,LEBU,MACKAY, ,1,"Mackay 1, Lebu, Bío Bío, Chile",-37.6108985,-73.6584847,1,RANGE_INTERPOLATED,2020,1290903,2020/07/25 00:00:00+00,OTRO TIPO,OTRO TIPO,URBANA,OTRAS CAUSAS,OTRAS CAUSAS,0,0,0,0,11:10:00
-73.0306119,-36.8176192,1201,8,REGION BIO BIO,8101,CONCEPCION,JUAN BOSCO, ,2084,"Av. San Juan Bosco 2084, Concepción, Bío Bío, Chile",-36.8176192,-73.0306119,1,ROOFTOP,2020,1290905,2020/07/23 00:00:00+00,COLISION PERPENDICULAR,COLISION,URBANA,IMPRUDENCIA DEL CONDUCTOR,CONDUCCION NO ATENTO CONDICIONES TRANSITO MOMENTO,0,0,0,1,12:30:00
-73.0533196,-36.8286581,1202,8,REGION BIO BIO,8101,CONCEPCION,LINCOYAN, ,435,"Lincoyán 435, Concepción, Bío Bío, Chile",-36.8286581,-73.0533196,1,ROOFTOP,2020,1290987,2020/07/24 00:00:00+00,CHOQUE,CHOQUE,URBANA,IMPRUDENCIA DEL CONDUCTOR,CONDUCCION NO ATENTO CONDICIONES TRANSITO MOMENTO,0,0,0,0,16:13:00
-73.021847,-36.9335783,1203,8,REGION BIO BIO,8103,CHIGUAYANTE,MANUEL RODRIGUEZ,LIBERTAD,0,"Libertad & Avenida Manuel Rodríguez, Chiguayante, Bío Bío, Chile",-36.9335783,-73.021847,1,GEOMETRIC_CENTER,2020,1290998,2020/07/25 00:00:00+00,CHOQUE LATERAL,CHOQUE,URBANA,IMPRUDENCIA DEL CONDUCTOR,CONDUCCION NO ATENTO CONDICIONES TRANSITO MOMENTO,0,0,0,0,17:00:00
-73.0379937,-36.8175127,1204,8,REGION BIO BIO,8101,CONCEPCION,LOS CARRERA,LIENTUR,0,"Lientur & Avenida los Carrera, Concepción, Bío Bío, Chile",-36.8175127,-73.0379937,1,GEOMETRIC_CENTER,2020,1291004,2020/07/25 00:00:00+00,COLISION PERPENDICULAR,COLISION,URBANA,DESOBEDIENCIA A SEÑALIZACION,SEÑALIZACION DESOBEDECER LUZ INTERMITENTE SEMAFORO,0,0,0,1,20:05:00
-73.0300668,-36.8086251,1205,8,REGION BIO BIO,8101,CONCEPCION,EL FUERTE,ALONSO RIVERA,0,"Alonso de Rivera #200, Concepción, Bío Bío, Chile",-36.8086251,-73.0300668,1,ROOFTOP,2020,1320916,2020/12/23 00:00:00+00,CHOQUE,CHOQUE,URBANA,IMPRUDENCIA DEL CONDUCTOR,CONDUCCION NO ATENTO CONDICIONES TRANSITO MOMENTO,0,0,0,0,18:45:00
-73.0172319,-36.9442428,1206,8,REGION BIO BIO,8103,CHIGUAYANTE,MANUEL RODRIGUEZ,COQUIMBO,0,"Coquimbo & Avenida Manuel Rodríguez, Chiguayante, Bío Bío, Chile",-36.9442428,-73.0172319,1,GEOMETRIC_CENTER,2020,1317684,2020/12/03 00:00:00+00,COLISION PERPENDICULAR,COLISION,URBANA,CAUSAS NO DETERMINADAS,CAUSAS NO DETERMINADAS,0,0,0,1,12:00:00
-73.0188499,-36.9395174,1207,8,REGION BIO BIO,8103,CHIGUAYANTE,LAS ARAUCARIAS,MANUEL RODRIGUEZ,0,"Av. Manuel Rodríguez 1937, Chiguayante, Bío Bío, Chile",-36.9395174,-73.0188499,1,ROOFTOP,2020,1317686,2020/12/05 00:00:00+00,COLISION LATERAL,COLISION,URBANA,CAUSAS NO DETERMINADAS,CAUSAS NO DETERMINADAS,0,0,0,0,15:40:00
-73.6104127,-37.648141,1208,8,REGION BIO BIO,8201,LEBU,SECTOR TRANCALCO,SECTOR,0,"Lebu, Bío Bío, Chile",-37.648141,-73.6104127,1,GEOMETRIC_CENTER,2020,1317833,2020/12/11 00:00:00+00,CHOQUE LADO/POSTERIOR,CHOQUE,URBANA,IMPRUDENCIA DEL CONDUCTOR,CONDUCCION NO ATENTO CONDICIONES TRANSITO MOMENTO,0,0,0,0,07:05:00
-73.4624338,-37.6254941,1209,8,REGION BIO BIO,8206,LOS ALAMOS,PEDRO EYHERAMENDY,18 DE SEPTIEMBRE,0,"18 De Septiembre & Eyheramendy, Los Alamos, Bío Bío, Chile",-37.6254941,-73.4624338,1,GEOMETRIC_CENTER,2020,1317962,2020/12/12 00:00:00+00,COLISION LATERAL,COLISION,URBANA,IMPRUDENCIA DEL CONDUCTOR,CONDUCCION NO ATENTO CONDICIONES TRANSITO MOMENTO,0,0,0,1,18:40:00
-73.0934355,-36.8002062,1210,8,REGION BIO BIO,8112,HUALPEN,POSTDAM,TRUPAN,0,"Trupan & Postdam, Hualpén, Bío Bío, Chile",-36.8002062,-73.0934355,1,GEOMETRIC_CENTER,2020,1318154,2020/12/14 00:00:00+00,CHOQUE,CHOQUE,URBANA,IMPRUDENCIA DEL CONDUCTOR,CONDUCCION NO ATENTO CONDICIONES TRANSITO MOMENTO,0,0,0,0,17:30:00
-73.1024527,-36.8386501,1211,8,REGION BIO BIO,8108,SAN PEDRO DE LA PAZ,PEDRO AGUIRRE CERDA,LOS ACACIOS,0,"Avenida Pedro Aguirre Cerda & Los Acacios, San Pedro de la Paz, Bío Bío, Chile",-36.8386501,-73.1024527,1,GEOMETRIC_CENTER,2020,1318288,2020/12/02 00:00:00+00,COLISION LATERAL,COLISION,URBANA,IMPRUDENCIA DEL CONDUCTOR,CONDUCCION NO ATENTO CONDICIONES TRANSITO MOMENTO,0,0,1,0,20:30:00
-73.1366874,-36.8376968,1212,8,REGION BIO BIO,8108,SAN PEDRO DE LA PAZ,DANIEL BELMAR, ,270,"Daniel Belmar 270, San Pedro de la Paz, Región Metropolitana, Chile",-36.8376968,-73.1366874,1,RANGE_INTERPOLATED,2020,1318292,2020/12/03 00:00:00+00,VOLCADURA,VOLCADURA,URBANA,PERDIDA CONTROL VEHICULO,PERDIDA CONTROL VEHICULO,0,1,0,0,09:50:00
-73.0928976,-36.8389468,1213,8,REGION BIO BIO,8108,SAN PEDRO DE LA PAZ,PEDRO AGUIRRE CERDA,COLO COLO,0,"Avenida Pedro Aguirre Cerda & Colo Colo, San Pedro de la Paz, Bío Bío, Chile",-36.8389468,-73.0928976,1,GEOMETRIC_CENTER,2020,1318299,2020/12/05 00:00:00+00,VOLCADURA,VOLCADURA,URBANA,PERDIDA CONTROL VEHICULO,PERDIDA CONTROL VEHICULO,0,0,0,0,03:40:00
-73.1407436,-36.8900191,1214,8,REGION BIO BIO,8108,SAN PEDRO DE LA PAZ,LOS MAÑIOS, ,7373,"Los Mañíos 7373, San Pedro de la Paz, Bío Bío, Chile",-36.8900191,-73.1407436,1,ROOFTOP,2020,1318320,2020/12/01 00:00:00+00,CHOQUE FRENTE/POSTERIOR,CHOQUE,URBANA,IMPRUDENCIA DEL CONDUCTOR,CONDUCCION NO ATENTO CONDICIONES TRANSITO MOMENTO,0,0,0,0,17:00:00
-73.1433091,-36.8972351,1215,8,REGION BIO BIO,8108,SAN PEDRO DE LA PAZ,ITATA,JOSE DONOSO,0,"Itata & José Donoso, San Pedro de la Paz, Bío Bío, Chile",-36.8972351,-73.1433091,1,GEOMETRIC_CENTER,2020,1318329,2020/12/05 00:00:00+00,ATROPELLO,ATROPELLO,URBANA,IMPRUDENCIA DEL CONDUCTOR,CONDUCCION NO ATENTO CONDICIONES TRANSITO MOMENTO,0,0,0,1,19:30:00
-73.0455154,-36.8258008,1216,8,REGION BIO BIO,8101,CONCEPCION,TUCAPEL,OHIGGINS,0,"Tucapel & Libertador General Bernardo OHiggins, Concepción, Bío Bío, Chile",-36.8258008,-73.0455154,1,GEOMETRIC_CENTER,2020,1318361,2020/12/11 00:00:00+00,COLISION LATERAL,COLISION,URBANA,IMPRUDENCIA DEL CONDUCTOR,CONDUCCION NO ATENTO CONDICIONES TRANSITO MOMENTO,0,0,0,0,18:30:00
-73.0361233,-36.8227362,1217,8,REGION BIO BIO,8101,CONCEPCION,ROSSEVELT, ,1660,"Roosevelt 1660, Concepción, Bío Bío, Chile",-36.8227362,-73.0361233,1,ROOFTOP,2020,1318367,2020/12/12 00:00:00+00,COLISION LATERAL,COLISION,URBANA,IMPRUDENCIA DEL CONDUCTOR,CONDUCCION NO ATENTO CONDICIONES TRANSITO MOMENTO,0,0,0,0,17:10:00
-73.0330498,-36.8156175,1218,8,REGION BIO BIO,8101,CONCEPCION,LOS CARRERA, ,2170,"Av. los Carrera 2170, Concepción, Bío Bío, Chile",-36.8156175,-73.0330498,1,ROOFTOP,2020,1318370,2020/12/12 00:00:00+00,COLISION LATERAL,COLISION,URBANA,IMPRUDENCIA DEL CONDUCTOR,ADELANTAMIENTO SOBREPASANDO LINEA CONTINUA,0,0,0,0,14:00:00
-73.0461093,-36.8273051,1219,8,REGION BIO BIO,8101,CONCEPCION,SAN MARTIN,CASTELLON,0,"San Martín & Castellón, Concepción, Bío Bío, Chile",-36.8273051,-73.0461093,1,GEOMETRIC_CENTER,2020,1318373,2020/12/12 00:00:00+00,COLISION PERPENDICULAR,COLISION,URBANA,DESOBEDIENCIA A SEÑALIZACION,SEÑALIZACION DESOBEDECER LUZ ROJA DE SEMAFORO,0,0,0,1,14:30:00
-73.0423974,-36.8676725,1220,8,REGION BIO BIO,8103,CHIGUAYANTE,COSTANERA,PASCUAL BINIMELLIS,0,"Pascual Binimelis, Concepción, Chile",-36.8676725,-73.0423974,1,GEOMETRIC_CENTER,2020,1318388,2020/12/12 00:00:00+00,COLISION PERPENDICULAR,COLISION,URBANA,DESOBEDIENCIA A SEÑALIZACION,SEÑALIZACION DESOBEDECER LUZ ROJA DE SEMAFORO,0,0,0,0,16:45:00
-73.0127531,-36.8332816,1221,8,REGION BIO BIO,8101,CONCEPCION,NUEVA CONCEPCION, ,407,"Pje. Nueva Concepcion 407, Concepción, Bío Bío, Chile",-36.8332816,-73.0127531,1,ROOFTOP,2020,1318406,2020/12/14 00:00:00+00,COLISION LATERAL,COLISION,URBANA,IMPRUDENCIA DEL CONDUCTOR,ADELANTAMIENTO SIN EL ESPACIO O TIEMPO SUFICIENTE,0,0,0,0,19:20:00
-73.1193175,-36.7413494,1222,8,REGION BIO BIO,8110,TALCAHUANO,GRAN BRETAÑA, ,1725,"Gran Bretaña 1725, Talcahuano, Bío Bío, Chile",-36.7413494,-73.1193175,1,ROOFTOP,2020,1318465,2020/12/03 00:00:00+00,CHOQUE POSTERIOR/FRENTE,CHOQUE,URBANA,IMPRUDENCIA DEL CONDUCTOR,CONDUCCION NO ATENTO CONDICIONES TRANSITO MOMENTO,0,0,0,0,17:10:00
-73.1033503,-36.7421512,1223,8,REGION BIO BIO,8110,TALCAHUANO,VICTOR DOMINGO SILVA, ,505,"Víctor Domingo Silva 505, Talcahuano, Bío Bío, Chile",-36.7421512,-73.1033503,1,RANGE_INTERPOLATED,2020,1318512,2020/12/11 00:00:00+00,COLISION FRONTAL,COLISION,URBANA,IMPRUDENCIA DEL CONDUCTOR,CONDUCCION CAMBIAR SORPRESIVAMENTE PISTA CIRCULACION,0,0,0,0,12:17:00
-73.1398133,-36.7156613,1224,8,REGION BIO BIO,8110,TALCAHUANO,BAHIA DICHATO, ,1313,"Bahía Dichato 1313, Talcahuano, Bío Bío, Chile",-36.7156613,-73.1398133,1,RANGE_INTERPOLATED,2020,1318717,2020/12/08 00:00:00+00,COLISION FRONTAL,COLISION,URBANA,ALCOHOL EN CONDUCTOR,CONDUCCION EN ESTADO DE EBRIEDAD,0,0,0,2,21:45:00
-73.0541556,-36.839386,1225,8,REGION BIO BIO,8101,CONCEPCION,PEDRO DE VALDIVIA, ,431,"Av. Pedro de Valdivia 431, Concepción, Bío Bío, Chile",-36.839386,-73.0541556,1,ROOFTOP,2020,1318786,2020/12/16 00:00:00+00,COLISION LATERAL,COLISION,URBANA,IMPRUDENCIA DEL CONDUCTOR,CONDUCCION NO ATENTO CONDICIONES TRANSITO MOMENTO,0,0,0,0,17:45:00
-73.0550928,-36.8031455,1226,8,REGION BIO BIO,8101,CONCEPCION,PAICAVI,INDEPENDENCIA,0,"Independencia & Paicaví, Concepción, Bío Bío, Chile",-36.8031455,-73.0550928,1,GEOMETRIC_CENTER,2020,1318879,2020/11/04 00:00:00+00,CHOQUE POSTERIOR/FRENTE,CHOQUE,URBANA,CAUSAS NO DETERMINADAS,CAUSAS NO DETERMINADAS,0,0,0,0,11:20:00
-73.0543088,-36.8243923,1227,8,REGION BIO BIO,8101,CONCEPCION,RENGO,LOS CARRERA,0,"Rengo & Avenida los Carrera, Concepción, Bío Bío, Chile",-36.8243923,-73.0543088,1,GEOMETRIC_CENTER,2020,1318886,2020/11/04 00:00:00+00,CHOQUE POSTERIOR/FRENTE,CHOQUE,URBANA,CAUSAS NO DETERMINADAS,CAUSAS NO DETERMINADAS,0,0,0,0,16:40:00
-73.0621518,-36.7912899,1228,8,REGION BIO BIO,8101,CONCEPCION,JORGE ALESSANDRI,SAN ANDRES,0,"Av Jorge alessandri 450 Lomas san Andrés Concepción, Biobío, Concepción, Bío Bío, Chile",-36.7912899,-73.0621518,1,GEOMETRIC_CENTER,2020,1318915,2020/11/16 00:00:00+00,CHOQUE FRONTAL,CHOQUE,URBANA,CAUSAS NO DETERMINADAS,CAUSAS NO DETERMINADAS,0,0,0,0,07:40:00
-73.0417691,-36.8189691,1229,8,REGION BIO BIO,8101,CONCEPCION,LAUTARO,LOS CARRERA,0,"Lautaro & Avenida los Carrera, Concepción, Bío Bío, Chile",-36.8189691,-73.0417691,1,GEOMETRIC_CENTER,2020,1318921,2020/11/10 00:00:00+00,COLISION POR ALCANCE,COLISION,URBANA,CAUSAS NO DETERMINADAS,CAUSAS NO DETERMINADAS,0,0,0,1,12:45:00
-73.0481999,-36.813999,1230,8,REGION BIO BIO,8101,CONCEPCION,PAICAVI,MANUEL RODRIGUEZ,0,"Manuel Rodríguez & Paicaví, Concepción, Bío Bío, Chile",-36.813999,-73.0481999,1,GEOMETRIC_CENTER,2020,1318927,2020/11/11 00:00:00+00,COLISION FRONTAL,COLISION,URBANA,CAUSAS NO DETERMINADAS,CAUSAS NO DETERMINADAS,0,0,0,1,11:45:00
-73.119441,-36.7159305,1231,8,REGION BIO BIO,8110,TALCAHUANO,TUMBES, ,99,"Av. Tumbes 99, Talcahuano, Bío Bío, Chile",-36.7159305,-73.119441,1,ROOFTOP,2020,1318948,2020/12/16 00:00:00+00,COLISION POR ALCANCE,COLISION,URBANA,IMPRUDENCIA DEL CONDUCTOR,ADELANTAMIENTO SIN EL ESPACIO O TIEMPO SUFICIENTE,0,0,0,4,18:35:00
-73.0915947,-36.8096243,1232,8,REGION BIO BIO,8112,HUALPEN,GRAN BRETAÑA,COSTANERA,0,"Avenida Costanera 9200 Hualpén, Concepción, Hualpén, Bío Bío, Chile",-36.8096243,-73.0915947,1,GEOMETRIC_CENTER,2020,1319016,2020/12/15 00:00:00+00,COLISION,COLISION,URBANA,IMPRUDENCIA DEL CONDUCTOR,NO RESPETAR DERECHO PREFERENTE DE PASO A PEATON,0,0,0,1,20:45:00
-73.112117,-36.8000857,1233,8,REGION BIO BIO,8112,HUALPEN,COSTANERA,GRAN BRETAÑA,0,"C. la Roda, Hualpén, Bío Bío, Chile",-36.8000857,-73.112117,1,GEOMETRIC_CENTER,2020,1319030,2020/12/17 00:00:00+00,COLISION,COLISION,URBANA,IMPRUDENCIA DEL CONDUCTOR,CONDUCCION CAMBIAR SORPRESIVAMENTE PISTA CIRCULACION,0,0,0,0,10:00:00
-72.9573266,-36.6021775,1234,8,REGION BIO BIO,8111,TOME,ENRIQUE MOLINA,PUREMA,0,"Purema & Enrique Molina G, Tome, Tomé, Bío Bío, Chile",-36.6021775,-72.9573266,1,GEOMETRIC_CENTER,2020,1319032,2020/12/15 00:00:00+00,COLISION POR ALCANCE,COLISION,URBANA,IMPRUDENCIA DEL CONDUCTOR,CONDUCCION SIN MANTENER DISTANCIA RAZONABLE NI PRUDENTE,0,0,0,0,11:55:00
-72.9577577,-36.6206755,1235,8,REGION BIO BIO,8111,TOME,LATORRE,MAIPU,0,"Maipú & A Latorre, Tome, Tomé, Bío Bío, Chile",-36.6206755,-72.9577577,1,GEOMETRIC_CENTER,2020,1319035,2020/12/17 00:00:00+00,CHOQUE POSTERIOR,CHOQUE,URBANA,IMPRUDENCIA DEL CONDUCTOR,CONDUCCION NO ATENTO CONDICIONES TRANSITO MOMENTO,0,0,0,0,19:00:00
-72.7104678,-37.284865,1236,8,REGION BIO BIO,8304,LAJA,LOS BOLDOS,WALDEMAR,0,"Laja, Bío Bío, Chile",-37.284865,-72.7104678,1,APPROXIMATE,2020,1319136,2020/12/10 00:00:00+00,VOLCADURA,VOLCADURA,URBANA,PERDIDA CONTROL VEHICULO,PERDIDA CONTROL VEHICULO,0,0,0,1,19:00:00
-72.5623777,-37.0927157,1237,8,REGION BIO BIO,8313,YUMBEL,OHIGGINS,BAQUEDANO,0,"Baquedano & OHiggins, Yumbel, Bío Bío, Chile",-37.0927157,-72.5623777,1,GEOMETRIC_CENTER,2020,1319139,2020/12/14 00:00:00+00,COLISION LATERAL,COLISION,URBANA,IMPRUDENCIA DEL CONDUCTOR,NO RESPETAR DERECHO PREFERENTE DE PASO A VEHICULO,0,0,0,2,18:50:00
-73.0331719,-36.8081213,1238,8,REGION BIO BIO,8101,CONCEPCION,CAMILO HENRIQUEZ, ,2587,"Camilo Henríquez 2587, Concepción, Bío Bío, Chile",-36.8081213,-73.0331719,1,RANGE_INTERPOLATED,2020,1319472,2020/12/01 00:00:00+00,CHOQUE LADO/FRENTE,CHOQUE,URBANA,IMPRUDENCIA DEL PASAJERO,IMPRUDENCIA DEL PASAJERO,0,0,0,0,13:30:00
-73.03727,-36.7937709,1239,8,REGION BIO BIO,8101,CONCEPCION,JUAN FRAY SALGUERO,CAREMAVIDA,0,"Fray Juan Salguero & Caremavida, Concepción, Bío Bío, Chile",-36.7937709,-73.03727,1,GEOMETRIC_CENTER,2020,1319475,2020/12/01 00:00:00+00,CHOQUE FRENTE/LADO,CHOQUE,URBANA,CAUSAS NO DETERMINADAS,CAUSAS NO DETERMINADAS,0,0,1,1,18:52:00
-73.0705609,-36.8011786,1240,8,REGION BIO BIO,8101,CONCEPCION,JORGE ALESSANDRI,INGRESO LOMAS VERDES,0,"Av. Pdte. Jorge Alessandri Rodriguez 804, Concepción, Bío Bío, Chile",-36.8011786,-73.0705609,1,ROOFTOP,2020,1319537,2020/12/03 00:00:00+00,CHOQUE LADO/LADO,CHOQUE,URBANA,CAUSAS NO DETERMINADAS,CAUSAS NO DETERMINADAS,0,0,0,1,16:11:00
-73.0342901,-36.815865,1241,8,REGION BIO BIO,8101,CONCEPCION,LOS CARRERA,FRESIA,0,"Avenida los Carrera & Fresia, Concepción, Bío Bío, Chile",-36.815865,-73.0342901,1,GEOMETRIC_CENTER,2020,1319553,2020/12/04 00:00:00+00,CHOQUE LADO/FRENTE,CHOQUE,URBANA,OTRAS CAUSAS,OTRAS CAUSAS,0,0,0,0,19:04:00
-73.0306119,-36.8176192,1242,8,REGION BIO BIO,8101,CONCEPCION,JUAN BOSCO, ,2084,"Av. San Juan Bosco 2084, Concepción, Bío Bío, Chile",-36.8176192,-73.0306119,1,ROOFTOP,2020,1319559,2020/12/04 00:00:00+00,CHOQUE POSTERIOR/POSTERIOR,CHOQUE,URBANA,CAUSAS NO DETERMINADAS,CAUSAS NO DETERMINADAS,0,0,0,0,20:49:00
-73.0639394,-36.8145772,1243,8,REGION BIO BIO,8101,CONCEPCION,CAMINO LOS CARROS, ,1955,"Cam. los Carros 1955, Concepción, Bío Bío, Chile",-36.8145772,-73.0639394,1,RANGE_INTERPOLATED,2020,1319735,2020/12/10 00:00:00+00,COLISION FRONTAL,COLISION,URBANA,PERDIDA CONTROL VEHICULO,PERDIDA CONTROL VEHICULO,0,0,0,0,13:30:00
-73.0140457,-36.9566874,1244,8,REGION BIO BIO,8103,CHIGUAYANTE,21 DE MAYO, ,3225,"21 de Mayo 3225, Chiguayante, Bío Bío, Chile",-36.9566874,-73.0140457,1,RANGE_INTERPOLATED,2020,1319708,2020/12/09 00:00:00+00,CHOQUE POSTERIOR,CHOQUE,URBANA,CAUSAS NO DETERMINADAS,CAUSAS NO DETERMINADAS,0,0,0,0,08:40:00
-73.0243143,-36.7907049,1245,8,REGION BIO BIO,8101,CONCEPCION,CAMINO PENCO,CALLE UNO,0,"camino a penco 4504 Camino a Penco 4504 Concepción, Biobío, Concepción, Bío Bío, Chile",-36.7907049,-73.0243143,1,GEOMETRIC_CENTER,2020,1319720,2020/12/09 00:00:00+00,CHOQUE FRENTE/LADO,CHOQUE,URBANA,CAUSAS NO DETERMINADAS,CAUSAS NO DETERMINADAS,0,0,0,0,19:30:00
-73.0614145,-36.797772,1246,8,REGION BIO BIO,8101,CONCEPCION,PAICAVI,PASARELA DOUC UC,0,"Paicaví 3380, Concepción, Bío Bío, Chile",-36.797772,-73.0614145,1,ROOFTOP,2020,1319724,2020/12/10 00:00:00+00,CHOQUE POSTERIOR/FRENTE,CHOQUE,URBANA,IMPRUDENCIA DEL CONDUCTOR,CONDUCCION NO ATENTO CONDICIONES TRANSITO MOMENTO,0,0,0,0,09:30:00
-73.0431506,-36.7869542,1247,8,REGION BIO BIO,8101,CONCEPCION,LLEUQUE,ABDON CIFUENTES,0,"Lleuque - Bartolome De Las Casas, Concepción, Bío Bío, Chile",-36.7869542,-73.0431506,1,GEOMETRIC_CENTER,2020,1319729,2020/12/09 00:00:00+00,CHOQUE LADO/POSTERIOR,CHOQUE,URBANA,IMPRUDENCIA DEL CONDUCTOR,ADELANTAMIENTO SIN EL ESPACIO O TIEMPO SUFICIENTE,0,0,0,0,08:30:00
-73.0185694,-36.9405959,1248,8,REGION BIO BIO,8103,CHIGUAYANTE,MANUEL RODRIGUEZ,MANQUIMAVIDA,0,"Manquimávida & Avenida Manuel Rodríguez, Chiguayante, Bío Bío, Chile",-36.9405959,-73.0185694,1,GEOMETRIC_CENTER,2020,1319764,2020/12/07 00:00:00+00,COLISION PERPENDICULAR,COLISION,URBANA,OTRAS CAUSAS,OTRAS CAUSAS,0,0,0,0,17:55:00
-73.055918,-36.7985258,1249,8,REGION BIO BIO,8101,CONCEPCION,PAICAVI,UNIVERSIDAD CATOLICA,0,"Av. Alonso de Ribera 2850, Concepción, Bío Bío, Chile",-36.7985258,-73.055918,1,ROOFTOP,2020,1319798,2020/12/12 00:00:00+00,VOLCADURA,VOLCADURA,URBANA,PERDIDA CONTROL VEHICULO,PERDIDA CONTROL VEHICULO,0,0,0,0,15:30:00
-73.64026,-37.5973286,1250,8,REGION BIO BIO,8201,LEBU,IGNACIO CARRERA PINTO,RIGOBERTO IGLESIAS,0,"Ignacio Carrera Pinto & Rigoberto Iglesias, Lebu, Bío Bío, Chile",-37.5973286,-73.64026,1,GEOMETRIC_CENTER,2020,1319816,2020/12/13 00:00:00+00,COLISION FRONTAL,COLISION,URBANA,IMPRUDENCIA DEL CONDUCTOR,CONDUCCION NO ATENTO CONDICIONES TRANSITO MOMENTO,0,0,0,0,18:50:00
-73.1056434,-36.7446522,1251,8,REGION BIO BIO,8110,TALCAHUANO,ALMTE NAVARRETE,ALTO HORNO,0,"Almirante Navarrete & Alto Horno, Talcahuano, Bío Bío, Chile",-36.7446522,-73.1056434,1,GEOMETRIC_CENTER,2020,1319843,2020/12/21 00:00:00+00,COLISION LATERAL,COLISION,URBANA,DESOBEDIENCIA A SEÑALIZACION,SEÑALIZACION DESOBEDECER SEÑAL PARE,0,0,0,0,20:55:00
-73.6530673,-37.6075317,1252,8,REGION BIO BIO,8201,LEBU,BULNES, ,230,"Bulnes 230, Lebu, Bío Bío, Chile",-37.6075317,-73.6530673,1,RANGE_INTERPOLATED,2020,1319854,2020/12/17 00:00:00+00,ATROPELLO,ATROPELLO,URBANA,IMPRUDENCIA DEL PEATON,PEATON CRUZA CALZADA FORMA SORPRESIVA O DESCUIDADA,0,0,0,1,14:10:00
-73.0730733,-36.8063297,1253,8,REGION BIO BIO,8101,CONCEPCION,LAGUNA REDONDA, ,3010,"Av. Laguna Redonda 3010, Concepción, Bío Bío, Chile",-36.8063297,-73.0730733,1,RANGE_INTERPOLATED,2020,1319873,2020/12/14 00:00:00+00,CHOQUE,CHOQUE,URBANA,ALCOHOL EN CONDUCTOR,CONDUCCION BAJO LA INFLUENCIA DEL ALCOHOL,0,0,0,0,18:20:00
-73.0518584,-36.825862,1254,8,REGION BIO BIO,8101,CONCEPCION,FREIRE,CAUPOLICAN,0,"Freire & Caupolicán, Concepción, Bío Bío, Chile",-36.825862,-73.0518584,1,GEOMETRIC_CENTER,2020,1319881,2020/12/16 00:00:00+00,CHOQUE,CHOQUE,URBANA,IMPRUDENCIA DEL CONDUCTOR,CONDUCCION NO ATENTO CONDICIONES TRANSITO MOMENTO,0,0,0,0,18:00:00
-73.0481999,-36.813999,1255,8,REGION BIO BIO,8101,CONCEPCION,PAICAVI,MANUEL RODRIGUEZ,0,"Manuel Rodríguez & Paicaví, Concepción, Bío Bío, Chile",-36.813999,-73.0481999,1,GEOMETRIC_CENTER,2020,1319904,2020/12/16 00:00:00+00,COLISION,COLISION,URBANA,IMPRUDENCIA DEL CONDUCTOR,CONDUCCION NO ATENTO CONDICIONES TRANSITO MOMENTO,0,1,0,1,08:30:00
-73.3300812,-37.4858468,1256,8,REGION BIO BIO,8205,CURANILAHUE,TUCAPEL,LIENTUR,0,"Tucapel & Rio Negro, Curanilahue, Bío Bío, Chile",-37.4858468,-73.3300812,1,GEOMETRIC_CENTER,2020,1319911,2020/12/19 00:00:00+00,COLISION LATERAL,COLISION,URBANA,CAUSAS NO DETERMINADAS,CAUSAS NO DETERMINADAS,0,0,0,0,21:00:00
-73.0726289,-36.8028037,1257,8,REGION BIO BIO,8101,CONCEPCION,PAICAVI,CATALUÑA,0,"Humedal Paicavi - Jorge Alessandri 3000, Concepción, Bío Bío, Chile",-36.8028037,-73.0726289,1,ROOFTOP,2020,1319918,2020/12/18 00:00:00+00,CHOQUE,CHOQUE,URBANA,IMPRUDENCIA DEL CONDUCTOR,CONDUCCION NO ATENTO CONDICIONES TRANSITO MOMENTO,0,0,0,0,11:50:00
-73.0463848,-36.8151875,1258,8,REGION BIO BIO,8101,CONCEPCION,PAICAVI, ,1248,"Paicaví 1248, Concepción, Bío Bío, Chile",-36.8151875,-73.0463848,1,ROOFTOP,2020,1319980,2020/12/18 00:00:00+00,COLISION,COLISION,URBANA,OTRAS CAUSAS,OTRAS CAUSAS,0,0,0,0,18:00:00
-73.0499804,-36.8186483,1259,8,REGION BIO BIO,8101,CONCEPCION,TUCAPEL,MANUEL BULNES,0,"Tucapel & Manuel Bulnes, Concepción, Bío Bío, Chile",-36.8186483,-73.0499804,1,GEOMETRIC_CENTER,2020,1319990,2020/11/21 00:00:00+00,COLISION LATERAL,COLISION,URBANA,CAUSAS NO DETERMINADAS,CAUSAS NO DETERMINADAS,0,0,0,1,12:55:00