X,Y,FID,COD_REG,REGION,CUT,COMUNA,CALLE_UNO,CALLE_DOS,NUMERO,DIR_GEOCOD,LAT,LNG,VAL_COM,TIPO,Año,Idaccident,Fecha,Tipo_Accid,Tipo__CONA,Zona,Causa__CON,Causa,Fallecidos,Graves,Menos_Grav,Leves,Hora
-73.0367542,-36.8015507,1260,8,REGION BIO BIO,8101,CONCEPCION,BALMACEDA, ,1113,"Balmaceda, Concepción, Bío Bío, Chile",-36.8015507,-73.0367542,1,GEOMETRIC_CENTER,2020,1319997,2020/10/20 00:00:00+00,COLISION LATERAL,COLISION,URBANA,CAUSAS NO DETERMINADAS,CAUSAS NO DETERMINADAS,0,0,0,0,11:00:00
-73.0339137,-36.8087439,1261,8,REGION BIO BIO,8101,CONCEPCION,CAMILO HENRIQUEZ, ,2565,"Camilo Henríquez 2565, Concepción, Bío Bío, Chile",-36.8087439,-73.0339137,1,ROOFTOP,2020,1320025,2020/12/01 00:00:00+00,COLISION LATERAL,COLISION,URBANA,CAUSAS NO DETERMINADAS,CAUSAS NO DETERMINADAS,0,0,0,0,13:30:00
-73.0581515,-36.7978098,1262,8,REGION BIO BIO,8101,CONCEPCION,ALONSO DE RIVERA, ,2850,"Av. Alonso de Ribera 2850, Concepción, Bío Bío, Chile",-36.7978098,-73.0581515,1,ROOFTOP,2020,1320029,2020/11/30 00:00:00+00,COLISION POR ALCANCE,COLISION,URBANA,CAUSAS NO DETERMINADAS,CAUSAS NO DETERMINADAS,0,0,0,0,08:20:00
-72.9966989,-36.7481709,1263,8,REGION BIO BIO,8107,PENCO,ABATE MOLINA, ,179,"Abate Molina 179, Penco, Bío Bío, Chile",-36.7481709,-72.9966989,1,RANGE_INTERPOLATED,2020,1321286,2020/12/19 00:00:00+00,ATROPELLO,ATROPELLO,URBANA,IMPRUDENCIA DEL CONDUCTOR,CONDUCCION NO ATENTO CONDICIONES TRANSITO MOMENTO,0,0,1,0,18:55:00
-73.020852,-36.9355435,1264,8,REGION BIO BIO,8103,CHIGUAYANTE,SAN CARLOS,ESCOCIA,0,"Av. Manuel Rodríguez 1516, Chiguayante, Concepcion, Bío Bío, Chile",-36.9355435,-73.020852,1,ROOFTOP,2020,1320031,2020/12/18 00:00:00+00,CHOQUE FRONTAL,CHOQUE,URBANA,CAUSAS NO DETERMINADAS,CAUSAS NO DETERMINADAS,0,0,0,0,08:00:00
-72.2367744,-37.713049,1265,8,REGION BIO BIO,8305,MULCHEN,BALMACEDA,IGNACIO CARRERA PINTO,0,"Balmaceda 851, Mulchen, Negrete, Bío Bío, Chile",-37.713049,-72.2367744,1,ROOFTOP,2020,1320064,2020/12/07 00:00:00+00,COLISION,COLISION,URBANA,DESOBEDIENCIA A SEÑALIZACION,SEÑALIZACION DESOBEDECER SEÑAL CEDA EL PASO,0,0,0,5,17:45:00
-73.024909,-36.8124253,1266,8,REGION BIO BIO,8101,CONCEPCION,ALONSO DE RIVERA,GRAL BONILLA,0,"Av. Alonso de Ribera & Gral. Bonilla, Concepción, Bío Bío, Chile",-36.8124253,-73.024909,1,GEOMETRIC_CENTER,2020,1320070,2020/12/19 00:00:00+00,VOLCADURA,VOLCADURA,URBANA,IMPRUDENCIA DEL CONDUCTOR,CONDUCCION NO ATENTO CONDICIONES TRANSITO MOMENTO,0,0,0,0,08:50:00
-73.0529731,-36.7819286,1267,8,REGION BIO BIO,8101,CONCEPCION,RAMON CARRASCO, ,420,"Ramón Carrasco 420, Concepción, Bío Bío, Chile",-36.7819286,-73.0529731,1,RANGE_INTERPOLATED,2020,1320076,2020/12/21 00:00:00+00,COLISION,COLISION,URBANA,CAUSAS NO DETERMINADAS,CAUSAS NO DETERMINADAS,0,0,0,0,18:25:00
-73.0583424,-36.8131461,1268,8,REGION BIO BIO,8101,CONCEPCION,EJERCITO,ANIBAL PINTO,0,"Anibal Pinto & Ejército, Concepción, Bío Bío, Chile",-36.8131461,-73.0583424,1,GEOMETRIC_CENTER,2020,1320094,2020/12/22 00:00:00+00,CHOQUE,CHOQUE,URBANA,CAUSAS NO DETERMINADAS,CAUSAS NO DETERMINADAS,0,0,0,0,18:45:00
-73.1612239,-37.0856134,1269,8,REGION BIO BIO,8106,LOTA,RAICES DE CHILE, ,0,"Juan Manuel Valle, Lota, Bío Bío, Chile",-37.0856134,-73.1612239,1,GEOMETRIC_CENTER,2020,1320115,2020/12/13 00:00:00+00,COLISION FRONTAL,COLISION,URBANA,IMPRUDENCIA DEL CONDUCTOR,CONDUCCION NO ATENTO CONDICIONES TRANSITO MOMENTO,0,0,0,0,20:00:00
-73.1629045,-37.0916066,1270,8,REGION BIO BIO,8106,LOTA,JULIO LOBOS, ,101,"Julio Lobos 101, Lota, Bío Bío, Chile",-37.0916066,-73.1629045,1,RANGE_INTERPOLATED,2020,1320146,2020/12/21 00:00:00+00,CHOQUE POSTERIOR/POSTERIOR,CHOQUE,URBANA,IMPRUDENCIA DEL CONDUCTOR,CONDUCCION NO ATENTO CONDICIONES TRANSITO MOMENTO,0,0,0,0,07:00:00
-73.103518,-36.7784271,1271,8,REGION BIO BIO,8110,TALCAHUANO,LAS GOLONDRINAS, ,1488,"Av. Las Golondrinas 1488, Talcahuano, Bío Bío, Chile",-36.7784271,-73.103518,1,RANGE_INTERPOLATED,2020,1320225,2020/12/17 00:00:00+00,COLISION POR ALCANCE,COLISION,URBANA,IMPRUDENCIA DEL CONDUCTOR,CONDUCCION SIN MANTENER DISTANCIA RAZONABLE NI PRUDENTE,0,1,0,0,08:30:00
-73.3164509,-37.247766,1272,8,REGION BIO BIO,8202,ARAUCO,CHACABUCO, ,413,"Chacabuco 413, Arauco, Bío Bío, Chile",-37.247766,-73.3164509,1,RANGE_INTERPOLATED,2020,1320303,2020/12/07 00:00:00+00,COLISION,COLISION,URBANA,IMPRUDENCIA DEL CONDUCTOR,CONDUCCION NO ATENTO CONDICIONES TRANSITO MOMENTO,0,0,0,0,17:30:00
-73.3166644,-37.2457765,1273,8,REGION BIO BIO,8202,ARAUCO,PUERTO NUEVO, ,0,"Arauco, Bío Bío, Chile",-37.2457765,-73.3166644,1,APPROXIMATE,2020,1320307,2020/12/15 00:00:00+00,CHOQUE,CHOQUE,RURAL,CAUSAS NO DETERMINADAS,CAUSAS NO DETERMINADAS,0,0,0,0,20:45:00
-73.3173303,-37.2433229,1274,8,REGION BIO BIO,8202,ARAUCO,CHACABUCO,BLANCO,0,"Blanco & Chacabuco, Arauco, Bío Bío, Chile",-37.2433229,-73.3173303,1,GEOMETRIC_CENTER,2020,1320309,2020/12/04 00:00:00+00,COLISION LATERAL,COLISION,URBANA,IMPRUDENCIA DEL CONDUCTOR,CONDUCCION NO ATENTO CONDICIONES TRANSITO MOMENTO,0,0,0,0,15:20:00
-73.3169639,-37.2456072,1275,8,REGION BIO BIO,8202,ARAUCO,CHACABUCO,LORD COCHRANE,0,"Chacabuco, Arauco, Bío Bío, Chile",-37.2456072,-73.3169639,1,GEOMETRIC_CENTER,2020,1320313,2020/12/19 00:00:00+00,COLISION LATERAL,COLISION,URBANA,IMPRUDENCIA DEL CONDUCTOR,CONDUCCION NO ATENTO CONDICIONES TRANSITO MOMENTO,0,0,0,1,16:30:00
-72.5580732,-37.0969747,1276,8,REGION BIO BIO,8313,YUMBEL,GOYCOLEA,CASTELLON,0,"Goycolea & Castellón, Yumbel, Bío Bío, Chile",-37.0969747,-72.5580732,1,GEOMETRIC_CENTER,2020,1320564,2020/12/21 00:00:00+00,COLISION LATERAL,COLISION,URBANA,IMPRUDENCIA DEL CONDUCTOR,CONDUCCION NO ATENTO CONDICIONES TRANSITO MOMENTO,0,0,0,2,23:45:00
-73.015739,-36.9551543,1277,8,REGION BIO BIO,8103,CHIGUAYANTE,LOS ANDES,ESCOCIA,0,"Escocia & Los Andes, Chiguayante, Bío Bío, Chile",-36.9551543,-73.015739,1,GEOMETRIC_CENTER,2020,1320611,2020/12/19 00:00:00+00,COLISION PERPENDICULAR,COLISION,URBANA,DESOBEDIENCIA A SEÑALIZACION,SEÑALIZACION DESOBEDECER SEÑAL CEDA EL PASO,0,0,0,0,15:00:00
-72.3563301,-37.4690615,1278,8,REGION BIO BIO,8301,LOS ANGELES,COLO COLO,PONIENTE,0,"Colo Colo, Los Angeles, Los Ángeles, Bío Bío, Chile",-37.4690615,-72.3563301,1,GEOMETRIC_CENTER,2020,1320701,2020/12/06 00:00:00+00,COLISION,COLISION,URBANA,IMPRUDENCIA DEL CONDUCTOR,CONDUCCION NO ATENTO CONDICIONES TRANSITO MOMENTO,0,1,0,0,02:21:00
-72.3281053,-37.4887131,1279,8,REGION BIO BIO,8301,LOS ANGELES,ORIENTE,LOS ATAVALOS,0,"Los Atavalos, Los Angeles, Los Ángeles, Bío Bío, Chile",-37.4887131,-72.3281053,1,GEOMETRIC_CENTER,2020,1320684,2020/12/05 00:00:00+00,COLISION LATERAL,COLISION,URBANA,IMPRUDENCIA DEL CONDUCTOR,CONDUCCION NO ATENTO CONDICIONES TRANSITO MOMENTO,0,0,0,1,14:50:00
-72.3525,-37.5244444,1280,8,REGION BIO BIO,8301,LOS ANGELES,CAMINO VIEJO MULCHEN,SECTOR DUQUECO,0,"Lomas de Duqueco, Los Ángeles, Bío Bío, Chile",-37.5244444,-72.3525,1,APPROXIMATE,2020,1320694,2020/12/06 00:00:00+00,COLISION LATERAL,COLISION,RURAL,IMPRUDENCIA DEL CONDUCTOR,CONDUCCION NO ATENTO CONDICIONES TRANSITO MOMENTO,0,0,0,2,09:30:00
-72.3257416,-37.4947125,1281,8,REGION BIO BIO,8301,LOS ANGELES,LAS INDUSTRIAS,LA FRONTERA,0,"Avenida Las Industrias & La Frontera, Los Ángeles, Bío Bío, Chile",-37.4947125,-72.3257416,1,GEOMETRIC_CENTER,2020,1320715,2020/12/07 00:00:00+00,COLISION POR ALCANCE,COLISION,URBANA,IMPRUDENCIA DEL CONDUCTOR,CONDUCCION NO ATENTO CONDICIONES TRANSITO MOMENTO,0,0,0,1,15:45:00
-72.3449206,-37.4872834,1282,8,REGION BIO BIO,8301,LOS ANGELES,RIO QUILQUE,RIO HUAQUI,0,"Rio Quilque & Río Huaqui, Los Angeles, Los Ángeles, Bío Bío, Chile",-37.4872834,-72.3449206,1,GEOMETRIC_CENTER,2020,1320721,2020/12/07 00:00:00+00,COLISION LATERAL,COLISION,URBANA,IMPRUDENCIA DEL CONDUCTOR,CONDUCCION NO ATENTO CONDICIONES TRANSITO MOMENTO,0,0,0,1,20:15:00
-72.3473273,-37.470371,1283,8,REGION BIO BIO,8301,LOS ANGELES,JOSE MANSO DE VELASCO,ALEMANIA,0,"Avenida Alemania & José Manso de Velasco, Los Angeles, Los Ángeles, Bío Bío, Chile",-37.470371,-72.3473273,1,GEOMETRIC_CENTER,2020,1320726,2020/12/09 00:00:00+00,COLISION POR ALCANCE,COLISION,URBANA,IMPRUDENCIA DEL CONDUCTOR,CONDUCCION NO ATENTO CONDICIONES TRANSITO MOMENTO,0,0,0,0,11:00:00
-72.3758886,-37.460462,1284,8,REGION BIO BIO,8301,LOS ANGELES,CAMINO LAS TRANCAS, ,4,"Av. las Trancas, Los Angeles, Los Ángeles, Bío Bío, Chile",-37.460462,-72.3758886,1,GEOMETRIC_CENTER,2020,1320729,2020/12/09 00:00:00+00,VOLCADURA,VOLCADURA,URBANA,IMPRUDENCIA DEL CONDUCTOR,CONDUCCION NO ATENTO CONDICIONES TRANSITO MOMENTO,0,0,0,1,14:35:00
-72.3363505,-37.4852556,1285,8,REGION BIO BIO,8301,LOS ANGELES,FRANCISCO ENCINA,ANDRES BELLO,0,"Avenida Francisco Encina & Andrés Bello, Los Angeles, Los Ángeles, Bío Bío, Chile",-37.4852556,-72.3363505,1,GEOMETRIC_CENTER,2020,1320732,2020/12/09 00:00:00+00,COLISION LATERAL,COLISION,URBANA,IMPRUDENCIA DEL CONDUCTOR,CONDUCCION NO ATENTO CONDICIONES TRANSITO MOMENTO,0,0,0,1,15:20:00
-72.3518087,-37.4646537,1286,8,REGION BIO BIO,8301,LOS ANGELES,VALDIVIA, ,749,"Valdivia 749, Los Angeles, Los Ángeles, Bío Bío, Chile",-37.4646537,-72.3518087,1,ROOFTOP,2020,1275556,2020/03/29 00:00:00+00,COLISION POR ALCANCE,COLISION,URBANA,IMPRUDENCIA DEL CONDUCTOR,CONDUCCION CAMBIAR SORPRESIVAMENTE PISTA CIRCULACION,0,0,0,4,14:05:00
-72.3503263,-37.4883208,1287,8,REGION BIO BIO,8301,LOS ANGELES,SAN PABLO,PUENTE PAILLIHUE,0,"Estero Paillihue & San Pablo, Los Angeles, Los Ángeles, Bío Bío, Chile",-37.4883208,-72.3503263,1,GEOMETRIC_CENTER,2020,1320753,2020/12/09 00:00:00+00,COLISION FRONTAL,COLISION,URBANA,IMPRUDENCIA DEL CONDUCTOR,CONDUCCION NO ATENTO CONDICIONES TRANSITO MOMENTO,0,0,0,0,22:35:00
-72.3566153,-37.4804941,1288,8,REGION BIO BIO,8301,LOS ANGELES,VICUÑA MACKENNA,LORD COCHRANE,0,"Lord Cochrane & Avenida Vicuña Mackenna, Los Angeles, Los Ángeles, Bío Bío, Chile",-37.4804941,-72.3566153,1,GEOMETRIC_CENTER,2020,1320757,2020/12/10 00:00:00+00,COLISION LATERAL,COLISION,URBANA,IMPRUDENCIA DEL CONDUCTOR,CONDUCCION NO ATENTO CONDICIONES TRANSITO MOMENTO,0,0,0,3,09:00:00
-72.3406879,-37.4615053,1289,8,REGION BIO BIO,8301,LOS ANGELES,MARCONI,LAUCA,0,"Lauca & Guillermo Marconi, Los Angeles, Los Ángeles, Bío Bío, Chile",-37.4615053,-72.3406879,1,GEOMETRIC_CENTER,2020,1320766,2020/12/10 00:00:00+00,COLISION LATERAL,COLISION,URBANA,IMPRUDENCIA DEL CONDUCTOR,CONDUCCION NO ATENTO CONDICIONES TRANSITO MOMENTO,0,0,0,2,14:20:00
-72.3420095,-37.4539056,1290,8,REGION BIO BIO,8301,LOS ANGELES,SOR VICENTA,MILLANTUE,0,"Av. Sor Vicenta & Pje. Millantue, Los Angeles, Los Ángeles, Bío Bío, Chile",-37.4539056,-72.3420095,1,GEOMETRIC_CENTER,2020,1320790,2020/12/10 00:00:00+00,COLISION LATERAL,COLISION,URBANA,IMPRUDENCIA DEL CONDUCTOR,CONDUCCION NO ATENTO CONDICIONES TRANSITO MOMENTO,0,1,0,0,22:20:00
-72.3805706,-37.4594366,1291,8,REGION BIO BIO,8301,LOS ANGELES,LAS TRANGUERRAS,LOS ARRIEROS,0,"Los Arrieros, Los Angeles, Los Ángeles, Bío Bío, Chile",-37.4594366,-72.3805706,1,GEOMETRIC_CENTER,2020,1320791,2020/12/10 00:00:00+00,COLISION LATERAL,COLISION,URBANA,IMPRUDENCIA DEL CONDUCTOR,CONDUCCION NO ATENTO CONDICIONES TRANSITO MOMENTO,0,0,0,1,22:30:00
-72.3739848,-37.4717679,1292,8,REGION BIO BIO,8301,LOS ANGELES,COLO COLO, ,1598,"Colo Colo 1598, Los Angeles, Los Ángeles, Bío Bío, Chile",-37.4717679,-72.3739848,1,RANGE_INTERPOLATED,2020,1320792,2020/12/10 00:00:00+00,VOLCADURA,VOLCADURA,URBANA,IMPRUDENCIA DEL CONDUCTOR,CONDUCCION NO ATENTO CONDICIONES TRANSITO MOMENTO,0,1,0,1,00:56:00
-72.3435106,-37.4616668,1293,8,REGION BIO BIO,8301,LOS ANGELES,ALEMANIA, ,1085,"Alemania, Los Angeles, Los Ángeles, Bío Bío, Chile",-37.4616668,-72.3435106,1,GEOMETRIC_CENTER,2020,1320793,2020/12/11 00:00:00+00,COLISION LATERAL,COLISION,URBANA,IMPRUDENCIA DEL CONDUCTOR,CONDUCCION NO ATENTO CONDICIONES TRANSITO MOMENTO,0,0,0,0,11:45:00
-72.3502611,-37.4605394,1294,8,REGION BIO BIO,8301,LOS ANGELES,COLON,OROMPELLO,0,"Orompello & Colón, Los Angeles, Los Ángeles, Bío Bío, Chile",-37.4605394,-72.3502611,1,GEOMETRIC_CENTER,2020,1320795,2020/12/11 00:00:00+00,COLISION LATERAL,COLISION,URBANA,IMPRUDENCIA DEL CONDUCTOR,CONDUCCION NO ATENTO CONDICIONES TRANSITO MOMENTO,0,0,0,0,16:50:00
-72.3398899,-37.452286,1295,8,REGION BIO BIO,8301,LOS ANGELES,ORIENTE,SOR VICENTA,0,"Av. Sor Vicenta & Av. Ote., Los Angeles, Los Ángeles, Bío Bío, Chile",-37.452286,-72.3398899,1,GEOMETRIC_CENTER,2020,1320796,2020/12/11 00:00:00+00,COLISION FRONTAL,COLISION,URBANA,IMPRUDENCIA DEL CONDUCTOR,CONDUCCION NO ATENTO CONDICIONES TRANSITO MOMENTO,0,0,0,1,18:30:00
-72.3301706,-37.4723129,1296,8,REGION BIO BIO,8301,LOS ANGELES,LAS INDUSTRIAS, ,164,"Av Las Industrias 164, Los Angeles, Los Ángeles, Bío Bío, Chile",-37.4723129,-72.3301706,1,ROOFTOP,2020,1320812,2020/12/12 00:00:00+00,CHOQUE FRONTAL,CHOQUE,RURAL,IMPRUDENCIA DEL CONDUCTOR,CONDUCCION NO ATENTO CONDICIONES TRANSITO MOMENTO,0,0,0,1,03:05:00
-72.3497222,-37.4691667,1297,8,REGION BIO BIO,8301,LOS ANGELES,CAMINO VECINAL VIQUENCO,FUNDO VIQUENCI,0,"Colo Colo 327, Los Angeles, Los Ángeles, Bío Bío, Chile",-37.4691667,-72.3497222,1,ROOFTOP,2020,1320836,2020/12/15 00:00:00+00,CHOQUE FRONTAL,CHOQUE,URBANA,IMPRUDENCIA DEL CONDUCTOR,CONDUCCION NO ATENTO CONDICIONES TRANSITO MOMENTO,0,2,0,0,22:20:00
-73.1301953,-36.7105982,1298,8,REGION BIO BIO,8110,TALCAHUANO,SAN VICENTE, ,630,"San Vicente 630, Talcahuano, Bío Bío, Chile",-36.7105982,-73.1301953,1,RANGE_INTERPOLATED,2020,1321089,2020/12/22 00:00:00+00,CHOQUE FRENTE/POSTERIOR,CHOQUE,URBANA,IMPRUDENCIA DEL CONDUCTOR,CONDUCCION SIN MANTENER DISTANCIA RAZONABLE NI PRUDENTE,0,0,0,1,18:00:00
-73.1067287,-36.7935783,1299,8,REGION BIO BIO,8112,HUALPEN,POSTDAM,LA PERA,0,"Postdam & La Pera, Hualpén, Bío Bío, Chile",-36.7935783,-73.1067287,1,GEOMETRIC_CENTER,2020,1321095,2020/12/22 00:00:00+00,CHOQUE FRENTE/POSTERIOR,CHOQUE,URBANA,IMPRUDENCIA DEL CONDUCTOR,CONDUCCION NO ATENTO CONDICIONES TRANSITO MOMENTO,0,0,0,2,19:10:00
-73.118738,-36.7868063,1300,8,REGION BIO BIO,8112,HUALPEN,COSTANERA,FINLANDIA,0,"Avenida Costanera & Finlandia, Hualpén, Bío Bío, Chile",-36.7868063,-73.118738,1,GEOMETRIC_CENTER,2020,1321107,2020/12/23 00:00:00+00,COLISION,COLISION,URBANA,IMPRUDENCIA DEL CONDUCTOR,CONDUCCION CAMBIAR SORPRESIVAMENTE PISTA CIRCULACION,0,0,0,0,14:30:00
-73.111347,-36.7140617,1301,8,REGION BIO BIO,8110,TALCAHUANO,BLANCO ENCALADA, ,51,"Blanco Encalada, Talcahuano, Bío Bío, Chile",-36.7140617,-73.111347,1,GEOMETRIC_CENTER,2020,1321116,2020/12/24 00:00:00+00,COLISION LATERAL,COLISION,URBANA,IMPRUDENCIA DEL CONDUCTOR,CONDUCCION SIN MANTENER DISTANCIA RAZONABLE NI PRUDENTE,0,0,0,0,18:45:00
-73.0829408,-36.7928972,1302,8,REGION BIO BIO,8112,HUALPEN,LOS FAISANES,LOS PITIOS,0,"Los Pitios & Los Faisanes, Hualpén, Bío Bío, Chile",-36.7928972,-73.0829408,1,GEOMETRIC_CENTER,2020,1321129,2020/12/22 00:00:00+00,CHOQUE FRENTE/POSTERIOR,CHOQUE,URBANA,IMPRUDENCIA DEL CONDUCTOR,CONDUCCION NO ATENTO CONDICIONES TRANSITO MOMENTO,0,0,0,0,12:55:00
-72.688141,-37.490071,1303,8,REGION BIO BIO,8306,NACIMIENTO,VILLA ALEGRE, ,3200,"Villa Alegre 3200, Nacimiento, Bío Bío, Chile",-37.490071,-72.688141,1,RANGE_INTERPOLATED,2020,1321203,2020/12/11 00:00:00+00,COLISION POR ALCANCE,COLISION,URBANA,ALCOHOL EN CONDUCTOR,CONDUCCION EN ESTADO DE EBRIEDAD,0,0,0,1,22:22:00
-73.0499792,-36.8308798,1304,8,REGION BIO BIO,8101,CONCEPCION,RENGO, ,150,"Rengo 150, Concepción, Bío Bío, Chile",-36.8308798,-73.0499792,1,RANGE_INTERPOLATED,2020,1321249,2020/12/10 00:00:00+00,ATROPELLO,ATROPELLO,URBANA,IMPRUDENCIA DEL CONDUCTOR,CONDUCCION NO ATENTO CONDICIONES TRANSITO MOMENTO,0,0,0,0,13:00:00
-73.0000442,-36.7393446,1305,8,REGION BIO BIO,8107,PENCO,FREIRE, ,120,"Freire 120, Penco, Bío Bío, Chile",-36.7393446,-73.0000442,1,RANGE_INTERPOLATED,2020,1321253,2020/12/10 00:00:00+00,COLISION LATERAL,COLISION,URBANA,IMPRUDENCIA DEL CONDUCTOR,CONDUCCION NO ATENTO CONDICIONES TRANSITO MOMENTO,0,0,0,0,13:05:00
-72.904941,-36.72308,1306,8,REGION BIO BIO,8107,PENCO,PRIMER AGUA, ,0,"C. 1 8, Chiguayante, Penco, Bío Bío, Chile",-36.72308,-72.904941,1,ROOFTOP,2020,1321379,2020/12/19 00:00:00+00,CHOQUE LATERAL,CHOQUE,URBANA,IMPRUDENCIA DEL CONDUCTOR,CONDUCCION NO ATENTO CONDICIONES TRANSITO MOMENTO,0,0,0,0,21:50:00
-72.9914337,-36.7360095,1307,8,REGION BIO BIO,8107,PENCO,YERBAS BUENAS, ,0,"Yerbas Buenas 200, Penco, Bío Bío, Chile",-36.7360095,-72.9914337,1,ROOFTOP,2020,1321387,2020/12/22 00:00:00+00,CHOQUE LATERAL,CHOQUE,URBANA,IMPRUDENCIA DEL CONDUCTOR,CONDUCCION NO ATENTO CONDICIONES TRANSITO MOMENTO,0,0,0,0,12:00:00
-72.9908074,-36.7370814,1308,8,REGION BIO BIO,8107,PENCO,YERBAS BUENAS, ,150,"Yerbas Buenas, Penco, Bío Bío, Chile",-36.7370814,-72.9908074,1,GEOMETRIC_CENTER,2020,1321390,2020/12/22 00:00:00+00,COLISION LATERAL,COLISION,URBANA,IMPRUDENCIA DEL CONDUCTOR,CONDUCCION NO ATENTO CONDICIONES TRANSITO MOMENTO,0,0,0,0,12:00:00
-72.992592,-36.7365422,1309,8,REGION BIO BIO,8107,PENCO,FREIRE, ,0,"Freire 525, Penco, Bío Bío, Chile",-36.7365422,-72.992592,1,ROOFTOP,2020,1321417,2020/12/27 00:00:00+00,COLISION LATERAL,COLISION,URBANA,IMPRUDENCIA DEL CONDUCTOR,CONDUCCION NO ATENTO CONDICIONES TRANSITO MOMENTO,0,0,0,0,16:25:00
-73.027521,-36.810789,1310,8,REGION BIO BIO,8101,CONCEPCION,CAMINO PENCO,ROTONDA GENERAL BONILLA,0,"Cam. a Penco, Concepción, Bío Bío, Chile",-36.810789,-73.027521,1,GEOMETRIC_CENTER,2020,1321618,2020/12/28 00:00:00+00,CHOQUE,CHOQUE,URBANA,IMPRUDENCIA DEL CONDUCTOR,ADELANTAMIENTO SIN EL ESPACIO O TIEMPO SUFICIENTE,0,0,0,0,16:50:00
-73.0375624,-36.8067402,1311,8,REGION BIO BIO,8101,CONCEPCION,AUTOPISTA, ,455,"Autopista 455, Concepción, Bío Bío, Chile",-36.8067402,-73.0375624,1,RANGE_INTERPOLATED,2020,1321612,2020/12/28 00:00:00+00,CHOQUE,CHOQUE,URBANA,IMPRUDENCIA DEL CONDUCTOR,ADELANTAMIENTO SIN EL ESPACIO O TIEMPO SUFICIENTE,0,0,0,0,15:40:00
-73.1404308,-36.8447859,1312,8,REGION BIO BIO,8108,SAN PEDRO DE LA PAZ,COSTANERA,MICHAIHUE,0,"René Schneider 265, San Pedro de la Paz, Bío Bío, Chile",-36.8447859,-73.1404308,1,ROOFTOP,2020,1321765,2020/12/25 00:00:00+00,CHOQUE FRONTAL,CHOQUE,URBANA,PERDIDA CONTROL VEHICULO,PERDIDA CONTROL VEHICULO,0,0,0,0,18:00:00
-71.944024,-37.2438986,1313,8,REGION BIO BIO,8312,TUCAPEL,SAN DIEGO,ARTURO PRAT,0,"Tucapel, Bío Bío, Chile",-37.2438986,-71.944024,1,GEOMETRIC_CENTER,2020,1322132,2020/12/23 00:00:00+00,COLISION LATERAL,COLISION,URBANA,IMPRUDENCIA DEL CONDUCTOR,CONDUCCION NO ATENTO CONDICIONES TRANSITO MOMENTO,0,0,0,1,09:15:00
-71.6725714,-37.3289798,1314,8,REGION BIO BIO,8302,ANTUCO,LOS CARRERA, ,515,"Q-45 515, Antuco, Bío Bío, Chile",-37.3289798,-71.6725714,1,ROOFTOP,2020,1322078,2020/12/19 00:00:00+00,CHOQUE FRONTAL,CHOQUE,RURAL,IMPRUDENCIA DEL CONDUCTOR,CONDUCCION NO ATENTO CONDICIONES TRANSITO MOMENTO,0,0,0,0,20:30:00
-72.3263822,-37.4726811,1315,8,REGION BIO BIO,8301,LOS ANGELES,LAS INDUSTRIAS,GABRIELA MISTRAL,0,"Av. Gabriela Mistral & Av Las Industrias, Los Ángeles, Bío Bío, Chile",-37.4726811,-72.3263822,1,GEOMETRIC_CENTER,2020,1322110,2020/12/21 00:00:00+00,CHOQUE FRENTE/POSTERIOR,CHOQUE,URBANA,IMPRUDENCIA DEL CONDUCTOR,CONDUCCION NO ATENTO CONDICIONES TRANSITO MOMENTO,0,0,0,0,07:50:00
-72.3496178,-37.4744032,1316,8,REGION BIO BIO,8301,LOS ANGELES,FREIRE,BULNES,0,"Bulnes & Freire, Los Angeles, Los Ángeles, Bío Bío, Chile",-37.4744032,-72.3496178,1,GEOMETRIC_CENTER,2020,1322115,2020/12/21 00:00:00+00,CHOQUE POSTERIOR/FRENTE,CHOQUE,URBANA,IMPRUDENCIA DEL CONDUCTOR,CONDUCCION NO ATENTO CONDICIONES TRANSITO MOMENTO,0,0,0,0,15:40:00
-72.2478493,-37.7216324,1317,8,REGION BIO BIO,8305,MULCHEN,UNZUETA,SOTO,0,"Unzueta & Soto, Mulchen, Mulchén, Bío Bío, Chile",-37.7216324,-72.2478493,1,GEOMETRIC_CENTER,2020,1322139,2020/12/24 00:00:00+00,COLISION,COLISION,URBANA,ALCOHOL EN CONDUCTOR,CONDUCCION EN ESTADO DE EBRIEDAD,0,0,0,0,20:20:00
-72.3440726,-37.4867652,1318,8,REGION BIO BIO,8301,LOS ANGELES,LOS CARRERA, ,1313,"Av. Los Carrera 1313, Los Angeles, Los Ángeles, Bío Bío, Chile",-37.4867652,-72.3440726,1,ROOFTOP,2020,1322174,2020/12/24 00:00:00+00,ATROPELLO,ATROPELLO,URBANA,IMPRUDENCIA DEL CONDUCTOR,CONDUCCION NO ATENTO CONDICIONES TRANSITO MOMENTO,0,0,0,1,19:50:00