X,Y,FID,COD_REG,REGION,CUT,COMUNA,CALLE_UNO,CALLE_DOS,NUMERO,DIR_GEOCOD,LAT,LNG,VAL_COM,TIPO,Año,Idaccident,Fecha,Tipo_Accid,Tipo__CONA,Zona,Causa__CON,Causa,Fallecidos,Graves,Menos_Grav,Leves,Hora
-72.3492018,-37.4580578,1319,8,REGION BIO BIO,8301,LOS ANGELES,CAMILO RODRIGUEZ, ,226,"Camilo Rodriguez 226, Los Angeles, Los Ángeles, Bío Bío, Chile",-37.4580578,-72.3492018,1,RANGE_INTERPOLATED,2020,1322236,2020/12/24 00:00:00+00,CHOQUE FRENTE/LADO,CHOQUE,URBANA,IMPRUDENCIA DEL CONDUCTOR,CONDUCCION NO ATENTO CONDICIONES TRANSITO MOMENTO,0,0,0,0,15:15:00
-72.3598725,-37.4803453,1320,8,REGION BIO BIO,8301,LOS ANGELES,VICUÑA MACKENNA,JOSE MIGUEL INFANTE,0,"Av. Vicuña Mackenna & Jose Miguel Infante, Los Angeles, Los Ángeles, Bío Bío, Chile",-37.4803453,-72.3598725,1,GEOMETRIC_CENTER,2020,1322327,2020/12/29 00:00:00+00,CHOQUE FRONTAL,CHOQUE,URBANA,IMPRUDENCIA DEL CONDUCTOR,CONDUCCION NO ATENTO CONDICIONES TRANSITO MOMENTO,0,0,0,0,13:30:00
-72.3263822,-37.4726811,1321,8,REGION BIO BIO,8301,LOS ANGELES,LAS INDUSTRIAS,GABRIELA MISTRAL,0,"Av. Gabriela Mistral & Av Las Industrias, Los Ángeles, Bío Bío, Chile",-37.4726811,-72.3263822,1,GEOMETRIC_CENTER,2020,1322333,2020/12/29 00:00:00+00,COLISION,COLISION,URBANA,IMPRUDENCIA DEL CONDUCTOR,CONDUCCION NO ATENTO CONDICIONES TRANSITO MOMENTO,0,0,0,0,19:30:00
-73.3230072,-37.245372,1322,8,REGION BIO BIO,8202,ARAUCO,LORD COCHRANE,COLO COLO,0,"Cochrane & Colo Colo, Arauco, Bío Bío, Chile",-37.245372,-73.3230072,1,GEOMETRIC_CENTER,2020,1322463,2020/12/22 00:00:00+00,COLISION,COLISION,URBANA,IMPRUDENCIA DEL CONDUCTOR,CONDUCCION NO ATENTO CONDICIONES TRANSITO MOMENTO,0,1,0,1,17:25:00
-73.3157206,-37.244216,1323,8,REGION BIO BIO,8202,ARAUCO,LORD COCHRANE,SAN MARTIN,0,"Cochrane & San Martin, Arauco, Bío Bío, Chile",-37.244216,-73.3157206,1,GEOMETRIC_CENTER,2020,1322514,2020/12/27 00:00:00+00,COLISION LATERAL,COLISION,URBANA,IMPRUDENCIA DEL CONDUCTOR,CONDUCCION NO ATENTO CONDICIONES TRANSITO MOMENTO,0,0,0,1,16:45:00
-73.1428802,-36.8383421,1324,8,REGION BIO BIO,8108,SAN PEDRO DE LA PAZ,IRENE MORALES, ,360,"Irene Morales 360, San Pedro de la Paz, Bío Bío, Chile",-36.8383421,-73.1428802,1,ROOFTOP,2020,1322548,2020/12/30 00:00:00+00,CHOQUE LATERAL,CHOQUE,URBANA,PERDIDA CONTROL VEHICULO,PERDIDA CONTROL VEHICULO,0,0,0,0,00:10:00
-73.1520555,-36.9022644,1325,8,REGION BIO BIO,8108,SAN PEDRO DE LA PAZ,COSTANERA,NUBLE,0,"Avenida Costanera & Ñuble, San Pedro de la Paz, Bío Bío, Chile",-36.9022644,-73.1520555,1,GEOMETRIC_CENTER,2020,1322549,2020/12/29 00:00:00+00,COLISION FRONTAL,COLISION,URBANA,IMPRUDENCIA DEL CONDUCTOR,CONDUCCION CONTRA SENTIDO DEL TRANSITO,0,0,1,0,20:00:00
-73.0651458,-36.8321223,1326,8,REGION BIO BIO,8101,CONCEPCION,COSTANERA,CENTRAL NORTE,0,"Av. Costanera & Central Nte., Concepción, Bío Bío, Chile",-36.8321223,-73.0651458,1,GEOMETRIC_CENTER,2020,1322591,2020/12/10 00:00:00+00,COLISION FRONTAL,COLISION,URBANA,ALCOHOL EN CONDUCTOR,CONDUCCION EN ESTADO DE EBRIEDAD,0,0,0,2,19:20:00
-73.054955,-36.8284166,1327,8,REGION BIO BIO,8101,CONCEPCION,ANGOL,BARROS ARANA,0,"Angol & Barros Arana, Concepción, Bío Bío, Chile",-36.8284166,-73.054955,1,GEOMETRIC_CENTER,2020,1322617,2020/12/19 00:00:00+00,COLISION PERPENDICULAR,COLISION,URBANA,DESOBEDIENCIA A SEÑALIZACION,SEÑALIZACION DESOBEDECER LUZ ROJA DE SEMAFORO,0,0,0,1,11:00:00
-72.5594122,-37.101177,1328,8,REGION BIO BIO,8313,YUMBEL,LOS CARRERA, ,420,"Los Carrera 420, Yumbel, Bío Bío, Chile",-37.101177,-72.5594122,1,RANGE_INTERPOLATED,2020,1322651,2020/12/28 00:00:00+00,ATROPELLO,ATROPELLO,URBANA,ALCOHOL EN PEATON,EBRIEDAD DEL PEATON,0,0,0,1,16:35:00
-72.5630644,-37.0975053,1329,8,REGION BIO BIO,8313,YUMBEL,CASTELLON,GRAL CRUZ,0,"General Cruz & Castellón, Yumbel, Bío Bío, Chile",-37.0975053,-72.5630644,1,GEOMETRIC_CENTER,2020,1322652,2020/12/28 00:00:00+00,ATROPELLO,ATROPELLO,URBANA,IMPRUDENCIA DEL CONDUCTOR,CONDUCCION NO ATENTO CONDICIONES TRANSITO MOMENTO,0,0,1,0,09:35:00
-72.714835,-37.280252,1330,8,REGION BIO BIO,8304,LAJA,BALMACEDA, ,271,"Balmaceda 271, Laja, Bío Bío, Chile",-37.280252,-72.714835,1,ROOFTOP,2020,1322653,2020/12/28 00:00:00+00,CHOQUE LADO/LADO,CHOQUE,URBANA,IMPRUDENCIA DEL CONDUCTOR,CONDUCCION NO ATENTO CONDICIONES TRANSITO MOMENTO,0,0,0,0,13:05:00
-72.5600127,-37.1040307,1331,8,REGION BIO BIO,8313,YUMBEL,OHIGGINS, ,231,"OHiggins 231, Yumbel, Bío Bío, Chile",-37.1040307,-72.5600127,1,RANGE_INTERPOLATED,2020,1322658,2020/12/29 00:00:00+00,COLISION LATERAL,COLISION,URBANA,IMPRUDENCIA DEL CONDUCTOR,CONDUCCION NO ATENTO CONDICIONES TRANSITO MOMENTO,0,0,0,0,15:30:00
-72.996979,-36.8370518,1332,8,REGION BIO BIO,8101,CONCEPCION,CAMINO NONGUEN,LA CABAÑA,0,"30 OCTUBRE NONGUEN Concepción, Biobío, Concepción, Bío Bío, Chile",-36.8370518,-72.996979,1,GEOMETRIC_CENTER,2020,1322963,2020/12/19 00:00:00+00,COLISION PERPENDICULAR,COLISION,URBANA,PERDIDA CONTROL VEHICULO,PERDIDA CONTROL VEHICULO,0,0,0,0,18:30:00
-73.2326012,-38.0216947,1333,8,REGION BIO BIO,8204,CONTULMO,LAS ARAUCARIAS,AUKINKO,0,"Las Araucarias & Aukinko, Contulmo, Bío Bío, Chile",-38.0216947,-73.2326012,1,GEOMETRIC_CENTER,2020,1322823,2020/12/30 00:00:00+00,COLISION,COLISION,URBANA,IMPRUDENCIA DEL CONDUCTOR,CONDUCCION NO ATENTO CONDICIONES TRANSITO MOMENTO,0,0,0,0,12:20:00
-73.1390574,-36.71376,1334,8,REGION BIO BIO,8110,TALCAHUANO,PLAYA EL GALGO, ,1319,"Playa El Galgo 1319, Talcahuano, Bío Bío, Chile",-36.71376,-73.1390574,1,ROOFTOP,2020,1322915,2020/12/25 00:00:00+00,CHOQUE POSTERIOR/LADO,CHOQUE,URBANA,IMPRUDENCIA DEL CONDUCTOR,CONDUCCION NO ATENTO CONDICIONES TRANSITO MOMENTO,0,0,0,0,15:30:00
-73.1393279,-36.7113364,1335,8,REGION BIO BIO,8110,TALCAHUANO,ISLOTE LA SIRENA,PUNTA CARRALILLO,0,"Punta Corralillo & Islote La Sirena, Talcahuano, Bío Bío, Chile",-36.7113364,-73.1393279,1,GEOMETRIC_CENTER,2020,1322918,2020/12/15 00:00:00+00,COLISION LATERAL,COLISION,URBANA,ALCOHOL EN CONDUCTOR,CONDUCCION EN ESTADO DE EBRIEDAD,0,0,0,0,17:20:00
-73.0542823,-36.8307146,1336,8,REGION BIO BIO,8101,CONCEPCION,SAN MARTIN, ,246,"San Martín 246, Concepción, Bío Bío, Chile",-36.8307146,-73.0542823,1,ROOFTOP,2020,1322919,2020/12/21 00:00:00+00,COLISION LATERAL,COLISION,URBANA,IMPRUDENCIA DEL CONDUCTOR,ADELANTAMIENTO SIN EL ESPACIO O TIEMPO SUFICIENTE,0,0,0,0,10:00:00
-73.0568565,-36.8279316,1337,8,REGION BIO BIO,8101,CONCEPCION,FREIRE,SALAS,0,"Obispo Hipólito Salas & Freire, Concepción, Bío Bío, Chile",-36.8279316,-73.0568565,1,GEOMETRIC_CENTER,2020,1322920,2020/12/21 00:00:00+00,COLISION LATERAL,COLISION,URBANA,IMPRUDENCIA DEL CONDUCTOR,CONDUCCION CAMBIAR SORPRESIVAMENTE PISTA CIRCULACION,0,0,0,0,12:35:00
-73.0405277,-36.7916502,1338,8,REGION BIO BIO,8101,CONCEPCION,BARTOLOME DEL POZO,UNO ORIENTE,0,"Gran Concepción, Bío Bío, Chile",-36.7916502,-73.0405277,1,APPROXIMATE,2020,1322988,2020/12/22 00:00:00+00,ATROPELLO,ATROPELLO,URBANA,IMPRUDENCIA DEL PEATON,PEATON CRUZA CALZADA FORMA SORPRESIVA O DESCUIDADA,0,0,0,0,08:40:00
-73.1089538,-36.7273245,1339,8,REGION BIO BIO,8110,TALCAHUANO,PEREZ GACITUA, ,276,"Pérez Gacitúa 276, Talcahuano, Bío Bío, Chile",-36.7273245,-73.1089538,1,RANGE_INTERPOLATED,2020,1322924,2020/12/15 00:00:00+00,COLISION POR ALCANCE,COLISION,URBANA,ALCOHOL EN CONDUCTOR,CONDUCCION EN ESTADO DE EBRIEDAD,0,0,0,1,19:30:00
-72.9567972,-36.623432,1340,8,REGION BIO BIO,8111,TOME,LATORRE,LOS SUSPIROS,0,"Los Suspiros & A Latorre, Tome, Tomé, Bío Bío, Chile",-36.623432,-72.9567972,1,GEOMETRIC_CENTER,2020,1322930,2020/12/30 00:00:00+00,ATROPELLO,ATROPELLO,URBANA,IMPRUDENCIA DEL CONDUCTOR,NO RESPETAR DERECHO PREFERENTE DE PASO A PEATON,0,0,0,1,13:45:00
-73.0429731,-36.8196393,1341,8,REGION BIO BIO,8101,CONCEPCION,LOS CARRERA,JANEQUEO,0,"Janequeo & Avenida los Carrera, Concepción, Bío Bío, Chile",-36.8196393,-73.0429731,1,GEOMETRIC_CENTER,2020,1322942,2020/12/21 00:00:00+00,COLISION LATERAL,COLISION,URBANA,IMPRUDENCIA DEL CONDUCTOR,CONDUCCION CAMBIAR SORPRESIVAMENTE PISTA CIRCULACION,0,0,0,0,16:45:00
-73.0404403,-36.8185718,1342,8,REGION BIO BIO,8101,CONCEPCION,LOS CARRERA,GALVARINO,0,"Galvarino & Avenida los Carrera, Concepción, Bío Bío, Chile",-36.8185718,-73.0404403,1,GEOMETRIC_CENTER,2020,1322957,2020/12/21 00:00:00+00,COLISION PERPENDICULAR,COLISION,URBANA,DESOBEDIENCIA A SEÑALIZACION,SEÑALIZACION DESOBEDECER LUZ ROJA DE SEMAFORO,0,0,0,1,11:30:00
-73.0426159,-36.8678995,1343,8,REGION BIO BIO,8103,CHIGUAYANTE,CAMINO A CHIGUAYANTE,BINIMELIS,0,"Camino A Chiguayante & Pascual Binimelis, Concepción, Chiguayante, Bío Bío, Chile",-36.8678995,-73.0426159,1,GEOMETRIC_CENTER,2020,1322962,2020/12/12 00:00:00+00,COLISION POR ALCANCE,COLISION,URBANA,OTRAS CAUSAS,OTRAS CAUSAS,0,0,0,0,16:50:00
-72.5258269,-37.5836308,1344,8,REGION BIO BIO,8307,NEGRETE,EMILIO SERRANO, ,0,"Emilio Serrano 398, Negrete, Bío Bío, Chile",-37.5836308,-72.5258269,1,ROOFTOP,2020,1322976,2020/12/30 00:00:00+00,CHOQUE,CHOQUE,URBANA,OTRAS CAUSAS,OTRAS CAUSAS,0,0,0,0,18:30:00
-73.0238721,-36.9128992,1345,8,REGION BIO BIO,8103,CHIGUAYANTE,PRAT, ,2401,"Arturo Prat, Chiguayante, Bío Bío, Chile",-36.9128992,-73.0238721,1,GEOMETRIC_CENTER,2020,1322982,2020/12/15 00:00:00+00,COLISION LATERAL,COLISION,URBANA,CAUSAS NO DETERMINADAS,CAUSAS NO DETERMINADAS,0,0,0,0,11:40:00
-73.0423571,-36.8301923,1346,8,REGION BIO BIO,8101,CONCEPCION,VICTOR LAMAS, ,870,"Víctor Lamas 870, Concepción, Bío Bío, Chile",-36.8301923,-73.0423571,1,RANGE_INTERPOLATED,2020,1322995,2020/12/22 00:00:00+00,CHOQUE LATERAL,CHOQUE,URBANA,IMPRUDENCIA DEL CONDUCTOR,CONDUCCION NO ATENTO CONDICIONES TRANSITO MOMENTO,0,0,0,0,18:15:00
-73.0027347,-36.8381102,1347,8,REGION BIO BIO,8101,CONCEPCION,LOS COPIHUES, ,77,"Los Copihues 77, Concepción, Bío Bío, Chile",-36.8381102,-73.0027347,1,ROOFTOP,2020,1323037,2020/12/25 00:00:00+00,CHOQUE POSTERIOR,CHOQUE,URBANA,IMPRUDENCIA DEL CONDUCTOR,CONDUCCION NO ATENTO CONDICIONES TRANSITO MOMENTO,0,0,0,0,17:30:00
-73.0865757,-36.7765328,1348,8,REGION BIO BIO,8110,TALCAHUANO,CRISTOBAL COLON, ,1390,"Av. Cristóbal Colón 6742, Talcahuano, Bío Bío, Chile",-36.7765328,-73.0865757,1,ROOFTOP,2020,1323060,2020/12/18 00:00:00+00,COLISION LATERAL,COLISION,URBANA,IMPRUDENCIA DEL CONDUCTOR,VIRAJES INDEBIDOS,0,0,0,0,08:17:00
-73.0228391,-36.9224522,1349,8,REGION BIO BIO,8103,CHIGUAYANTE,SAN MARTIN,CALLE DOS,0,"San Martín & Calle 2, Chiguayante, Bío Bío, Chile",-36.9224522,-73.0228391,1,GEOMETRIC_CENTER,2020,1323052,2020/12/22 00:00:00+00,COLISION PERPENDICULAR,COLISION,URBANA,CAUSAS NO DETERMINADAS,CAUSAS NO DETERMINADAS,0,1,0,4,18:30:00
-73.0577018,-36.8290963,1350,8,REGION BIO BIO,8101,CONCEPCION,PADRE HURTADO,BULNES,0,"Serrano 540, Concepción, Bío Bío, Chile",-36.8290963,-73.0577018,1,ROOFTOP,2020,1323053,2020/12/28 00:00:00+00,COLISION LATERAL,COLISION,URBANA,IMPRUDENCIA DEL CONDUCTOR,CONDUCCION CAMBIAR SORPRESIVAMENTE PISTA CIRCULACION,0,0,0,0,13:45:00
-73.0514271,-36.8338342,1351,8,REGION BIO BIO,8101,CONCEPCION,VICTOR LAMAS,ANGOL,0,"Angol & Víctor Lamas, Concepción, Bío Bío, Chile",-36.8338342,-73.0514271,1,GEOMETRIC_CENTER,2020,1323061,2020/12/28 00:00:00+00,ATROPELLO,ATROPELLO,URBANA,IMPRUDENCIA DEL CONDUCTOR,NO RESPETAR DERECHO PREFERENTE DE PASO A PEATON,0,0,0,1,11:50:00
-73.0494048,-36.8221863,1352,8,REGION BIO BIO,8101,CONCEPCION,LOS CARRERA,CASTELLON,0,"Avenida los Carrera & Castellón, Concepción, Bío Bío, Chile",-36.8221863,-73.0494048,1,GEOMETRIC_CENTER,2020,1323064,2020/12/29 00:00:00+00,COLISION POR ALCANCE,COLISION,URBANA,IMPRUDENCIA DEL CONDUCTOR,CONDUCCION SIN MANTENER DISTANCIA RAZONABLE NI PRUDENTE,0,0,0,0,09:15:00
-73.0616784,-36.8340496,1353,8,REGION BIO BIO,8101,CONCEPCION,COSTANERA, ,316,"Costanera 316, Concepción, Bío Bío, Chile",-36.8340496,-73.0616784,1,RANGE_INTERPOLATED,2020,1323065,2020/12/29 00:00:00+00,VOLCADURA,VOLCADURA,URBANA,PERDIDA CONTROL VEHICULO,PERDIDA CONTROL VEHICULO,0,0,0,1,15:10:00
-73.0416703,-36.8241957,1354,8,REGION BIO BIO,8101,CONCEPCION,PAICAVI,OHIGGINS,0,"Paicaví & Libertador General Bernardo OHiggins, Concepción, Bío Bío, Chile",-36.8241957,-73.0416703,1,GEOMETRIC_CENTER,2020,1323100,2020/12/29 00:00:00+00,ATROPELLO,ATROPELLO,URBANA,IMPRUDENCIA DEL CONDUCTOR,NO RESPETAR DERECHO PREFERENTE DE PASO A PEATON,0,0,1,0,18:25:00
-72.5628994,-37.0986094,1355,8,REGION BIO BIO,8313,YUMBEL,GRAL CRUZ,VALDIVIA,0,"Valdivia & General Cruz, Yumbel, Bío Bío, Chile",-37.0986094,-72.5628994,1,GEOMETRIC_CENTER,2020,1323136,2020/12/29 00:00:00+00,CHOQUE FRONTAL,CHOQUE,URBANA,PERDIDA CONTROL VEHICULO,PERDIDA CONTROL VEHICULO,0,0,0,0,20:35:00
-72.9433552,-36.9703533,1356,8,REGION BIO BIO,8105,HUALQUI,LA ARAUCANA, ,10,"Av. Araucana 10, Hualqui, Bío Bío, Chile",-36.9703533,-72.9433552,1,ROOFTOP,2020,1323320,2020/12/10 00:00:00+00,COLISION PERPENDICULAR,COLISION,URBANA,CAUSAS NO DETERMINADAS,CAUSAS NO DETERMINADAS,0,0,0,0,13:32:00
-72.9379532,-36.9755004,1357,8,REGION BIO BIO,8105,HUALQUI,RAMON FREIRE,MANUEL BULNES,0,"Plaza De Hualqui - Ramón Freire, Hualqui, Bío Bío, Chile",-36.9755004,-72.9379532,1,GEOMETRIC_CENTER,2020,1323340,2020/12/27 00:00:00+00,COLISION PERPENDICULAR,COLISION,URBANA,CAUSAS NO DETERMINADAS,CAUSAS NO DETERMINADAS,0,0,0,1,13:25:00
-72.9541614,-37.1713088,1358,8,REGION BIO BIO,8109,SANTA JUANA,PEDRO DE VALDIVIA,LAS ARAUCARIAS,0,"C. Pedro de Valdivia 1493, Santa Juana, Bío Bío, Chile",-37.1713088,-72.9541614,1,ROOFTOP,2020,1323480,2020/12/23 00:00:00+00,COLISION FRONTAL,COLISION,URBANA,IMPRUDENCIA DEL CONDUCTOR,"ADELANTAMIENTO EN CRUCE, CURVA, CUESTA, PUENTE",0,1,0,0,19:50:00
-72.9400053,-36.9832202,1359,8,REGION BIO BIO,8105,HUALQUI,PATRICIO LYNCH, ,6,"Patricio Lynch 6, Hualqui, Bío Bío, Chile",-36.9832202,-72.9400053,1,RANGE_INTERPOLATED,2020,1323513,2020/01/01 00:00:00+00,CHOQUE FRENTE/FRENTE,CHOQUE,URBANA,CAUSAS NO DETERMINADAS,CAUSAS NO DETERMINADAS,0,0,0,0,13:55:00
-72.9384933,-36.971756,1360,8,REGION BIO BIO,8105,HUALQUI,LA CONCEPCION,LA ARAUCANA,0,"La Concepción & Av. Araucana, Hualqui, Bío Bío, Chile",-36.971756,-72.9384933,1,GEOMETRIC_CENTER,2020,1323564,2020/02/21 00:00:00+00,COLISION PERPENDICULAR,COLISION,URBANA,CAUSAS NO DETERMINADAS,CAUSAS NO DETERMINADAS,0,0,0,0,21:25:00
-72.9303454,-36.9743311,1361,8,REGION BIO BIO,8105,HUALQUI,RAMON FREIRE,PORTALES,0,"Ramon Freire & Portales, Hualqui, Bío Bío, Chile",-36.9743311,-72.9303454,1,GEOMETRIC_CENTER,2020,1323567,2020/02/21 00:00:00+00,COLISION LATERAL,COLISION,URBANA,CAUSAS NO DETERMINADAS,CAUSAS NO DETERMINADAS,0,0,0,0,11:00:00
-72.9368437,-36.9737875,1362,8,REGION BIO BIO,8105,HUALQUI,TEGUALDA,CUATRO,0,"Hualqui, Bío Bío, Chile",-36.9737875,-72.9368437,1,APPROXIMATE,2020,1323934,2020/04/04 00:00:00+00,COLISION PERPENDICULAR,COLISION,URBANA,CAUSAS NO DETERMINADAS,CAUSAS NO DETERMINADAS,0,0,0,0,06:10:00
-72.9283564,-36.9681746,1363,8,REGION BIO BIO,8105,HUALQUI,BOMBERO PERRET,CHANGOS,0,"Bombero Perret & Los Changos, Hualqui, Bío Bío, Chile",-36.9681746,-72.9283564,1,GEOMETRIC_CENTER,2020,1323949,2020/04/10 00:00:00+00,COLISION LATERAL,COLISION,URBANA,OTRAS CAUSAS,OTRAS CAUSAS,0,0,0,1,12:30:00
-72.9389656,-36.9753897,1364,8,REGION BIO BIO,8105,HUALQUI,LA CONCEPCION,FREIRE,0,"La Concepción & Ramon Freire, Hualqui, Bío Bío, Chile",-36.9753897,-72.9389656,1,GEOMETRIC_CENTER,2020,1323954,2020/04/13 00:00:00+00,ATROPELLO,ATROPELLO,URBANA,CAUSAS NO DETERMINADAS,CAUSAS NO DETERMINADAS,0,0,0,1,17:40:00
-72.9378651,-36.9792491,1365,8,REGION BIO BIO,8105,HUALQUI,BULNES, ,116,"Bulnes 116, Hualqui, Bío Bío, Chile",-36.9792491,-72.9378651,1,RANGE_INTERPOLATED,2020,1323958,2020/04/17 00:00:00+00,COLISION FRONTAL,COLISION,URBANA,OTRAS CAUSAS,OTRAS CAUSAS,0,0,0,0,13:00:00
-72.9365136,-36.9754298,1366,8,REGION BIO BIO,8105,HUALQUI,JOSE MIGUEL CARRERA,RAMON FREIRE,0,"Ramon Freire & José Miguel Carrera, Hualqui, Bío Bío, Chile",-36.9754298,-72.9365136,1,GEOMETRIC_CENTER,2020,1324120,2020/11/26 00:00:00+00,COLISION PERPENDICULAR,COLISION,URBANA,CAUSAS NO DETERMINADAS,CAUSAS NO DETERMINADAS,0,0,0,2,22:40:00
-72.9345385,-36.9727224,1367,8,REGION BIO BIO,8105,HUALQUI,EL AGUILA,LA ARAUCANA,0,"Av. Araucana, Hualqui, Bío Bío, Chile",-36.9727224,-72.9345385,1,GEOMETRIC_CENTER,2020,1324234,2020/12/30 00:00:00+00,COLISION LATERAL,COLISION,URBANA,OTRAS CAUSAS,OTRAS CAUSAS,0,0,0,0,12:15:00
-72.6809623,-37.5064952,1368,8,REGION BIO BIO,8306,NACIMIENTO,JULIO HEMMELMANN, ,995,"Av. Julio Hemmelmann 995, Nacimiento, Bío Bío, Chile",-37.5064952,-72.6809623,1,RANGE_INTERPOLATED,2020,1324477,2020/12/31 00:00:00+00,COLISION POR ALCANCE,COLISION,URBANA,IMPRUDENCIA DEL CONDUCTOR,ADELANTAMIENTO SIN EL ESPACIO O TIEMPO SUFICIENTE,0,0,0,0,14:45:00
-73.0853744,-36.8392998,1369,8,REGION BIO BIO,8108,SAN PEDRO DE LA PAZ,PEDRO AGUIRRE CERDA,SAN PEDRO,0,"San Pedro & Pedro Aguirre Cerda, San Pedro de la Paz, Bío Bío, Chile",-36.8392998,-73.0853744,1,GEOMETRIC_CENTER,2020,1324901,2020/12/01 00:00:00+00,CHOQUE LADO/POSTERIOR,CHOQUE,URBANA,CAUSAS NO DETERMINADAS,CAUSAS NO DETERMINADAS,0,0,0,0,12:00:00
-73.1186598,-36.8372377,1370,8,REGION BIO BIO,8108,SAN PEDRO DE LA PAZ,PEDRO AGUIRRE CERDA,DIAGONAL BIO BIO,0,"Avenida Diagonal Bio Bio & Pedro Aguirre Cerda, San Pedro de la Paz, Bío Bío, Chile",-36.8372377,-73.1186598,1,GEOMETRIC_CENTER,2020,1324905,2020/12/09 00:00:00+00,COLISION POR ALCANCE,COLISION,URBANA,CAUSAS NO DETERMINADAS,CAUSAS NO DETERMINADAS,0,0,0,0,20:00:00
-73.1183817,-36.8378954,1371,8,REGION BIO BIO,8108,SAN PEDRO DE LA PAZ,PEDRO AGUIRRE CERDA, ,2155,"Av. Pedro Aguirre Cerda 2155, San Pedro de la Paz, Bío Bío, Chile",-36.8378954,-73.1183817,1,ROOFTOP,2020,1324928,2020/12/16 00:00:00+00,ATROPELLO,ATROPELLO,URBANA,CAUSAS NO DETERMINADAS,CAUSAS NO DETERMINADAS,0,0,0,1,07:00:00
-73.1012783,-36.8387625,1372,8,REGION BIO BIO,8108,SAN PEDRO DE LA PAZ,PEDRO AGUIRRE CERDA,LOS CANELOS,0,"Avenida Pedro Aguirre Cerda & Los Canelos, San Pedro de la Paz, Bío Bío, Chile",-36.8387625,-73.1012783,1,GEOMETRIC_CENTER,2020,1324932,2020/12/17 00:00:00+00,ATROPELLO,ATROPELLO,URBANA,CAUSAS NO DETERMINADAS,CAUSAS NO DETERMINADAS,0,0,0,1,08:55:00
-73.0932551,-36.8428683,1373,8,REGION BIO BIO,8108,SAN PEDRO DE LA PAZ,MICHILAMONCO, ,1040,"Av. Michimalonco 1040, San Pedro de la Paz, Región Metropolitana, Chile",-36.8428683,-73.0932551,1,ROOFTOP,2020,1324971,2020/12/21 00:00:00+00,CHOQUE FRENTE/LADO,CHOQUE,URBANA,PERDIDA CONTROL VEHICULO,PERDIDA CONTROL VEHICULO,0,0,0,0,15:27:00
-73.1066908,-36.8397041,1374,8,REGION BIO BIO,8108,SAN PEDRO DE LA PAZ,SALESIANOS, ,22,"Salesianos 22, San Pedro de la Paz, Región Metropolitana, Chile",-36.8397041,-73.1066908,1,RANGE_INTERPOLATED,2020,1324977,2020/12/23 00:00:00+00,CHOQUE FRENTE/POSTERIOR,CHOQUE,URBANA,CAUSAS NO DETERMINADAS,CAUSAS NO DETERMINADAS,0,0,0,0,16:10:00
-73.0944348,-36.839038,1375,8,REGION BIO BIO,8108,SAN PEDRO DE LA PAZ,PEDRO AGUIRRE CERDA, ,1001,"Av. Pedro Aguirre Cerda 1001, San Pedro de la Paz, Bío Bío, Chile",-36.839038,-73.0944348,1,ROOFTOP,2020,1324996,2020/12/24 00:00:00+00,COLISION LATERAL,COLISION,URBANA,CAUSAS NO DETERMINADAS,CAUSAS NO DETERMINADAS,0,0,0,0,15:10:00
-73.1239298,-36.8360742,1376,8,REGION BIO BIO,8108,SAN PEDRO DE LA PAZ,LAS TORCAZAS,PASAJE TREINTA Y CINCO,0,"Estanque las torcazas, parque humedal los batros, San Pedro de la Paz, Bío Bío, Chile",-36.8360742,-73.1239298,1,GEOMETRIC_CENTER,2020,1325000,2020/12/25 00:00:00+00,COLISION LATERAL,COLISION,URBANA,CAUSAS NO DETERMINADAS,CAUSAS NO DETERMINADAS,0,0,0,0,21:15:00
-73.0798301,-36.8170399,1377,8,REGION BIO BIO,8101,CONCEPCION,MIRAFLORES,COSTANERA,0,"Miraflores 820, Concepción, Bío Bío, Chile",-36.8170399,-73.0798301,1,ROOFTOP,2020,1325216,2020/12/31 00:00:00+00,COLISION LATERAL,COLISION,URBANA,IMPRUDENCIA DEL CONDUCTOR,CONDUCCION CAMBIAR SORPRESIVAMENTE PISTA CIRCULACION,0,0,0,0,22:47:00
-72.4364826,-37.0868888,1378,8,REGION BIO BIO,8303,CABRERO,DIEGO PORTALES, ,60,"Diego Portales, Monte Aguila, Cabrero, Bío Bío, Chile",-37.0868888,-72.4364826,1,GEOMETRIC_CENTER,2020,1320561,2020/12/19 00:00:00+00,CHOQUE FRENTE/POSTERIOR,CHOQUE,URBANA,ALCOHOL EN CONDUCTOR,CONDUCCION EN ESTADO DE EBRIEDAD,0,0,0,0,18:20:00
-73.1099531,-36.7866757,1379,8,REGION BIO BIO,8112,HUALPEN,CRISTOBAL COLON,RAMUNTCHO,0,"Hualpén, Bío Bío, Chile",-36.7866757,-73.1099531,1,APPROXIMATE,2020,1321115,2020/12/23 00:00:00+00,ATROPELLO,ATROPELLO,URBANA,IMPRUDENCIA DEL CONDUCTOR,NO RESPETAR DERECHO PREFERENTE DE PASO A VEHICULO,0,0,0,1,17:00:00