X,Y,FID,COD_REG,REGION,CUT,COMUNA,CALLE_UNO,CALLE_DOS,NUMERO,DIR_GEOCOD,LAT,LNG,VAL_COM,TIPO,Año,Idaccident,Fecha,Tipo_Accid,Tipo__CONA,Zona,Causa__CON,Causa,Fallecidos,Graves,Menos_Grav,Leves,Hora
-73.0504885,-36.8526764,1380,8,REGION BIO BIO,8101,CONCEPCION,PEDRO DE VALDIVIA,INGLESA,0,"Inglesa & Avenida Pedro de Valdivia, Concepción, Bío Bío, Chile",-36.8526764,-73.0504885,3,GEOMETRIC_CENTER,2020,1264564,2020/02/13 00:00:00+00,COLISION LATERAL,COLISION,URBANA,IMPRUDENCIA DEL CONDUCTOR,VIRAJES INDEBIDOS,0,0,0,0,22:35:00
-73.0502989,-36.8526946,1381,8,REGION BIO BIO,8101,CONCEPCION,PEDRO DE VALDIVIA, ,1595,"Av. Pedro de Valdivia 1595, Concepción, Bío Bío, Chile",-36.8526946,-73.0502989,3,RANGE_INTERPOLATED,2020,1264891,2020/02/17 00:00:00+00,COLISION PERPENDICULAR,COLISION,URBANA,IMPRUDENCIA DEL CONDUCTOR,CONDUCCION NO ATENTO CONDICIONES TRANSITO MOMENTO,0,1,0,5,19:35:00
-73.0504885,-36.8526764,1382,8,REGION BIO BIO,8101,CONCEPCION,PEDRO DE VALDIVIA,INGLESA,0,"Inglesa & Avenida Pedro de Valdivia, Concepción, Bío Bío, Chile",-36.8526764,-73.0504885,3,GEOMETRIC_CENTER,2020,1264994,2020/02/19 00:00:00+00,COLISION POR ALCANCE,COLISION,URBANA,IMPRUDENCIA DEL CONDUCTOR,CONDUCCION SIN MANTENER DISTANCIA RAZONABLE NI PRUDENTE,0,0,0,0,19:30:00
-73.0504885,-36.8526764,1383,8,REGION BIO BIO,8101,CONCEPCION,PEDRO DE VALDIVIA,INGLESA,0,"Inglesa & Avenida Pedro de Valdivia, Concepción, Bío Bío, Chile",-36.8526764,-73.0504885,3,GEOMETRIC_CENTER,2020,1285116,2020/06/08 00:00:00+00,COLISION POR ALCANCE,COLISION,URBANA,IMPRUDENCIA DEL CONDUCTOR,CONDUCCION SIN MANTENER DISTANCIA RAZONABLE NI PRUDENTE,0,0,0,0,08:30:00
-73.0846234,-36.7849016,1384,8,REGION BIO BIO,8110,TALCAHUANO,OHIGGINS,SANTA MARIA,0,"Arteaga Alemparte 943, Hualpén, Talcahuano, Bío Bío, Chile",-36.7849016,-73.0846234,3,ROOFTOP,2020,1316071,2020/12/04 00:00:00+00,COLISION,COLISION,URBANA,OTRAS CAUSAS,OTRAS CAUSAS,0,0,0,0,13:15:00
-73.0846234,-36.7849016,1385,8,REGION BIO BIO,8110,TALCAHUANO,SANATA MARIA, ,3177,"Arteaga Alemparte 943, Hualpén, Talcahuano, Bío Bío, Chile",-36.7849016,-73.0846234,3,ROOFTOP,2020,1318468,2020/12/07 00:00:00+00,CHOQUE FRENTE/POSTERIOR,CHOQUE,URBANA,IMPRUDENCIA DEL CONDUCTOR,CONDUCCION SIN MANTENER DISTANCIA RAZONABLE NI PRUDENTE,0,0,0,0,17:10:00
-73.0975586,-36.7432898,1386,8,REGION BIO BIO,8110,TALCAHUANO,IQUIQUE,CRISTOBAL COLON,0,"Colon - Iquique, Talcahuano, Bío Bío, Chile",-36.7432898,-73.0975586,1,GEOMETRIC_CENTER,2020,1256680,2020/01/14 00:00:00+00,COLISION LATERAL,COLISION,URBANA,DESOBEDIENCIA A SEÑALIZACION,SEÑALIZACION DESOBEDECER LUZ ROJA DE SEMAFORO,0,0,0,1,14:30:00
-72.2443446,-37.7194456,1387,8,REGION BIO BIO,8305,MULCHEN,PEDRO LAGOS,SAAVEDRA,0,"N°410 - Pedro Lagos, Negrete, Mulchén, Bío Bío, Chile",-37.7194456,-72.2443446,1,GEOMETRIC_CENTER,2020,1260050,2020/01/15 00:00:00+00,COLISION,COLISION,URBANA,CAUSAS NO DETERMINADAS,CAUSAS NO DETERMINADAS,0,0,0,0,17:50:00
-73.0487619,-36.8244944,1388,8,REGION BIO BIO,8101,CONCEPCION,ARTURO PRAT,VICTOR LAMAS,0,"Freire 853, piso 3, Concepción, Bío Bío, Chile",-36.8244944,-73.0487619,1,ROOFTOP,2020,1277950,2020/04/23 00:00:00+00,VOLCADURA,VOLCADURA,URBANA,PERDIDA CONTROL VEHICULO,PERDIDA CONTROL VEHICULO,0,0,0,1,14:00:00
-72.3641613,-37.4605821,1389,8,REGION BIO BIO,8301,LOS ANGELES,OROMPELLO, ,1095,"Orompello 1095, Los Angeles, Los Ángeles, Bío Bío, Chile",-37.4605821,-72.3641613,1,ROOFTOP,2020,1296395,2020/08/21 00:00:00+00,COLISION POR ALCANCE,COLISION,URBANA,IMPRUDENCIA DEL CONDUCTOR,CONDUCCION NO ATENTO CONDICIONES TRANSITO MOMENTO,0,0,0,0,19:20:00
-73.0905075,-36.8073748,1390,8,REGION BIO BIO,8112,HUALPEN,COSTANERA, ,9781,"Av. Costanera 9781, Hualpén, Bío Bío, Chile",-36.8073748,-73.0905075,1,ROOFTOP,2020,1257711,2020/01/16 00:00:00+00,CHOQUE,CHOQUE,URBANA,CAUSAS NO DETERMINADAS,CAUSAS NO DETERMINADAS,0,0,0,0,12:30:00
-72.7152972,-37.2799335,1391,8,REGION BIO BIO,8304,LAJA,BALMACEDA,FREIRE,0,"Balmaceda & Freire, Laja, Bío Bío, Chile",-37.2799335,-72.7152972,1,GEOMETRIC_CENTER,2020,1275028,2020/03/27 00:00:00+00,COLISION POR ALCANCE,COLISION,URBANA,IMPRUDENCIA DEL CONDUCTOR,CONDUCCION NO ATENTO CONDICIONES TRANSITO MOMENTO,0,0,0,1,17:00:00
-73.0670897,-36.7965501,1392,8,REGION BIO BIO,8110,TALCAHUANO,JORGE ALESSANDRI PALMA, ,5001,"Av. Pdte. Jorge Alessandri Rodriguez, Talcahuano, Bío Bío, Chile",-36.7965501,-73.0670897,1,GEOMETRIC_CENTER,2020,1254126,2020/01/01 00:00:00+00,COLISION LATERAL,COLISION,URBANA,DESOBEDIENCIA A SEÑALIZACION,SEÑALIZACION DESOBEDECER SEÑAL CEDA EL PASO,0,0,0,1,14:55:00
-73.0236724,-36.9282483,1393,8,REGION BIO BIO,8103,CHIGUAYANTE,MANUEL RODRIGUEZ, ,785,"Av. Manuel Rodríguez 785, Chiguayante, Bío Bío, Chile",-36.9282483,-73.0236724,1,ROOFTOP,2020,1262680,2020/01/20 00:00:00+00,CHOQUE FRONTAL,CHOQUE,URBANA,CAUSAS NO DETERMINADAS,CAUSAS NO DETERMINADAS,0,0,0,0,00:30:00
-72.9588593,-36.6131562,1394,8,REGION BIO BIO,8111,TOME,LOS MAITENES, ,1111,"Tome, Tomé, Bío Bío, Chile",-36.6131562,-72.9588593,1,APPROXIMATE,2020,1254467,2020/01/03 00:00:00+00,CHOQUE,CHOQUE,URBANA,FALLAS MECANICAS,FALLAS MECANICAS FRENOS,0,0,1,0,20:15:00
-73.0889772,-36.782179,1395,8,REGION BIO BIO,8110,TALCAHUANO,OHIGGINS,LAS GOLONDRINAS,0,"OHiggins & Avenida Las Golondrinas, Hualpén, Bío Bío, Chile",-36.782179,-73.0889772,2,GEOMETRIC_CENTER,2020,1263186,2020/02/10 00:00:00+00,COLISION,COLISION,URBANA,IMPRUDENCIA DEL CONDUCTOR,CONDUCCION CAMBIAR SORPRESIVAMENTE PISTA CIRCULACION,0,0,0,0,10:53:00
-73.1099531,-36.7866757,1396,8,REGION BIO BIO,8112,HUALPEN,CAMINO A RAMUNTCHO, ,0,"Hualpén, Bío Bío, Chile",-36.7866757,-73.1099531,1,APPROXIMATE,2020,1257511,2020/01/12 00:00:00+00,CHOQUE,CHOQUE,URBANA,ALCOHOL EN CONDUCTOR,CONDUCCION EN ESTADO DE EBRIEDAD,0,0,0,2,14:15:00
-73.0983411,-36.7797954,1397,8,REGION BIO BIO,8112,HUALPEN,LAS GOLONDRINAS,HOLANDA,0,"Holanda & Avenida Las Golondrinas, Talcahuano, Bío Bío, Chile",-36.7797954,-73.0983411,2,GEOMETRIC_CENTER,2020,1279454,2020/05/06 00:00:00+00,COLISION,COLISION,URBANA,DESOBEDIENCIA A SEÑALIZACION,SEÑALIZACION DESOBEDECER LUZ ROJA DE SEMAFORO,0,0,0,0,17:47:00
-73.1123781,-36.7265469,1398,8,REGION BIO BIO,8110,TALCAHUANO,OHIGGINS, ,375,"OHiggins 375, Talcahuano, Bío Bío, Chile",-36.7265469,-73.1123781,1,RANGE_INTERPOLATED,2020,1259731,2020/01/09 00:00:00+00,COLISION LATERAL,COLISION,URBANA,IMPRUDENCIA DEL CONDUCTOR,CONDUCCION CAMBIAR SORPRESIVAMENTE PISTA CIRCULACION,0,0,0,0,20:30:00
-73.1155917,-36.7758021,1399,8,REGION BIO BIO,8112,HUALPEN,COSTANERA,CAMINO A LENGA,0,"Av. Costanera & Cam. A Lenga, Hualpén, Bío Bío, Chile",-36.7758021,-73.1155917,2,GEOMETRIC_CENTER,2020,1284829,2020/06/11 00:00:00+00,VOLCADURA,VOLCADURA,URBANA,PERDIDA CONTROL VEHICULO,PERDIDA CONTROL VEHICULO,0,0,0,0,11:50:00
-73.1120217,-36.7767578,1400,8,REGION BIO BIO,8110,TALCAHUANO,GRAN BRETAÑA,LAS GOLONDRINAS,0,"Gran Bretaña & Avenida Las Golondrinas, Hualpén, Bío Bío, Chile",-36.7767578,-73.1120217,2,GEOMETRIC_CENTER,2020,1288267,2020/07/04 00:00:00+00,COLISION LATERAL,COLISION,URBANA,DESOBEDIENCIA A SEÑALIZACION,SEÑALIZACION DESOBEDECER LUZ ROJA DE SEMAFORO,0,0,0,2,23:20:00
-73.4650798,-37.6277739,1401,8,REGION BIO BIO,8206,LOS ALAMOS,DIEGO PORTALES, ,822,"Los Alamos, Bío Bío, Chile",-37.6277739,-73.4650798,1,APPROXIMATE,2020,1296352,2020/08/26 00:00:00+00,COLISION LATERAL,COLISION,URBANA,IMPRUDENCIA DEL CONDUCTOR,CONDUCCION NO ATENTO CONDICIONES TRANSITO MOMENTO,0,0,1,1,18:25:00
-73.0638648,-36.7921689,1402,8,REGION BIO BIO,8101,CONCEPCION,JORGE ALESSANDRI,21 DE MAYO,0,"Av. Pdte. Jorge Alessandri Rodriguez, Concepción, Bío Bío, Chile",-36.7921689,-73.0638648,2,GEOMETRIC_CENTER,2020,1289290,2020/06/16 00:00:00+00,COLISION POR ALCANCE,COLISION,URBANA,IMPRUDENCIA DEL CONDUCTOR,CONDUCCION SIN MANTENER DISTANCIA RAZONABLE NI PRUDENTE,0,0,0,0,18:15:00
-73.3432122,-37.4779308,1403,8,REGION BIO BIO,8205,CURANILAHUE,2 DE MAYO,POTRERILLOS,0,"Curanilahue, Bío Bío, Chile",-37.4779308,-73.3432122,1,APPROXIMATE,2020,1296708,2020/08/28 00:00:00+00,COLISION LATERAL,COLISION,URBANA,CAUSAS NO DETERMINADAS,CAUSAS NO DETERMINADAS,0,0,0,1,16:00:00
-73.0228418,-36.7869762,1404,8,REGION BIO BIO,8101,CONCEPCION,LAS ACACIAS,MADRIGAL,0,"Madrigal & Las Acacias, Concepción, Bío Bío, Chile",-36.7869762,-73.0228418,2,GEOMETRIC_CENTER,2020,1297928,2020/08/20 00:00:00+00,COLISION LATERAL,COLISION,URBANA,IMPRUDENCIA DEL CONDUCTOR,CONDUCCION SIN MANTENER DISTANCIA RAZONABLE NI PRUDENTE,0,0,0,0,17:30:00
-72.5632009,-37.0967439,1405,8,REGION BIO BIO,8313,YUMBEL,GRAL CRUZ,SANTA MARIA,0,"Gral. Cruz Nº 980, Yumbel, Bío Bío, Chile",-37.0967439,-72.5632009,1,ROOFTOP,2020,1257785,2020/01/10 00:00:00+00,CHOQUE POSTERIOR,CHOQUE,URBANA,ALCOHOL EN CONDUCTOR,CONDUCCION EN ESTADO DE EBRIEDAD,0,0,0,0,22:00:00
-73.0592235,-36.7821036,1406,8,REGION BIO BIO,8101,CONCEPCION,JORGE ALESSANDRI, ,277,"Av. Pdte. Jorge Alessandri Rodriguez 277, Concepción, Talcahuano, Bío Bío, Chile",-36.7821036,-73.0592235,2,ROOFTOP,2020,1303639,2020/08/27 00:00:00+00,COLISION POR ALCANCE,COLISION,URBANA,IMPRUDENCIA DEL CONDUCTOR,CONDUCCION SIN MANTENER DISTANCIA RAZONABLE NI PRUDENTE,0,0,0,1,07:45:00
-73.0920073,-36.7528325,1407,8,REGION BIO BIO,8110,TALCAHUANO,CRISTOABL COLON, ,4310,"Gómez Carreño 4310, Talcahuano, Bío Bío, Chile",-36.7528325,-73.0920073,1,RANGE_INTERPOLATED,2020,1256196,2020/01/13 00:00:00+00,COLISION LATERAL,COLISION,URBANA,IMPRUDENCIA DEL CONDUCTOR,CONDUCCION CAMBIAR SORPRESIVAMENTE PISTA CIRCULACION,0,0,0,0,10:10:00
-73.1120217,-36.7767578,1408,8,REGION BIO BIO,8110,TALCAHUANO,LAS GOLONDRINAS,GRAN BRETAÑA,0,"Gran Bretaña & Avenida Las Golondrinas, Hualpén, Bío Bío, Chile",-36.7767578,-73.1120217,2,GEOMETRIC_CENTER,2020,1307587,2020/10/23 00:00:00+00,COLISION POR ALCANCE,COLISION,URBANA,IMPRUDENCIA DEL CONDUCTOR,CONDUCCION NO ATENTO CONDICIONES TRANSITO MOMENTO,0,0,0,0,17:00:00
-73.2475699,-37.2585048,1409,8,REGION BIO BIO,8202,ARAUCO,VICENTE MILLAN, ,309,"Vicente Millan 309, Arauco, Bío Bío, Chile",-37.2585048,-73.2475699,1,RANGE_INTERPOLATED,2020,1256291,2020/01/07 00:00:00+00,CHOQUE FRONTAL,CHOQUE,URBANA,IMPRUDENCIA DEL CONDUCTOR,CONDUCCION NO ATENTO CONDICIONES TRANSITO MOMENTO,0,0,0,0,13:55:00
-73.0808968,-36.784273,1410,8,REGION BIO BIO,8112,HUALPEN,OHIGGINS,AUTOPISTA,0,"OHiggins, Hualpén, Bío Bío, Chile",-36.784273,-73.0808968,2,GEOMETRIC_CENTER,2020,1307782,2020/10/25 00:00:00+00,OTRO TIPO,OTRO TIPO,URBANA,OTRAS CAUSAS,OTRAS CAUSAS,0,0,0,0,14:40:00
-73.3320232,-37.2450685,1411,8,REGION BIO BIO,8202,ARAUCO,EDELMIRA VERGARA, ,19,"Edelmira Vergara Quiñones, Arauco, Bío Bío, Chile",-37.2450685,-73.3320232,1,GEOMETRIC_CENTER,2020,1322479,2020/12/23 00:00:00+00,CHOQUE POSTERIOR,CHOQUE,URBANA,ALCOHOL EN CONDUCTOR,CONDUCCION EN ESTADO DE EBRIEDAD,0,0,0,0,09:50:00
-73.1529482,-36.9998415,1412,8,REGION BIO BIO,8102,CORONEL,LOS CHIFLONES, ,891,"Los Chiflones 891, Coronel, Bío Bío, Chile",-36.9998415,-73.1529482,1,RANGE_INTERPOLATED,2020,1277496,2020/04/08 00:00:00+00,CHOQUE,CHOQUE,URBANA,ALCOHOL EN CONDUCTOR,CONDUCCION EN ESTADO DE EBRIEDAD,0,0,0,1,03:20:00
-73.05032,-36.8082184,1413,8,REGION BIO BIO,8101,CONCEPCION,JANEQUEO,JUAN DE DIOS RIVERA,0,"Janequeo & Juan de Dios Rivera, Concepción, Bío Bío, Chile",-36.8082184,-73.05032,1,GEOMETRIC_CENTER,2020,1274868,2020/03/12 00:00:00+00,COLISION PERPENDICULAR,COLISION,URBANA,IMPRUDENCIA DEL CONDUCTOR,CONDUCCION NO ATENTO CONDICIONES TRANSITO MOMENTO,0,0,0,0,09:50:00
-73.0992834,-36.7662052,1414,8,REGION BIO BIO,8110,TALCAHUANO,LAGUNA AVENDAÑO, ,55,"Laguna Avendaño, Talcahuano, Bío Bío, Chile",-36.7662052,-73.0992834,1,GEOMETRIC_CENTER,2020,1257809,2020/01/19 00:00:00+00,VOLCADURA,VOLCADURA,URBANA,ALCOHOL EN CONDUCTOR,CONDUCCION EN ESTADO DE EBRIEDAD,0,0,0,1,16:00:00
-73.1018595,-36.8364522,1415,8,REGION BIO BIO,8108,SAN PEDRO DE LA PAZ,LOS PENSAMIENTOS, ,157,"Los Pensamientos 157, San Pedro de la Paz, Región Metropolitana, Chile",-36.8364522,-73.1018595,1,ROOFTOP,2020,1322772,2020/12/31 00:00:00+00,COLISION LATERAL,COLISION,URBANA,IMPRUDENCIA DEL CONDUCTOR,CONDUCCION NO ATENTO CONDICIONES TRANSITO MOMENTO,0,0,0,1,13:50:00
-73.0523494,-36.7768158,1416,8,REGION BIO BIO,8101,CONCEPCION,TIERRAS COLORADAS, ,350,"Av. Tierras Coloradas, Concepción, Bío Bío, Chile",-36.7768158,-73.0523494,2,GEOMETRIC_CENTER,2020,1320012,2020/11/19 00:00:00+00,CHOQUE POSTERIOR/FRENTE,CHOQUE,URBANA,CAUSAS NO DETERMINADAS,CAUSAS NO DETERMINADAS,0,0,0,1,13:20:00
-73.0268791,-36.9298432,1417,8,REGION BIO BIO,8103,CHIGUAYANTE,BLINDADO BLANCO,LOS HEROES,0,"Plaza Los Héroes, Chiguayante, Bío Bío, Chile",-36.9298432,-73.0268791,1,GEOMETRIC_CENTER,2020,1257867,2020/01/08 00:00:00+00,COLISION PERPENDICULAR,COLISION,URBANA,CAUSAS NO DETERMINADAS,CAUSAS NO DETERMINADAS,0,0,0,0,14:10:00
-73.0638648,-36.7921689,1418,8,REGION BIO BIO,8101,CONCEPCION,JORGE ALESSANDRI,21 DE MAYO,0,"Av. Pdte. Jorge Alessandri Rodriguez, Concepción, Bío Bío, Chile",-36.7921689,-73.0638648,2,GEOMETRIC_CENTER,2020,1320016,2020/11/19 00:00:00+00,COLISION POR ALCANCE,COLISION,URBANA,CAUSAS NO DETERMINADAS,CAUSAS NO DETERMINADAS,0,0,0,0,13:48:00
-72.3260687,-37.4834124,1419,8,REGION BIO BIO,8301,LOS ANGELES,LAS INDUSTRIAS, ,1465,"Av Las Industrias 1465, Los Ángeles, Bío Bío, Chile",-37.4834124,-72.3260687,1,RANGE_INTERPOLATED,2020,1256151,2020/01/02 00:00:00+00,COLISION LATERAL,COLISION,URBANA,IMPRUDENCIA DEL CONDUCTOR,CONDUCCION NO ATENTO CONDICIONES TRANSITO MOMENTO,0,1,0,1,16:20:00
-73.1327189,-36.7182316,1420,8,REGION BIO BIO,8110,TALCAHUANO,LOS ARAUCANOS, ,957,"Los Araucanos 957, Talcahuano, Bío Bío, Chile",-36.7182316,-73.1327189,1,ROOFTOP,2020,1256722,2020/01/10 00:00:00+00,VOLCADURA,VOLCADURA,URBANA,PERDIDA CONTROL VEHICULO,PERDIDA CONTROL VEHICULO,0,0,0,1,13:00:00
-73.0463104,-36.8170615,1421,8,REGION BIO BIO,8101,CONCEPCION,PAICAVI,BULNES,0,"Manuel Bulnes & Paicaví, Concepción, Bío Bío, Chile",-36.8170615,-73.0463104,1,GEOMETRIC_CENTER,2020,1274870,2020/03/11 00:00:00+00,COLISION PERPENDICULAR,COLISION,URBANA,DESOBEDIENCIA A SEÑALIZACION,SEÑALIZACION DESOBEDECER INDICACION CARABINERO SERVICIO,0,0,0,0,20:30:00
-72.3302844,-37.4953022,1422,8,REGION BIO BIO,8301,LOS ANGELES,LA FRONTERA,ORIENTE,0,"La Frontera, Los Ángeles, Bío Bío, Chile",-37.4953022,-72.3302844,1,GEOMETRIC_CENTER,2020,1258713,2020/01/20 00:00:00+00,COLISION LATERAL,COLISION,URBANA,IMPRUDENCIA DEL CONDUCTOR,CONDUCCION NO ATENTO CONDICIONES TRANSITO MOMENTO,0,0,0,1,01:00:00
-72.370403,-37.4736011,1423,8,REGION BIO BIO,8301,LOS ANGELES,PADRE HURTADO, ,195,"Av. Padre Hurtado 195, Los Angeles, Los Ángeles, Bío Bío, Chile",-37.4736011,-72.370403,1,RANGE_INTERPOLATED,2020,1257650,2020/01/16 00:00:00+00,VOLCADURA,VOLCADURA,URBANA,IMPRUDENCIA DEL CONDUCTOR,CONDUCCION NO ATENTO CONDICIONES TRANSITO MOMENTO,0,1,0,0,22:10:00
-73.019789,-36.8187053,1424,8,REGION BIO BIO,8101,CONCEPCION,COLLAO, ,828,"Collao 828, Concepción, Bío Bío, Chile",-36.8187053,-73.019789,1,ROOFTOP,2020,1258410,2020/01/17 00:00:00+00,CHOQUE POSTERIOR/FRENTE,CHOQUE,URBANA,IMPRUDENCIA DEL CONDUCTOR,CONDUCCION SIN MANTENER DISTANCIA RAZONABLE NI PRUDENTE,0,0,0,0,12:00:00
-73.1147915,-36.7143419,1425,8,REGION BIO BIO,8110,TALCAHUANO,SAN MARTIN, ,260,"San Martín 260, Talcahuano, Bío Bío, Chile",-36.7143419,-73.1147915,1,ROOFTOP,2020,1259068,2020/01/06 00:00:00+00,ATROPELLO,ATROPELLO,URBANA,IMPRUDENCIA DEL PEATON,PEATON CRUZA CALZADA FUERA PASO PEATONES,0,0,0,1,13:30:00
-72.9566526,-36.6207413,1426,8,REGION BIO BIO,8111,TOME,BRASIL,MALDONADO,0,"Maldonado & Brasil, Tome, Tomé, Bío Bío, Chile",-36.6207413,-72.9566526,1,GEOMETRIC_CENTER,2020,1316842,2020/12/07 00:00:00+00,CHOQUE FRENTE/POSTERIOR,CHOQUE,URBANA,IMPRUDENCIA DEL CONDUCTOR,CONDUCCION NO ATENTO CONDICIONES TRANSITO MOMENTO,0,0,0,0,16:10:00
-73.0517247,-36.8221662,1427,8,REGION BIO BIO,8101,CONCEPCION,LAS HERAS, ,750,"Las Heras 750, Concepción, Bío Bío, Chile",-36.8221662,-73.0517247,1,RANGE_INTERPOLATED,2020,1261216,2020/01/03 00:00:00+00,CHOQUE FRONTAL,CHOQUE,URBANA,OTRAS CAUSAS,OTRAS CAUSAS,0,0,0,0,05:00:00
-73.4924463,-38.3424548,1428,8,REGION BIO BIO,8207,TIRUA,PARCELA 17 SAN MAMON, ,17,"Tirua, Tirúa, Bío Bío, Chile",-38.3424548,-73.4924463,1,APPROXIMATE,2020,1264951,2020/02/19 00:00:00+00,COLISION,COLISION,URBANA,IMPRUDENCIA DEL CONDUCTOR,CONDUCIR VEHICULO EN RETROCESO,0,0,0,0,13:45:00
-73.1031437,-36.7477579,1429,8,REGION BIO BIO,8110,TALCAHUANO,DESIDERIO GARCIA, ,3300,"Desiderio García, Talcahuano, Bío Bío, Chile",-36.7477579,-73.1031437,1,GEOMETRIC_CENTER,2020,1257682,2020/01/15 00:00:00+00,COLISION LATERAL,COLISION,URBANA,IMPRUDENCIA DEL CONDUCTOR,VIRAJES INDEBIDOS,0,0,0,0,12:40:00
-73.6508157,-37.6072825,1430,8,REGION BIO BIO,8201,LEBU,ARTURO PRAT,JUAN ANTONIO RIOS,0,"Lebu, Bío Bío, Chile",-37.6072825,-73.6508157,1,APPROXIMATE,2020,1264503,2020/02/17 00:00:00+00,COLISION LATERAL,COLISION,URBANA,DESOBEDIENCIA A SEÑALIZACION,SEÑALIZACION DESOBEDECER SEÑAL PARE,0,0,0,1,03:05:00
-72.3424863,-37.4887033,1431,8,REGION BIO BIO,8301,LOS ANGELES,LOS CARRERA, ,1445,"Av. Los Carrera 1445, Los Angeles, Los Ángeles, Bío Bío, Chile",-37.4887033,-72.3424863,1,ROOFTOP,2020,1260872,2020/01/25 00:00:00+00,CHOQUE LADO/LADO,CHOQUE,URBANA,IMPRUDENCIA DEL CONDUCTOR,CONDUCCION NO ATENTO CONDICIONES TRANSITO MOMENTO,0,0,0,1,06:20:00
-73.1309814,-36.7241314,1432,8,REGION BIO BIO,8110,TALCAHUANO,LA MARINA, ,655,"La Marina 655, Talcahuano, Bío Bío, Chile",-36.7241314,-73.1309814,1,RANGE_INTERPOLATED,2020,1258316,2020/01/16 00:00:00+00,COLISION POR ALCANCE,COLISION,URBANA,IMPRUDENCIA DEL CONDUCTOR,ADELANTAMIENTO SIN EL ESPACIO O TIEMPO SUFICIENTE,0,0,0,0,19:00:00
-72.3479703,-37.4818781,1433,8,REGION BIO BIO,8301,LOS ANGELES,LOS CARRERA, ,790,"Av. Los Carrera 790, Los Angeles, Los Ángeles, Bío Bío, Chile",-37.4818781,-72.3479703,1,ROOFTOP,2020,1258318,2020/01/19 00:00:00+00,COLISION FRONTAL,COLISION,URBANA,ALCOHOL EN CONDUCTOR,CONDUCCION EN ESTADO DE EBRIEDAD,0,0,0,1,12:00:00
-73.0675954,-36.7733738,1434,8,REGION BIO BIO,8110,TALCAHUANO,CALLE A,CALLE B,0,"C. B, Talcahuano, Bío Bío, Chile",-36.7733738,-73.0675954,1,GEOMETRIC_CENTER,2020,1266134,2020/02/15 00:00:00+00,COLISION LATERAL,COLISION,URBANA,DESOBEDIENCIA A SEÑALIZACION,SEÑALIZACION DESOBEDECER SEÑAL CEDA EL PASO,0,0,1,0,02:50:00
-73.0898092,-36.7959384,1435,8,REGION BIO BIO,8112,HUALPEN,CAMINO A RAMUNTCHO, ,250,"Ramuntcho 250, Hualpén, Bío Bío, Chile",-36.7959384,-73.0898092,1,RANGE_INTERPOLATED,2020,1266774,2020/02/21 00:00:00+00,CHOQUE FRONTAL,CHOQUE,URBANA,PERDIDA CONTROL VEHICULO,PERDIDA CONTROL VEHICULO,0,1,0,0,21:00:00
-72.352803,-37.4720174,1436,8,REGION BIO BIO,8301,LOS ANGELES,VALDIVIA, ,116,"Valdivia 116, Los Angeles, Los Ángeles, Bío Bío, Chile",-37.4720174,-72.352803,1,ROOFTOP,2020,1269580,2020/02/15 00:00:00+00,COLISION LATERAL,COLISION,URBANA,IMPRUDENCIA DEL CONDUCTOR,CONDUCCION NO ATENTO CONDICIONES TRANSITO MOMENTO,0,0,0,0,11:00:00
-73.0983411,-36.7797954,1437,8,REGION BIO BIO,8112,HUALPEN,LAS GOLONDRINAS,HOLANDA,0,"Holanda & Avenida Las Golondrinas, Talcahuano, Bío Bío, Chile",-36.7797954,-73.0983411,2,GEOMETRIC_CENTER,2020,1266927,2020/02/24 00:00:00+00,COLISION,COLISION,URBANA,IMPRUDENCIA DEL CONDUCTOR,CONDUCCION CAMBIAR SORPRESIVAMENTE PISTA CIRCULACION,0,0,0,2,21:50:00
-73.1242932,-36.7727499,1438,8,REGION BIO BIO,8112,HUALPEN,LENGA,CAMINO A LENGA,0,"Cam. A Lenga, Hualpén, Bío Bío, Chile",-36.7727499,-73.1242932,2,GEOMETRIC_CENTER,2020,1270478,2020/03/11 00:00:00+00,COLISION,COLISION,URBANA,ALCOHOL EN CONDUCTOR,CONDUCCION EN ESTADO DE EBRIEDAD,0,0,0,2,17:25:00
-72.3379239,-37.4537015,1439,8,REGION BIO BIO,8301,LOS ANGELES,ORIENTE, ,2088,"Av. Ote. 2088, Los Ángeles, Bío Bío, Chile",-37.4537015,-72.3379239,1,RANGE_INTERPOLATED,2020,1267834,2020/02/06 00:00:00+00,CHOQUE FRENTE/POSTERIOR,CHOQUE,URBANA,ALCOHOL EN CONDUCTOR,CONDUCCION EN ESTADO DE EBRIEDAD,0,0,0,0,01:00:00
-73.096648,-36.839279,1440,8,REGION BIO BIO,8108,SAN PEDRO DE LA PAZ,PEDRO AGUIRRE CERDA, ,1055,"Av. Pedro Aguirre Cerda 1055, San Pedro de la Paz, Bío Bío, Chile",-36.839279,-73.096648,1,ROOFTOP,2020,1324942,2020/12/19 00:00:00+00,COLISION POR ALCANCE,COLISION,URBANA,CAUSAS NO DETERMINADAS,CAUSAS NO DETERMINADAS,0,0,0,0,18:00:00
-73.0780449,-36.8084633,1441,8,REGION BIO BIO,8101,CONCEPCION,21 DE MAYO, ,3225,"Av. 21 de Mayo 3225, Concepción, Bío Bío, Chile",-36.8084633,-73.0780449,1,ROOFTOP,2020,1274761,2020/04/01 00:00:00+00,CHOQUE,CHOQUE,URBANA,IMPRUDENCIA DEL CONDUCTOR,CONDUCCION NO ATENTO CONDICIONES TRANSITO MOMENTO,0,0,0,0,17:30:00