X,Y,FID,COD_REG,REGION,CUT,COMUNA,CALLE_UNO,CALLE_DOS,NUMERO,DIR_GEOCOD,LAT,LNG,VAL_COM,TIPO,Año,Idaccident,Fecha,Tipo_Accid,Tipo__CONA,Zona,Causa__CON,Causa,Fallecidos,Graves,Menos_Grav,Leves,Hora
-73.0730156,-36.853063,1442,8,REGION BIO BIO,8108,SAN PEDRO DE LA PAZ,ERNESTO PINTO LAGARRIGUE,CAMINO DEL NORTE,0,"Calle Ing. Ernesto Pinto Lagarrigue 805, San Pedro de la Paz, Bío Bío, Chile",-36.853063,-73.0730156,1,ROOFTOP,2020,1324945,2020/12/20 00:00:00+00,CHOQUE FRONTAL,CHOQUE,URBANA,CAUSAS NO DETERMINADAS,CAUSAS NO DETERMINADAS,0,0,0,0,10:45:00
-72.689381,-37.4940631,1443,8,REGION BIO BIO,8306,NACIMIENTO,LAS ROZAS, ,145,"Las Rozas 145, Nacimiento, Bío Bío, Chile",-37.4940631,-72.689381,1,RANGE_INTERPOLATED,2020,1271600,2020/03/12 00:00:00+00,CHOQUE,CHOQUE,URBANA,IMPRUDENCIA DEL CONDUCTOR,CONDUCCION SIN MANTENER DISTANCIA RAZONABLE NI PRUDENTE,0,0,0,0,15:00:00
-72.3506063,-37.4770727,1444,8,REGION BIO BIO,8301,LOS ANGELES,PATRICIO LYNCH, ,236,"Patricio Lynch 236, Los Angeles, Los Ángeles, Bío Bío, Chile",-37.4770727,-72.3506063,1,ROOFTOP,2020,1275263,2020/03/23 00:00:00+00,CHOQUE LADO/LADO,CHOQUE,URBANA,IMPRUDENCIA DEL CONDUCTOR,CONDUCCION NO ATENTO CONDICIONES TRANSITO MOMENTO,0,0,0,0,17:30:00
-73.0904802,-36.7571414,1445,8,REGION BIO BIO,8110,TALCAHUANO,GOMEZ CARREÑO, ,4989,"Gómez Carreño 4989, Talcahuano, Bío Bío, Chile",-36.7571414,-73.0904802,1,ROOFTOP,2020,1274590,2020/03/17 00:00:00+00,COLISION LATERAL,COLISION,URBANA,IMPRUDENCIA DEL CONDUCTOR,VIRAJES INDEBIDOS,0,0,0,1,13:45:00
-73.1393571,-36.8427066,1446,8,REGION BIO BIO,8108,SAN PEDRO DE LA PAZ,CALLE NUEVA UNO, ,559,"C. Nueva Uno 559, San Pedro de la Paz, Región Metropolitana, Chile",-36.8427066,-73.1393571,1,RANGE_INTERPOLATED,2020,1255764,2020/01/01 00:00:00+00,COLISION POR ALCANCE,COLISION,URBANA,IMPRUDENCIA DEL CONDUCTOR,CONDUCCION NO ATENTO CONDICIONES TRANSITO MOMENTO,0,0,0,0,15:50:00
-72.3531476,-37.4662475,1447,8,REGION BIO BIO,8301,LOS ANGELES,TUCAPEL, ,451,"Av. Tucapel 451, Los Angeles, Los Ángeles, Bío Bío, Chile",-37.4662475,-72.3531476,1,ROOFTOP,2020,1275495,2020/03/25 00:00:00+00,ATROPELLO,ATROPELLO,URBANA,IMPRUDENCIA DEL CONDUCTOR,CONDUCCION NO ATENTO CONDICIONES TRANSITO MOMENTO,0,0,0,1,13:40:00
-72.351639,-37.4794738,1448,8,REGION BIO BIO,8301,LOS ANGELES,BERNARDO OHIGGINS,MANUEL BAQUEDANO,0,"Bernardo OHiggins, Los Angeles, Los Ángeles, Bío Bío, Chile",-37.4794738,-72.351639,1,GEOMETRIC_CENTER,2020,1279475,2020/05/05 00:00:00+00,COLISION LATERAL,COLISION,URBANA,DESOBEDIENCIA A SEÑALIZACION,SEÑALIZACION DESOBEDECER SEÑAL CEDA EL PASO,0,0,0,1,12:15:00
-72.3269749,-37.4697876,1449,8,REGION BIO BIO,8301,LOS ANGELES,LAS INDUSTRIAS, ,503,"Av Las Industrias 503, Los Ángeles, Bío Bío, Chile",-37.4697876,-72.3269749,1,RANGE_INTERPOLATED,2020,1258353,2020/01/19 00:00:00+00,COLISION LATERAL,COLISION,URBANA,IMPRUDENCIA DEL CONDUCTOR,CONDUCCION NO ATENTO CONDICIONES TRANSITO MOMENTO,0,6,0,1,11:15:00
-73.0242586,-36.8181904,1450,8,REGION BIO BIO,8101,CONCEPCION,GRAL NOVOA, ,530,"Gral. Novoa 530, Concepción, Bío Bío, Chile",-36.8181904,-73.0242586,1,ROOFTOP,2020,1277364,2020/04/22 00:00:00+00,COLISION PERPENDICULAR,COLISION,URBANA,IMPRUDENCIA DEL CONDUCTOR,CONDUCCION NO ATENTO CONDICIONES TRANSITO MOMENTO,0,0,0,0,17:50:00
-73.0808968,-36.784273,1451,8,REGION BIO BIO,8112,HUALPEN,OHIGGINS,AUTOPISTA,0,"OHiggins, Hualpén, Bío Bío, Chile",-36.784273,-73.0808968,2,GEOMETRIC_CENTER,2020,1278517,2020/04/25 00:00:00+00,CHOQUE,CHOQUE,URBANA,PERDIDA CONTROL VEHICULO,PERDIDA CONTROL VEHICULO,0,0,0,1,06:20:00
-73.1406336,-36.8395303,1452,8,REGION BIO BIO,8108,SAN PEDRO DE LA PAZ,COSTANERA,SEGUNDA LONGITUDINAL,0,"Segunda Longitudinal 457, San Pedro de la Paz, Bío Bío, Chile",-36.8395303,-73.1406336,1,ROOFTOP,2020,1282463,2020/05/21 00:00:00+00,COLISION POR ALCANCE,COLISION,URBANA,IMPRUDENCIA DEL CONDUCTOR,CONDUCCION NO ATENTO CONDICIONES TRANSITO MOMENTO,0,0,0,0,15:30:00
-73.0874934,-36.7622512,1453,8,REGION BIO BIO,8110,TALCAHUANO,CRISTOBAL COLON, ,5469,"Gómez Carreño 5469, Talcahuano, Bío Bío, Chile",-36.7622512,-73.0874934,1,RANGE_INTERPOLATED,2020,1277877,2020/04/07 00:00:00+00,CHOQUE FRONTAL,CHOQUE,URBANA,PERDIDA CONTROL VEHICULO,PERDIDA CONTROL VEHICULO,0,0,0,1,21:25:00
-73.1527368,-37.0838756,1454,8,REGION BIO BIO,8106,LOTA,FERNANDO MAIRA,LA PAZ,0,"Fernando Maira Nº 580 – A, Sector La Cantera, Lota, Bío Bío, Chile",-37.0838756,-73.1527368,1,GEOMETRIC_CENTER,2020,1260614,2020/01/25 00:00:00+00,CHOQUE FRENTE/POSTERIOR,CHOQUE,URBANA,IMPRUDENCIA DEL CONDUCTOR,CONDUCCION SIN MANTENER DISTANCIA RAZONABLE NI PRUDENTE,0,0,0,2,12:30:00
-72.365312,-37.4798156,1455,8,REGION BIO BIO,8301,LOS ANGELES,VICUÑA MACKENNA, ,1241,"Av. Vicuña Mackenna 1241, Los Angeles, Los Ángeles, Bío Bío, Chile",-37.4798156,-72.365312,1,ROOFTOP,2020,1274805,2020/03/15 00:00:00+00,COLISION POR ALCANCE,COLISION,URBANA,IMPRUDENCIA DEL CONDUCTOR,CONDUCCION NO ATENTO CONDICIONES TRANSITO MOMENTO,0,0,0,0,21:40:00
-73.0905075,-36.8073748,1456,8,REGION BIO BIO,8112,HUALPEN,COSTANERA, ,9781,"Av. Costanera 9781, Hualpén, Bío Bío, Chile",-36.8073748,-73.0905075,1,ROOFTOP,2020,1274808,2020/04/02 00:00:00+00,CHOQUE POSTERIOR/FRENTE,CHOQUE,URBANA,IMPRUDENCIA DEL CONDUCTOR,CONDUCIR VEHICULO EN RETROCESO,0,0,0,0,07:45:00
-72.0245951,-37.6643902,1457,8,REGION BIO BIO,8311,SANTA BARBARA,ACONCAGUA, ,709,"Santa Bárbara, Bío Bío, Chile",-37.6643902,-72.0245951,1,APPROXIMATE,2020,1283693,2020/05/24 00:00:00+00,CHOQUE,CHOQUE,URBANA,ALCOHOL EN CONDUCTOR,CONDUCCION EN ESTADO DE EBRIEDAD,0,0,0,1,20:30:00
-73.0832168,-36.7510927,1458,8,REGION BIO BIO,8110,TALCAHUANO,CALLE 1,CALLE 2,0,"C. 1 & C. 2, Talcahuano, Bío Bío, Chile",-36.7510927,-73.0832168,1,GEOMETRIC_CENTER,2020,1277879,2020/04/09 00:00:00+00,COLISION LATERAL,COLISION,URBANA,DESOBEDIENCIA A SEÑALIZACION,SEÑALIZACION DESOBEDECER SEÑAL CEDA EL PASO,0,0,0,1,10:15:00
-73.1654893,-36.9676579,1459,8,REGION BIO BIO,8102,CORONEL,FEDERICO SCHWAGER, ,2500,"Federico Schwager, Coronel, Bío Bío, Chile",-36.9676579,-73.1654893,1,GEOMETRIC_CENTER,2020,1290219,2020/07/06 00:00:00+00,COLISION LATERAL,COLISION,URBANA,IMPRUDENCIA DEL CONDUCTOR,CONDUCCION NO ATENTO CONDICIONES TRANSITO MOMENTO,0,0,0,1,09:10:00
-72.3270006,-37.4450108,1460,8,REGION BIO BIO,8301,LOS ANGELES,LAS INDUSTRIAS, ,6750,"Av Las Industrias 6750, Los Angeles, Los Ángeles, Bío Bío, Chile",-37.4450108,-72.3270006,1,ROOFTOP,2020,1295080,2020/08/15 00:00:00+00,CHOQUE LATERAL,CHOQUE,URBANA,ALCOHOL EN CONDUCTOR,CONDUCCION EN ESTADO DE EBRIEDAD,0,0,0,0,09:55:00
-73.3506109,-37.4724128,1461,8,REGION BIO BIO,8205,CURANILAHUE,OHIGGINS, ,107,"Av. Bernardo OHiggins 107, Curanilahue, Bío Bío, Chile",-37.4724128,-73.3506109,1,RANGE_INTERPOLATED,2020,1316845,2020/12/01 00:00:00+00,COLISION LATERAL,COLISION,URBANA,CAUSAS NO DETERMINADAS,CAUSAS NO DETERMINADAS,0,0,0,0,20:00:00
-73.3506109,-37.4724128,1462,8,REGION BIO BIO,8205,CURANILAHUE,OHIGGINS, ,111,"Av. Bernardo OHiggins 111, Curanilahue, Bío Bío, Chile",-37.4724128,-73.3506109,1,RANGE_INTERPOLATED,2020,1275002,2020/04/03 00:00:00+00,ATROPELLO,ATROPELLO,URBANA,IMPRUDENCIA DEL CONDUCTOR,CONDUCCION NO ATENTO CONDICIONES TRANSITO MOMENTO,0,0,0,1,18:35:00
-73.1402867,-36.8374191,1463,8,REGION BIO BIO,8108,SAN PEDRO DE LA PAZ,PASAJE ONCE, ,653,"Pje. Once 653, San Pedro de la Paz, Región Metropolitana, Chile",-36.8374191,-73.1402867,1,RANGE_INTERPOLATED,2020,1301511,2020/09/19 00:00:00+00,ATROPELLO,ATROPELLO,URBANA,IMPRUDENCIA DEL CONDUCTOR,CONDUCCION NO ATENTO CONDICIONES TRANSITO MOMENTO,0,0,0,1,15:00:00
-72.9463033,-36.6226852,1464,8,REGION BIO BIO,8111,TOME,MANUEL MONTT, ,1650,"Manuel Montt 1650, Tome, Tomé, Bío Bío, Chile",-36.6226852,-72.9463033,1,ROOFTOP,2020,1296384,2020/08/19 00:00:00+00,CHOQUE FRENTE/POSTERIOR,CHOQUE,URBANA,ALCOHOL EN CONDUCTOR,CONDUCCION EN ESTADO DE EBRIEDAD,0,0,0,0,19:40:00
-73.0847717,-36.7585198,1465,8,REGION BIO BIO,8110,TALCAHUANO,RARAN, ,326,"Rarán 326, Talcahuano, Bío Bío, Chile",-36.7585198,-73.0847717,1,ROOFTOP,2020,1256301,2020/01/12 00:00:00+00,IMPACTO CON ANIMAL,OTRO TIPO,URBANA,DEFICIENCIAS VIALES,ANIMALES SUELTOS VIA PUBLICA,0,0,0,0,16:20:00
-72.3493715,-37.4733531,1466,8,REGION BIO BIO,8301,LOS ANGELES,RICARDO VICUÑA, ,284,"Av. Ricardo Vicuña 284, Los Angeles, Los Ángeles, Bío Bío, Chile",-37.4733531,-72.3493715,1,ROOFTOP,2020,1260916,2020/01/27 00:00:00+00,COLISION,COLISION,URBANA,IMPRUDENCIA DEL CONDUCTOR,CONDUCCION NO ATENTO CONDICIONES TRANSITO MOMENTO,0,0,0,0,15:15:00
-72.2482872,-37.7269904,1467,8,REGION BIO BIO,8305,MULCHEN,JOSE JOAQUIN PEREZ, ,290,"José Joaquín Pérez 290, Mulchen, Negrete, Bío Bío, Chile",-37.7269904,-72.2482872,1,RANGE_INTERPOLATED,2020,1297332,2020/08/24 00:00:00+00,VOLCADURA,VOLCADURA,URBANA,DEFICIENCIAS VIALES,ANIMALES SUELTOS VIA PUBLICA,0,0,0,1,15:50:00
-73.3409527,-37.4790288,1468,8,REGION BIO BIO,8205,CURANILAHUE,ARTURO PRAT, ,540,"Av. Arturo Prat 540, Curanilahue, Bío Bío, Chile",-37.4790288,-73.3409527,1,ROOFTOP,2020,1275006,2020/04/05 00:00:00+00,COLISION,COLISION,URBANA,IMPRUDENCIA DEL CONDUCTOR,ADELANTAMIENTO SIN EL ESPACIO O TIEMPO SUFICIENTE,0,0,0,0,21:50:00
-72.5578573,-37.0979854,1469,8,REGION BIO BIO,8313,YUMBEL,VALDIVIA,GOYCOLEA,0,"Goycolea & Valdivia, Yumbel, Bío Bío, Chile",-37.0979854,-72.5578573,1,GEOMETRIC_CENTER,2020,1275008,2020/03/25 00:00:00+00,CHOQUE LATERAL,CHOQUE,URBANA,IMPRUDENCIA DEL CONDUCTOR,CONDUCCION NO ATENTO CONDICIONES TRANSITO MOMENTO,0,0,0,0,19:09:00
-73.0865749,-36.7765318,1470,8,REGION BIO BIO,8110,TALCAHUANO,CRISTOBAL COLON,LAS AMAPOLAS,0,"Av. Cristóbal Colón 6742, Talcahuano, Bío Bío, Chile",-36.7765318,-73.0865749,1,ROOFTOP,2020,1255659,2020/01/10 00:00:00+00,COLISION LATERAL,COLISION,URBANA,DESOBEDIENCIA A SEÑALIZACION,SEÑALIZACION DESOBEDECER LUZ ROJA DE SEMAFORO,0,1,0,0,17:16:00
-73.105559,-36.7783171,1471,8,REGION BIO BIO,8110,TALCAHUANO,LAS GOLONDRINAS, ,1400,"Av. Las Golondrinas 1400, Talcahuano, Bío Bío, Chile",-36.7783171,-73.105559,2,ROOFTOP,2020,1301291,2020/09/21 00:00:00+00,CHOQUE FRENTE/POSTERIOR,CHOQUE,URBANA,IMPRUDENCIA DEL CONDUCTOR,CONDUCCION SIN MANTENER DISTANCIA RAZONABLE NI PRUDENTE,0,0,0,1,13:25:00
-73.105559,-36.7783171,1472,8,REGION BIO BIO,8110,TALCAHUANO,LAS GOLONDRINAS, ,1400,"Av. Las Golondrinas 1400, Talcahuano, Bío Bío, Chile",-36.7783171,-73.105559,2,ROOFTOP,2020,1301928,2020/09/26 00:00:00+00,COLISION FRONTAL,COLISION,URBANA,PERDIDA CONTROL VEHICULO,PERDIDA CONTROL VEHICULO,0,1,0,0,23:10:00
-73.316204,-37.2467648,1473,8,REGION BIO BIO,8202,ARAUCO,ESMERALDA, ,383,"Esmeralda 383, Arauco, Bío Bío, Chile",-37.2467648,-73.316204,1,RANGE_INTERPOLATED,2020,1302264,2020/09/17 00:00:00+00,COLISION LATERAL,COLISION,URBANA,IMPRUDENCIA DEL CONDUCTOR,CONDUCCION NO ATENTO CONDICIONES TRANSITO MOMENTO,0,0,0,0,13:30:00
-73.1527368,-37.0838756,1474,8,REGION BIO BIO,8106,LOTA,FERNANDO MAIRA,YERBAS BUENAS,0,"Fernando Maira Nº 580 – A, Sector La Cantera, Lota, Bío Bío, Chile",-37.0838756,-73.1527368,1,GEOMETRIC_CENTER,2020,1278150,2020/04/28 00:00:00+00,COLISION LATERAL,COLISION,URBANA,IMPRUDENCIA DEL CONDUCTOR,NO RESPETAR DERECHO PREFERENTE DE PASO A VEHICULO,1,0,0,0,17:45:00
-73.0638648,-36.7921689,1475,8,REGION BIO BIO,8101,CONCEPCION,JORGE ALESSANDRI,21 DE MAYO,0,"Av. Pdte. Jorge Alessandri Rodriguez, Concepción, Bío Bío, Chile",-36.7921689,-73.0638648,2,GEOMETRIC_CENTER,2020,1303945,2020/08/27 00:00:00+00,COLISION POR ALCANCE,COLISION,URBANA,CAUSAS NO DETERMINADAS,CAUSAS NO DETERMINADAS,0,0,0,0,21:30:00
-72.3269742,-37.4698169,1476,8,REGION BIO BIO,8301,LOS ANGELES,LAS INDUSTRIAS, ,507,"Av Las Industrias 507, Los Ángeles, Bío Bío, Chile",-37.4698169,-72.3269742,1,RANGE_INTERPOLATED,2020,1278152,2020/04/27 00:00:00+00,CHOQUE POSTERIOR/LADO,CHOQUE,URBANA,IMPRUDENCIA DEL CONDUCTOR,CONDUCCION NO ATENTO CONDICIONES TRANSITO MOMENTO,0,0,0,0,21:33:00
-72.9579413,-36.618378,1477,8,REGION BIO BIO,8111,TOME,IGNACIO SERRANO, ,1055,"Ignacio Serrano 1055, Tome, Tomé, Bío Bío, Chile",-36.618378,-72.9579413,1,ROOFTOP,2020,1305861,2020/10/13 00:00:00+00,CHOQUE POSTERIOR/FRENTE,CHOQUE,URBANA,IMPRUDENCIA DEL CONDUCTOR,CONDUCIR VEHICULO EN RETROCESO,0,0,0,0,10:30:00
-72.3619338,-37.4761249,1478,8,REGION BIO BIO,8301,LOS ANGELES,PATRICIO LYNCH, ,975,"Patricio Lynch 975, Los Angeles, Los Ángeles, Bío Bío, Chile",-37.4761249,-72.3619338,1,RANGE_INTERPOLATED,2020,1256303,2020/01/05 00:00:00+00,ATROPELLO,ATROPELLO,URBANA,IMPRUDENCIA DEL CONDUCTOR,CONDUCCION NO ATENTO CONDICIONES TRANSITO MOMENTO,0,0,0,1,18:00:00
-73.1146986,-36.7687636,1479,8,REGION BIO BIO,8110,TALCAHUANO,GRAN BRETAÑA, ,4889,"Gran Bretaña 4889, Talcahuano, Bío Bío, Chile",-36.7687636,-73.1146986,1,ROOFTOP,2020,1313374,2020/11/25 00:00:00+00,CHOQUE,CHOQUE,URBANA,PERDIDA CONTROL VEHICULO,PERDIDA CONTROL VEHICULO,0,0,0,0,11:45:00
-73.0319916,-36.8147233,1480,8,REGION BIO BIO,8101,CONCEPCION,LOS CARRERA, ,2257,"Av. los Carrera 2257, Concepción, Bío Bío, Chile",-36.8147233,-73.0319916,1,ROOFTOP,2020,1253936,2020/01/03 00:00:00+00,CHOQUE FRONTAL,CHOQUE,URBANA,ALCOHOL EN CONDUCTOR,CONDUCCION BAJO LA INFLUENCIA DEL ALCOHOL,0,0,0,0,03:20:00
-73.0315217,-36.9051968,1481,8,REGION BIO BIO,8103,CHIGUAYANTE,COSTANERA,AVDA OCHO ORIENTE,0,"Obispo San Miguel / Oriente, Chiguayante, Bío Bío, Chile",-36.9051968,-73.0315217,1,GEOMETRIC_CENTER,2020,1313670,2020/11/19 00:00:00+00,COLISION LATERAL,COLISION,URBANA,CAUSAS NO DETERMINADAS,CAUSAS NO DETERMINADAS,0,0,0,0,12:15:00
-73.1099531,-36.7866757,1482,8,REGION BIO BIO,8112,HUALPEN,O-60,GRAN BRETAÑA,0,"Hualpén, Bío Bío, Chile",-36.7866757,-73.1099531,1,APPROXIMATE,2020,1309265,2020/11/04 00:00:00+00,VOLCADURA,VOLCADURA,URBANA,ALCOHOL EN CONDUCTOR,CONDUCCION EN ESTADO DE EBRIEDAD,0,0,0,1,00:50:00
-73.0988847,-36.7414124,1483,8,REGION BIO BIO,8110,TALCAHUANO,LAS AMAPOLAS,CRISTOBAL COLON,0,"Colón 3180, Talcahuano, Bío Bío, Chile",-36.7414124,-73.0988847,1,ROOFTOP,2020,1254140,2020/01/06 00:00:00+00,COLISION LATERAL,COLISION,URBANA,DESOBEDIENCIA A SEÑALIZACION,SEÑALIZACION DESOBEDECER LUZ ROJA DE SEMAFORO,0,0,0,0,16:00:00
-73.1167368,-36.8305354,1484,8,REGION BIO BIO,8108,SAN PEDRO DE LA PAZ,2DA FAJA AL VOLCAN, ,673,"San Pedro de la Paz, Bío Bío, Chile",-36.8305354,-73.1167368,1,APPROXIMATE,2020,1318331,2020/12/09 00:00:00+00,CHOQUE POSTERIOR/FRENTE,CHOQUE,URBANA,IMPRUDENCIA DEL CONDUCTOR,CONDUCCION NO ATENTO CONDICIONES TRANSITO MOMENTO,0,0,0,0,20:00:00
-73.1120217,-36.7767578,1485,8,REGION BIO BIO,8110,TALCAHUANO,GRAN BRETAÑA,LAS GOLONDRINAS,0,"Gran Bretaña & Avenida Las Golondrinas, Hualpén, Bío Bío, Chile",-36.7767578,-73.1120217,2,GEOMETRIC_CENTER,2020,1312824,2020/11/10 00:00:00+00,COLISION LATERAL,COLISION,URBANA,IMPRUDENCIA DEL CONDUCTOR,VIRAJES INDEBIDOS,0,0,0,1,20:30:00
-73.05034,-36.8183818,1486,8,REGION BIO BIO,8101,CONCEPCION,TUCAPEL, ,1137,"Tucapel 1137, Concepción, Bío Bío, Chile",-36.8183818,-73.05034,1,ROOFTOP,2020,1319701,2020/12/07 00:00:00+00,OTRO TIPO,OTRO TIPO,URBANA,OTRAS CAUSAS,OTRAS CAUSAS,0,0,0,1,17:05:00
-73.1425214,-36.8571701,1487,8,REGION BIO BIO,8108,SAN PEDRO DE LA PAZ,CARLOS PEZOA VELIZ,LAS TORRES,0,"San Pedro de la Paz, Región del Bío Bío, Calle - Av. 4 Norte 955, San Pedro de la Paz, Bío Bío, Chile",-36.8571701,-73.1425214,1,ROOFTOP,2020,1278461,2020/04/28 00:00:00+00,CHOQUE FRONTAL,CHOQUE,URBANA,IMPRUDENCIA DEL CONDUCTOR,CONDUCCION NO ATENTO CONDICIONES TRANSITO MOMENTO,0,0,0,1,13:30:00
-73.1110951,-36.7977182,1488,8,REGION BIO BIO,8112,HUALPEN,AVENIDA DOS, ,458,"Av. Dos 458, Hualpén, Bío Bío, Chile",-36.7977182,-73.1110951,1,ROOFTOP,2020,1282091,2020/05/22 00:00:00+00,CHOQUE FRONTAL,CHOQUE,URBANA,ALCOHOL EN CONDUCTOR,CONDUCCION BAJO LA INFLUENCIA DEL ALCOHOL,0,0,0,0,02:00:00
-73.1545822,-37.0920575,1489,8,REGION BIO BIO,8106,LOTA,CARRETERA FERNANDO MAIRA, ,1030,"Lota, Región del Biobío, Chile",-37.0920575,-73.1545822,1,APPROXIMATE,2020,1285104,2020/06/04 00:00:00+00,CHOQUE FRONTAL,CHOQUE,URBANA,CAUSAS NO DETERMINADAS,CAUSAS NO DETERMINADAS,0,0,0,0,22:00:00
-72.9958687,-36.7390425,1490,8,REGION BIO BIO,8107,PENCO,HERAS, ,300,"Las Heras 300, Penco, Bío Bío, Chile",-36.7390425,-72.9958687,1,ROOFTOP,2020,1263374,2020/02/06 00:00:00+00,CHOQUE FRENTE/POSTERIOR,CHOQUE,URBANA,IMPRUDENCIA DEL CONDUCTOR,CONDUCCION NO ATENTO CONDICIONES TRANSITO MOMENTO,0,1,0,0,17:20:00
-73.1527368,-37.0838756,1491,8,REGION BIO BIO,8106,LOTA,FERNANDO MAIRA, ,467,"Fernando Maira Nº 580 – A, Sector La Cantera, Lota, Bío Bío, Chile",-37.0838756,-73.1527368,1,GEOMETRIC_CENTER,2020,1278761,2020/05/02 00:00:00+00,COLISION POR ALCANCE,COLISION,URBANA,IMPRUDENCIA DEL CONDUCTOR,CONDUCCION NO ATENTO CONDICIONES TRANSITO MOMENTO,0,0,2,1,15:27:00
-72.3316269,-37.4508724,1492,8,REGION BIO BIO,8301,LOS ANGELES,NIEVES VASQUEZ, ,419,"Av. Nieves Vásquez 419, Los Ángeles, Bío Bío, Chile",-37.4508724,-72.3316269,1,RANGE_INTERPOLATED,2020,1278766,2020/05/01 00:00:00+00,CHOQUE FRENTE/FRENTE,CHOQUE,URBANA,IMPRUDENCIA DEL CONDUCTOR,CONDUCCION NO ATENTO CONDICIONES TRANSITO MOMENTO,0,0,0,0,21:20:00
-72.9749208,-36.7109107,1493,8,REGION BIO BIO,8107,PENCO,MANUEL RODRIGUEZ, ,33,"Manuel Rodríguez 33, Lirquen, Penco, Bío Bío, Chile",-36.7109107,-72.9749208,1,RANGE_INTERPOLATED,2020,1253535,2020/01/02 00:00:00+00,CHOQUE LATERAL,CHOQUE,URBANA,IMPRUDENCIA DEL CONDUCTOR,CONDUCCION NO ATENTO CONDICIONES TRANSITO MOMENTO,0,0,0,0,12:15:00
-73.1464163,-36.8487997,1494,8,REGION BIO BIO,8108,SAN PEDRO DE LA PAZ,FRESIA,LAS INDUSTRIAS,0,"Fresia 3145, San Pedro de la Paz, Bío Bío, Chile",-36.8487997,-73.1464163,1,ROOFTOP,2020,1255719,2020/01/02 00:00:00+00,CHOQUE FRENTE/POSTERIOR,CHOQUE,URBANA,IMPRUDENCIA DEL CONDUCTOR,CONDUCCION NO ATENTO CONDICIONES TRANSITO MOMENTO,0,0,0,0,13:30:00
-72.9833,-36.7333,1495,8,REGION BIO BIO,8107,PENCO,CORHABIT, ,42,"Penco, Bío Bío, Chile",-36.7333,-72.9833,1,APPROXIMATE,2020,1253330,2020/01/01 00:00:00+00,CHOQUE,CHOQUE,URBANA,IMPRUDENCIA DEL CONDUCTOR,CONDUCCION NO ATENTO CONDICIONES TRANSITO MOMENTO,0,0,0,0,15:10:00
-73.3166644,-37.2457765,1496,8,REGION BIO BIO,8202,ARAUCO,MONSALVES,PATRIA,0,"Arauco, Bío Bío, Chile",-37.2457765,-73.3166644,1,APPROXIMATE,2020,1256893,2020/01/09 00:00:00+00,CHOQUE LADO/POSTERIOR,CHOQUE,RURAL,CAUSAS NO DETERMINADAS,CAUSAS NO DETERMINADAS,0,0,0,6,08:00:00
-72.8923008,-36.7920111,1497,8,REGION BIO BIO,8107,PENCO,CAMINO LAS PATAGUAS, ,0,"Las Pataguas, Penco, Bío Bío, Chile",-36.7920111,-72.8923008,1,APPROXIMATE,2020,1253602,2020/01/01 00:00:00+00,CHOQUE FRONTAL,CHOQUE,RURAL,IMPRUDENCIA DEL CONDUCTOR,CONDUCCION NO ATENTO CONDICIONES TRANSITO MOMENTO,0,0,0,2,15:10:00
-73.0848903,-36.7443876,1498,8,REGION BIO BIO,8110,TALCAHUANO,VOLCAN OSORNO,ALMTE NEFF,0,"Almte. Neff & Volcan Osorno, Talcahuano, Bío Bío, Chile",-36.7443876,-73.0848903,1,GEOMETRIC_CENTER,2020,1254128,2020/01/04 00:00:00+00,COLISION LATERAL,COLISION,URBANA,DESOBEDIENCIA A SEÑALIZACION,SEÑALIZACION DESOBEDECER SEÑAL PARE,0,0,0,2,13:00:00
-73.0848903,-36.7443876,1499,8,REGION BIO BIO,8110,TALCAHUANO,VOLCAN OSORNO,ALMTE NEFF,0,"Almte. Neff & Volcan Osorno, Talcahuano, Bío Bío, Chile",-36.7443876,-73.0848903,1,GEOMETRIC_CENTER,2020,1254131,2020/01/04 00:00:00+00,COLISION LATERAL,COLISION,URBANA,DESOBEDIENCIA A SEÑALIZACION,SEÑALIZACION DESOBEDECER SEÑAL PARE,0,0,0,2,13:00:00
-72.9552389,-36.6183863,1500,8,REGION BIO BIO,8111,TOME,MANUEL MONTT, ,1192,"Manuel Montt 1192, Tome, Tomé, Bío Bío, Chile",-36.6183863,-72.9552389,1,ROOFTOP,2020,1254351,2020/01/02 00:00:00+00,COLISION LATERAL,COLISION,URBANA,IMPRUDENCIA DEL CONDUCTOR,CONDUCCION NO ATENTO CONDICIONES TRANSITO MOMENTO,0,0,0,0,11:50:00
-72.397895,-37.0318561,1501,8,REGION BIO BIO,8303,CABRERO,LAS VIOLETAS, ,325,"C. las Violetas 325, Cabrero, Bío Bío, Chile",-37.0318561,-72.397895,1,ROOFTOP,2020,1254583,2020/01/02 00:00:00+00,COLISION LATERAL,COLISION,URBANA,IMPRUDENCIA DEL CONDUCTOR,CONDUCCION NO ATENTO CONDICIONES TRANSITO MOMENTO,0,0,0,0,21:30:00
-73.6508056,-37.6072861,1502,8,REGION BIO BIO,8201,LEBU,ARTURO PRAT,LATORRE,0,"Latorre & Prat, Lebu, Bío Bío, Chile",-37.6072861,-73.6508056,1,GEOMETRIC_CENTER,2020,1254915,2020/01/07 00:00:00+00,COLISION FRONTAL,COLISION,URBANA,IMPRUDENCIA DEL CONDUCTOR,NO RESPETAR DERECHO PREFERENTE DE PASO A VEHICULO,0,0,0,0,00:00:00