X,Y,FID,COD_REG,REGION,CUT,COMUNA,CALLE_UNO,CALLE_DOS,NUMERO,DIR_GEOCOD,LAT,LNG,VAL_COM,TIPO,Año,Idaccident,Fecha,Tipo_Accid,Tipo__CONA,Zona,Causa__CON,Causa,Fallecidos,Graves,Menos_Grav,Leves,Hora
-73.320741,-37.247951,1503,8,REGION BIO BIO,8202,ARAUCO,ARTURO PRAT,FRESIA,0,"Av. Arturo Prat 489, Arauco, Arauco, Bío Bío, Chile",-37.247951,-73.320741,1,GEOMETRIC_CENTER,2020,1255702,2020/01/01 00:00:00+00,CHOQUE FRONTAL,CHOQUE,URBANA,ALCOHOL EN CONDUCTOR,CONDUCCION EN ESTADO DE EBRIEDAD,0,0,0,0,12:25:00
-73.0866314,-36.777716,1504,8,REGION BIO BIO,8110,TALCAHUANO,CRISTOBAL COLON, ,2194,"Av. Cristóbal Colón # 6900, Talcahuano, Bío Bío, Chile",-36.777716,-73.0866314,1,ROOFTOP,2020,1255162,2020/01/06 00:00:00+00,COLISION LATERAL,COLISION,URBANA,IMPRUDENCIA DEL CONDUCTOR,VIRAJES INDEBIDOS,0,0,0,1,22:50:00
-73.1137304,-36.772753,1505,8,REGION BIO BIO,8110,TALCAHUANO,GRAN BRETAÑA, ,5475,"Gran Bretaña 5475, Talcahuano, Bío Bío, Chile",-36.772753,-73.1137304,1,ROOFTOP,2020,1255359,2020/01/08 00:00:00+00,CHOQUE FRENTE/POSTERIOR,CHOQUE,URBANA,IMPRUDENCIA DEL CONDUCTOR,CONDUCCION SIN MANTENER DISTANCIA RAZONABLE NI PRUDENTE,0,0,0,0,09:10:00
-73.1148289,-36.7677964,1506,8,REGION BIO BIO,8110,TALCAHUANO,GRAN BRETAÑA, ,4991,"Gran Bretaña 4991, Talcahuano, Bío Bío, Chile",-36.7677964,-73.1148289,1,ROOFTOP,2020,1255388,2020/01/08 00:00:00+00,CHOQUE POSTERIOR/FRENTE,CHOQUE,URBANA,IMPRUDENCIA DEL CONDUCTOR,CONDUCCION NO ATENTO CONDICIONES TRANSITO MOMENTO,0,0,0,0,08:52:00
-72.5602064,-37.0972235,1507,8,REGION BIO BIO,8313,YUMBEL,CASTELLON,ANIBAL PINTO,0,"Anibal Pinto & Castellón, Yumbel, Bío Bío, Chile",-37.0972235,-72.5602064,1,GEOMETRIC_CENTER,2020,1255400,2020/01/06 00:00:00+00,COLISION LATERAL,COLISION,URBANA,IMPRUDENCIA DEL CONDUCTOR,CONDUCCION NO ATENTO CONDICIONES TRANSITO MOMENTO,0,0,0,0,09:02:00
-73.1222221,-36.746927,1508,8,REGION BIO BIO,8110,TALCAHUANO,GRAN BRETAÑA, ,2235,"Gran Bretaña 2235, Talcahuano, Bío Bío, Chile",-36.746927,-73.1222221,1,ROOFTOP,2020,1255409,2020/01/08 00:00:00+00,VOLCADURA,VOLCADURA,URBANA,PERDIDA CONTROL VEHICULO,PERDIDA CONTROL VEHICULO,0,0,0,1,21:40:00
-73.3213725,-37.2462906,1509,8,REGION BIO BIO,8202,ARAUCO,ARTURO PRAT,CARLOS CONDELL,0,"Avenida Arturo Prat & Carlos Condell, Arauco, Bío Bío, Chile",-37.2462906,-73.3213725,1,GEOMETRIC_CENTER,2020,1274823,2020/03/14 00:00:00+00,CHOQUE POSTERIOR/POSTERIOR,CHOQUE,URBANA,IMPRUDENCIA DEL CONDUCTOR,CONDUCIR VEHICULO EN RETROCESO,0,0,0,0,12:10:00
-73.0833749,-36.7430747,1510,8,REGION BIO BIO,8110,TALCAHUANO,VASCO NUÑEZ DE BALBOA, ,6183,"Vasco Núñez de Balboa 6183, Talcahuano, Bío Bío, Chile",-36.7430747,-73.0833749,1,RANGE_INTERPOLATED,2020,1255421,2020/01/08 00:00:00+00,COLISION LATERAL,COLISION,URBANA,IMPRUDENCIA DEL CONDUCTOR,VIRAJES INDEBIDOS,0,0,0,2,11:15:00
-72.7224851,-37.264683,1511,8,REGION BIO BIO,8310,SAN ROSENDO,PEDRO MONTT, ,240,"Pedro Montt 240, San Rosendo, Bío Bío, Chile",-37.264683,-72.7224851,1,RANGE_INTERPOLATED,2020,1255429,2020/01/07 00:00:00+00,ATROPELLO,ATROPELLO,URBANA,IMPRUDENCIA DEL CONDUCTOR,CONDUCCION NO ATENTO CONDICIONES TRANSITO MOMENTO,0,0,0,1,17:20:00
-73.0836537,-36.7440817,1512,8,REGION BIO BIO,8110,TALCAHUANO,CLAUDIO GAY,ALMTE NEFF,0,"Claudio Gay & Almirante Neff, Talcahuano, Bío Bío, Chile",-36.7440817,-73.0836537,1,GEOMETRIC_CENTER,2020,1255433,2020/01/09 00:00:00+00,COLISION LATERAL,COLISION,URBANA,DESOBEDIENCIA A SEÑALIZACION,SEÑALIZACION DESOBEDECER SEÑAL CEDA EL PASO,0,0,0,0,17:40:00
-73.0670897,-36.7965501,1513,8,REGION BIO BIO,8110,TALCAHUANO,JORGE ALESSANDRI PALMA, ,405,"Av. Pdte. Jorge Alessandri Rodriguez, Talcahuano, Bío Bío, Chile",-36.7965501,-73.0670897,1,GEOMETRIC_CENTER,2020,1255466,2020/01/09 00:00:00+00,COLISION POR ALCANCE,COLISION,URBANA,IMPRUDENCIA DEL CONDUCTOR,ADELANTAMIENTO SIN EL ESPACIO O TIEMPO SUFICIENTE,0,0,0,0,20:57:00
-73.0417691,-36.8189691,1514,8,REGION BIO BIO,8101,CONCEPCION,LOS CARRERA,LAUTARO,0,"Lautaro & Avenida los Carrera, Concepción, Bío Bío, Chile",-36.8189691,-73.0417691,1,GEOMETRIC_CENTER,2020,1255504,2020/01/08 00:00:00+00,COLISION PERPENDICULAR,COLISION,URBANA,IMPRUDENCIA DEL CONDUCTOR,CONDUCCION NO ATENTO CONDICIONES TRANSITO MOMENTO,0,0,0,1,16:30:00
-73.0461896,-36.8222157,1515,8,REGION BIO BIO,8101,CONCEPCION,MAIPU,OROMPELLO,0,"Maipú & Orompello, Concepción, Bío Bío, Chile",-36.8222157,-73.0461896,1,GEOMETRIC_CENTER,2020,1255565,2020/01/08 00:00:00+00,COLISION,COLISION,URBANA,IMPRUDENCIA DEL CONDUCTOR,CONDUCCION NO ATENTO CONDICIONES TRANSITO MOMENTO,0,0,0,0,15:20:00
-73.3967578,-37.7986316,1516,8,REGION BIO BIO,8203,CAÑETE,SEGUNDO DE LINEA,RIQUELME,0,"2 de Linea & Riquelme, Canete, Cañete, Bío Bío, Chile",-37.7986316,-73.3967578,1,GEOMETRIC_CENTER,2020,1255608,2020/01/09 00:00:00+00,COLISION,COLISION,URBANA,IMPRUDENCIA DEL CONDUCTOR,NO RESPETAR DERECHO PREFERENTE DE PASO A VEHICULO,0,0,0,1,15:30:00
-73.0549535,-36.825844,1517,8,REGION BIO BIO,8101,CONCEPCION,LINCOYAN,MAIPU,0,"Maipú & Lincoyán, Concepción, Bío Bío, Chile",-36.825844,-73.0549535,1,GEOMETRIC_CENTER,2020,1255635,2020/01/09 00:00:00+00,COLISION PERPENDICULAR,COLISION,URBANA,IMPRUDENCIA DEL CONDUCTOR,CONDUCCION NO ATENTO CONDICIONES TRANSITO MOMENTO,0,0,0,0,12:05:00
-72.3666875,-37.4676581,1518,8,REGION BIO BIO,8301,LOS ANGELES,COSTANERA QUILQUE,RENGO,0,"Costanera Quilque Sur - Unnamed Road, Los Angeles, Los Ángeles, Bío Bío, Chile",-37.4676581,-72.3666875,1,GEOMETRIC_CENTER,2020,1258208,2020/01/18 00:00:00+00,COLISION,COLISION,URBANA,IMPRUDENCIA DEL CONDUCTOR,CONDUCCION NO ATENTO CONDICIONES TRANSITO MOMENTO,0,0,0,0,12:45:00
-73.1464163,-36.8487997,1519,8,REGION BIO BIO,8108,SAN PEDRO DE LA PAZ,FRESIA,LAS INDUSTRIAS,0,"Fresia 3145, San Pedro de la Paz, Bío Bío, Chile",-36.8487997,-73.1464163,1,ROOFTOP,2020,1255780,2020/01/05 00:00:00+00,COLISION POR ALCANCE,COLISION,URBANA,IMPRUDENCIA DEL CONDUCTOR,CONDUCCION NO ATENTO CONDICIONES TRANSITO MOMENTO,0,0,0,3,13:30:00
-72.9630453,-36.6095775,1520,8,REGION BIO BIO,8111,TOME,MALAQUIAS CONCHA,PEDRO DE VALDIVIA,0,"Malaquías Concha & Pedro de Valdivia, Tome, Tomé, Bío Bío, Chile",-36.6095775,-72.9630453,1,GEOMETRIC_CENTER,2020,1255850,2020/01/12 00:00:00+00,COLISION PERPENDICULAR,COLISION,URBANA,IMPRUDENCIA DEL CONDUCTOR,CONDUCCION NO ATENTO CONDICIONES TRANSITO MOMENTO,0,0,0,0,15:00:00
-72.6743066,-37.5083946,1521,8,REGION BIO BIO,8306,NACIMIENTO,JULIO HEMMELMANN,EDUARDO FREI,0,"Av. Julio Hemmelmann, Nacimiento, Bío Bío, Chile",-37.5083946,-72.6743066,1,GEOMETRIC_CENTER,2020,1255981,2020/01/08 00:00:00+00,COLISION,COLISION,URBANA,DESOBEDIENCIA A SEÑALIZACION,SEÑALIZACION DESOBEDECER SEÑAL PARE,0,0,0,2,08:35:00
-72.6729897,-37.5030615,1522,8,REGION BIO BIO,8306,NACIMIENTO,ANIBAL PINTO, ,581,"Anibal Pinto 581, Nacimiento, Bío Bío, Chile",-37.5030615,-72.6729897,1,ROOFTOP,2020,1256002,2020/01/08 00:00:00+00,CHOQUE,CHOQUE,URBANA,IMPRUDENCIA DEL CONDUCTOR,CONDUCCION NO ATENTO CONDICIONES TRANSITO MOMENTO,0,0,0,0,13:50:00
-73.6508056,-37.6072861,1523,8,REGION BIO BIO,8201,LEBU,LATORRE,PRAT,0,"Latorre & Prat, Lebu, Bío Bío, Chile",-37.6072861,-73.6508056,1,GEOMETRIC_CENTER,2020,1256012,2020/01/11 00:00:00+00,COLISION POR ALCANCE,COLISION,URBANA,IMPRUDENCIA DEL CONDUCTOR,CONDUCCION NO ATENTO CONDICIONES TRANSITO MOMENTO,0,0,0,0,16:30:00
-72.671299,-37.5042467,1524,8,REGION BIO BIO,8306,NACIMIENTO,TUCAPEL,LA FRONTERA,0,"Prieto 650, Nacimiento, Bío Bío, Chile",-37.5042467,-72.671299,1,ROOFTOP,2020,1256019,2020/01/09 00:00:00+00,COLISION,COLISION,URBANA,DESOBEDIENCIA A SEÑALIZACION,SEÑALIZACION DESOBEDECER SEÑAL PARE,0,0,0,1,15:15:00
-72.0112487,-37.3952373,1525,8,REGION BIO BIO,8309,QUILLECO,COLO COLO,GALVARINO,0,"población Isabel Riquelme - Colo-Colo 31, Canteras, Quilleco, Bío Bío, Chile",-37.3952373,-72.0112487,1,ROOFTOP,2020,1256130,2020/01/01 00:00:00+00,VOLCADURA,VOLCADURA,URBANA,PERDIDA CONTROL VEHICULO,PERDIDA CONTROL VEHICULO,0,1,0,0,21:00:00
-73.6519207,-37.6078993,1526,8,REGION BIO BIO,8201,LEBU,BULNES,PEDRO AGUIRRE CERDA,0,"Bulnes 130, Lebu, Bío Bío, Chile",-37.6078993,-73.6519207,1,ROOFTOP,2020,1258597,2020/01/21 00:00:00+00,CHOQUE LADO/FRENTE,CHOQUE,URBANA,ALCOHOL EN CONDUCTOR,CONDUCCION EN ESTADO DE EBRIEDAD,0,0,0,0,07:35:00
-73.1130962,-36.7343604,1527,8,REGION BIO BIO,8110,TALCAHUANO,ISLA SAN AMBROSIO,ALTO HORNO,0,"Alto Horno & Isla San Ambrosio, Talcahuano, Bío Bío, Chile",-36.7343604,-73.1130962,1,GEOMETRIC_CENTER,2020,1316848,2020/12/06 00:00:00+00,COLISION LATERAL,COLISION,URBANA,IMPRUDENCIA DEL CONDUCTOR,NO RESPETAR DERECHO PREFERENTE DE PASO A VEHICULO,0,0,0,0,00:10:00
-72.3683669,-37.4801677,1528,8,REGION BIO BIO,8301,LOS ANGELES,VICUÑA MACKENNA,PADRE HURTADO,0,"Av. Vicuña Mackenna & Av. Padre Hurtado, Los Angeles, Los Ángeles, Bío Bío, Chile",-37.4801677,-72.3683669,1,GEOMETRIC_CENTER,2020,1256124,2020/01/01 00:00:00+00,COLISION FRONTAL,COLISION,URBANA,ALCOHOL EN CONDUCTOR,CONDUCCION BAJO LA INFLUENCIA DEL ALCOHOL,0,0,0,3,06:45:00
-72.3598725,-37.4803453,1529,8,REGION BIO BIO,8301,LOS ANGELES,VICUÑA MACKENNA,JOSE MIGUEL INFANTE,0,"Av. Vicuña Mackenna & Jose Miguel Infante, Los Angeles, Los Ángeles, Bío Bío, Chile",-37.4803453,-72.3598725,1,GEOMETRIC_CENTER,2020,1256176,2020/01/02 00:00:00+00,COLISION LATERAL,COLISION,URBANA,IMPRUDENCIA DEL CONDUCTOR,CONDUCCION NO ATENTO CONDICIONES TRANSITO MOMENTO,0,0,0,0,22:50:00
-73.100243,-36.8407016,1530,8,REGION BIO BIO,8108,SAN PEDRO DE LA PAZ,LOS CANELOS,MADRESELVAS,0,"Los Canelos & Madreselvas, San Pedro de la Paz, Bío Bío, Chile",-36.8407016,-73.100243,1,GEOMETRIC_CENTER,2020,1256227,2020/01/10 00:00:00+00,COLISION POR ALCANCE,COLISION,URBANA,IMPRUDENCIA DEL CONDUCTOR,CONDUCCION NO ATENTO CONDICIONES TRANSITO MOMENTO,0,0,0,0,12:10:00
-73.1429803,-36.8277464,1531,8,REGION BIO BIO,8108,SAN PEDRO DE LA PAZ,BIO BIO,PASAJE DOS,0,"Pasaje Dos & Bío Bío, San Pedro de la Paz, Bío Bío, Chile",-36.8277464,-73.1429803,1,GEOMETRIC_CENTER,2020,1256242,2020/01/10 00:00:00+00,CHOQUE POSTERIOR/FRENTE,CHOQUE,URBANA,IMPRUDENCIA DEL CONDUCTOR,CONDUCCION NO ATENTO CONDICIONES TRANSITO MOMENTO,0,0,0,0,16:25:00
-73.3153004,-37.2468583,1532,8,REGION BIO BIO,8202,ARAUCO,SAN MARTIN, ,418,"San Martin 418, Arauco, Bío Bío, Chile",-37.2468583,-73.3153004,1,RANGE_INTERPOLATED,2020,1256245,2020/01/06 00:00:00+00,CHOQUE POSTERIOR,CHOQUE,URBANA,IMPRUDENCIA DEL CONDUCTOR,CONDUCIR VEHICULO EN RETROCESO,0,0,0,0,12:55:00
-73.1175023,-36.7256576,1533,8,REGION BIO BIO,8110,TALCAHUANO,IGANCIO DIAZ, ,130,"Ignacio Díaz 130, Talcahuano, Bío Bío, Chile",-36.7256576,-73.1175023,1,ROOFTOP,2020,1256287,2020/01/10 00:00:00+00,COLISION FRONTAL,COLISION,URBANA,ALCOHOL EN CONDUCTOR,CONDUCCION EN ESTADO DE EBRIEDAD,0,0,0,0,23:15:00
-73.0052809,-36.8322803,1534,8,REGION BIO BIO,8101,CONCEPCION,INDEPENDENCIA, ,16,"Independencia 16, Concepción, Bío Bío, Chile",-36.8322803,-73.0052809,1,ROOFTOP,2020,1261178,2020/01/31 00:00:00+00,CHOQUE FRONTAL,CHOQUE,URBANA,CAUSAS NO DETERMINADAS,CAUSAS NO DETERMINADAS,0,0,0,0,22:20:00
-72.3514128,-37.476876,1535,8,REGION BIO BIO,8301,LOS ANGELES,PATRICIO LYNCH,OHIGGINS,0,"Patricio Lynch & Bernardo OHiggins, Los Angeles, Los Ángeles, Bío Bío, Chile",-37.476876,-72.3514128,1,GEOMETRIC_CENTER,2020,1256473,2020/01/05 00:00:00+00,COLISION,COLISION,URBANA,DESOBEDIENCIA A SEÑALIZACION,SEÑALIZACION DESOBEDECER SEÑAL PARE,0,0,0,0,18:55:00
-72.335094,-37.4561301,1536,8,REGION BIO BIO,8301,LOS ANGELES,ORIENTE, ,1231,"Av. Ote. 1231, Los Ángeles, Bío Bío, Chile",-37.4561301,-72.335094,1,ROOFTOP,2020,1256522,2020/01/06 00:00:00+00,COLISION PERPENDICULAR,COLISION,URBANA,IMPRUDENCIA DEL CONDUCTOR,CONDUCCION CAMBIAR SORPRESIVAMENTE PISTA CIRCULACION,0,0,0,0,10:00:00
-73.1115858,-36.7977159,1537,8,REGION BIO BIO,8112,HUALPEN,CALLE DOS,AVDA DOS,0,"Av. Dos, Hualpén, Bío Bío, Chile",-36.7977159,-73.1115858,1,GEOMETRIC_CENTER,2020,1256561,2020/01/08 00:00:00+00,VOLCADURA,VOLCADURA,URBANA,PERDIDA CONTROL VEHICULO,PERDIDA CONTROL VEHICULO,0,0,0,1,12:05:00
-72.3573219,-37.4700098,1538,8,REGION BIO BIO,8301,LOS ANGELES,ARTURO PRAT,LAUTARO,0,"Lautaro & Arturo Prat, Los Angeles, Los Ángeles, Bío Bío, Chile",-37.4700098,-72.3573219,1,GEOMETRIC_CENTER,2020,1256566,2020/01/07 00:00:00+00,COLISION LATERAL,COLISION,URBANA,DESOBEDIENCIA A SEÑALIZACION,SEÑALIZACION DESOBEDECER SEÑAL PARE,0,0,0,0,19:25:00
-72.359072,-37.4689656,1539,8,REGION BIO BIO,8301,LOS ANGELES,COLO COLO,URENDA,0,"Colo Colo & Urenda, Los Angeles, Los Ángeles, Bío Bío, Chile",-37.4689656,-72.359072,1,GEOMETRIC_CENTER,2020,1256569,2020/01/07 00:00:00+00,COLISION,COLISION,URBANA,IMPRUDENCIA DEL CONDUCTOR,CONDUCCION NO ATENTO CONDICIONES TRANSITO MOMENTO,0,0,0,0,14:50:00
-72.3268081,-37.454496,1540,8,REGION BIO BIO,8301,LOS ANGELES,LAS INDUSTRIAS, ,7610,"Av Las Industrias 7610, Los Ángeles, Bío Bío, Chile",-37.454496,-72.3268081,1,RANGE_INTERPOLATED,2020,1256592,2020/01/08 00:00:00+00,COLISION PERPENDICULAR,COLISION,URBANA,IMPRUDENCIA DEL CONDUCTOR,CONDUCCION NO ATENTO CONDICIONES TRANSITO MOMENTO,0,0,0,0,07:20:00
-73.0675954,-36.7733738,1541,8,REGION BIO BIO,8110,TALCAHUANO,CALLE A,CALLE B,0,"C. B, Talcahuano, Bío Bío, Chile",-36.7733738,-73.0675954,1,GEOMETRIC_CENTER,2020,1256608,2020/01/14 00:00:00+00,COLISION LATERAL,COLISION,URBANA,IMPRUDENCIA DEL CONDUCTOR,VIRAJES INDEBIDOS,0,0,0,0,14:00:00
-72.348248,-37.4702825,1542,8,REGION BIO BIO,8301,LOS ANGELES,VILLAGRAN,LAUTARO,0,"Villagrán & Lautaro, Los Angeles, Los Ángeles, Bío Bío, Chile",-37.4702825,-72.348248,1,GEOMETRIC_CENTER,2020,1256612,2020/01/08 00:00:00+00,COLISION,COLISION,URBANA,IMPRUDENCIA DEL CONDUCTOR,CONDUCCION NO ATENTO CONDICIONES TRANSITO MOMENTO,0,0,0,2,16:50:00
-72.356046,-37.4636709,1543,8,REGION BIO BIO,8301,LOS ANGELES,GALVARINO,MIRIAM CONCHA,0,"Galvarino & Mirian Concha, Los Angeles, Los Ángeles, Bío Bío, Chile",-37.4636709,-72.356046,1,GEOMETRIC_CENTER,2020,1256616,2020/01/08 00:00:00+00,VOLCADURA,VOLCADURA,URBANA,IMPRUDENCIA DEL CONDUCTOR,CONDUCCION SIN MANTENER DISTANCIA RAZONABLE NI PRUDENTE,0,0,0,2,20:50:00
-72.9553828,-36.6102399,1544,8,REGION BIO BIO,8111,TOME,VICENTE PALACIOS, ,1095,"Vicente Palacios 1095, Tome, Tomé, Bío Bío, Chile",-36.6102399,-72.9553828,1,RANGE_INTERPOLATED,2020,1256683,2020/01/14 00:00:00+00,COLISION LATERAL,COLISION,RURAL,PERDIDA CONTROL VEHICULO,PERDIDA CONTROL VEHICULO,0,0,1,2,13:48:00
-73.327642,-37.2436955,1545,8,REGION BIO BIO,8202,ARAUCO,FRESIA,GALVARINO,0,"Fresia & Galvarino, Arauco, Bío Bío, Chile",-37.2436955,-73.327642,1,GEOMETRIC_CENTER,2020,1256695,2020/01/09 00:00:00+00,CHOQUE POSTERIOR,CHOQUE,URBANA,IMPRUDENCIA DEL CONDUCTOR,CONDUCCION NO ATENTO CONDICIONES TRANSITO MOMENTO,0,0,0,0,21:40:00
-73.0359428,-36.8894991,1546,8,REGION BIO BIO,8103,CHIGUAYANTE,CAMINO A CHIGUAYANTE,PINTOR VENEGAS,0,"Camino A Chiguayante & Pintor Venegas, Chiguayante, Bío Bío, Chile",-36.8894991,-73.0359428,1,GEOMETRIC_CENTER,2020,1256828,2020/01/02 00:00:00+00,COLISION LATERAL,COLISION,URBANA,OTRAS CAUSAS,OTRAS CAUSAS,0,0,0,0,11:52:00
-73.0987671,-36.7620063,1547,8,REGION BIO BIO,8110,TALCAHUANO,RIO ANDALIEN, ,5251,"Río Andalién 5251, Talcahuano, Bío Bío, Chile",-36.7620063,-73.0987671,1,RANGE_INTERPOLATED,2020,1256848,2020/01/12 00:00:00+00,COLISION LATERAL,COLISION,URBANA,IMPRUDENCIA DEL CONDUCTOR,VIRAJES INDEBIDOS,0,0,0,0,20:22:00
-72.3536699,-37.4663091,1548,8,REGION BIO BIO,8301,LOS ANGELES,TUCAPEL, ,353,"Av. Tucapel 353, Los Angeles, Los Ángeles, Bío Bío, Chile",-37.4663091,-72.3536699,1,RANGE_INTERPOLATED,2020,1256952,2020/01/10 00:00:00+00,CHOQUE FRENTE/FRENTE,CHOQUE,URBANA,IMPRUDENCIA DEL CONDUCTOR,CONDUCCION NO ATENTO CONDICIONES TRANSITO MOMENTO,0,0,0,0,11:30:00
-72.3435198,-37.4604663,1549,8,REGION BIO BIO,8301,LOS ANGELES,OROMPELLO,LOS PEHUENCHES,0,"Orompello & Los Pehuenches, Los Angeles, Los Ángeles, Bío Bío, Chile",-37.4604663,-72.3435198,1,GEOMETRIC_CENTER,2020,1257058,2020/01/12 00:00:00+00,COLISION LATERAL,COLISION,URBANA,IMPRUDENCIA DEL CONDUCTOR,CONDUCCION NO ATENTO CONDICIONES TRANSITO MOMENTO,0,1,0,0,18:00:00
-72.3696399,-37.475059,1550,8,REGION BIO BIO,8301,LOS ANGELES,PADRE HURTADO, ,292,"Av. Padre Hurtado 292, Los Angeles, Los Ángeles, Bío Bío, Chile",-37.475059,-72.3696399,1,RANGE_INTERPOLATED,2020,1257059,2020/01/12 00:00:00+00,CHOQUE FRONTAL,CHOQUE,URBANA,ALCOHOL EN CONDUCTOR,CONDUCCION EN ESTADO DE EBRIEDAD,0,0,0,1,20:00:00
-72.354152,-37.4872447,1551,8,REGION BIO BIO,8301,LOS ANGELES,SAN AGUSTIN, ,1223,"San Agustín 1223, Los Angeles, Los Ángeles, Bío Bío, Chile",-37.4872447,-72.354152,1,ROOFTOP,2020,1257062,2020/01/13 00:00:00+00,CHOQUE FRENTE/POSTERIOR,CHOQUE,URBANA,IMPRUDENCIA DEL CONDUCTOR,CONDUCCION NO ATENTO CONDICIONES TRANSITO MOMENTO,0,0,0,0,23:10:00
-73.3480262,-37.4735056,1552,8,REGION BIO BIO,8205,CURANILAHUE,BERNARDO OHIGGINS, ,0,"Av. Bernardo OHiggins 111, Curanilahue, Bío Bío, Chile",-37.4735056,-73.3480262,1,ROOFTOP,2020,1257129,2020/01/02 00:00:00+00,CHOQUE,CHOQUE,URBANA,PERDIDA CONTROL VEHICULO,PERDIDA CONTROL VEHICULO,0,0,0,0,13:30:00
-73.1409968,-36.8918063,1553,8,REGION BIO BIO,8108,SAN PEDRO DE LA PAZ,MARIA LUISA BOMBAL, ,18,"María Luisa Bombal 18, San Pedro de la Paz, RM, Chile",-36.8918063,-73.1409968,1,ROOFTOP,2020,1257148,2020/01/15 00:00:00+00,CHOQUE FRONTAL,CHOQUE,URBANA,IMPRUDENCIA DEL CONDUCTOR,CONDUCCION NO ATENTO CONDICIONES TRANSITO MOMENTO,0,0,0,0,23:30:00
-73.4608937,-37.6259706,1554,8,REGION BIO BIO,8206,LOS ALAMOS,IGNACIO CARRERA PINTO,LUIZ SAEZ MORA,0,"Unnamed Road, Los Alamos, Bío Bío, Chile",-37.6259706,-73.4608937,1,GEOMETRIC_CENTER,2020,1257150,2020/01/15 00:00:00+00,ATROPELLO,ATROPELLO,URBANA,IMPRUDENCIA DEL CONDUCTOR,NO RESPETAR DERECHO PREFERENTE DE PASO A PEATON,0,0,0,1,08:10:00
-73.3560556,-37.4688662,1555,8,REGION BIO BIO,8205,CURANILAHUE,BERNARDO OHIGGINS, ,823,"Av. Bernardo OHiggins 823, Curanilahue, Bío Bío, Chile",-37.4688662,-73.3560556,1,RANGE_INTERPOLATED,2020,1257167,2020/01/09 00:00:00+00,ATROPELLO,ATROPELLO,URBANA,IMPRUDENCIA DEL CONDUCTOR,CONDUCCION NO ATENTO CONDICIONES TRANSITO MOMENTO,0,0,0,1,18:30:00
-72.3308854,-37.4670399,1556,8,REGION BIO BIO,8301,LOS ANGELES,ALEMANIA,MONTE CEA,0,"Avenida Alemania & Montecea, Los Angeles, Los Ángeles, Bío Bío, Chile",-37.4670399,-72.3308854,1,GEOMETRIC_CENTER,2020,1257172,2020/01/13 00:00:00+00,COLISION POR ALCANCE,COLISION,URBANA,IMPRUDENCIA DEL CONDUCTOR,CONDUCCION NO ATENTO CONDICIONES TRANSITO MOMENTO,0,0,0,1,14:00:00
-73.1653089,-37.0902007,1557,8,REGION BIO BIO,8106,LOTA,LORETO COUSIÑO,LAS INDUSTRIAS,0,"Parque Isidora Cousiño De Lota - Avenida El Parque 21 Lota, Biobío, Lota, Bío Bío, Chile",-37.0902007,-73.1653089,1,GEOMETRIC_CENTER,2020,1257179,2020/01/07 00:00:00+00,CHOQUE FRENTE/POSTERIOR,CHOQUE,URBANA,ALCOHOL EN CONDUCTOR,CONDUCCION EN ESTADO DE EBRIEDAD,0,0,0,0,10:50:00
-73.0436564,-36.8197164,1558,8,REGION BIO BIO,8101,CONCEPCION,PAICAVI,LOS CARRERA,0,"Los Carrera - Paicaví, Concepción, Bío Bío, Chile",-36.8197164,-73.0436564,1,GEOMETRIC_CENTER,2020,1257184,2020/01/14 00:00:00+00,COLISION PERPENDICULAR,COLISION,URBANA,IMPRUDENCIA DEL CONDUCTOR,CONDUCCION NO ATENTO CONDICIONES TRANSITO MOMENTO,0,0,0,0,07:50:00
-72.3536912,-37.4637562,1559,8,REGION BIO BIO,8301,LOS ANGELES,MENDOZA,GALVARINO,0,"Mendoza & Galvarino, Los Angeles, Los Ángeles, Bío Bío, Chile",-37.4637562,-72.3536912,1,GEOMETRIC_CENTER,2020,1257196,2020/01/13 00:00:00+00,COLISION LATERAL,COLISION,URBANA,IMPRUDENCIA DEL CONDUCTOR,CONDUCCION NO ATENTO CONDICIONES TRANSITO MOMENTO,0,0,0,0,17:40:00
-73.0292783,-36.8150787,1560,8,REGION BIO BIO,8101,CONCEPCION,COLLAO,MAIPU,0,"Collao & Maipú, Concepción, Bío Bío, Chile",-36.8150787,-73.0292783,1,GEOMETRIC_CENTER,2020,1257239,2020/01/15 00:00:00+00,COLISION LATERAL,COLISION,URBANA,IMPRUDENCIA DEL CONDUCTOR,CONDUCCION CAMBIAR SORPRESIVAMENTE PISTA CIRCULACION,0,0,0,0,07:20:00
-73.0467556,-36.828876,1561,8,REGION BIO BIO,8101,CONCEPCION,COCHRANE,COLO COLO,0,"Colo Colo & Cochrane, Concepción, Bío Bío, Chile",-36.828876,-73.0467556,1,GEOMETRIC_CENTER,2020,1257245,2020/01/14 00:00:00+00,CHOQUE,CHOQUE,URBANA,IMPRUDENCIA DEL CONDUCTOR,CONDUCIR VEHICULO EN RETROCESO,0,0,0,0,14:30:00