X,Y,FID,COD_REG,REGION,CUT,COMUNA,CALLE_UNO,CALLE_DOS,NUMERO,DIR_GEOCOD,LAT,LNG,VAL_COM,TIPO,Año,Idaccident,Fecha,Tipo_Accid,Tipo__CONA,Zona,Causa__CON,Causa,Fallecidos,Graves,Menos_Grav,Leves,Hora
-73.0022044,-36.8371237,1562,8,REGION BIO BIO,8101,CONCEPCION,LOS COPIHUES,LAS VERTIENTES,0,"Las Vertientes & Los Copihues, Concepción, Bío Bío, Chile",-36.8371237,-73.0022044,1,GEOMETRIC_CENTER,2020,1257262,2020/01/15 00:00:00+00,ATROPELLO,ATROPELLO,URBANA,IMPRUDENCIA DEL CONDUCTOR,CONDUCIR VEHICULO EN RETROCESO,0,0,0,0,14:30:00
-73.0529948,-36.8289288,1563,8,REGION BIO BIO,8101,CONCEPCION,LINCOYAN,OHIGGINS,0,"Lincoyán & Libertador Gral. Bernardo OHiggins, Concepción, Bío Bío, Chile",-36.8289288,-73.0529948,1,GEOMETRIC_CENTER,2020,1257272,2020/01/16 00:00:00+00,COLISION LATERAL,COLISION,URBANA,IMPRUDENCIA DEL CONDUCTOR,ADELANTAMIENTO SIN EL ESPACIO O TIEMPO SUFICIENTE,0,0,0,0,16:45:00
-73.0508421,-36.8267498,1564,8,REGION BIO BIO,8101,CONCEPCION,BARROS ARANA,CAUPOLICAN,0,"Barros Arana & Caupolicán, Concepción, Bío Bío, Chile",-36.8267498,-73.0508421,1,GEOMETRIC_CENTER,2020,1257281,2020/01/16 00:00:00+00,CHOQUE,CHOQUE,URBANA,IMPRUDENCIA DEL CONDUCTOR,CONDUCCION NO ATENTO CONDICIONES TRANSITO MOMENTO,0,0,0,0,19:15:00
-72.3351524,-37.4744875,1565,8,REGION BIO BIO,8301,LOS ANGELES,GABRIELA MISTRAL, ,1255,"Av. Gabriela Mistral 1255, Los Angeles, Los Ángeles, Bío Bío, Chile",-37.4744875,-72.3351524,1,ROOFTOP,2020,1257646,2020/01/16 00:00:00+00,COLISION,COLISION,URBANA,IMPRUDENCIA DEL CONDUCTOR,CONDUCCION NO ATENTO CONDICIONES TRANSITO MOMENTO,0,0,0,1,14:30:00
-72.3659876,-37.4703132,1566,8,REGION BIO BIO,8301,LOS ANGELES,LAS AZALEAS,COLO COLO,0,"Las Azaleas & Colo Colo, Los Angeles, Los Ángeles, Bío Bío, Chile",-37.4703132,-72.3659876,1,GEOMETRIC_CENTER,2020,1257298,2020/01/14 00:00:00+00,COLISION PERPENDICULAR,COLISION,URBANA,IMPRUDENCIA DEL CONDUCTOR,CONDUCCION NO ATENTO CONDICIONES TRANSITO MOMENTO,0,0,0,0,10:45:00
-72.0088821,-37.6677953,1567,8,REGION BIO BIO,8311,SANTA BARBARA,FEDERICO PUGA,CAMILO HENRIQUEZ,0,"Q-61 1290, Santa Bárbara, Bío Bío, Chile",-37.6677953,-72.0088821,1,ROOFTOP,2020,1257305,2020/01/01 00:00:00+00,COLISION,COLISION,URBANA,ALCOHOL EN CONDUCTOR,CONDUCCION EN ESTADO DE EBRIEDAD,0,0,0,1,01:55:00
-72.3443863,-37.4561578,1568,8,REGION BIO BIO,8301,LOS ANGELES,SOR VICENTA, ,1535,"Av. Sor Vicenta 1535, Los Angeles, Los Ángeles, Bío Bío, Chile",-37.4561578,-72.3443863,1,ROOFTOP,2020,1257306,2020/01/15 00:00:00+00,COLISION,COLISION,URBANA,IMPRUDENCIA DEL CONDUCTOR,CONDUCCION NO ATENTO CONDICIONES TRANSITO MOMENTO,0,0,0,0,15:25:00
-73.0870225,-36.7901305,1569,8,REGION BIO BIO,8112,HUALPEN,CURANILAHUE, ,21,"Curanilahue 21, Hualpén, Bío Bío, Chile",-36.7901305,-73.0870225,1,RANGE_INTERPOLATED,2020,1257479,2020/01/12 00:00:00+00,CHOQUE,CHOQUE,URBANA,PERDIDA CONTROL VEHICULO,PERDIDA CONTROL VEHICULO,0,0,0,0,20:45:00
-73.0423974,-36.8676725,1570,8,REGION BIO BIO,8103,CHIGUAYANTE,COSTANERA,PASCUAL BINIMELIS,0,"Pascual Binimelis, Concepción, Chile",-36.8676725,-73.0423974,1,GEOMETRIC_CENTER,2020,1257557,2020/01/04 00:00:00+00,COLISION POR ALCANCE,COLISION,URBANA,OTRAS CAUSAS,OTRAS CAUSAS,0,0,0,0,15:15:00
-73.0920227,-36.7633467,1571,8,REGION BIO BIO,8110,TALCAHUANO,RIO LOA, ,246,"Río Loa 246, Talcahuano, Bío Bío, Chile",-36.7633467,-73.0920227,1,ROOFTOP,2020,1257587,2020/01/03 00:00:00+00,CHOQUE FRENTE/POSTERIOR,CHOQUE,URBANA,IMPRUDENCIA DEL CONDUCTOR,CONDUCCION SIN MANTENER DISTANCIA RAZONABLE NI PRUDENTE,0,0,0,0,17:53:00
-72.3418454,-37.4586056,1572,8,REGION BIO BIO,8301,LOS ANGELES,MARCONI, ,1177,"Guillermo Marconi 1177, Los Angeles, Los Ángeles, Bío Bío, Chile",-37.4586056,-72.3418454,1,RANGE_INTERPOLATED,2020,1257622,2020/01/13 00:00:00+00,CHOQUE POSTERIOR,CHOQUE,URBANA,IMPRUDENCIA DEL CONDUCTOR,CONDUCCION NO ATENTO CONDICIONES TRANSITO MOMENTO,0,0,0,0,16:30:00
-72.3357379,-37.4672539,1573,8,REGION BIO BIO,8301,LOS ANGELES,ALEMANIA, ,850,"Av. Alemania 850, Los Angeles, Los Ángeles, Bío Bío, Chile",-37.4672539,-72.3357379,1,ROOFTOP,2020,1257624,2020/01/14 00:00:00+00,COLISION,COLISION,URBANA,IMPRUDENCIA DEL CONDUCTOR,CONDUCCION NO ATENTO CONDICIONES TRANSITO MOMENTO,0,0,0,0,14:15:00
-72.3779447,-37.460018,1574,8,REGION BIO BIO,8301,LOS ANGELES,LAS TRANCAS,ESTANISLAO ANGUITA,0,"Av. Estanislao Anguita & Av. las Trancas, Los Ángeles, Bío Bío, Chile",-37.460018,-72.3779447,1,GEOMETRIC_CENTER,2020,1257635,2020/01/16 00:00:00+00,ATROPELLO,ATROPELLO,URBANA,IMPRUDENCIA DEL CONDUCTOR,CONDUCCION NO ATENTO CONDICIONES TRANSITO MOMENTO,0,0,1,0,23:30:00
-72.3492226,-37.4614256,1575,8,REGION BIO BIO,8301,LOS ANGELES,LINCOYAN,ALMAGRO,0,"Almagro & Lincoyán, Los Angeles, Los Ángeles, Bío Bío, Chile",-37.4614256,-72.3492226,1,GEOMETRIC_CENTER,2020,1257662,2020/01/17 00:00:00+00,COLISION LATERAL,COLISION,URBANA,DESOBEDIENCIA A SEÑALIZACION,SEÑALIZACION DESOBEDECER SEÑAL CEDA EL PASO,0,0,0,0,15:40:00
-73.1137246,-36.7816882,1576,8,REGION BIO BIO,8112,HUALPEN,YUGOSLAVIA,GIBRALTAR,0,"Gibraltar & Yugoslavia, Hualpén, Bío Bío, Chile",-36.7816882,-73.1137246,1,GEOMETRIC_CENTER,2020,1257666,2020/01/16 00:00:00+00,COLISION,COLISION,URBANA,DESOBEDIENCIA A SEÑALIZACION,SEÑALIZACION DESOBEDECER SEÑAL PARE,0,0,0,0,08:20:00
-73.0209496,-36.9352408,1577,8,REGION BIO BIO,8103,CHIGUAYANTE,MANUEL RODRIGUEZ,PROGRESO,0,"Progreso & Avenida Manuel Rodríguez, Chiguayante, Bío Bío, Chile",-36.9352408,-73.0209496,1,GEOMETRIC_CENTER,2020,1257915,2020/01/08 00:00:00+00,CHOQUE FRENTE/POSTERIOR,CHOQUE,URBANA,OTRAS CAUSAS,OTRAS CAUSAS,0,0,0,1,11:00:00
-72.7171972,-37.2769446,1578,8,REGION BIO BIO,8304,LAJA,BALMACEDA,SAN MARTIN,0,"Balmaceda & San Martin, Laja, Bío Bío, Chile",-37.2769446,-72.7171972,1,GEOMETRIC_CENTER,2020,1257955,2020/01/20 00:00:00+00,ATROPELLO,ATROPELLO,URBANA,IMPRUDENCIA DEL CONDUCTOR,CONDUCCION NO ATENTO CONDICIONES TRANSITO MOMENTO,0,1,0,0,12:15:00
-73.0271501,-36.9198965,1579,8,REGION BIO BIO,8103,CHIGUAYANTE,MANUEL RODRIGUEZ, ,217,"Av. Manuel Rodríguez 217, Chiguayante, Bío Bío, Chile",-36.9198965,-73.0271501,1,ROOFTOP,2020,1257967,2020/01/08 00:00:00+00,CHOQUE FRENTE/POSTERIOR,CHOQUE,URBANA,OTRAS CAUSAS,OTRAS CAUSAS,0,0,0,0,17:45:00
-73.1134553,-36.7756668,1580,8,REGION BIO BIO,8110,TALCAHUANO,GRAN BRETAÑA, ,5246,"Gran Bretaña 5246, Hualpén, Talcahuano, Bío Bío, Chile",-36.7756668,-73.1134553,1,RANGE_INTERPOLATED,2020,1258035,2020/01/15 00:00:00+00,COLISION LATERAL,COLISION,URBANA,IMPRUDENCIA DEL CONDUCTOR,CONDUCCION CAMBIAR SORPRESIVAMENTE PISTA CIRCULACION,0,0,0,0,18:10:00
-73.0379451,-36.8800843,1581,8,REGION BIO BIO,8103,CHIGUAYANTE,CAMINO A CHIGUAYANTE,IGNACIO VERDUGO,0,"Camino A Chiguayante & Ignacio Verdugo, Concepción, Chiguayante, Bío Bío, Chile",-36.8800843,-73.0379451,1,GEOMETRIC_CENTER,2020,1258040,2020/01/10 00:00:00+00,VOLCADURA,VOLCADURA,URBANA,CAUSAS NO DETERMINADAS,CAUSAS NO DETERMINADAS,0,0,0,1,03:00:00
-73.0696405,-36.7965846,1582,8,REGION BIO BIO,8112,HUALPEN,CRISTOBAL COLON,JORGE ALESSANDRI RODRIGUEZ,0,"Caletera Pdte. Jorge Alessandri 9210-9338, Concepción, Hualpén, Bío Bío, Chile",-36.7965846,-73.0696405,1,ROOFTOP,2020,1258102,2020/01/16 00:00:00+00,COLISION,COLISION,URBANA,IMPRUDENCIA DEL CONDUCTOR,CONDUCCION NO ATENTO CONDICIONES TRANSITO MOMENTO,0,0,0,1,12:30:00
-73.0529948,-36.8289288,1583,8,REGION BIO BIO,8101,CONCEPCION,OHIGGINS,LINCOYAN,0,"Lincoyán & Libertador Gral. Bernardo OHiggins, Concepción, Bío Bío, Chile",-36.8289288,-73.0529948,1,GEOMETRIC_CENTER,2020,1258201,2020/01/17 00:00:00+00,CHOQUE FRENTE/POSTERIOR,CHOQUE,URBANA,VELOCIDAD IMPRUDENTE,VELOCIDAD MENOR QUE MINIMA ESTABLECIDA,0,0,0,0,10:10:00
-72.3601609,-37.4650766,1584,8,REGION BIO BIO,8301,LOS ANGELES,BOMBERO EMILIO STOBER,GALVARINO,0,"Bombero Emilio Stoeber & Galvarino, Los Angeles, Los Ángeles, Bío Bío, Chile",-37.4650766,-72.3601609,1,GEOMETRIC_CENTER,2020,1258214,2020/01/18 00:00:00+00,CHOQUE FRENTE/LADO,CHOQUE,URBANA,IMPRUDENCIA DEL CONDUCTOR,CONDUCCION NO ATENTO CONDICIONES TRANSITO MOMENTO,0,0,0,1,18:25:00
-73.0395537,-36.8269931,1585,8,REGION BIO BIO,8101,CONCEPCION,CHACABUCO,PLAZA PERU,0,"Av. Chacabuco & Pl. Perú, Concepción, Bío Bío, Chile",-36.8269931,-73.0395537,1,GEOMETRIC_CENTER,2020,1258236,2020/01/17 00:00:00+00,COLISION FRONTAL,COLISION,URBANA,IMPRUDENCIA DEL CONDUCTOR,NO RESPETAR DERECHO PREFERENTE DE PASO A VEHICULO,0,0,0,3,09:15:00
-73.0468096,-36.8237537,1586,8,REGION BIO BIO,8101,CONCEPCION,TUCAPEL,FREIRE,0,"Tucapel & Freire, Concepción, Bío Bío, Chile",-36.8237537,-73.0468096,1,GEOMETRIC_CENTER,2020,1258245,2020/01/17 00:00:00+00,ATROPELLO,ATROPELLO,URBANA,OTRAS CAUSAS,OTRAS CAUSAS,0,0,0,1,15:10:00
-73.0720513,-36.801125,1587,8,REGION BIO BIO,8112,HUALPEN,COSTANERA,JORGE ALESSANDRI RODRIGUEZ,0,"Av. Jorge Alessandri Rodríguez 2121, Hualpén, Bío Bío, Chile",-36.801125,-73.0720513,1,ROOFTOP,2020,1258269,2020/01/18 00:00:00+00,COLISION,COLISION,URBANA,ALCOHOL EN CONDUCTOR,CONDUCCION EN ESTADO DE EBRIEDAD,0,1,1,2,05:50:00
-72.3553136,-37.4877724,1588,8,REGION BIO BIO,8301,LOS ANGELES,MANUEL RODRIGUEZ, ,1215,"Manuel Rodríguez 1215, Los Ángeles, Bío Bío, Chile",-37.4877724,-72.3553136,1,RANGE_INTERPOLATED,2020,1258312,2020/01/18 00:00:00+00,COLISION LATERAL,COLISION,URBANA,ALCOHOL EN CONDUCTOR,CONDUCCION EN ESTADO DE EBRIEDAD,0,1,0,1,01:00:00
-73.0651458,-36.8321223,1589,8,REGION BIO BIO,8101,CONCEPCION,COSTANERA,CENTRAL NORTE,0,"Av. Costanera & Central Nte., Concepción, Bío Bío, Chile",-36.8321223,-73.0651458,1,GEOMETRIC_CENTER,2020,1258325,2020/01/17 00:00:00+00,COLISION LATERAL,COLISION,URBANA,IMPRUDENCIA DEL CONDUCTOR,CONDUCCION SIN MANTENER DISTANCIA RAZONABLE NI PRUDENTE,0,0,0,0,21:45:00
-73.0747207,-36.8027361,1590,8,REGION BIO BIO,8112,HUALPEN,JORGE ALESSANDRI RODRIGUEZ,COSTANERA,0,"Avenida Presidente Jorge Alessandri Rodriguez 1669, Concepción, Hualpén, Bío Bío, Chile",-36.8027361,-73.0747207,1,GEOMETRIC_CENTER,2020,1258390,2020/01/19 00:00:00+00,COLISION,COLISION,URBANA,IMPRUDENCIA DEL CONDUCTOR,CONDUCCION NO ATENTO CONDICIONES TRANSITO MOMENTO,0,0,0,0,22:20:00
-73.0664635,-36.7918699,1591,8,REGION BIO BIO,8110,TALCAHUANO,JORGE ALESSANDRI PALMA, ,3177,"Av. Pdte. Jorge Alessandri Rodriguez 3177, Talcahuano, Bío Bío, Chile",-36.7918699,-73.0664635,1,ROOFTOP,2020,1258393,2020/01/16 00:00:00+00,COLISION LATERAL,COLISION,URBANA,DESOBEDIENCIA A SEÑALIZACION,SEÑALIZACION DESOBEDECER SEÑAL CEDA EL PASO,0,0,0,0,14:30:00
-73.1018607,-36.7861763,1592,8,REGION BIO BIO,8112,HUALPEN,ALEMANIA,PATRIA VIEJA,0,"Alemania 3152, Hualpén, Bío Bío, Chile",-36.7861763,-73.1018607,1,ROOFTOP,2020,1258407,2020/01/20 00:00:00+00,CHOQUE,CHOQUE,URBANA,CAUSAS NO DETERMINADAS,CAUSAS NO DETERMINADAS,0,0,0,0,19:00:00
-73.0480315,-36.8242518,1593,8,REGION BIO BIO,8101,CONCEPCION,FREIRE,CASTELLON,0,"Freire & Castellón, Concepción, Bío Bío, Chile",-36.8242518,-73.0480315,1,GEOMETRIC_CENTER,2020,1258437,2020/01/18 00:00:00+00,COLISION PERPENDICULAR,COLISION,URBANA,IMPRUDENCIA DEL CONDUCTOR,NO RESPETAR DERECHO PREFERENTE DE PASO A VEHICULO,0,0,0,1,00:15:00
-73.0288293,-36.8151287,1594,8,REGION BIO BIO,8101,CONCEPCION,COLLAO, ,171,"Collao 171, Concepción, Bío Bío, Chile",-36.8151287,-73.0288293,1,ROOFTOP,2020,1258441,2020/01/18 00:00:00+00,COLISION LATERAL,COLISION,URBANA,IMPRUDENCIA DEL CONDUCTOR,CONDUCCION CAMBIAR SORPRESIVAMENTE PISTA CIRCULACION,0,0,0,0,12:30:00
-73.3304639,-37.4784537,1595,8,REGION BIO BIO,8205,CURANILAHUE,JULIO MONTT SALAMANCA,PASAJE 18,0,"julio Montt Salamanca & Pasaje 18, Curanilahue, Bío Bío, Chile",-37.4784537,-73.3304639,1,GEOMETRIC_CENTER,2020,1258470,2020/01/11 00:00:00+00,COLISION,COLISION,URBANA,ALCOHOL EN CONDUCTOR,CONDUCCION EN ESTADO DE EBRIEDAD,0,0,0,0,00:30:00
-73.0175424,-36.8197937,1596,8,REGION BIO BIO,8101,CONCEPCION,LOS LIRIOS, ,17,"Los Lirios 17, Concepción, Bío Bío, Chile",-36.8197937,-73.0175424,1,RANGE_INTERPOLATED,2020,1258471,2020/01/19 00:00:00+00,COLISION LATERAL,COLISION,URBANA,IMPRUDENCIA DEL CONDUCTOR,CONDUCCION CAMBIAR SORPRESIVAMENTE PISTA CIRCULACION,0,0,0,0,22:20:00
-73.0517618,-36.8284078,1597,8,REGION BIO BIO,8101,CONCEPCION,OHIGGINS,RENGO,0,"Rengo & Libertador General Bernardo OHiggins, Concepción, Bío Bío, Chile",-36.8284078,-73.0517618,1,GEOMETRIC_CENTER,2020,1258525,2020/01/19 00:00:00+00,COLISION PERPENDICULAR,COLISION,URBANA,DESOBEDIENCIA A SEÑALIZACION,SEÑALIZACION DESOBEDECER LUZ ROJA DE SEMAFORO,0,0,1,1,08:55:00
-73.1105644,-36.7239531,1598,8,REGION BIO BIO,8110,TALCAHUANO,CAUPOLICAN,BILBAO,0,"Caupolicán & Bilbao, Talcahuano, Bío Bío, Chile",-36.7239531,-73.1105644,1,GEOMETRIC_CENTER,2020,1258528,2020/01/18 00:00:00+00,COLISION LATERAL,COLISION,URBANA,DESOBEDIENCIA A SEÑALIZACION,SEÑALIZACION DESOBEDECER SEÑAL CEDA EL PASO,0,0,0,2,20:20:00
-73.0298282,-36.9285313,1599,8,REGION BIO BIO,8103,CHIGUAYANTE,LAS CONDES,LA MARINA,0,"La Marina & Las Condes, Chiguayante, Bío Bío, Chile",-36.9285313,-73.0298282,1,GEOMETRIC_CENTER,2020,1258557,2020/01/02 00:00:00+00,COLISION PERPENDICULAR,COLISION,URBANA,IMPRUDENCIA DEL CONDUCTOR,NO RESPETAR DERECHO PREFERENTE DE PASO A VEHICULO,0,1,0,0,21:20:00
-72.9576261,-36.619007,1600,8,REGION BIO BIO,8111,TOME,IGNACIO SERRANO,MANUEL MONTT,0,"Manuel Montt & Ignacio Serrano, Tome, Tomé, Bío Bío, Chile",-36.619007,-72.9576261,1,GEOMETRIC_CENTER,2020,1258570,2020/01/22 00:00:00+00,ATROPELLO,ATROPELLO,URBANA,IMPRUDENCIA DEL CONDUCTOR,NO RESPETAR DERECHO PREFERENTE DE PASO A PEATON,0,0,0,1,11:45:00
-72.3326241,-37.4458105,1601,8,REGION BIO BIO,8301,LOS ANGELES,SOR VICENTA, ,2575,"Av. Sor Vicenta 2575, Los Angeles, Los Ángeles, Bío Bío, Chile",-37.4458105,-72.3326241,1,ROOFTOP,2020,1258710,2020/01/20 00:00:00+00,COLISION LATERAL,COLISION,URBANA,IMPRUDENCIA DEL CONDUCTOR,CONDUCCION NO ATENTO CONDICIONES TRANSITO MOMENTO,0,0,0,0,18:35:00
-73.1075459,-36.7262656,1602,8,REGION BIO BIO,8110,TALCAHUANO,PEREZ GACITUA, ,355,"Pérez Gacitúa 355, Talcahuano, Bío Bío, Chile",-36.7262656,-73.1075459,1,RANGE_INTERPOLATED,2020,1258732,2020/01/21 00:00:00+00,ATROPELLO,ATROPELLO,URBANA,ALCOHOL EN PEATON,EBRIEDAD DEL PEATON,0,1,0,0,15:10:00
-72.9909925,-36.7306567,1603,8,REGION BIO BIO,8107,PENCO,LINEA FERREA, ,15,"Línea Férrea, Penco, Bío Bío, Chile",-36.7306567,-72.9909925,1,GEOMETRIC_CENTER,2020,1258776,2020/01/21 00:00:00+00,CHOQUE,CHOQUE,URBANA,ALCOHOL EN CONDUCTOR,CONDUCCION EN ESTADO DE EBRIEDAD,0,1,0,0,03:30:00
-73.0866314,-36.777716,1604,8,REGION BIO BIO,8110,TALCAHUANO,CRISTOBAL COLON, ,2194,"Av. Cristóbal Colón # 6900, Talcahuano, Bío Bío, Chile",-36.777716,-73.0866314,1,ROOFTOP,2020,1258972,2020/01/23 00:00:00+00,CHOQUE FRENTE/POSTERIOR,CHOQUE,URBANA,IMPRUDENCIA DEL CONDUCTOR,CONDUCCION SIN MANTENER DISTANCIA RAZONABLE NI PRUDENTE,0,0,0,0,09:00:00
-73.0880308,-36.761627,1605,8,REGION BIO BIO,8110,TALCAHUANO,GOMEZ CARREÑO, ,5426,"Gómez Carreño 5426, Talcahuano, Bío Bío, Chile",-36.761627,-73.0880308,1,RANGE_INTERPOLATED,2020,1259038,2020/01/16 00:00:00+00,COLISION POR ALCANCE,COLISION,URBANA,IMPRUDENCIA DEL CONDUCTOR,CONDUCCION SIN MANTENER DISTANCIA RAZONABLE NI PRUDENTE,0,0,0,0,18:46:00
-72.3276988,-37.4841606,1606,8,REGION BIO BIO,8301,LOS ANGELES,FRANCISCO ENCINA, ,1491,"Av. Francisco Encina 1491, Los Ángeles, Bío Bío, Chile",-37.4841606,-72.3276988,1,RANGE_INTERPOLATED,2020,1259059,2020/01/23 00:00:00+00,COLISION POR ALCANCE,COLISION,URBANA,IMPRUDENCIA DEL CONDUCTOR,CONDUCCION NO ATENTO CONDICIONES TRANSITO MOMENTO,0,0,0,2,15:30:00
-72.3264983,-37.4602275,1607,8,REGION BIO BIO,8301,LOS ANGELES,LAS INDUSTRIAS, ,1044,"Av Las Industrias 1044, Los Ángeles, Bío Bío, Chile",-37.4602275,-72.3264983,1,RANGE_INTERPOLATED,2020,1259061,2020/01/13 00:00:00+00,COLISION LATERAL,COLISION,URBANA,IMPRUDENCIA DEL CONDUCTOR,NO RESPETAR DERECHO PREFERENTE DE PASO A VEHICULO,0,0,0,1,00:20:00
-72.3624166,-37.4723682,1608,8,REGION BIO BIO,8301,LOS ANGELES,RICARDO VICUÑA,ALCAZAR,0,"Avenida Ricardo Vicuña & Alcázar, Los Angeles, Los Ángeles, Bío Bío, Chile",-37.4723682,-72.3624166,1,GEOMETRIC_CENTER,2020,1259065,2020/01/24 00:00:00+00,CHOQUE LADO/FRENTE,CHOQUE,URBANA,IMPRUDENCIA DEL CONDUCTOR,CONDUCCION NO ATENTO CONDICIONES TRANSITO MOMENTO,0,0,0,0,13:40:00
-72.3521018,-37.466302,1609,8,REGION BIO BIO,8301,LOS ANGELES,VALDIVIA,TUCAPEL,0,"Valdivia & Avenida Tucapel, Los Angeles, Los Ángeles, Bío Bío, Chile",-37.466302,-72.3521018,1,GEOMETRIC_CENTER,2020,1259066,2020/01/24 00:00:00+00,COLISION,COLISION,URBANA,IMPRUDENCIA DEL CONDUCTOR,CONDUCCION NO ATENTO CONDICIONES TRANSITO MOMENTO,0,0,0,0,18:40:00
-73.0124504,-37.3962853,1610,8,REGION BIO BIO,8109,SANTA JUANA,O-940,ESPIGADO,0,"Santa Juana, Bío Bío, Chile",-37.3962853,-73.0124504,1,GEOMETRIC_CENTER,2020,1261577,2020/01/06 00:00:00+00,COLISION FRONTAL,COLISION,RURAL,IMPRUDENCIA DEL CONDUCTOR,CONDUCCION NO ATENTO CONDICIONES TRANSITO MOMENTO,0,1,0,0,12:50:00
-73.089015,-36.777385,1611,8,REGION BIO BIO,8110,TALCAHUANO,2 NORTE,2 PONIENTE,0,"Dos Pte. & Dos Nte., Talcahuano, Bío Bío, Chile",-36.777385,-73.089015,1,GEOMETRIC_CENTER,2020,1259115,2020/01/21 00:00:00+00,COLISION LATERAL,COLISION,URBANA,DESOBEDIENCIA A SEÑALIZACION,SEÑALIZACION DESOBEDECER SEÑAL PARE,0,0,0,1,18:00:00
-73.0889537,-36.7600809,1612,8,REGION BIO BIO,8110,TALCAHUANO,CRISTOABL COLON, ,5279,"Gómez Carreño 5279, Talcahuano, Bío Bío, Chile",-36.7600809,-73.0889537,1,RANGE_INTERPOLATED,2020,1259126,2020/01/23 00:00:00+00,COLISION POR ALCANCE,COLISION,URBANA,IMPRUDENCIA DEL CONDUCTOR,CONDUCCION SIN MANTENER DISTANCIA RAZONABLE NI PRUDENTE,0,0,0,0,12:30:00
-73.0442069,-36.8252458,1613,8,REGION BIO BIO,8101,CONCEPCION,OHIGGINS,OROMPELLO,0,"Orompello & Libertador General Bernardo OHiggins, Concepción, Bío Bío, Chile",-36.8252458,-73.0442069,1,GEOMETRIC_CENTER,2020,1259187,2020/01/20 00:00:00+00,CHOQUE POSTERIOR/FRENTE,CHOQUE,URBANA,IMPRUDENCIA DEL CONDUCTOR,CONDUCCION NO ATENTO CONDICIONES TRANSITO MOMENTO,0,0,0,0,17:00:00
-73.0448855,-36.8268039,1614,8,REGION BIO BIO,8101,CONCEPCION,SAN MARTIN,TUCAPEL,0,"Tucapel & San Martín, Concepción, Bío Bío, Chile",-36.8268039,-73.0448855,1,GEOMETRIC_CENTER,2020,1259199,2020/01/21 00:00:00+00,COLISION PERPENDICULAR,COLISION,URBANA,DESOBEDIENCIA A SEÑALIZACION,SEÑALIZACION DESOBEDECER SEÑAL PARE,0,0,0,4,08:40:00
-73.112117,-36.8000857,1615,8,REGION BIO BIO,8112,HUALPEN,COSTANERA,GRAN BRETAÑA,0,"C. la Roda, Hualpén, Bío Bío, Chile",-36.8000857,-73.112117,1,GEOMETRIC_CENTER,2020,1261181,2020/02/01 00:00:00+00,COLISION,COLISION,URBANA,DESOBEDIENCIA A SEÑALIZACION,SEÑALIZACION DESOBEDECER SEÑAL CEDA EL PASO,0,0,0,0,14:00:00
-73.0481504,-36.8293831,1616,8,REGION BIO BIO,8101,CONCEPCION,ANIBAL PINTO, ,205,"Anibal Pinto 205, Concepción, Bío Bío, Chile",-36.8293831,-73.0481504,1,RANGE_INTERPOLATED,2020,1259322,2020/01/21 00:00:00+00,CHOQUE,CHOQUE,URBANA,PERDIDA CONTROL VEHICULO,PERDIDA CONTROL VEHICULO,0,0,0,0,11:50:00
-73.0048231,-36.8349989,1617,8,REGION BIO BIO,8101,CONCEPCION,CAMINO NONGUEN,LOS ALAMOS,0,"Camino Nonguén & Los Alamos, Concepción, Bío Bío, Chile",-36.8349989,-73.0048231,1,GEOMETRIC_CENTER,2020,1259356,2020/01/21 00:00:00+00,COLISION FRONTAL,COLISION,URBANA,IMPRUDENCIA DEL CONDUCTOR,"ADELANTAMIENTO EN CRUCE, CURVA, CUESTA, PUENTE",0,0,0,1,14:00:00
-73.1136443,-36.7371621,1618,8,REGION BIO BIO,8110,TALCAHUANO,GRAN BRETAÑA, ,825,"Gran Bretaña 825, Talcahuano, Bío Bío, Chile",-36.7371621,-73.1136443,1,RANGE_INTERPOLATED,2020,1259365,2020/01/26 00:00:00+00,OTRO TIPO,OTRO TIPO,URBANA,IMPRUDENCIA DEL CONDUCTOR,CONDUCCION SIN MANTENER DISTANCIA RAZONABLE NI PRUDENTE,0,0,0,1,13:30:00
-73.0430493,-36.8221087,1619,8,REGION BIO BIO,8101,CONCEPCION,PAICAVI,FREIRE,0,"Freire & Paicaví, Concepción, Bío Bío, Chile",-36.8221087,-73.0430493,1,GEOMETRIC_CENTER,2020,1259418,2020/01/22 00:00:00+00,COLISION PERPENDICULAR,COLISION,URBANA,IMPRUDENCIA DEL CONDUCTOR,CONDUCCION NO ATENTO CONDICIONES TRANSITO MOMENTO,0,0,0,0,14:30:00
-73.119061,-36.733701,1620,8,REGION BIO BIO,8110,TALCAHUANO,JUAN ANTONIO RIOS, ,22,"Juan Antonio Ríos, Talcahuano, Bío Bío, Chile",-36.733701,-73.119061,1,GEOMETRIC_CENTER,2020,1259439,2020/01/26 00:00:00+00,CHOQUE FRONTAL,CHOQUE,URBANA,DROGAS Y/O FATIGA EN CONDUCTOR,"CONDICIONES FISICAS DEFICIENTES (CANSANCIO, SUEÑO)",0,0,0,1,08:30:00
-73.108803,-36.7910682,1621,8,REGION BIO BIO,8112,HUALPEN,GRAN BRETAÑA,MADRID,0,"Gran Bretaña & Madrid, Hualpén, Bío Bío, Chile",-36.7910682,-73.108803,1,GEOMETRIC_CENTER,2020,1259582,2020/01/20 00:00:00+00,CHOQUE FRONTAL,CHOQUE,URBANA,OTRAS CAUSAS,OTRAS CAUSAS,0,0,0,0,11:27:00