X,Y,FID,COD_REG,REGION,CUT,COMUNA,CALLE_UNO,CALLE_DOS,NUMERO,DIR_GEOCOD,LAT,LNG,VAL_COM,TIPO,Año,Idaccident,Fecha,Tipo_Accid,Tipo__CONA,Zona,Causa__CON,Causa,Fallecidos,Graves,Menos_Grav,Leves,Hora
-73.3986859,-37.8009348,1622,8,REGION BIO BIO,8203,CAÑETE,CONDELL,VILLAGRAN,0,"Condell & Villagran, Canete, Cañete, Bío Bío, Chile",-37.8009348,-73.3986859,1,GEOMETRIC_CENTER,2020,1259665,2020/01/17 00:00:00+00,ATROPELLO,ATROPELLO,URBANA,IMPRUDENCIA DEL CONDUCTOR,CONDUCCION NO ATENTO CONDICIONES TRANSITO MOMENTO,0,0,0,1,15:15:00
-73.0747207,-36.8027361,1623,8,REGION BIO BIO,8112,HUALPEN,JORGE ALESSANDRI RODRIGUEZ,COSTANERA,0,"Avenida Presidente Jorge Alessandri Rodriguez 1669, Concepción, Hualpén, Bío Bío, Chile",-36.8027361,-73.0747207,1,GEOMETRIC_CENTER,2020,1259708,2020/01/22 00:00:00+00,CHOQUE,CHOQUE,URBANA,IMPRUDENCIA DEL CONDUCTOR,CONDUCCION NO ATENTO CONDICIONES TRANSITO MOMENTO,0,0,0,0,08:20:00
-73.0467918,-36.8212535,1624,8,REGION BIO BIO,8101,CONCEPCION,OROMPELLO,LOS CARRERA,0,"Avenida los Carrera & Orompello, Concepción, Bío Bío, Chile",-36.8212535,-73.0467918,1,GEOMETRIC_CENTER,2020,1259715,2020/01/24 00:00:00+00,COLISION PERPENDICULAR,COLISION,URBANA,DEFICIENCIAS VIALES,SEÑALIZACION SEMAFORO MAL ESTADO O DEFICIENTE,0,0,0,1,18:00:00
-73.0918952,-36.7542763,1625,8,REGION BIO BIO,8110,TALCAHUANO,CRISTOBAL COLON, ,4562,"Gómez Carreño 4562, Talcahuano, Bío Bío, Chile",-36.7542763,-73.0918952,1,RANGE_INTERPOLATED,2020,1259719,2020/01/24 00:00:00+00,CAIDA,CAIDA,URBANA,VELOCIDAD IMPRUDENTE,"VELOCIDAD NO REDUCIR CRUCE DE CALLES, CUMBRE, CURVA, ETC.",0,0,0,1,16:35:00
-72.6515035,-36.8223348,1626,8,REGION BIO BIO,8104,FLORIDA,ESMERALDA, ,302,"Esmeralda, Florida, Bío Bío, Chile",-36.8223348,-72.6515035,1,GEOMETRIC_CENTER,2020,1259720,2020/01/25 00:00:00+00,CHOQUE FRONTAL,CHOQUE,URBANA,IMPRUDENCIA DEL CONDUCTOR,CONDUCCION NO ATENTO CONDICIONES TRANSITO MOMENTO,0,0,0,1,21:30:00
-73.1010968,-36.8004365,1627,8,REGION BIO BIO,8112,HUALPEN,CHACAY, ,4562,"Chacay 4562, Hualpén, Bío Bío, Chile",-36.8004365,-73.1010968,1,ROOFTOP,2020,1259759,2020/01/25 00:00:00+00,ATROPELLO,ATROPELLO,URBANA,IMPRUDENCIA DEL PEATON,PEATON CRUZA CALZADA FORMA SORPRESIVA O DESCUIDADA,0,0,0,1,17:00:00
-73.0448855,-36.8268039,1628,8,REGION BIO BIO,8101,CONCEPCION,TUCAPEL,SAN MARTIN,0,"Tucapel & San Martín, Concepción, Bío Bío, Chile",-36.8268039,-73.0448855,1,GEOMETRIC_CENTER,2020,1259760,2020/01/24 00:00:00+00,COLISION PERPENDICULAR,COLISION,URBANA,DESOBEDIENCIA A SEÑALIZACION,SEÑALIZACION DESOBEDECER SEÑAL PARE,0,0,1,4,16:20:00
-72.3258354,-37.4696026,1629,8,REGION BIO BIO,8301,LOS ANGELES,LAS INDUSTRIAS, ,490,"Av Las Industrias 490, Los Ángeles, Bío Bío, Chile",-37.4696026,-72.3258354,1,RANGE_INTERPOLATED,2020,1259765,2020/01/24 00:00:00+00,VOLCADURA,VOLCADURA,URBANA,PERDIDA CONTROL VEHICULO,PERDIDA CONTROL VEHICULO,0,0,0,2,21:00:00
-73.0461896,-36.8222157,1630,8,REGION BIO BIO,8101,CONCEPCION,OROMPELLO,MAIPU,0,"Maipú & Orompello, Concepción, Bío Bío, Chile",-36.8222157,-73.0461896,1,GEOMETRIC_CENTER,2020,1259786,2020/01/25 00:00:00+00,COLISION LATERAL,COLISION,URBANA,IMPRUDENCIA DEL CONDUCTOR,ADELANTAMIENTO SIN EL ESPACIO O TIEMPO SUFICIENTE,0,0,0,0,12:35:00
-73.0436564,-36.8197164,1631,8,REGION BIO BIO,8101,CONCEPCION,LOS CARRERA,PAICAVI,0,"Los Carrera - Paicaví, Concepción, Bío Bío, Chile",-36.8197164,-73.0436564,1,GEOMETRIC_CENTER,2020,1259810,2020/01/27 00:00:00+00,COLISION PERPENDICULAR,COLISION,URBANA,DEFICIENCIAS VIALES,SEÑALIZACION SEMAFORO MAL ESTADO O DEFICIENTE,0,0,0,1,14:30:00
-72.3463296,-37.465631,1632,8,REGION BIO BIO,8301,LOS ANGELES,COSTANERA QUILQUE,URUGUAY,0,"Uruguay & Costanera Quilque Norte, Los Angeles, Los Ángeles, Bío Bío, Chile",-37.465631,-72.3463296,1,GEOMETRIC_CENTER,2020,1259813,2020/01/25 00:00:00+00,CHOQUE FRENTE/POSTERIOR,CHOQUE,URBANA,IMPRUDENCIA DEL CONDUCTOR,CONDUCCION NO ATENTO CONDICIONES TRANSITO MOMENTO,0,0,0,0,17:30:00
-72.2432183,-37.7216055,1633,8,REGION BIO BIO,8305,MULCHEN,FIERRO,ARRIAGADA,0,"Arriagada 210, Mulchen, Mulchén, Bío Bío, Chile",-37.7216055,-72.2432183,1,ROOFTOP,2020,1259971,2020/01/04 00:00:00+00,COLISION,COLISION,URBANA,IMPRUDENCIA DEL CONDUCTOR,CONDUCCION NO ATENTO CONDICIONES TRANSITO MOMENTO,0,0,0,2,18:00:00
-73.0598003,-36.8367012,1634,8,REGION BIO BIO,8101,CONCEPCION,COSTANERA,ESMERALDA,0,"Costanera & Esmeralda, Concepción, Bío Bío, Chile",-36.8367012,-73.0598003,1,GEOMETRIC_CENTER,2020,1259916,2020/01/27 00:00:00+00,COLISION POR ALCANCE,COLISION,URBANA,IMPRUDENCIA DEL CONDUCTOR,CONDUCCION NO ATENTO CONDICIONES TRANSITO MOMENTO,0,0,0,2,12:00:00
-73.0636663,-36.8298222,1635,8,REGION BIO BIO,8101,CONCEPCION,ZAÑARTU,ACCESO MALL MIRADOR BIO BIO,0,"Avenida los Carrera - Poniente 301, Concepción, Bío Bío, Chile",-36.8298222,-73.0636663,1,ROOFTOP,2020,1259945,2020/01/28 00:00:00+00,COLISION LATERAL,COLISION,URBANA,IMPRUDENCIA DEL CONDUCTOR,CONDUCCION SIN MANTENER DISTANCIA RAZONABLE NI PRUDENTE,0,0,0,0,11:30:00
-73.0988847,-36.7414124,1636,8,REGION BIO BIO,8110,TALCAHUANO,CRISTOABL COLON, ,3601,"Colón 3180, Talcahuano, Bío Bío, Chile",-36.7414124,-73.0988847,1,ROOFTOP,2020,1259952,2020/01/25 00:00:00+00,CHOQUE FRENTE/POSTERIOR,CHOQUE,URBANA,IMPRUDENCIA DEL CONDUCTOR,CONDUCCION SIN MANTENER DISTANCIA RAZONABLE NI PRUDENTE,0,0,0,0,06:20:00
-73.0391498,-36.8230753,1637,8,REGION BIO BIO,8101,CONCEPCION,OHIGGINS,LAUTARO,0,"Lautaro & Libertador General Bernardo OHiggins, Concepción, Bío Bío, Chile",-36.8230753,-73.0391498,1,GEOMETRIC_CENTER,2020,1259955,2020/01/28 00:00:00+00,COLISION POR ALCANCE,COLISION,URBANA,IMPRUDENCIA DEL CONDUCTOR,CONDUCCION NO ATENTO CONDICIONES TRANSITO MOMENTO,0,0,0,0,12:50:00
-72.2443513,-37.7186696,1638,8,REGION BIO BIO,8305,MULCHEN,GANA,VILLALON,0,"Villalon & Gana, Mulchen, Mulchén, Bío Bío, Chile",-37.7186696,-72.2443513,1,GEOMETRIC_CENTER,2020,1260017,2020/01/09 00:00:00+00,COLISION,COLISION,URBANA,IMPRUDENCIA DEL CONDUCTOR,CONDUCCION NO ATENTO CONDICIONES TRANSITO MOMENTO,0,0,0,2,16:00:00
-72.3425361,-37.4880624,1639,8,REGION BIO BIO,8301,LOS ANGELES,LOS CARRERA,LAS INDUSTRIAS,0,"Av. Los Carrera 1596, Los Angeles, Los Ángeles, Bío Bío, Chile",-37.4880624,-72.3425361,1,ROOFTOP,2020,1260043,2020/01/18 00:00:00+00,COLISION POR ALCANCE,COLISION,URBANA,IMPRUDENCIA DEL CONDUCTOR,CONDUCCION NO ATENTO CONDICIONES TRANSITO MOMENTO,0,0,0,0,12:30:00
-73.1111663,-36.7211208,1640,8,REGION BIO BIO,8110,TALCAHUANO,GABRIEL TORO,RIQUELME,0,"Gabriel Toro & Riquelme, Talcahuano, Bío Bío, Chile",-36.7211208,-73.1111663,1,GEOMETRIC_CENTER,2020,1260044,2020/01/24 00:00:00+00,COLISION LATERAL,COLISION,URBANA,DESOBEDIENCIA A SEÑALIZACION,SEÑALIZACION DESOBEDECER SEÑAL PARE,0,0,0,0,14:30:00
-72.9558481,-36.6202585,1641,8,REGION BIO BIO,8111,TOME,MARIANO EGAÑA, ,820,"Mariano Egaña 820, Tome, Tomé, Bío Bío, Chile",-36.6202585,-72.9558481,1,ROOFTOP,2020,1260090,2020/01/25 00:00:00+00,ATROPELLO,ATROPELLO,URBANA,IMPRUDENCIA DEL CONDUCTOR,CONDUCCION NO ATENTO CONDICIONES TRANSITO MOMENTO,0,0,0,1,18:15:00
-73.096162,-36.8637981,1642,8,REGION BIO BIO,8108,SAN PEDRO DE LA PAZ,MICHILAMONCO,EL VENADO,0,"Avenida Pie de Monte 2800, San Pedro de la Paz, Bío Bío, Chile",-36.8637981,-73.096162,1,ROOFTOP,2020,1260096,2020/01/20 00:00:00+00,CHOQUE POSTERIOR/FRENTE,CHOQUE,URBANA,CAUSAS NO DETERMINADAS,CAUSAS NO DETERMINADAS,0,0,0,0,19:50:00
-72.5596535,-37.1012042,1643,8,REGION BIO BIO,8313,YUMBEL,ANIBAL PINTO,LOS CARRERA,0,"Los Carrera & Anibal Pinto, Yumbel, Bío Bío, Chile",-37.1012042,-72.5596535,1,GEOMETRIC_CENTER,2020,1260102,2020/01/21 00:00:00+00,CHOQUE POSTERIOR,CHOQUE,URBANA,IMPRUDENCIA DEL CONDUCTOR,CONDUCCION NO ATENTO CONDICIONES TRANSITO MOMENTO,0,0,0,0,11:35:00
-72.7137116,-37.282389,1644,8,REGION BIO BIO,8304,LAJA,BALMACEDA,FELIX EICHER,0,"Balmaceda & P. Félix Eicher, Laja, Bío Bío, Chile",-37.282389,-72.7137116,1,GEOMETRIC_CENTER,2020,1260121,2020/01/22 00:00:00+00,ATROPELLO,ATROPELLO,URBANA,IMPRUDENCIA DEL CONDUCTOR,NO RESPETAR DERECHO PREFERENTE DE PASO A PEATON,0,0,0,1,20:55:00
-72.564239,-37.0988079,1645,8,REGION BIO BIO,8313,YUMBEL,QUINTANA,VALDIVIA,0,"Valdivia & Quintana, Yumbel, Bío Bío, Chile",-37.0988079,-72.564239,1,GEOMETRIC_CENTER,2020,1260163,2020/01/28 00:00:00+00,COLISION LATERAL,COLISION,URBANA,IMPRUDENCIA DEL CONDUCTOR,CONDUCCION NO ATENTO CONDICIONES TRANSITO MOMENTO,0,0,0,0,11:35:00
-73.0505432,-36.8279014,1646,8,REGION BIO BIO,8101,CONCEPCION,CAUPOLICAN,OHIGGINS,0,"Caupolicán & Libertador General Bernardo OHiggins, Concepción, Bío Bío, Chile",-36.8279014,-73.0505432,1,GEOMETRIC_CENTER,2020,1260272,2020/01/29 00:00:00+00,COLISION PERPENDICULAR,COLISION,URBANA,DEFICIENCIAS VIALES,SEÑALIZACION SEMAFORO MAL ESTADO O DEFICIENTE,0,0,0,1,21:40:00
-73.3173303,-37.2433229,1647,8,REGION BIO BIO,8202,ARAUCO,BLANCO,CHACABUCO,0,"Blanco & Chacabuco, Arauco, Bío Bío, Chile",-37.2433229,-73.3173303,1,GEOMETRIC_CENTER,2020,1260281,2020/01/29 00:00:00+00,COLISION,COLISION,URBANA,IMPRUDENCIA DEL CONDUCTOR,CONDUCCION NO ATENTO CONDICIONES TRANSITO MOMENTO,0,0,1,1,10:20:00
-73.1336267,-36.8529292,1648,8,REGION BIO BIO,8108,SAN PEDRO DE LA PAZ,TRANSVERSAL TRES,NUEVA UNO,0,"Nueva Uno 1250-3310, San Pedro de la Paz, Bío Bío, Chile",-36.8529292,-73.1336267,1,ROOFTOP,2020,1260290,2020/01/28 00:00:00+00,CHOQUE FRONTAL,CHOQUE,URBANA,IMPRUDENCIA DEL CONDUCTOR,CONDUCCION NO ATENTO CONDICIONES TRANSITO MOMENTO,0,0,0,0,08:30:00
-73.0710541,-36.8275269,1649,8,REGION BIO BIO,8101,CONCEPCION,RANCAGUA,COSTANERA,0,"Parque Costanera Concepción - Av. Costanera 8000, Concepción, Bío Bío, Chile",-36.8275269,-73.0710541,1,ROOFTOP,2020,1260301,2020/01/29 00:00:00+00,CHOQUE FRENTE/FRENTE,CHOQUE,URBANA,IMPRUDENCIA DEL CONDUCTOR,CONDUCCION SIN MANTENER DISTANCIA RAZONABLE NI PRUDENTE,0,0,0,0,08:40:00
-73.3441782,-37.4746876,1650,8,REGION BIO BIO,8205,CURANILAHUE,ERNESTO RIQUELME, ,1000,"Riquelme 1000, Curanilahue, Bío Bío, Chile",-37.4746876,-73.3441782,1,RANGE_INTERPOLATED,2020,1260601,2020/01/31 00:00:00+00,CHOQUE,CHOQUE,URBANA,ALCOHOL EN CONDUCTOR,CONDUCCION EN ESTADO DE EBRIEDAD,0,0,0,1,08:30:00
-73.1527368,-37.0838756,1651,8,REGION BIO BIO,8106,LOTA,FERNANDO MAIRA,LA PAZ,0,"Fernando Maira Nº 580 – A, Sector La Cantera, Lota, Bío Bío, Chile",-37.0838756,-73.1527368,1,GEOMETRIC_CENTER,2020,1260617,2020/01/27 00:00:00+00,CHOQUE FRENTE/POSTERIOR,CHOQUE,URBANA,IMPRUDENCIA DEL CONDUCTOR,CONDUCCION SIN MANTENER DISTANCIA RAZONABLE NI PRUDENTE,0,0,0,0,17:00:00
-73.1580902,-37.0887922,1652,8,REGION BIO BIO,8106,LOTA,BANNEN,SERRANO,0,"P Bannen & Serrano, Lota, Bío Bío, Chile",-37.0887922,-73.1580902,1,GEOMETRIC_CENTER,2020,1260600,2020/01/13 00:00:00+00,COLISION POR ALCANCE,COLISION,URBANA,IMPRUDENCIA DEL CONDUCTOR,CONDUCCION SIN MANTENER DISTANCIA RAZONABLE NI PRUDENTE,0,0,0,1,17:30:00
-73.1527368,-37.0838756,1653,8,REGION BIO BIO,8106,LOTA,FERNANDO MAIRA,LA PAZ,0,"Fernando Maira Nº 580 – A, Sector La Cantera, Lota, Bío Bío, Chile",-37.0838756,-73.1527368,1,GEOMETRIC_CENTER,2020,1260611,2020/01/22 00:00:00+00,COLISION FRONTAL,COLISION,URBANA,PERDIDA CONTROL VEHICULO,PERDIDA CONTROL VEHICULO,0,0,0,3,23:40:00
-73.1527368,-37.0838756,1654,8,REGION BIO BIO,8106,LOTA,FERNANDO MAIRA,LA PAZ,0,"Fernando Maira Nº 580 – A, Sector La Cantera, Lota, Bío Bío, Chile",-37.0838756,-73.1527368,1,GEOMETRIC_CENTER,2020,1260618,2020/01/29 00:00:00+00,COLISION POR ALCANCE,COLISION,URBANA,OTRAS CAUSAS,OTRAS CAUSAS,0,0,0,1,14:50:00
-73.1527365,-37.0824003,1655,8,REGION BIO BIO,8106,LOTA,LA PAZ, ,671,"La Paz 671, Lota, Bío Bío, Chile",-37.0824003,-73.1527365,1,RANGE_INTERPOLATED,2020,1260619,2020/01/31 00:00:00+00,ATROPELLO,ATROPELLO,URBANA,IMPRUDENCIA DEL PEATON,PEATON CRUZA CALZADA FUERA PASO PEATONES,0,0,0,1,12:30:00
-73.0468096,-36.8237537,1656,8,REGION BIO BIO,8101,CONCEPCION,FREIRE,TUCAPEL,0,"Tucapel & Freire, Concepción, Bío Bío, Chile",-36.8237537,-73.0468096,1,GEOMETRIC_CENTER,2020,1260648,2020/01/31 00:00:00+00,COLISION PERPENDICULAR,COLISION,URBANA,DEFICIENCIAS VIALES,SEÑALIZACION SEMAFORO MAL ESTADO O DEFICIENTE,0,0,0,0,00:50:00
-73.0820733,-36.7449845,1657,8,REGION BIO BIO,8110,TALCAHUANO,CALLE 7, ,3818,"C. 7 3818, Talcahuano, Bío Bío, Chile",-36.7449845,-73.0820733,1,ROOFTOP,2020,1260652,2020/01/29 00:00:00+00,CHOQUE FRENTE/POSTERIOR,CHOQUE,URBANA,PERDIDA CONTROL VEHICULO,PERDIDA CONTROL VEHICULO,0,0,0,0,14:30:00
-73.0511686,-36.8506518,1658,8,REGION BIO BIO,8101,CONCEPCION,PEDRO DE VALDIVIA,ALEMANA,0,"Av. Alemana & Av. Pedro de Valdivia, Concepción, Bío Bío, Chile",-36.8506518,-73.0511686,1,GEOMETRIC_CENTER,2020,1260691,2020/01/30 00:00:00+00,COLISION POR ALCANCE,COLISION,URBANA,IMPRUDENCIA DEL CONDUCTOR,CONDUCCION NO ATENTO CONDICIONES TRANSITO MOMENTO,0,0,0,1,20:30:00
-72.3258321,-37.4696891,1659,8,REGION BIO BIO,8301,LOS ANGELES,LAS INDUSTRIAS, ,502,"Av Las Industrias 502, Los Ángeles, Bío Bío, Chile",-37.4696891,-72.3258321,1,RANGE_INTERPOLATED,2020,1260751,2020/01/25 00:00:00+00,COLISION FRONTAL,COLISION,URBANA,IMPRUDENCIA DEL CONDUCTOR,CONDUCCION NO ATENTO CONDICIONES TRANSITO MOMENTO,0,0,1,2,09:40:00
-73.1404308,-36.8447859,1660,8,REGION BIO BIO,8108,SAN PEDRO DE LA PAZ,TERCERA TRANSVERSAL,MICHAIHUE,0,"René Schneider 265, San Pedro de la Paz, Bío Bío, Chile",-36.8447859,-73.1404308,1,ROOFTOP,2020,1260948,2020/01/27 00:00:00+00,CHOQUE FRONTAL,CHOQUE,URBANA,ALCOHOL EN CONDUCTOR,CONDUCCION BAJO LA INFLUENCIA DEL ALCOHOL,0,0,0,0,08:30:00
-72.344027,-37.4866015,1661,8,REGION BIO BIO,8301,LOS ANGELES,LOS CARRERA,RIO HUAQUI,0,"Avenida Los Carrera & Río Huaqui, Los Angeles, Los Ángeles, Bío Bío, Chile",-37.4866015,-72.344027,1,GEOMETRIC_CENTER,2020,1260992,2020/01/28 00:00:00+00,COLISION LATERAL,COLISION,URBANA,IMPRUDENCIA DEL CONDUCTOR,CONDUCCION NO ATENTO CONDICIONES TRANSITO MOMENTO,0,0,0,1,00:20:00
-73.652016,-37.6089813,1662,8,REGION BIO BIO,8201,LEBU,LATORRE,CARRERA,0,"Latorre & Carrera, Lebu, Bío Bío, Chile",-37.6089813,-73.652016,1,GEOMETRIC_CENTER,2020,1261056,2020/01/29 00:00:00+00,CHOQUE POSTERIOR/POSTERIOR,CHOQUE,URBANA,IMPRUDENCIA DEL CONDUCTOR,CONDUCCION NO ATENTO CONDICIONES TRANSITO MOMENTO,0,0,0,0,17:30:00
-73.0825166,-36.8024875,1663,8,REGION BIO BIO,8112,HUALPEN,PUERTO SAAVEDRA,CRISTOBAL COLON,0,"Avenida Cristóbal Colón & Pto Saavedra, Hualpén, Bío Bío, Chile",-36.8024875,-73.0825166,1,GEOMETRIC_CENTER,2020,1261244,2020/02/02 00:00:00+00,COLISION,COLISION,URBANA,IMPRUDENCIA DEL CONDUCTOR,CONDUCCION NO ATENTO CONDICIONES TRANSITO MOMENTO,0,0,0,0,17:45:00
-73.1481868,-36.8820219,1664,8,REGION BIO BIO,8108,SAN PEDRO DE LA PAZ,LOS PARQUES, ,798,"Av. Los Parques 798, San Pedro de la Paz, Región Metropolitana, Chile",-36.8820219,-73.1481868,1,RANGE_INTERPOLATED,2020,1261385,2020/02/01 00:00:00+00,CHOQUE FRONTAL,CHOQUE,URBANA,ALCOHOL EN CONDUCTOR,CONDUCCION BAJO LA INFLUENCIA DEL ALCOHOL,0,0,0,0,01:00:00
-72.34822,-37.477077,1665,8,REGION BIO BIO,8301,LOS ANGELES,LOS CARRERA,GABRIELA MISTRAL,0,"Av. Los Carrera & Av. Gabriela Mistral, Los Angeles, Los Ángeles, Bío Bío, Chile",-37.477077,-72.34822,1,GEOMETRIC_CENTER,2020,1261494,2020/02/01 00:00:00+00,COLISION,COLISION,URBANA,ALCOHOL EN CONDUCTOR,CONDUCCION EN ESTADO DE EBRIEDAD,1,0,0,0,05:25:00
-73.0450549,-36.7809271,1666,8,REGION BIO BIO,8101,CONCEPCION,CANTO DEL VALLE, ,0,"Canto del Valle 1951, Concepción, Bío Bío, Chile",-36.7809271,-73.0450549,1,ROOFTOP,2020,1262302,2020/01/21 00:00:00+00,COLISION POR ALCANCE,COLISION,URBANA,IMPRUDENCIA DEL CONDUCTOR,CONDUCCION NO ATENTO CONDICIONES TRANSITO MOMENTO,0,0,0,0,20:30:00
-73.1574754,-37.0150138,1667,8,REGION BIO BIO,8102,CORONEL,CARLOS PRATS,ROSITA MEDEL,0,"Nva Rosa Medel & Avenida General Carlos Prats, Coronel, Bío Bío, Chile",-37.0150138,-73.1574754,1,GEOMETRIC_CENTER,2020,1261645,2020/01/31 00:00:00+00,COLISION POR ALCANCE,COLISION,URBANA,ALCOHOL EN CONDUCTOR,CONDUCCION BAJO LA INFLUENCIA DEL ALCOHOL,0,0,0,0,13:00:00
-73.158888,-37.0111101,1668,8,REGION BIO BIO,8102,CORONEL,CARLOS PRATS,PEDRO DE VALDIVIA,0,"Pedro de Valdivia & Avenida General Carlos Prats, Coronel, Bío Bío, Chile",-37.0111101,-73.158888,1,GEOMETRIC_CENTER,2020,1261696,2020/01/14 00:00:00+00,COLISION POR ALCANCE,COLISION,URBANA,IMPRUDENCIA DEL CONDUCTOR,CONDUCCION NO ATENTO CONDICIONES TRANSITO MOMENTO,0,1,0,1,17:30:00
-73.0032447,-36.8373533,1669,8,REGION BIO BIO,8101,CONCEPCION,ALMTE RIVERA SUR, ,486,"La Rivera, Concepción, Bío Bío, Chile",-36.8373533,-73.0032447,1,GEOMETRIC_CENTER,2020,1261724,2020/01/06 00:00:00+00,CHOQUE LADO/LADO,CHOQUE,URBANA,IMPRUDENCIA DEL CONDUCTOR,CONDUCCION NO ATENTO CONDICIONES TRANSITO MOMENTO,0,0,0,0,14:00:00
-72.3258316,-37.4697035,1670,8,REGION BIO BIO,8301,LOS ANGELES,LAS INDUSTRIAS, ,504,"Av Las Industrias 504, Los Ángeles, Bío Bío, Chile",-37.4697035,-72.3258316,1,RANGE_INTERPOLATED,2020,1261931,2020/02/05 00:00:00+00,COLISION PERPENDICULAR,COLISION,URBANA,IMPRUDENCIA DEL CONDUCTOR,VIRAJES INDEBIDOS,1,0,0,0,17:00:00
-73.1586108,-37.006705,1671,8,REGION BIO BIO,8102,CORONEL,MANUEL MONTT,HEROES DE LA CONCEPCION,0,"Avenida Manuel Montt & Heroes de la Concepción, Coronel, Bío Bío, Chile",-37.006705,-73.1586108,1,GEOMETRIC_CENTER,2020,1261926,2020/01/09 00:00:00+00,COLISION POR ALCANCE,COLISION,URBANA,ALCOHOL EN CONDUCTOR,CONDUCCION EN ESTADO DE EBRIEDAD,0,0,0,0,19:10:00
-73.1548936,-37.0168244,1672,8,REGION BIO BIO,8102,CORONEL,ARTURO PRAT,ORFELIA GONZALEZ,0,"Orfelia González & Arturo Prat, Coronel, Bío Bío, Chile",-37.0168244,-73.1548936,1,GEOMETRIC_CENTER,2020,1261940,2020/01/05 00:00:00+00,COLISION FRONTAL,COLISION,URBANA,ALCOHOL EN CONDUCTOR,CONDUCCION EN ESTADO DE EBRIEDAD,0,0,0,2,23:45:00
-72.2441127,-37.7119718,1673,8,REGION BIO BIO,8305,MULCHEN,SOTO, ,1197,"Soto 1197, Mulchen, Negrete, Bío Bío, Chile",-37.7119718,-72.2441127,1,RANGE_INTERPOLATED,2020,1262024,2020/01/29 00:00:00+00,COLISION,COLISION,URBANA,IMPRUDENCIA DEL CONDUCTOR,CONDUCCION NO ATENTO CONDICIONES TRANSITO MOMENTO,0,0,0,0,21:30:00
-73.1131712,-36.7127365,1674,8,REGION BIO BIO,8110,TALCAHUANO,BLANCO ENCALADA,SAN MARTIN,0,"San Martín & Blanco Encalada, Talcahuano, Bío Bío, Chile",-36.7127365,-73.1131712,1,GEOMETRIC_CENTER,2020,1262089,2020/02/01 00:00:00+00,COLISION LATERAL,COLISION,URBANA,DESOBEDIENCIA A SEÑALIZACION,SEÑALIZACION DESOBEDECER LUZ ROJA DE SEMAFORO,0,0,0,1,23:00:00
-73.0851297,-36.7753283,1675,8,REGION BIO BIO,8110,TALCAHUANO,ARTEAGA ALEMPARTE, ,155,"Arteaga Alemparte 155, Talcahuano, Bío Bío, Chile",-36.7753283,-73.0851297,1,ROOFTOP,2020,1262095,2020/02/01 00:00:00+00,CHOQUE FRENTE/POSTERIOR,CHOQUE,URBANA,ALCOHOL EN CONDUCTOR,CONDUCCION EN ESTADO DE EBRIEDAD,0,0,0,0,21:30:00
-73.0851477,-36.7545735,1676,8,REGION BIO BIO,8110,TALCAHUANO,CLAUDIO GAY,JAIME REPULLO,0,"Claudio Gay & Jaime Repullo, Talcahuano, Bío Bío, Chile",-36.7545735,-73.0851477,1,GEOMETRIC_CENTER,2020,1262123,2020/02/05 00:00:00+00,COLISION LATERAL,COLISION,URBANA,IMPRUDENCIA DEL CONDUCTOR,NO RESPETAR DERECHO PREFERENTE DE PASO A VEHICULO,0,0,0,0,12:25:00
-73.0877808,-36.7763222,1677,8,REGION BIO BIO,8110,TALCAHUANO,LA MARINA,EJERCITO,0,"Ejército & La Marina, Talcahuano, Bío Bío, Chile",-36.7763222,-73.0877808,1,GEOMETRIC_CENTER,2020,1262131,2020/02/05 00:00:00+00,COLISION LATERAL,COLISION,URBANA,DESOBEDIENCIA A SEÑALIZACION,SEÑALIZACION DESOBEDECER SEÑAL CEDA EL PASO,0,0,0,2,00:00:00
-73.0565138,-36.8014449,1678,8,REGION BIO BIO,8101,CONCEPCION,PAICAVI,CALLE NUEVA,0,"Paicaví & Calle Nueva, Concepción, Bío Bío, Chile",-36.8014449,-73.0565138,1,GEOMETRIC_CENTER,2020,1262168,2020/01/07 00:00:00+00,ATROPELLO,ATROPELLO,URBANA,IMPRUDENCIA DEL PEATON,PEATON CRUZA CALZADA FUERA PASO PEATONES,0,0,0,1,18:10:00
-73.0529796,-36.8231386,1679,8,REGION BIO BIO,8101,CONCEPCION,LOS CARRERA, ,637,"Av. los Carrera 637, Concepción, Bío Bío, Chile",-36.8231386,-73.0529796,1,ROOFTOP,2020,1262187,2020/01/25 00:00:00+00,COLISION POR ALCANCE,COLISION,URBANA,IMPRUDENCIA DEL CONDUCTOR,CONDUCIR VEHICULO EN RETROCESO,0,0,0,0,16:30:00
-73.0371242,-36.7969237,1680,8,REGION BIO BIO,8101,CONCEPCION,LOS ACACIOS,LOS NARANJOS,0,"Los Acacios & Los Naranjos, Concepción, Bío Bío, Chile",-36.7969237,-73.0371242,1,GEOMETRIC_CENTER,2020,1262190,2020/01/26 00:00:00+00,COLISION POR ALCANCE,COLISION,URBANA,IMPRUDENCIA DEL CONDUCTOR,CONDUCCION NO ATENTO CONDICIONES TRANSITO MOMENTO,0,0,0,0,05:00:00