X,Y,FID,COD_REG,REGION,CUT,COMUNA,CALLE_UNO,CALLE_DOS,NUMERO,DIR_GEOCOD,LAT,LNG,VAL_COM,TIPO,Año,Idaccident,Fecha,Tipo_Accid,Tipo__CONA,Zona,Causa__CON,Causa,Fallecidos,Graves,Menos_Grav,Leves,Hora
-73.0429731,-36.8196393,1681,8,REGION BIO BIO,8101,CONCEPCION,LOS CARRERA,JANEQUEO,0,"Janequeo & Avenida los Carrera, Concepción, Bío Bío, Chile",-36.8196393,-73.0429731,1,GEOMETRIC_CENTER,2020,1262206,2020/01/27 00:00:00+00,COLISION LATERAL,COLISION,URBANA,IMPRUDENCIA DEL CONDUCTOR,CONDUCCION NO ATENTO CONDICIONES TRANSITO MOMENTO,0,0,0,0,16:15:00
-73.0474948,-36.7805625,1682,8,REGION BIO BIO,8101,CONCEPCION,SAN SEBASTIAN, ,842,"Av. San Sebastián 842, Concepción, Bío Bío, Chile",-36.7805625,-73.0474948,1,ROOFTOP,2020,1262214,2020/01/28 00:00:00+00,COLISION LATERAL,COLISION,URBANA,IMPRUDENCIA DEL CONDUCTOR,CONDUCCION NO ATENTO CONDICIONES TRANSITO MOMENTO,0,0,0,0,08:10:00
-73.0453099,-36.7825364,1683,8,REGION BIO BIO,8101,CONCEPCION,CANTO DEL VALLE, ,347,"Canto del Valle, Concepción, Bío Bío, Chile",-36.7825364,-73.0453099,1,GEOMETRIC_CENTER,2020,1262216,2020/01/28 00:00:00+00,CHOQUE LADO/FRENTE,CHOQUE,URBANA,IMPRUDENCIA DEL CONDUCTOR,CONDUCCION NO ATENTO CONDICIONES TRANSITO MOMENTO,0,0,0,0,20:00:00
-73.0505571,-36.8163347,1684,8,REGION BIO BIO,8101,CONCEPCION,PRIETO,TUCAPEL,0,"Tucapel & Joaquín Prieto, Concepción, Bío Bío, Chile",-36.8163347,-73.0505571,1,GEOMETRIC_CENTER,2020,1262220,2020/01/29 00:00:00+00,CHOQUE FRENTE/POSTERIOR,CHOQUE,URBANA,IMPRUDENCIA DEL CONDUCTOR,CONDUCIR VEHICULO EN RETROCESO,0,0,0,0,12:40:00
-73.0481127,-36.8216544,1685,8,REGION BIO BIO,8101,CONCEPCION,LOS CARRERA,TUCAPEL,0,"Tucapel & Avenida los Carrera, Concepción, Bío Bío, Chile",-36.8216544,-73.0481127,1,GEOMETRIC_CENTER,2020,1262222,2020/01/28 00:00:00+00,CHOQUE LADO/POSTERIOR,CHOQUE,URBANA,IMPRUDENCIA DEL CONDUCTOR,ADELANTAMIENTO SIN EL ESPACIO O TIEMPO SUFICIENTE,0,0,0,0,19:50:00
-73.0142192,-36.9566755,1686,8,REGION BIO BIO,8103,CHIGUAYANTE,21 DE MAYO,SOTOMAYOR,0,"21 de Mayo, Chiguayante, Bío Bío, Chile",-36.9566755,-73.0142192,1,GEOMETRIC_CENTER,2020,1262224,2020/01/16 00:00:00+00,COLISION LATERAL,COLISION,URBANA,IMPRUDENCIA DEL CONDUCTOR,CONDUCCION NO ATENTO CONDICIONES TRANSITO MOMENTO,0,0,0,0,15:00:00
-73.0463104,-36.8170615,1687,8,REGION BIO BIO,8101,CONCEPCION,PAICAVI,BULNES,0,"Manuel Bulnes & Paicaví, Concepción, Bío Bío, Chile",-36.8170615,-73.0463104,1,GEOMETRIC_CENTER,2020,1262230,2020/01/21 00:00:00+00,COLISION FRONTAL,COLISION,URBANA,IMPRUDENCIA DEL CONDUCTOR,CONDUCCION NO ATENTO CONDICIONES TRANSITO MOMENTO,0,0,0,0,07:10:00
-73.0598192,-36.7985047,1688,8,REGION BIO BIO,8101,CONCEPCION,PAICAVI, ,3380,"Paicaví 3380, Concepción, Bío Bío, Chile",-36.7985047,-73.0598192,1,ROOFTOP,2020,1262233,2020/01/21 00:00:00+00,COLISION POR ALCANCE,COLISION,URBANA,IMPRUDENCIA DEL CONDUCTOR,CONDUCCION NO ATENTO CONDICIONES TRANSITO MOMENTO,0,1,0,0,10:15:00
-73.05155,-36.8170052,1689,8,REGION BIO BIO,8101,CONCEPCION,TUCAPEL, ,1259,"Tucapel 1259, Concepción, Bío Bío, Chile",-36.8170052,-73.05155,1,ROOFTOP,2020,1262235,2020/01/14 00:00:00+00,CHOQUE LADO/LADO,CHOQUE,URBANA,IMPRUDENCIA DEL CONDUCTOR,ADELANTAMIENTO SIN EL ESPACIO O TIEMPO SUFICIENTE,0,0,0,0,11:30:00
-73.0531471,-36.8238989,1690,8,REGION BIO BIO,8101,CONCEPCION,CAUPOLICAN,LOS CARRERA,0,"Avenida los Carrera & Caupolicán, Concepción, Bío Bío, Chile",-36.8238989,-73.0531471,1,GEOMETRIC_CENTER,2020,1262282,2020/01/18 00:00:00+00,COLISION POR ALCANCE,COLISION,URBANA,ALCOHOL EN CONDUCTOR,CONDUCCION EN ESTADO DE EBRIEDAD,0,0,0,0,14:40:00
-73.0261571,-36.91277,1691,8,REGION BIO BIO,8103,CHIGUAYANTE,ARTURO PRAT, ,0,"Arturo Prat 184, Chiguayante, Bío Bío, Chile",-36.91277,-73.0261571,1,ROOFTOP,2020,1262300,2020/01/20 00:00:00+00,COLISION POR ALCANCE,COLISION,URBANA,IMPRUDENCIA DEL CONDUCTOR,CONDUCCION NO ATENTO CONDICIONES TRANSITO MOMENTO,0,0,0,0,17:15:00
-73.0436564,-36.8197164,1692,8,REGION BIO BIO,8101,CONCEPCION,PAICAVI,LOS CARRERA,0,"Los Carrera - Paicaví, Concepción, Bío Bío, Chile",-36.8197164,-73.0436564,1,GEOMETRIC_CENTER,2020,1262310,2020/01/20 00:00:00+00,COLISION LATERAL,COLISION,URBANA,IMPRUDENCIA DEL CONDUCTOR,CONDUCCION CAMBIAR SORPRESIVAMENTE PISTA CIRCULACION,0,0,0,7,18:20:00
-73.0365151,-36.8918814,1693,8,REGION BIO BIO,8103,CHIGUAYANTE,COSTANERA, ,7,"Av. Costanera, Chiguayante, Bío Bío, Chile",-36.8918814,-73.0365151,1,GEOMETRIC_CENTER,2020,1262684,2020/01/23 00:00:00+00,CHOQUE FRONTAL,CHOQUE,URBANA,CAUSAS NO DETERMINADAS,CAUSAS NO DETERMINADAS,0,0,0,0,02:50:00
-73.0905075,-36.8073748,1694,8,REGION BIO BIO,8112,HUALPEN,COSTANERA, ,9781,"Av. Costanera 9781, Hualpén, Bío Bío, Chile",-36.8073748,-73.0905075,1,ROOFTOP,2020,1262688,2020/02/06 00:00:00+00,CHOQUE FRENTE/POSTERIOR,CHOQUE,URBANA,IMPRUDENCIA DEL CONDUCTOR,CONDUCCION NO ATENTO CONDICIONES TRANSITO MOMENTO,0,0,0,1,16:00:00
-73.1125723,-36.7854984,1695,8,REGION BIO BIO,8112,HUALPEN,FINLANDIA,GIBRALTAR,0,"Gibraltar & Finlandia, Hualpén, Bío Bío, Chile",-36.7854984,-73.1125723,1,GEOMETRIC_CENTER,2020,1262706,2020/02/06 00:00:00+00,COLISION,COLISION,URBANA,IMPRUDENCIA DEL CONDUCTOR,NO RESPETAR DERECHO PREFERENTE DE PASO A PEATON,0,0,1,0,21:30:00
-73.0455419,-36.8232329,1696,8,REGION BIO BIO,8101,CONCEPCION,OROMPELLO,FREIRE,0,"Freire & Orompello, Concepción, Bío Bío, Chile",-36.8232329,-73.0455419,1,GEOMETRIC_CENTER,2020,1262721,2020/02/01 00:00:00+00,COLISION PERPENDICULAR,COLISION,URBANA,DESOBEDIENCIA A SEÑALIZACION,SEÑALIZACION DESOBEDECER SEÑAL CEDA EL PASO,0,0,0,2,17:20:00
-73.0423974,-36.8676725,1697,8,REGION BIO BIO,8103,CHIGUAYANTE,COSTANERA,PASCUAL BINIMELIS,0,"Pascual Binimelis, Concepción, Chile",-36.8676725,-73.0423974,1,GEOMETRIC_CENTER,2020,1262755,2020/01/24 00:00:00+00,COLISION PERPENDICULAR,COLISION,URBANA,CAUSAS NO DETERMINADAS,CAUSAS NO DETERMINADAS,0,0,0,1,15:50:00
-73.021847,-36.9335783,1698,8,REGION BIO BIO,8103,CHIGUAYANTE,MANUEL RODRIGUEZ,LIBERTAD,0,"Libertad & Avenida Manuel Rodríguez, Chiguayante, Bío Bío, Chile",-36.9335783,-73.021847,1,GEOMETRIC_CENTER,2020,1263056,2020/01/25 00:00:00+00,COLISION POR ALCANCE,COLISION,URBANA,CAUSAS NO DETERMINADAS,CAUSAS NO DETERMINADAS,0,0,0,1,13:30:00
-73.0365151,-36.8918814,1699,8,REGION BIO BIO,8103,CHIGUAYANTE,COSTANERA, ,6,"Av. Costanera, Chiguayante, Bío Bío, Chile",-36.8918814,-73.0365151,1,GEOMETRIC_CENTER,2020,1263062,2020/01/25 00:00:00+00,COLISION POR ALCANCE,COLISION,URBANA,CAUSAS NO DETERMINADAS,CAUSAS NO DETERMINADAS,0,0,0,0,13:50:00
-73.0313744,-36.9044438,1700,8,REGION BIO BIO,8103,CHIGUAYANTE,OCHO ORIENTE, ,750,"Calle 8 Ote. 750, Chiguayante, Bío Bío, Chile",-36.9044438,-73.0313744,1,RANGE_INTERPOLATED,2020,1263068,2020/01/25 00:00:00+00,COLISION LATERAL,COLISION,URBANA,CAUSAS NO DETERMINADAS,CAUSAS NO DETERMINADAS,0,0,0,0,19:15:00
-73.0966348,-36.7866363,1701,8,REGION BIO BIO,8112,HUALPEN,SUECIA,GRECIA,0,"Suecia & Grecia, Hualpén, Bío Bío, Chile",-36.7866363,-73.0966348,1,GEOMETRIC_CENTER,2020,1263109,2020/02/08 00:00:00+00,COLISION,COLISION,URBANA,OTRAS CAUSAS,OTRAS CAUSAS,0,0,0,0,20:00:00
-73.112117,-36.8000857,1702,8,REGION BIO BIO,8112,HUALPEN,COSTANERA,GRAN BRETAÑA,0,"C. la Roda, Hualpén, Bío Bío, Chile",-36.8000857,-73.112117,1,GEOMETRIC_CENTER,2020,1263141,2020/02/09 00:00:00+00,COLISION,COLISION,URBANA,IMPRUDENCIA DEL CONDUCTOR,NO RESPETAR DERECHO PREFERENTE DE PASO A PEATON,0,0,0,0,16:00:00
-72.660679,-36.8237949,1703,8,REGION BIO BIO,8104,FLORIDA,ANGAMOS, ,13,"Arturo Prat 675, Florida, Bío Bío, Chile",-36.8237949,-72.660679,1,ROOFTOP,2020,1263179,2020/01/31 00:00:00+00,OTRO TIPO,OTRO TIPO,URBANA,CAUSAS NO DETERMINADAS,CAUSAS NO DETERMINADAS,0,0,0,1,20:19:00
-73.008089,-36.8217293,1704,8,REGION BIO BIO,8101,CONCEPCION,COLLAO,NONGUEN,0,"Camino Nonguén & Collao, Concepción, Bío Bío, Chile",-36.8217293,-73.008089,1,GEOMETRIC_CENTER,2020,1263266,2020/02/03 00:00:00+00,ATROPELLO,ATROPELLO,URBANA,IMPRUDENCIA DEL CONDUCTOR,NO RESPETAR DERECHO PREFERENTE DE PASO A PEATON,0,0,0,1,19:25:00
-72.9898805,-36.7331355,1705,8,REGION BIO BIO,8107,PENCO,INFANTE, ,100,"Infante 100, Penco, Bío Bío, Chile",-36.7331355,-72.9898805,1,RANGE_INTERPOLATED,2020,1263271,2020/02/02 00:00:00+00,VOLCADURA,VOLCADURA,URBANA,OTRAS CAUSAS,OTRAS CAUSAS,0,0,0,1,11:20:00
-73.0306997,-36.9130021,1706,8,REGION BIO BIO,8103,CHIGUAYANTE,LAS ARAUCARIAS,AVDA OCHO ORIENTE,0,"Calle 8 Oriente & Las Araucarias, Chiguayante, Bío Bío, Chile",-36.9130021,-73.0306997,1,GEOMETRIC_CENTER,2020,1263277,2020/01/31 00:00:00+00,COLISION PERPENDICULAR,COLISION,URBANA,OTRAS CAUSAS,OTRAS CAUSAS,0,0,0,0,15:15:00
-73.0474572,-36.8227472,1707,8,REGION BIO BIO,8101,CONCEPCION,MAIPU,TUCAPEL,0,"Tucapel & Maipú, Concepción, Bío Bío, Chile",-36.8227472,-73.0474572,1,GEOMETRIC_CENTER,2020,1263287,2020/02/01 00:00:00+00,COLISION PERPENDICULAR,COLISION,URBANA,IMPRUDENCIA DEL CONDUCTOR,CONDUCCION NO ATENTO CONDICIONES TRANSITO MOMENTO,0,0,0,0,19:10:00
-73.0379451,-36.8249434,1708,8,REGION BIO BIO,8101,CONCEPCION,SAN MARTIN, ,1436,"San Martín 1436, Concepción, Bío Bío, Chile",-36.8249434,-73.0379451,1,ROOFTOP,2020,1263297,2020/02/04 00:00:00+00,ATROPELLO,ATROPELLO,URBANA,IMPRUDENCIA DEL CONDUCTOR,NO RESPETAR DERECHO PREFERENTE DE PASO A PEATON,0,0,0,1,07:25:00
-73.1425214,-36.8571701,1709,8,REGION BIO BIO,8108,SAN PEDRO DE LA PAZ,CUATRO NORTE,NUEVA UNO,0,"San Pedro de la Paz, Región del Bío Bío, Calle - Av. 4 Norte 955, San Pedro de la Paz, Bío Bío, Chile",-36.8571701,-73.1425214,1,ROOFTOP,2020,1263321,2020/02/04 00:00:00+00,COLISION LATERAL,COLISION,URBANA,IMPRUDENCIA DEL CONDUCTOR,CONDUCCION NO ATENTO CONDICIONES TRANSITO MOMENTO,0,0,0,0,07:50:00
-73.1339209,-36.8377266,1710,8,REGION BIO BIO,8108,SAN PEDRO DE LA PAZ,DANIEL BELMAR,SEGUNDA LONGITUDINAL,0,"Daniel Belmar & Segunda Longitudinal, San Pedro de la Paz, Bío Bío, Chile",-36.8377266,-73.1339209,1,GEOMETRIC_CENTER,2020,1263330,2020/02/09 00:00:00+00,COLISION LATERAL,COLISION,URBANA,IMPRUDENCIA DEL CONDUCTOR,CONDUCCION NO ATENTO CONDICIONES TRANSITO MOMENTO,0,0,0,0,11:10:00
-73.0270669,-36.9215088,1711,8,REGION BIO BIO,8103,CHIGUAYANTE,MANUEL RODRIGUEZ,COCHRANE,0,"Cochrane & Avenida Manuel Rodríguez, Chiguayante, Bío Bío, Chile",-36.9215088,-73.0270669,1,GEOMETRIC_CENTER,2020,1263341,2020/02/01 00:00:00+00,CHOQUE FRENTE/POSTERIOR,CHOQUE,URBANA,OTRAS CAUSAS,OTRAS CAUSAS,0,0,0,0,22:30:00
-73.4608937,-37.6259706,1712,8,REGION BIO BIO,8206,LOS ALAMOS,IGNACIO CARRERA PINTO,LUIS SAEZ MORA,0,"Unnamed Road, Los Alamos, Bío Bío, Chile",-37.6259706,-73.4608937,1,GEOMETRIC_CENTER,2020,1263414,2020/02/06 00:00:00+00,COLISION FRONTAL,COLISION,URBANA,IMPRUDENCIA DEL CONDUCTOR,CONDUCCION NO ATENTO CONDICIONES TRANSITO MOMENTO,0,0,1,0,18:00:00
-73.6407169,-37.5947407,1713,8,REGION BIO BIO,8201,LEBU,FRANZ BENNER,ALFREDO SALGADO,0,"Franz Benner & Alfredo Salgado, Lebu, Bío Bío, Chile",-37.5947407,-73.6407169,1,GEOMETRIC_CENTER,2020,1263424,2020/02/09 00:00:00+00,ATROPELLO,ATROPELLO,URBANA,IMPRUDENCIA DEL PEATON,IMPRUDENCIA DEL PEATON,0,1,0,0,18:44:00
-73.1151883,-36.7841303,1714,8,REGION BIO BIO,8112,HUALPEN,CRACOVIA, ,980,"Cracovia, Hualpén, Bío Bío, Chile",-36.7841303,-73.1151883,1,GEOMETRIC_CENTER,2020,1263478,2020/02/11 00:00:00+00,CHOQUE FRONTAL,CHOQUE,URBANA,IMPRUDENCIA DEL CONDUCTOR,CONDUCCION NO ATENTO CONDICIONES TRANSITO MOMENTO,0,0,0,0,19:10:00
-73.1000597,-36.8442301,1715,8,REGION BIO BIO,8108,SAN PEDRO DE LA PAZ,LOS AROMOS, ,1473,"Av. Los Aromos 1473, San Pedro de la Paz, Región Metropolitana, Chile",-36.8442301,-73.1000597,1,RANGE_INTERPOLATED,2020,1263574,2020/02/03 00:00:00+00,CHOQUE LADO/FRENTE,CHOQUE,URBANA,CAUSAS NO DETERMINADAS,CAUSAS NO DETERMINADAS,0,0,0,0,15:30:00
-73.1167368,-36.8305354,1716,8,REGION BIO BIO,8108,SAN PEDRO DE LA PAZ,JUAN DE NICOLALDE, ,716,"San Pedro de la Paz, Bío Bío, Chile",-36.8305354,-73.1167368,1,APPROXIMATE,2020,1263578,2020/02/06 00:00:00+00,CHOQUE FRENTE/POSTERIOR,CHOQUE,URBANA,CAUSAS NO DETERMINADAS,CAUSAS NO DETERMINADAS,0,0,0,0,23:21:00
-73.0227439,-36.931672,1717,8,REGION BIO BIO,8103,CHIGUAYANTE,MANUEL RODRIGUEZ,PINARES,0,"Pinares & Avenida Manuel Rodríguez, Chiguayante, Bío Bío, Chile",-36.931672,-73.0227439,1,GEOMETRIC_CENTER,2020,1263601,2020/02/02 00:00:00+00,CHOQUE FRONTAL,CHOQUE,URBANA,ALCOHOL EN CONDUCTOR,CONDUCCION BAJO LA INFLUENCIA DEL ALCOHOL,0,0,0,0,03:15:00
-72.9582525,-36.6169067,1718,8,REGION BIO BIO,8111,TOME,IGNACIO SERRANO, ,1199,"Ignacio Serrano 1199, Tome, Tomé, Bío Bío, Chile",-36.6169067,-72.9582525,1,RANGE_INTERPOLATED,2020,1263616,2020/02/06 00:00:00+00,ATROPELLO,ATROPELLO,URBANA,IMPRUDENCIA DEL PEATON,IMPRUDENCIA DEL PEATON,0,0,1,0,14:45:00
-72.9563041,-36.6185951,1719,8,REGION BIO BIO,8111,TOME,MARIANO EGAÑA,MANUEL MONTT,0,"Mariano Egaña & Manuel Montt, Tome, Tomé, Bío Bío, Chile",-36.6185951,-72.9563041,1,GEOMETRIC_CENTER,2020,1263619,2020/02/07 00:00:00+00,COLISION LATERAL,COLISION,URBANA,IMPRUDENCIA DEL CONDUCTOR,VIRAJES INDEBIDOS,0,0,0,0,12:30:00
-72.0198468,-37.665888,1720,8,REGION BIO BIO,8311,SANTA BARBARA,BAQUEDANO, ,566,"Baquedano 566, Santa Bárbara, Bío Bío, Chile",-37.665888,-72.0198468,1,RANGE_INTERPOLATED,2020,1263675,2020/02/06 00:00:00+00,CHOQUE LATERAL,CHOQUE,RURAL,PERDIDA CONTROL VEHICULO,PERDIDA CONTROL VEHICULO,0,0,0,0,20:30:00
-72.0206274,-37.6670248,1721,8,REGION BIO BIO,8311,SANTA BARBARA,CAMILO HENRIQUEZ, ,639,"Camilo Henriquez 639, Santa Bárbara, Bío Bío, Chile",-37.6670248,-72.0206274,1,RANGE_INTERPOLATED,2020,1263688,2020/02/08 00:00:00+00,CHOQUE,CHOQUE,URBANA,PERDIDA CONTROL VEHICULO,PERDIDA CONTROL VEHICULO,0,0,0,0,10:20:00
-73.0808375,-36.7988826,1722,8,REGION BIO BIO,8112,HUALPEN,BIO BIO,LOS ANGELES,0,"Los Angeles & Bío Bío, Hualpén, Bío Bío, Chile",-36.7988826,-73.0808375,1,GEOMETRIC_CENTER,2020,1263971,2020/02/15 00:00:00+00,COLISION,COLISION,URBANA,IMPRUDENCIA DEL CONDUCTOR,CONDUCIR VEHICULO EN RETROCESO,0,0,0,0,09:30:00
-73.1108752,-36.7951013,1723,8,REGION BIO BIO,8112,HUALPEN,PASAJE OCHO, ,2686,"Pje. Ocho 2686, Hualpén, Bío Bío, Chile",-36.7951013,-73.1108752,1,ROOFTOP,2020,1263983,2020/02/14 00:00:00+00,CHOQUE FRENTE/LADO,CHOQUE,URBANA,PERDIDA CONTROL VEHICULO,PERDIDA CONTROL VEHICULO,0,0,0,0,15:20:00
-73.0464509,-36.8270169,1724,8,REGION BIO BIO,8101,CONCEPCION,CASTELLON, ,337,"Castellón 337, Concepción, Bío Bío, Chile",-36.8270169,-73.0464509,1,RANGE_INTERPOLATED,2020,1264029,2020/02/05 00:00:00+00,CHOQUE,CHOQUE,URBANA,IMPRUDENCIA DEL CONDUCTOR,CONDUCIR VEHICULO EN RETROCESO,0,0,0,0,15:10:00
-73.0474572,-36.8227472,1725,8,REGION BIO BIO,8101,CONCEPCION,MAIPU,TUCAPEL,0,"Tucapel & Maipú, Concepción, Bío Bío, Chile",-36.8227472,-73.0474572,1,GEOMETRIC_CENTER,2020,1264033,2020/02/05 00:00:00+00,COLISION PERPENDICULAR,COLISION,URBANA,IMPRUDENCIA DEL CONDUCTOR,CONDUCCION NO ATENTO CONDICIONES TRANSITO MOMENTO,0,0,0,2,23:30:00
-73.0436675,-36.821115,1726,8,REGION BIO BIO,8101,CONCEPCION,PAICAVI,MAIPU,0,"Maipú & Paicaví, Concepción, Bío Bío, Chile",-36.821115,-73.0436675,1,GEOMETRIC_CENTER,2020,1264039,2020/02/05 00:00:00+00,ATROPELLO,ATROPELLO,URBANA,IMPRUDENCIA DEL PEATON,IMPRUDENCIA DEL PEATON,0,0,0,1,20:40:00
-73.0173738,-36.8199526,1727,8,REGION BIO BIO,8101,CONCEPCION,LOS LIRIOS, ,5,"Los Lirios 5, Concepción, Bío Bío, Chile",-36.8199526,-73.0173738,1,ROOFTOP,2020,1264046,2020/02/05 00:00:00+00,ATROPELLO,ATROPELLO,URBANA,IMPRUDENCIA DEL PEATON,PEATON PERMANECE SOBRE LA CALZADA,0,1,0,0,20:30:00
-73.043022,-36.8235818,1728,8,REGION BIO BIO,8101,CONCEPCION,BARROS ARANA, ,1258,"Barros Arana 1258, Concepción, Bío Bío, Chile",-36.8235818,-73.043022,1,ROOFTOP,2020,1264547,2020/02/13 00:00:00+00,ATROPELLO,ATROPELLO,URBANA,IMPRUDENCIA DEL CONDUCTOR,CONDUCIR VEHICULO EN RETROCESO,0,0,0,2,10:45:00
-73.0436675,-36.821115,1729,8,REGION BIO BIO,8101,CONCEPCION,PAICAVI,MAIPU,0,"Maipú & Paicaví, Concepción, Bío Bío, Chile",-36.821115,-73.0436675,1,GEOMETRIC_CENTER,2020,1264091,2020/02/06 00:00:00+00,COLISION PERPENDICULAR,COLISION,URBANA,IMPRUDENCIA DEL CONDUCTOR,CONDUCCION NO ATENTO CONDICIONES TRANSITO MOMENTO,0,0,0,3,08:20:00
-73.060485,-36.7897953,1730,8,REGION BIO BIO,8101,CONCEPCION,RAMON CARRASCO, ,52,"Ramón Carrasco 52, Concepción, Bío Bío, Chile",-36.7897953,-73.060485,1,ROOFTOP,2020,1264144,2020/02/03 00:00:00+00,CHOQUE,CHOQUE,URBANA,IMPRUDENCIA DEL CONDUCTOR,CONDUCCION NO ATENTO CONDICIONES TRANSITO MOMENTO,0,0,0,0,20:40:00
-73.0349091,-36.8092897,1731,8,REGION BIO BIO,8101,CONCEPCION,CAMILO HENRIQUEZ,DIEGO DE ORO,0,"Camilo Henríquez & Diego de Oro, Concepción, Bío Bío, Chile",-36.8092897,-73.0349091,1,GEOMETRIC_CENTER,2020,1264164,2020/02/07 00:00:00+00,CHOQUE POSTERIOR,CHOQUE,URBANA,IMPRUDENCIA DEL CONDUCTOR,CONDUCCION SIN MANTENER DISTANCIA RAZONABLE NI PRUDENTE,0,0,0,0,15:30:00
-73.0456418,-36.8206518,1732,8,REGION BIO BIO,8101,CONCEPCION,LOS CARRERA,ONGOLMO,0,"Ongolmo & Avenida los Carrera, Concepción, Bío Bío, Chile",-36.8206518,-73.0456418,1,GEOMETRIC_CENTER,2020,1264171,2020/02/07 00:00:00+00,COLISION LATERAL,COLISION,URBANA,IMPRUDENCIA DEL CONDUCTOR,CONDUCCION NO ATENTO CONDICIONES TRANSITO MOMENTO,0,0,0,0,17:20:00
-73.0430493,-36.8221087,1733,8,REGION BIO BIO,8101,CONCEPCION,PAICAVI,FREIRE,0,"Freire & Paicaví, Concepción, Bío Bío, Chile",-36.8221087,-73.0430493,1,GEOMETRIC_CENTER,2020,1264180,2020/02/06 00:00:00+00,COLISION PERPENDICULAR,COLISION,URBANA,IMPRUDENCIA DEL CONDUCTOR,CONDUCCION NO ATENTO CONDICIONES TRANSITO MOMENTO,0,0,0,3,12:15:00
-73.0474572,-36.8227472,1734,8,REGION BIO BIO,8101,CONCEPCION,TUCAPEL,MAIPU,0,"Tucapel & Maipú, Concepción, Bío Bío, Chile",-36.8227472,-73.0474572,1,GEOMETRIC_CENTER,2020,1264209,2020/02/07 00:00:00+00,COLISION PERPENDICULAR,COLISION,URBANA,IMPRUDENCIA DEL CONDUCTOR,CONDUCCION NO ATENTO CONDICIONES TRANSITO MOMENTO,0,1,0,0,19:30:00
-73.0520757,-36.8454062,1735,8,REGION BIO BIO,8101,CONCEPCION,PEDRO DE VALDIVIA,FRANCESA,0,"Av. Pedro de Valdivia & Av. Francesa, Concepción, Bío Bío, Chile",-36.8454062,-73.0520757,1,GEOMETRIC_CENTER,2020,1264216,2020/02/08 00:00:00+00,CHOQUE POSTERIOR,CHOQUE,URBANA,IMPRUDENCIA DEL CONDUCTOR,CONDUCCION NO ATENTO CONDICIONES TRANSITO MOMENTO,0,0,0,0,17:32:00
-73.0782453,-36.8158998,1736,8,REGION BIO BIO,8101,CONCEPCION,MIRAFLORES,SANCHO RUIZ,0,"Miraflores & Pasaje Sancho Ruiz, Concepción, Bío Bío, Chile",-36.8158998,-73.0782453,1,GEOMETRIC_CENTER,2020,1264226,2020/02/09 00:00:00+00,CHOQUE,CHOQUE,URBANA,IMPRUDENCIA DEL CONDUCTOR,CONDUCIR VEHICULO EN RETROCESO,0,0,0,0,19:25:00
-73.1175109,-36.7753478,1737,8,REGION BIO BIO,8112,HUALPEN,CAMINO A LENGA, ,2001,"Cam. A Lenga 2001, Hualpén, Bío Bío, Chile",-36.7753478,-73.1175109,1,ROOFTOP,2020,1264286,2020/02/14 00:00:00+00,VOLCADURA,VOLCADURA,URBANA,ALCOHOL EN CONDUCTOR,CONDUCCION EN ESTADO DE EBRIEDAD,0,1,1,0,05:45:00
-73.0455154,-36.8258008,1738,8,REGION BIO BIO,8101,CONCEPCION,OHIGGINS,TUCAPEL,0,"Tucapel & Libertador General Bernardo OHiggins, Concepción, Bío Bío, Chile",-36.8258008,-73.0455154,1,GEOMETRIC_CENTER,2020,1264292,2020/02/10 00:00:00+00,COLISION PERPENDICULAR,COLISION,URBANA,IMPRUDENCIA DEL CONDUCTOR,CONDUCCION NO ATENTO CONDICIONES TRANSITO MOMENTO,0,0,0,1,14:10:00
-73.0235719,-36.817219,1739,8,REGION BIO BIO,8101,CONCEPCION,COLLAO,TEGUALDA,0,"Tegualda & Collao, Concepción, Bío Bío, Chile",-36.817219,-73.0235719,1,GEOMETRIC_CENTER,2020,1264326,2020/02/10 00:00:00+00,CHOQUE POSTERIOR,CHOQUE,URBANA,ALCOHOL EN CONDUCTOR,CONDUCCION EN ESTADO DE EBRIEDAD,0,0,0,0,23:20:00
-73.1049975,-36.7831764,1740,8,REGION BIO BIO,8112,HUALPEN,PARIS, ,1475,"Paris 1475, Hualpén, Bío Bío, Chile",-36.7831764,-73.1049975,1,RANGE_INTERPOLATED,2020,1264359,2020/02/17 00:00:00+00,COLISION,COLISION,URBANA,IMPRUDENCIA DEL CONDUCTOR,CONDUCCION NO ATENTO CONDICIONES TRANSITO MOMENTO,0,0,0,0,11:20:00
-73.4008206,-37.800506,1741,8,REGION BIO BIO,8203,CAÑETE,CONDELL,SEPTIMO DE LINEA,0,"Condell & 7 de Linea, Canete, Cañete, Bío Bío, Chile",-37.800506,-73.4008206,1,GEOMETRIC_CENTER,2020,1264423,2020/02/08 00:00:00+00,COLISION,COLISION,URBANA,IMPRUDENCIA DEL CONDUCTOR,CONDUCCION NO ATENTO CONDICIONES TRANSITO MOMENTO,0,0,0,0,20:55:00