X,Y,FID,COD_REG,REGION,CUT,COMUNA,CALLE_UNO,CALLE_DOS,NUMERO,DIR_GEOCOD,LAT,LNG,VAL_COM,TIPO,Año,Idaccident,Fecha,Tipo_Accid,Tipo__CONA,Zona,Causa__CON,Causa,Fallecidos,Graves,Menos_Grav,Leves,Hora
-73.3869402,-37.7897005,1742,8,REGION BIO BIO,8203,CAÑETE,DIEGO DE ALMAGRO,JOSE MIGUEL INFANTE,0,"José Miguel Carrera, Canete, Cañete, Bío Bío, Chile",-37.7897005,-73.3869402,1,GEOMETRIC_CENTER,2020,1264477,2020/02/12 00:00:00+00,COLISION,COLISION,URBANA,IMPRUDENCIA DEL CONDUCTOR,CONDUCCION NO ATENTO CONDICIONES TRANSITO MOMENTO,0,0,0,0,20:25:00
-73.0511656,-36.8294264,1743,8,REGION BIO BIO,8101,CONCEPCION,SAN MARTIN,RENGO,0,"San Martín & Rengo, Concepción, Bío Bío, Chile",-36.8294264,-73.0511656,1,GEOMETRIC_CENTER,2020,1264532,2020/01/19 00:00:00+00,COLISION LATERAL,COLISION,URBANA,IMPRUDENCIA DEL CONDUCTOR,CONDUCCION NO ATENTO CONDICIONES TRANSITO MOMENTO,0,0,0,0,12:00:00
-73.0361013,-36.8219181,1744,8,REGION BIO BIO,8101,CONCEPCION,ROOSEVELT,OHIGGINS,0,"Roosevelt & Libertador General Bernardo OHiggins, Concepción, Bío Bío, Chile",-36.8219181,-73.0361013,1,GEOMETRIC_CENTER,2020,1264540,2020/02/13 00:00:00+00,COLISION POR ALCANCE,COLISION,URBANA,IMPRUDENCIA DEL CONDUCTOR,CONDUCCION SIN MANTENER DISTANCIA RAZONABLE NI PRUDENTE,0,0,0,0,08:08:00
-73.0804994,-36.8144583,1745,8,REGION BIO BIO,8101,CONCEPCION,SAN EULOGIO, ,671,"San Eulogio 671, Concepción, Bío Bío, Chile",-36.8144583,-73.0804994,1,ROOFTOP,2020,1264569,2020/02/10 00:00:00+00,CHOQUE LATERAL,CHOQUE,URBANA,IMPRUDENCIA DEL CONDUCTOR,CONDUCCION NO ATENTO CONDICIONES TRANSITO MOMENTO,0,0,0,0,18:30:00
-73.0455154,-36.8258008,1746,8,REGION BIO BIO,8101,CONCEPCION,OHIGGINS,TUCAPEL,0,"Tucapel & Libertador General Bernardo OHiggins, Concepción, Bío Bío, Chile",-36.8258008,-73.0455154,1,GEOMETRIC_CENTER,2020,1264594,2020/02/14 00:00:00+00,COLISION PERPENDICULAR,COLISION,URBANA,IMPRUDENCIA DEL CONDUCTOR,CONDUCCION NO ATENTO CONDICIONES TRANSITO MOMENTO,0,0,0,0,08:40:00
-73.021847,-36.9335783,1747,8,REGION BIO BIO,8103,CHIGUAYANTE,LIBERTAD,MANUEL RODRIGUEZ,0,"Libertad & Avenida Manuel Rodríguez, Chiguayante, Bío Bío, Chile",-36.9335783,-73.021847,1,GEOMETRIC_CENTER,2020,1264597,2020/02/18 00:00:00+00,ATROPELLO,ATROPELLO,URBANA,DESOBEDIENCIA A SEÑALIZACION,SEÑALIZACION DESOBEDECER LUZ ROJA DE SEMAFORO,1,0,0,0,06:55:00
-73.0480548,-36.8268899,1748,8,REGION BIO BIO,8101,CONCEPCION,COLO COLO,OHIGGINS,0,"Colo Colo & Libertador General Bernardo OHiggins, Concepción, Bío Bío, Chile",-36.8268899,-73.0480548,1,GEOMETRIC_CENTER,2020,1264650,2020/02/14 00:00:00+00,ATROPELLO,ATROPELLO,URBANA,IMPRUDENCIA DEL CONDUCTOR,NO RESPETAR DERECHO PREFERENTE DE PASO A PEATON,0,0,0,2,17:50:00
-73.050063,-36.8440722,1749,8,REGION BIO BIO,8101,CONCEPCION,MAHUZIER, ,77,"Mahuzier 77, Concepción, Bío Bío, Chile",-36.8440722,-73.050063,1,ROOFTOP,2020,1264659,2020/02/14 00:00:00+00,COLISION LATERAL,COLISION,URBANA,IMPRUDENCIA DEL CONDUCTOR,CONDUCCION NO ATENTO CONDICIONES TRANSITO MOMENTO,0,1,0,0,20:05:00
-73.0514271,-36.8338342,1750,8,REGION BIO BIO,8101,CONCEPCION,VICTOR LAMAS,ANGOL,0,"Angol & Víctor Lamas, Concepción, Bío Bío, Chile",-36.8338342,-73.0514271,1,GEOMETRIC_CENTER,2020,1264663,2020/02/15 00:00:00+00,COLISION LATERAL,COLISION,URBANA,DESOBEDIENCIA A SEÑALIZACION,SEÑALIZACION DESOBEDECER SEÑAL PARE,0,0,0,1,03:15:00
-73.0722049,-36.8170149,1751,8,REGION BIO BIO,8101,CONCEPCION,RODOLFO BRICEÑO,ALMTE RIVEROS,0,"Rodolfo Briceño & Almirante Riveros, Concepción, Bío Bío, Chile",-36.8170149,-73.0722049,1,GEOMETRIC_CENTER,2020,1264666,2020/02/15 00:00:00+00,ATROPELLO,ATROPELLO,URBANA,IMPRUDENCIA DEL CONDUCTOR,NO RESPETAR DERECHO PREFERENTE DE PASO A PEATON,0,0,0,1,17:30:00
-73.6564582,-37.6096376,1752,8,REGION BIO BIO,8201,LEBU,ANDRES BELLO,JOSE JOAQUIN PEREZ,0,"Pérez 600, Lebu, Bío Bío, Chile",-37.6096376,-73.6564582,1,ROOFTOP,2020,1264678,2020/02/19 00:00:00+00,COLISION LATERAL,COLISION,URBANA,IMPRUDENCIA DEL CONDUCTOR,VIRAJES INDEBIDOS,1,0,0,0,10:45:00
-73.0423698,-36.8205879,1753,8,REGION BIO BIO,8101,CONCEPCION,MAIPU,JANEQUEO,0,"Janequeo & Maipú, Concepción, Bío Bío, Chile",-36.8205879,-73.0423698,1,GEOMETRIC_CENTER,2020,1264699,2020/02/17 00:00:00+00,COLISION PERPENDICULAR,COLISION,URBANA,DESOBEDIENCIA A SEÑALIZACION,SEÑALIZACION DESOBEDECER SEÑAL PARE,0,0,0,2,08:40:00
-73.1118843,-36.780986,1754,8,REGION BIO BIO,8112,HUALPEN,GRAN BRETAÑA,GIBRALTAR,0,"Gran Bretana - Yugoslavia / Poniente, Hualpén, Bío Bío, Chile",-36.780986,-73.1118843,1,GEOMETRIC_CENTER,2020,1264709,2020/02/17 00:00:00+00,COLISION,COLISION,URBANA,DESOBEDIENCIA A SEÑALIZACION,SEÑALIZACION DESOBEDECER SEÑAL PARE,0,0,0,1,09:30:00
-73.0436564,-36.8197164,1755,8,REGION BIO BIO,8101,CONCEPCION,LOS CARRERA,PAICAVI,0,"Los Carrera - Paicaví, Concepción, Bío Bío, Chile",-36.8197164,-73.0436564,1,GEOMETRIC_CENTER,2020,1264735,2020/02/17 00:00:00+00,CHOQUE POSTERIOR,CHOQUE,URBANA,IMPRUDENCIA DEL CONDUCTOR,CONDUCCION NO ATENTO CONDICIONES TRANSITO MOMENTO,0,0,0,0,12:20:00
-73.1012783,-36.8387625,1756,8,REGION BIO BIO,8108,SAN PEDRO DE LA PAZ,PEDRO AGUIRRE CERDA,LOS CANELOS,0,"Avenida Pedro Aguirre Cerda & Los Canelos, San Pedro de la Paz, Bío Bío, Chile",-36.8387625,-73.1012783,1,GEOMETRIC_CENTER,2020,1264774,2020/02/17 00:00:00+00,CHOQUE POSTERIOR,CHOQUE,URBANA,IMPRUDENCIA DEL CONDUCTOR,CONDUCCION SIN MANTENER DISTANCIA RAZONABLE NI PRUDENTE,0,0,0,0,12:15:00
-73.0548974,-36.8335187,1757,8,REGION BIO BIO,8101,CONCEPCION,CHACABUCO,SERRANO,0,"Avenida Chacabuco & Serrano, Concepción, Bío Bío, Chile",-36.8335187,-73.0548974,1,GEOMETRIC_CENTER,2020,1264785,2020/02/17 00:00:00+00,COLISION PERPENDICULAR,COLISION,URBANA,DESOBEDIENCIA A SEÑALIZACION,SEÑALIZACION DESOBEDECER LUZ ROJA DE SEMAFORO,0,0,0,0,17:30:00
-73.0924304,-36.8004822,1758,8,REGION BIO BIO,8112,HUALPEN,POSTDAM, ,458,"Postdam 458, Hualpén, Bío Bío, Chile",-36.8004822,-73.0924304,1,RANGE_INTERPOLATED,2020,1264787,2020/02/18 00:00:00+00,CAIDA,CAIDA,URBANA,IMPRUDENCIA DEL PASAJERO,PASAJERO SUBE O DESCIENDE DE VEHICULO MOVIMIENTO,0,0,0,1,17:45:00
-73.0608019,-36.8269433,1759,8,REGION BIO BIO,8101,CONCEPCION,ARTURO PRAT,LOS CARRERA,0,"Avenida los Carrera & Arturo Prat, Concepción, Bío Bío, Chile",-36.8269433,-73.0608019,1,GEOMETRIC_CENTER,2020,1264926,2020/02/16 00:00:00+00,COLISION LATERAL,COLISION,URBANA,IMPRUDENCIA DEL CONDUCTOR,CONDUCCION NO ATENTO CONDICIONES TRANSITO MOMENTO,0,0,0,0,16:00:00
-73.3398585,-37.3672287,1760,8,REGION BIO BIO,8205,CURANILAHUE,ELL BOLDO,SAN JOSE DE COLICO,0,"18 de Septiembre 250, San José de Colico, Curanilahue, Bío Bío, Chile",-37.3672287,-73.3398585,1,ROOFTOP,2020,1265279,2020/02/19 00:00:00+00,COLISION POR ALCANCE,COLISION,URBANA,IMPRUDENCIA DEL CONDUCTOR,CONDUCCION SIN MANTENER DISTANCIA RAZONABLE NI PRUDENTE,0,0,0,0,20:30:00
-72.9588593,-36.6131562,1761,8,REGION BIO BIO,8111,TOME,CARLOS WERNER, ,2900,"Tome, Tomé, Bío Bío, Chile",-36.6131562,-72.9588593,1,APPROXIMATE,2020,1264973,2020/02/16 00:00:00+00,COLISION POR ALCANCE,COLISION,URBANA,IMPRUDENCIA DEL CONDUCTOR,CONDUCCION NO ATENTO CONDICIONES TRANSITO MOMENTO,0,0,2,0,15:10:00
-72.9737368,-36.7109411,1762,8,REGION BIO BIO,8107,PENCO,PEDRO AGUIRRE CERDA,BALMACEDA,0,"Balmaceda & Pedro Aguirre Cerda, Lirquen, Penco, Bío Bío, Chile",-36.7109411,-72.9737368,1,GEOMETRIC_CENTER,2020,1265044,2020/02/17 00:00:00+00,CHOQUE POSTERIOR,CHOQUE,URBANA,IMPRUDENCIA DEL CONDUCTOR,CONDUCCION SIN MANTENER DISTANCIA RAZONABLE NI PRUDENTE,0,0,0,1,20:20:00
-73.0494154,-36.8276432,1763,8,REGION BIO BIO,8101,CONCEPCION,OHIGGINS, ,680,"Libertador Gral. Bernardo OHiggins 680, Concepción, Bío Bío, Chile",-36.8276432,-73.0494154,1,ROOFTOP,2020,1265054,2020/02/20 00:00:00+00,CHOQUE,CHOQUE,URBANA,IMPRUDENCIA DEL CONDUCTOR,CONDUCIR VEHICULO EN RETROCESO,0,0,0,0,12:30:00
-73.0537369,-36.8253528,1764,8,REGION BIO BIO,8101,CONCEPCION,MAIPU,RENGO,0,"Rengo & Maipú, Concepción, Bío Bío, Chile",-36.8253528,-73.0537369,1,GEOMETRIC_CENTER,2020,1265310,2020/02/20 00:00:00+00,ATROPELLO,ATROPELLO,URBANA,IMPRUDENCIA DEL CONDUCTOR,NO RESPETAR DERECHO PREFERENTE DE PASO A PEATON,0,0,0,1,11:50:00
-73.0606348,-36.8290785,1765,8,REGION BIO BIO,8101,CONCEPCION,ARTURO PRAT, ,651,"Arturo Prat 651, Concepción, Bío Bío, Chile",-36.8290785,-73.0606348,1,ROOFTOP,2020,1265325,2020/02/21 00:00:00+00,CHOQUE,CHOQUE,URBANA,VELOCIDAD IMPRUDENTE,VELOCIDAD EXCESO EN ZONA RESTRINGIDA,0,0,0,0,19:40:00
-72.3536912,-37.4637562,1766,8,REGION BIO BIO,8301,LOS ANGELES,MENDOZA,GALVARINO,0,"Mendoza & Galvarino, Los Angeles, Los Ángeles, Bío Bío, Chile",-37.4637562,-72.3536912,1,GEOMETRIC_CENTER,2020,1265341,2020/01/30 00:00:00+00,COLISION LATERAL,COLISION,URBANA,IMPRUDENCIA DEL CONDUCTOR,CONDUCCION NO ATENTO CONDICIONES TRANSITO MOMENTO,0,0,0,0,20:25:00
-73.03035,-36.814636,1767,8,REGION BIO BIO,8101,CONCEPCION,COLLAO,IRARRAZAVAL,0,"Collao - Irarrazaval, Concepción, Bío Bío, Chile",-36.814636,-73.03035,1,GEOMETRIC_CENTER,2020,1265345,2020/02/21 00:00:00+00,COLISION LATERAL,COLISION,URBANA,IMPRUDENCIA DEL CONDUCTOR,ADELANTAMIENTO SOBREPASANDO LINEA CONTINUA,0,0,0,0,23:30:00
-72.3403228,-37.4527988,1768,8,REGION BIO BIO,8301,LOS ANGELES,SOR VICENTA, ,1981,"Av. Sor Vicenta 1981, Los Angeles, Los Ángeles, Bío Bío, Chile",-37.4527988,-72.3403228,1,ROOFTOP,2020,1265368,2020/01/31 00:00:00+00,CHOQUE POSTERIOR/POSTERIOR,CHOQUE,URBANA,ALCOHOL EN CONDUCTOR,CONDUCCION EN ESTADO DE EBRIEDAD,0,0,0,0,05:30:00
-73.0562474,-36.8264104,1769,8,REGION BIO BIO,8101,CONCEPCION,ANGOL,MAIPU,0,"Angol & Maipú, Concepción, Bío Bío, Chile",-36.8264104,-73.0562474,1,GEOMETRIC_CENTER,2020,1265374,2020/02/22 00:00:00+00,COLISION POR ALCANCE,COLISION,URBANA,ALCOHOL EN CONDUCTOR,CONDUCCION EN ESTADO DE EBRIEDAD,0,0,0,0,07:25:00
-72.4375373,-37.079718,1770,8,REGION BIO BIO,8303,CABRERO,ARTURO PRAT,DIAGONAL NORTE,0,"Diagonal & Arturo Prat, Monte Aguila, Cabrero, Bío Bío, Chile",-37.079718,-72.4375373,1,GEOMETRIC_CENTER,2020,1265394,2020/02/02 00:00:00+00,COLISION LATERAL,COLISION,URBANA,ALCOHOL EN CONDUCTOR,CONDUCCION EN ESTADO DE EBRIEDAD,0,0,0,0,03:50:00
-72.3303981,-37.4883065,1771,8,REGION BIO BIO,8301,LOS ANGELES,BOGOTA,LOS ATAVALOS,0,"villa los rios Marañon 1003, Los Angeles, Los Ángeles, Bío Bío, Chile",-37.4883065,-72.3303981,1,GEOMETRIC_CENTER,2020,1265397,2020/01/31 00:00:00+00,COLISION,COLISION,URBANA,DESOBEDIENCIA A SEÑALIZACION,SEÑALIZACION DESOBEDECER SEÑAL PARE,0,0,1,1,21:30:00
-73.0780449,-36.8084633,1772,8,REGION BIO BIO,8101,CONCEPCION,VEINTIUNO DE MAYO, ,3225,"Av. 21 de Mayo 3225, Concepción, Bío Bío, Chile",-36.8084633,-73.0780449,1,ROOFTOP,2020,1265539,2020/02/20 00:00:00+00,ATROPELLO,ATROPELLO,URBANA,IMPRUDENCIA DEL CONDUCTOR,NO RESPETAR DERECHO PREFERENTE DE PASO A PEATON,0,0,0,1,10:00:00
-73.0853744,-36.8392998,1773,8,REGION BIO BIO,8108,SAN PEDRO DE LA PAZ,PEDRO AGUIRRE CERDA,SAN PEDRO DE LA PAZ,0,"San Pedro & Pedro Aguirre Cerda, San Pedro de la Paz, Bío Bío, Chile",-36.8392998,-73.0853744,1,GEOMETRIC_CENTER,2020,1265623,2020/02/21 00:00:00+00,CHOQUE FRENTE/POSTERIOR,CHOQUE,URBANA,IMPRUDENCIA DEL CONDUCTOR,CONDUCCION SIN MANTENER DISTANCIA RAZONABLE NI PRUDENTE,0,0,0,0,18:00:00
-72.3426236,-37.4601774,1774,8,REGION BIO BIO,8301,LOS ANGELES,LAS INDUSTRIAS,ALEMANIA,0,"Orompello 340, Los Angeles, Los Ángeles, Bío Bío, Chile",-37.4601774,-72.3426236,1,ROOFTOP,2020,1274846,2020/03/16 00:00:00+00,COLISION,COLISION,URBANA,IMPRUDENCIA DEL CONDUCTOR,CONDUCCION NO ATENTO CONDICIONES TRANSITO MOMENTO,0,0,0,0,11:15:00
-73.457325,-37.6276106,1775,8,REGION BIO BIO,8206,LOS ALAMOS,IGNACIO CARRERA PINTO,OHIGGINS,0,"Ruta 160 684-760, Los Alamos, Bío Bío, Chile",-37.6276106,-73.457325,1,ROOFTOP,2020,1265710,2020/02/21 00:00:00+00,CHOQUE POSTERIOR/POSTERIOR,CHOQUE,URBANA,IMPRUDENCIA DEL CONDUCTOR,CONDUCCION SIN MANTENER DISTANCIA RAZONABLE NI PRUDENTE,0,0,0,2,17:15:00
-73.6630923,-37.5982905,1776,8,REGION BIO BIO,8201,LEBU,CAMINO BOCALEBU,PARQUE EL CARBON,0,"Boca Lebu Sur S/N Lebu, Biobío, Lebu, Bío Bío, Chile",-37.5982905,-73.6630923,1,GEOMETRIC_CENTER,2020,1265713,2020/02/21 00:00:00+00,ATROPELLO,ATROPELLO,URBANA,IMPRUDENCIA DEL CONDUCTOR,NO RESPETAR DERECHO PREFERENTE DE PASO A PEATON,0,0,0,1,19:00:00
-72.4062906,-37.0362835,1777,8,REGION BIO BIO,8303,CABRERO,ARTURO PRAT,VIAL,0,"Avenida Vial & Arturo Prat, Cabrero, Bío Bío, Chile",-37.0362835,-72.4062906,1,GEOMETRIC_CENTER,2020,1265779,2020/02/07 00:00:00+00,CHOQUE POSTERIOR,CHOQUE,URBANA,IMPRUDENCIA DEL CONDUCTOR,CONDUCCION NO ATENTO CONDICIONES TRANSITO MOMENTO,0,0,0,0,19:40:00
-73.1108002,-36.7332023,1778,8,REGION BIO BIO,8110,TALCAHUANO,PORTALES, ,101,"Portales 101, Talcahuano, Bío Bío, Chile",-36.7332023,-73.1108002,1,RANGE_INTERPOLATED,2020,1266083,2020/02/19 00:00:00+00,ATROPELLO,ATROPELLO,URBANA,IMPRUDENCIA DEL PEATON,PEATON CRUZA CALZADA FORMA SORPRESIVA O DESCUIDADA,0,1,0,0,20:00:00
-73.1734169,-36.8093285,1779,8,REGION BIO BIO,8112,HUALPEN,COSTANERA,CAMINO A LA DESEMBOCADURA,0,"Río Calle Calle, Hualpén, Talcahuano, Bío Bío, Chile",-36.8093285,-73.1734169,1,GEOMETRIC_CENTER,2020,1266035,2020/02/22 00:00:00+00,COLISION,COLISION,URBANA,DESOBEDIENCIA A SEÑALIZACION,SEÑALIZACION DESOBEDECER SEÑAL PARE,0,0,0,3,13:15:00
-73.1161165,-36.7123136,1780,8,REGION BIO BIO,8110,TALCAHUANO,EL PESCADOR, ,5526,"Almte. Latorre 92, Talcahuano, Bío Bío, Chile",-36.7123136,-73.1161165,1,ROOFTOP,2020,1266049,2020/02/23 00:00:00+00,ATROPELLO,ATROPELLO,URBANA,ALCOHOL EN CONDUCTOR,CONDUCCION EN ESTADO DE EBRIEDAD,0,0,1,0,22:30:00
-73.1163894,-36.7396305,1781,8,REGION BIO BIO,8110,TALCAHUANO,GRAN BRETAÑA, ,1235,"Gran Bretaña 1235, Talcahuano, Bío Bío, Chile",-36.7396305,-73.1163894,1,RANGE_INTERPOLATED,2020,1266065,2020/02/25 00:00:00+00,VOLCADURA,VOLCADURA,URBANA,PERDIDA CONTROL VEHICULO,PERDIDA CONTROL VEHICULO,0,1,0,0,13:55:00
-73.0036064,-36.8372118,1782,8,REGION BIO BIO,8101,CONCEPCION,CAMINO NONGUEN, ,1705,"Cam. Nonguén 1705, Concepción, Bío Bío, Chile",-36.8372118,-73.0036064,1,ROOFTOP,2020,1266074,2020/02/22 00:00:00+00,CHOQUE,CHOQUE,URBANA,ALCOHOL EN CONDUCTOR,CONDUCCION EN ESTADO DE EBRIEDAD,0,0,0,0,23:00:00
-73.0910813,-36.7814795,1783,8,REGION BIO BIO,8110,TALCAHUANO,LAS GOLONDRINAS, ,361,"Av. Las Golondrinas 361, Talcahuano, Bío Bío, Chile",-36.7814795,-73.0910813,1,RANGE_INTERPOLATED,2020,1266075,2020/02/19 00:00:00+00,COLISION LATERAL,COLISION,URBANA,IMPRUDENCIA DEL CONDUCTOR,VIRAJES INDEBIDOS,0,1,0,3,06:40:00
-72.3396637,-37.4545018,1784,8,REGION BIO BIO,8301,LOS ANGELES,SAN GABRIEL,LICARAYEN,0,"Pje. San Gabriel & Pje. Licarayen, Los Angeles, Los Ángeles, Bío Bío, Chile",-37.4545018,-72.3396637,1,GEOMETRIC_CENTER,2020,1266139,2020/02/01 00:00:00+00,CHOQUE FRENTE/LADO,CHOQUE,URBANA,IMPRUDENCIA DEL CONDUCTOR,CONDUCCION NO ATENTO CONDICIONES TRANSITO MOMENTO,0,0,0,0,11:15:00
-73.0664635,-36.7918699,1785,8,REGION BIO BIO,8110,TALCAHUANO,JORGE ALESSANDRI PALMA, ,3177,"Av. Pdte. Jorge Alessandri Rodriguez 3177, Talcahuano, Bío Bío, Chile",-36.7918699,-73.0664635,1,ROOFTOP,2020,1266209,2020/02/01 00:00:00+00,COLISION LATERAL,COLISION,URBANA,IMPRUDENCIA DEL CONDUCTOR,CONDUCCION CAMBIAR SORPRESIVAMENTE PISTA CIRCULACION,0,0,0,0,12:10:00
-73.0851204,-36.7595395,1786,8,REGION BIO BIO,8110,TALCAHUANO,MONSEÑOR ALARCON, ,5305,"Mons Alarcón, Talcahuano, Bío Bío, Chile",-36.7595395,-73.0851204,1,GEOMETRIC_CENTER,2020,1266152,2020/02/12 00:00:00+00,CHOQUE FRENTE/POSTERIOR,CHOQUE,URBANA,IMPRUDENCIA DEL CONDUCTOR,CONDUCCION SIN MANTENER DISTANCIA RAZONABLE NI PRUDENTE,0,0,0,0,12:30:00
-72.6722001,-37.5004285,1787,8,REGION BIO BIO,8306,NACIMIENTO,OHIGGINS, ,514,"OHiggins 514, Nacimiento, Bío Bío, Chile",-37.5004285,-72.6722001,1,ROOFTOP,2020,1266192,2020/02/21 00:00:00+00,CHOQUE,CHOQUE,URBANA,IMPRUDENCIA DEL CONDUCTOR,CONDUCCION NO ATENTO CONDICIONES TRANSITO MOMENTO,0,0,0,0,00:57:00
-73.0664635,-36.7918699,1788,8,REGION BIO BIO,8110,TALCAHUANO,JORGE ALESSANDRI PALMA, ,3177,"Av. Pdte. Jorge Alessandri Rodriguez 3177, Talcahuano, Bío Bío, Chile",-36.7918699,-73.0664635,1,ROOFTOP,2020,1266216,2020/02/01 00:00:00+00,COLISION LATERAL,COLISION,URBANA,IMPRUDENCIA DEL CONDUCTOR,CONDUCCION CAMBIAR SORPRESIVAMENTE PISTA CIRCULACION,0,0,0,0,11:50:00
-73.081286,-36.7626852,1789,8,REGION BIO BIO,8110,TALCAHUANO,VALDIVIA, ,402,"Jaime Repullo 768, Talcahuano, Bío Bío, Chile",-36.7626852,-73.081286,1,ROOFTOP,2020,1266375,2020/02/13 00:00:00+00,CHOQUE LADO/LADO,CHOQUE,URBANA,IMPRUDENCIA DEL CONDUCTOR,ADELANTAMIENTO SIN EL ESPACIO O TIEMPO SUFICIENTE,0,0,0,0,16:35:00
-73.0664635,-36.7918699,1790,8,REGION BIO BIO,8110,TALCAHUANO,JORGE ALESSANDRI PALMA, ,3177,"Av. Pdte. Jorge Alessandri Rodriguez 3177, Talcahuano, Bío Bío, Chile",-36.7918699,-73.0664635,1,ROOFTOP,2020,1266460,2020/02/16 00:00:00+00,CHOQUE LADO/FRENTE,CHOQUE,URBANA,IMPRUDENCIA DEL CONDUCTOR,CONDUCCION NO ATENTO CONDICIONES TRANSITO MOMENTO,0,0,0,0,13:30:00
-73.1160154,-36.7245774,1791,8,REGION BIO BIO,8110,TALCAHUANO,BILBAO, ,428,"Bilbao 428, Talcahuano, Bío Bío, Chile",-36.7245774,-73.1160154,1,RANGE_INTERPOLATED,2020,1266491,2020/02/15 00:00:00+00,ATROPELLO,ATROPELLO,URBANA,IMPRUDENCIA DEL PEATON,PEATON CRUZA CALZADA FORMA SORPRESIVA O DESCUIDADA,0,0,0,1,15:30:00
-73.0853744,-36.8392998,1792,8,REGION BIO BIO,8108,SAN PEDRO DE LA PAZ,PEDRO AGUIRRE CERDA,SAN PEDRO,0,"San Pedro & Pedro Aguirre Cerda, San Pedro de la Paz, Bío Bío, Chile",-36.8392998,-73.0853744,1,GEOMETRIC_CENTER,2020,1266683,2020/02/25 00:00:00+00,CHOQUE POSTERIOR/FRENTE,CHOQUE,URBANA,CAUSAS NO DETERMINADAS,CAUSAS NO DETERMINADAS,0,0,0,1,14:40:00
-73.108615,-36.8384076,1793,8,REGION BIO BIO,8108,SAN PEDRO DE LA PAZ,PEDRO AGUIRRE CERDA, ,1721,"Av. Pedro Aguirre Cerda 1721, San Pedro de la Paz, Región Metropolitana, Chile",-36.8384076,-73.108615,1,RANGE_INTERPOLATED,2020,1266695,2020/02/26 00:00:00+00,COLISION,COLISION,URBANA,CAUSAS NO DETERMINADAS,CAUSAS NO DETERMINADAS,0,0,0,0,14:35:00
-73.0905652,-36.8390655,1794,8,REGION BIO BIO,8108,SAN PEDRO DE LA PAZ,PEDRO AGUIRRE CERDA,PINCHEIRA,0,"Avenida Pedro Aguirre Cerda & Pincheira, San Pedro de la Paz, Bío Bío, Chile",-36.8390655,-73.0905652,1,GEOMETRIC_CENTER,2020,1266766,2020/02/27 00:00:00+00,COLISION,COLISION,URBANA,CAUSAS NO DETERMINADAS,CAUSAS NO DETERMINADAS,0,0,0,1,08:00:00
-73.0973885,-36.7926801,1795,8,REGION BIO BIO,8112,HUALPEN,SABADELL,TOSCANIA,0,"Sabadell & Toscania, Hualpén, Bío Bío, Chile",-36.7926801,-73.0973885,1,GEOMETRIC_CENTER,2020,1266809,2020/02/24 00:00:00+00,ATROPELLO,ATROPELLO,URBANA,IMPRUDENCIA DEL CONDUCTOR,CONDUCIR VEHICULO EN RETROCESO,0,0,1,0,11:40:00
-73.1109964,-36.7935231,1796,8,REGION BIO BIO,8112,HUALPEN,POSTDAM, ,558,"Postdam 558, Hualpén, Bío Bío, Chile",-36.7935231,-73.1109964,1,ROOFTOP,2020,1266845,2020/02/24 00:00:00+00,CHOQUE,CHOQUE,URBANA,DROGAS Y/O FATIGA EN CONDUCTOR,"CONDICIONES FISICAS DEFICIENTES (CANSANCIO, SUEÑO)",0,0,0,1,15:10:00
-72.6742547,-37.5084721,1797,8,REGION BIO BIO,8306,NACIMIENTO,JULIO HEMMELMANN,ANIBAL PINTO,0,"Avenida Julio Hemmelmann & Anibal Pinto, Nacimiento, Bío Bío, Chile",-37.5084721,-72.6742547,1,GEOMETRIC_CENTER,2020,1266848,2020/02/25 00:00:00+00,CHOQUE,CHOQUE,URBANA,PERDIDA CONTROL VEHICULO,PERDIDA CONTROL VEHICULO,0,0,1,0,04:50:00
-73.112117,-36.8000857,1798,8,REGION BIO BIO,8112,HUALPEN,COSTANERA,GRAN BRETAÑA,0,"C. la Roda, Hualpén, Bío Bío, Chile",-36.8000857,-73.112117,1,GEOMETRIC_CENTER,2020,1266895,2020/02/24 00:00:00+00,COLISION,COLISION,URBANA,IMPRUDENCIA DEL CONDUCTOR,ADELANTAMIENTO SIN EL ESPACIO O TIEMPO SUFICIENTE,0,0,0,0,20:00:00
-73.0599109,-36.7985462,1799,8,REGION BIO BIO,8101,CONCEPCION,PAICAVI,ALONSO DE RIVERA,0,"Avenida Alonso de Ribera & Paicaví, Concepción, Bío Bío, Chile",-36.7985462,-73.0599109,1,GEOMETRIC_CENTER,2020,1266919,2020/02/04 00:00:00+00,COLISION POR ALCANCE,COLISION,URBANA,PERDIDA CONTROL VEHICULO,PERDIDA CONTROL VEHICULO,0,0,0,0,00:30:00
-73.0370248,-36.792621,1800,8,REGION BIO BIO,8101,CONCEPCION,ANDALIEN,CAMPOS DEPORTIVOS,0,"Av. Campos Deportivos & Av. Andalien, Concepción, Bío Bío, Chile",-36.792621,-73.0370248,1,GEOMETRIC_CENTER,2020,1266960,2020/02/11 00:00:00+00,COLISION PERPENDICULAR,COLISION,URBANA,IMPRUDENCIA DEL CONDUCTOR,NO RESPETAR DERECHO PREFERENTE DE PASO A VEHICULO,0,0,0,0,16:40:00
-73.0644119,-36.8116575,1801,8,REGION BIO BIO,8101,CONCEPCION,LAGUNA REDONDA, ,2025,"Av. Laguna Redonda 2025, Concepción, Bío Bío, Chile",-36.8116575,-73.0644119,1,RANGE_INTERPOLATED,2020,1267103,2020/02/26 00:00:00+00,CHOQUE,CHOQUE,URBANA,CAUSAS NO DETERMINADAS,CAUSAS NO DETERMINADAS,0,0,0,0,08:00:00