X,Y,FID,COD_REG,REGION,CUT,COMUNA,CALLE_UNO,CALLE_DOS,NUMERO,DIR_GEOCOD,LAT,LNG,VAL_COM,TIPO,Año,Idaccident,Fecha,Tipo_Accid,Tipo__CONA,Zona,Causa__CON,Causa,Fallecidos,Graves,Menos_Grav,Leves,Hora
-73.052429,-36.8273722,1802,8,REGION BIO BIO,8101,CONCEPCION,RENGO,BARROS ARANA,0,"Barros Arana & Rengo, Concepción, Bío Bío, Chile",-36.8273722,-73.052429,1,GEOMETRIC_CENTER,2020,1267113,2020/02/27 00:00:00+00,COLISION PERPENDICULAR,COLISION,URBANA,IMPRUDENCIA DEL CONDUCTOR,CONDUCCION NO ATENTO CONDICIONES TRANSITO MOMENTO,0,0,0,0,09:15:00
-73.0405863,-36.8032645,1803,8,REGION BIO BIO,8101,CONCEPCION,LIENTUR,GRAL BONILLA,0,"Paso Sobre Nivel Lientur Con General Bonilla - Lientur, Concepción, Bío Bío, Chile",-36.8032645,-73.0405863,1,GEOMETRIC_CENTER,2020,1267117,2020/02/15 00:00:00+00,COLISION PERPENDICULAR,COLISION,URBANA,DESOBEDIENCIA A SEÑALIZACION,SEÑALIZACION DESOBEDECER LUZ ROJA DE SEMAFORO,0,0,0,0,07:10:00
-73.0436675,-36.821115,1804,8,REGION BIO BIO,8101,CONCEPCION,PAICAVI,MAIPU,0,"Maipú & Paicaví, Concepción, Bío Bío, Chile",-36.821115,-73.0436675,1,GEOMETRIC_CENTER,2020,1267123,2020/02/27 00:00:00+00,COLISION PERPENDICULAR,COLISION,URBANA,IMPRUDENCIA DEL CONDUCTOR,CONDUCCION NO ATENTO CONDICIONES TRANSITO MOMENTO,0,0,0,0,13:00:00
-73.0411081,-36.8226418,1805,8,REGION BIO BIO,8101,CONCEPCION,JANEQUEO,BARROS ARANA,0,"Janequeo & Barros Arana, Concepción, Bío Bío, Chile",-36.8226418,-73.0411081,1,GEOMETRIC_CENTER,2020,1267133,2020/02/27 00:00:00+00,COLISION PERPENDICULAR,COLISION,URBANA,VELOCIDAD IMPRUDENTE,"VELOCIDAD NO REDUCIR CRUCE DE CALLES, CUMBRE, CURVA, ETC.",0,0,0,1,23:40:00
-73.0468096,-36.8237537,1806,8,REGION BIO BIO,8101,CONCEPCION,FREIRE,TUCAPEL,0,"Tucapel & Freire, Concepción, Bío Bío, Chile",-36.8237537,-73.0468096,1,GEOMETRIC_CENTER,2020,1267140,2020/02/27 00:00:00+00,COLISION PERPENDICULAR,COLISION,URBANA,IMPRUDENCIA DEL CONDUCTOR,NO RESPETAR DERECHO PREFERENTE DE PASO A VEHICULO,0,0,0,1,22:20:00
-73.1061114,-36.8001115,1807,8,REGION BIO BIO,8112,HUALPEN,GRAN BRETAÑA,ATENAS,0,"Gran Bretaña & Atenas, Hualpén, Bío Bío, Chile",-36.8001115,-73.1061114,1,GEOMETRIC_CENTER,2020,1267146,2020/02/24 00:00:00+00,COLISION,COLISION,URBANA,IMPRUDENCIA DEL CONDUCTOR,NO RESPETAR DERECHO PREFERENTE DE PASO A PEATON,0,0,0,0,19:00:00
-73.0443904,-36.8201352,1808,8,REGION BIO BIO,8101,CONCEPCION,ALONSO DE RIVERA, ,0,"Concepción, Región del Biobío, Chile",-36.8201352,-73.0443904,1,APPROXIMATE,2020,1267147,2020/02/17 00:00:00+00,CHOQUE FRONTAL,CHOQUE,RURAL,PERDIDA CONTROL VEHICULO,PERDIDA CONTROL VEHICULO,0,0,0,0,05:00:00
-73.0532297,-36.8187345,1809,8,REGION BIO BIO,8101,CONCEPCION,CRUZ,COLO COLO,0,"Colo Colo & General Cruz, Concepción, Bío Bío, Chile",-36.8187345,-73.0532297,1,GEOMETRIC_CENTER,2020,1267154,2020/02/26 00:00:00+00,CHOQUE LATERAL,CHOQUE,URBANA,IMPRUDENCIA DEL CONDUCTOR,CONDUCCION NO ATENTO CONDICIONES TRANSITO MOMENTO,0,0,0,0,11:40:00
-73.0436564,-36.8197164,1810,8,REGION BIO BIO,8101,CONCEPCION,PAICAVI,LOS CARRERA,0,"Los Carrera - Paicaví, Concepción, Bío Bío, Chile",-36.8197164,-73.0436564,1,GEOMETRIC_CENTER,2020,1267160,2020/02/27 00:00:00+00,COLISION PERPENDICULAR,COLISION,URBANA,IMPRUDENCIA DEL CONDUCTOR,CONDUCCION NO ATENTO CONDICIONES TRANSITO MOMENTO,0,0,0,0,00:10:00
-73.0220778,-36.9285906,1811,8,REGION BIO BIO,8103,CHIGUAYANTE,21 DE MAYO,VALENZUELA,0,"21 de Mayo, Chiguayante, Bío Bío, Chile",-36.9285906,-73.0220778,1,GEOMETRIC_CENTER,2020,1267161,2020/02/13 00:00:00+00,ATROPELLO,ATROPELLO,URBANA,IMPRUDENCIA DEL CONDUCTOR,"ADELANTAMIENTO EN CRUCE, CURVA, CUESTA, PUENTE",0,0,0,1,13:30:00
-73.0598003,-36.8367012,1812,8,REGION BIO BIO,8101,CONCEPCION,COSTANERA,ESMERALDA,0,"Costanera & Esmeralda, Concepción, Bío Bío, Chile",-36.8367012,-73.0598003,1,GEOMETRIC_CENTER,2020,1267168,2020/02/28 00:00:00+00,COLISION LATERAL,COLISION,URBANA,IMPRUDENCIA DEL CONDUCTOR,CONDUCCION CAMBIAR SORPRESIVAMENTE PISTA CIRCULACION,0,0,0,0,10:00:00
-73.0436675,-36.821115,1813,8,REGION BIO BIO,8101,CONCEPCION,PAICAVI,MAIPU,0,"Maipú & Paicaví, Concepción, Bío Bío, Chile",-36.821115,-73.0436675,1,GEOMETRIC_CENTER,2020,1267178,2020/02/28 00:00:00+00,COLISION LATERAL,COLISION,URBANA,IMPRUDENCIA DEL CONDUCTOR,CONDUCCION CAMBIAR SORPRESIVAMENTE PISTA CIRCULACION,0,0,0,0,13:20:00
-73.0312487,-36.9122213,1814,8,REGION BIO BIO,8103,CHIGUAYANTE,OBPO SAN MIGUEL, ,2295,"Obispo San Miguel 2295, Chiguayante, Bío Bío, Chile",-36.9122213,-73.0312487,1,RANGE_INTERPOLATED,2020,1267191,2020/02/03 00:00:00+00,CHOQUE FRONTAL,CHOQUE,URBANA,CAUSAS NO DETERMINADAS,CAUSAS NO DETERMINADAS,0,0,0,1,07:20:00
-73.0306997,-36.9130021,1815,8,REGION BIO BIO,8103,CHIGUAYANTE,OCHO ORIENTE,LAS ARAUCARIAS,0,"Calle 8 Oriente & Las Araucarias, Chiguayante, Bío Bío, Chile",-36.9130021,-73.0306997,1,GEOMETRIC_CENTER,2020,1267179,2020/02/03 00:00:00+00,CHOQUE FRENTE/POSTERIOR,CHOQUE,URBANA,OTRAS CAUSAS,OTRAS CAUSAS,0,0,0,0,07:15:00
-73.0461896,-36.8222157,1816,8,REGION BIO BIO,8101,CONCEPCION,MAIPU,OROMPELLO,0,"Maipú & Orompello, Concepción, Bío Bío, Chile",-36.8222157,-73.0461896,1,GEOMETRIC_CENTER,2020,1267185,2020/02/29 00:00:00+00,COLISION PERPENDICULAR,COLISION,URBANA,IMPRUDENCIA DEL CONDUCTOR,CONDUCCION NO ATENTO CONDICIONES TRANSITO MOMENTO,0,0,0,0,15:40:00
-73.1101299,-36.7867196,1817,8,REGION BIO BIO,8112,HUALPEN,GRAN BRETAÑA,GRECIA,0,"Gran Bretaña & Grecia, Hualpén, Bío Bío, Chile",-36.7867196,-73.1101299,1,GEOMETRIC_CENTER,2020,1267218,2020/02/27 00:00:00+00,COLISION,COLISION,URBANA,IMPRUDENCIA DEL CONDUCTOR,"ADELANTAMIENTO EN CRUCE, CURVA, CUESTA, PUENTE",0,0,0,0,23:30:00
-73.1501685,-37.0788539,1818,8,REGION BIO BIO,8106,LOTA,BERNARDO OHIGGINS, ,3,"Bernardo OHiggins, Lota, Bío Bío, Chile",-37.0788539,-73.1501685,1,GEOMETRIC_CENTER,2020,1267219,2020/02/04 00:00:00+00,COLISION FRONTAL,COLISION,URBANA,CAUSAS NO DETERMINADAS,CAUSAS NO DETERMINADAS,0,0,0,0,22:50:00
-73.0272415,-36.7992962,1819,8,REGION BIO BIO,8101,CONCEPCION,CALLE CUATRO, ,79,"C. Cuatro 79, Concepción, Bío Bío, Chile",-36.7992962,-73.0272415,1,RANGE_INTERPOLATED,2020,1267225,2020/02/18 00:00:00+00,CHOQUE FRONTAL,CHOQUE,RURAL,PERDIDA CONTROL VEHICULO,PERDIDA CONTROL VEHICULO,0,0,0,0,03:35:00
-73.034541,-36.7946927,1820,8,REGION BIO BIO,8101,CONCEPCION,ANDALIEN,CALLE NUEVA DOS,0,"Avenida Andalien & Nueva Dos, Concepción, Bío Bío, Chile",-36.7946927,-73.034541,1,GEOMETRIC_CENTER,2020,1267227,2020/02/14 00:00:00+00,COLISION POR ALCANCE,COLISION,URBANA,IMPRUDENCIA DEL CONDUCTOR,CONDUCCION NO ATENTO CONDICIONES TRANSITO MOMENTO,0,0,1,1,13:33:00
-73.1527368,-37.0838756,1821,8,REGION BIO BIO,8106,LOTA,FERNANDO MAIRA,TIRO AL BLANCO,0,"Fernando Maira Nº 580 – A, Sector La Cantera, Lota, Bío Bío, Chile",-37.0838756,-73.1527368,1,GEOMETRIC_CENTER,2020,1267238,2020/02/05 00:00:00+00,COLISION POR ALCANCE,COLISION,URBANA,IMPRUDENCIA DEL CONDUCTOR,CONDUCCION NO ATENTO CONDICIONES TRANSITO MOMENTO,0,0,0,1,22:20:00
-73.1457059,-37.0939836,1822,8,REGION BIO BIO,8106,LOTA,ABELARDO NUÑEZ, ,1,"Abelardo Núñez 1, Lota, Bío Bío, Chile",-37.0939836,-73.1457059,1,RANGE_INTERPOLATED,2020,1267250,2020/02/15 00:00:00+00,CHOQUE FRONTAL,CHOQUE,URBANA,IMPRUDENCIA DEL CONDUCTOR,CONDUCCION NO ATENTO CONDICIONES TRANSITO MOMENTO,0,0,1,0,01:00:00
-73.0297215,-36.9388074,1823,8,REGION BIO BIO,8103,CHIGUAYANTE,ARTURO FERNANDEZ VIAL,DOCTOR SANTA CRUZ,0,"Progreso 720, Chiguayante, Bío Bío, Chile",-36.9388074,-73.0297215,1,ROOFTOP,2020,1267272,2020/02/24 00:00:00+00,COLISION POR ALCANCE,COLISION,URBANA,IMPRUDENCIA DEL CONDUCTOR,CONDUCCION SIN MANTENER DISTANCIA RAZONABLE NI PRUDENTE,0,0,0,0,15:20:00
-73.0528043,-36.8092387,1824,8,REGION BIO BIO,8101,CONCEPCION,JUAN DE DIOS RIVERA,ONGOLMO,0,"Ongolmo & Juan de Dios Rivera, Concepción, Bío Bío, Chile",-36.8092387,-73.0528043,1,GEOMETRIC_CENTER,2020,1267273,2020/02/18 00:00:00+00,COLISION LATERAL,COLISION,URBANA,IMPRUDENCIA DEL CONDUCTOR,CONDUCCION SIN MANTENER DISTANCIA RAZONABLE NI PRUDENTE,0,0,0,0,13:35:00
-73.0301714,-36.8134469,1825,8,REGION BIO BIO,8101,CONCEPCION,JUAN BOSCO,BAQUEDANO,0,"Baquedano & Avenida San Juan Bosco, Concepción, Bío Bío, Chile",-36.8134469,-73.0301714,1,GEOMETRIC_CENTER,2020,1267279,2020/02/18 00:00:00+00,COLISION LATERAL,COLISION,URBANA,DESOBEDIENCIA A SEÑALIZACION,SEÑALIZACION DESOBEDECER SEÑAL PARE,0,0,0,0,07:35:00
-73.35481,-37.4701484,1826,8,REGION BIO BIO,8205,CURANILAHUE,BERNARDO OHIGGINS,LLANQUIHUE,0,"Llanquihue & Avenida Bernardo OHiggins, Curanilahue, Bío Bío, Chile",-37.4701484,-73.35481,1,GEOMETRIC_CENTER,2020,1267333,2020/02/29 00:00:00+00,COLISION,COLISION,URBANA,IMPRUDENCIA DEL CONDUCTOR,CONDUCCION NO ATENTO CONDICIONES TRANSITO MOMENTO,0,0,0,1,16:15:00
-73.0984836,-36.7832154,1827,8,REGION BIO BIO,8112,HUALPEN,VARSOVIA,NAPOLES,0,"Nápoles & Varsovia, Hualpén, Bío Bío, Chile",-36.7832154,-73.0984836,1,GEOMETRIC_CENTER,2020,1267340,2020/02/27 00:00:00+00,COLISION,COLISION,URBANA,IMPRUDENCIA DEL CONDUCTOR,NO RESPETAR DERECHO PREFERENTE DE PASO A PEATON,0,0,0,2,19:40:00
-73.1653089,-37.0902007,1828,8,REGION BIO BIO,8106,LOTA,CARLOS COUSIÑO,ALEJANDRO FLORES,0,"Parque Isidora Cousiño De Lota - Avenida El Parque 21 Lota, Biobío, Lota, Bío Bío, Chile",-37.0902007,-73.1653089,1,GEOMETRIC_CENTER,2020,1267372,2020/02/19 00:00:00+00,CHOQUE FRENTE/POSTERIOR,CHOQUE,URBANA,IMPRUDENCIA DEL CONDUCTOR,CONDUCCION NO ATENTO CONDICIONES TRANSITO MOMENTO,0,0,0,0,22:15:00
-73.05955,-36.81101,1829,8,REGION BIO BIO,8101,CONCEPCION,ANIBAL PINTO, ,1828,"Anibal Pinto 1828, Concepción, Bío Bío, Chile",-36.81101,-73.05955,1,ROOFTOP,2020,1267375,2020/02/24 00:00:00+00,COLISION LATERAL,COLISION,URBANA,IMPRUDENCIA DEL CONDUCTOR,CONDUCCION NO ATENTO CONDICIONES TRANSITO MOMENTO,0,0,0,2,19:15:00
-73.1156724,-36.7132537,1830,8,REGION BIO BIO,8110,TALCAHUANO,VALDIVIA, ,220,"Valdivia 220, Talcahuano, Bío Bío, Chile",-36.7132537,-73.1156724,1,ROOFTOP,2020,1267416,2020/02/28 00:00:00+00,CAIDA,CAIDA,URBANA,IMPRUDENCIA DEL PASAJERO,PASAJERO VIAJA EN PISADERA DE VEHICULO,0,0,0,1,20:20:00
-73.1175786,-36.7242122,1831,8,REGION BIO BIO,8110,TALCAHUANO,VALDIVIA, ,1007,"Valdivia, Talcahuano, Bío Bío, Chile",-36.7242122,-73.1175786,1,GEOMETRIC_CENTER,2020,1267426,2020/02/27 00:00:00+00,COLISION LATERAL,COLISION,URBANA,IMPRUDENCIA DEL CONDUCTOR,ADELANTAMIENTO SIN EL ESPACIO O TIEMPO SUFICIENTE,0,0,0,1,19:50:00
-73.1169808,-36.7247834,1832,8,REGION BIO BIO,8110,TALCAHUANO,LOS ALMIRANTES, ,15,"Talcahuano, Región del Biobío, Chile",-36.7247834,-73.1169808,1,APPROXIMATE,2020,1267453,2020/02/28 00:00:00+00,CHOQUE FRENTE/POSTERIOR,CHOQUE,URBANA,IMPRUDENCIA DEL CONDUCTOR,CONDUCCION SIN MANTENER DISTANCIA RAZONABLE NI PRUDENTE,0,0,0,0,19:00:00
-73.0181473,-36.9466117,1833,8,REGION BIO BIO,8103,CHIGUAYANTE,ESPERANZA, ,470,"Esperanza 470, Chiguayante, Bío Bío, Chile",-36.9466117,-73.0181473,1,ROOFTOP,2020,1267454,2020/02/04 00:00:00+00,COLISION LATERAL,COLISION,URBANA,CAUSAS NO DETERMINADAS,CAUSAS NO DETERMINADAS,0,0,0,0,19:00:00
-72.9557538,-36.6209084,1834,8,REGION BIO BIO,8111,TOME,MARIANO EGAÑA, ,701,"Mariano Egaña 701, Tome, Tomé, Bío Bío, Chile",-36.6209084,-72.9557538,1,RANGE_INTERPOLATED,2020,1267486,2020/02/15 00:00:00+00,CHOQUE POSTERIOR,CHOQUE,URBANA,IMPRUDENCIA DEL CONDUCTOR,CONDUCCION NO ATENTO CONDICIONES TRANSITO MOMENTO,0,0,0,0,10:45:00
-73.0594963,-36.8138749,1835,8,REGION BIO BIO,8101,CONCEPCION,EJERCITO,CAUPOLICAN,0,"Ejército & Caupolicán, Concepción, Bío Bío, Chile",-36.8138749,-73.0594963,1,GEOMETRIC_CENTER,2020,1267495,2020/02/23 00:00:00+00,COLISION POR ALCANCE,COLISION,URBANA,IMPRUDENCIA DEL CONDUCTOR,CONDUCCION SIN MANTENER DISTANCIA RAZONABLE NI PRUDENTE,0,0,0,0,22:30:00
-73.0581515,-36.7978098,1836,8,REGION BIO BIO,8101,CONCEPCION,ALONSO DE RIVERA, ,2850,"Av. Alonso de Ribera 2850, Concepción, Bío Bío, Chile",-36.7978098,-73.0581515,1,ROOFTOP,2020,1267496,2020/02/22 00:00:00+00,COLISION LATERAL,COLISION,URBANA,IMPRUDENCIA DEL CONDUCTOR,CONDUCCION NO ATENTO CONDICIONES TRANSITO MOMENTO,0,0,0,1,04:15:00
-73.0311517,-36.8143989,1837,8,REGION BIO BIO,8101,CONCEPCION,JUAN BOSCO,CARDENIO AVELLO,0,"Cardenio Avello & Avenida San Juan Bosco, Concepción, Bío Bío, Chile",-36.8143989,-73.0311517,1,GEOMETRIC_CENTER,2020,1267502,2020/02/17 00:00:00+00,COLISION LATERAL,COLISION,URBANA,DESOBEDIENCIA A SEÑALIZACION,SEÑALIZACION DESOBEDECER SEÑAL CEDA EL PASO,0,0,0,1,20:10:00
-72.9556367,-36.6133987,1838,8,REGION BIO BIO,8111,TOME,MARIANO EGAÑA,BLANCO ENCALADA,0,"Mariano Egaña & Blanco Encalada, Tome, Tomé, Bío Bío, Chile",-36.6133987,-72.9556367,1,GEOMETRIC_CENTER,2020,1267525,2020/02/29 00:00:00+00,CHOQUE FRENTE/POSTERIOR,CHOQUE,URBANA,IMPRUDENCIA DEL CONDUCTOR,CONDUCCION SIN MANTENER DISTANCIA RAZONABLE NI PRUDENTE,0,0,0,0,14:25:00
-72.9706256,-36.7039601,1839,8,REGION BIO BIO,8107,PENCO,RIO LAJA, ,235,"Río Laja 235, Lirquen, Penco, Bío Bío, Chile",-36.7039601,-72.9706256,1,RANGE_INTERPOLATED,2020,1267555,2020/02/10 00:00:00+00,CAIDA,CAIDA,URBANA,IMPRUDENCIA DEL PASAJERO,PASAJERO SUBE O DESCIENDE DE VEHICULO MOVIMIENTO,0,0,0,0,20:30:00
-73.0429896,-36.824726,1840,8,REGION BIO BIO,8101,CONCEPCION,ONGOLMO,OHIGGINS,0,"Ongolmo & Libertador General Bernardo OHiggins, Concepción, Bío Bío, Chile",-36.824726,-73.0429896,1,GEOMETRIC_CENTER,2020,1267589,2020/03/01 00:00:00+00,COLISION PERPENDICULAR,COLISION,URBANA,IMPRUDENCIA DEL CONDUCTOR,CONDUCCION NO ATENTO CONDICIONES TRANSITO MOMENTO,0,0,0,2,12:00:00
-73.0125014,-36.9580715,1841,8,REGION BIO BIO,8103,CHIGUAYANTE,DOCE DE OCTUBRE,UNO,0,"Grecia - 12 De Octubre, Chiguayante, Bío Bío, Chile",-36.9580715,-73.0125014,1,GEOMETRIC_CENTER,2020,1267596,2020/02/11 00:00:00+00,COLISION LATERAL,COLISION,URBANA,FALLAS MECANICAS,FALLAS MECANICAS FRENOS,0,0,0,2,15:25:00
-72.9864574,-36.725205,1842,8,REGION BIO BIO,8107,PENCO,CAMINO VIEJO LIRQUEN, ,1200,"Cam. Viejo, Lirquen, Penco, Bío Bío, Chile",-36.725205,-72.9864574,1,GEOMETRIC_CENTER,2020,1267628,2020/02/11 00:00:00+00,CAIDA,CAIDA,URBANA,IMPRUDENCIA DEL PASAJERO,IMPRUDENCIA DEL PASAJERO,0,0,0,1,15:00:00
-72.3271477,-37.441101,1843,8,REGION BIO BIO,8301,LOS ANGELES,SOR VICENTA,LAS INDUSTRIAS,0,"Av. Sor Vicenta & Av Las Industrias, Los Ángeles, Bío Bío, Chile",-37.441101,-72.3271477,1,GEOMETRIC_CENTER,2020,1267649,2020/02/02 00:00:00+00,CHOQUE FRENTE/POSTERIOR,CHOQUE,URBANA,IMPRUDENCIA DEL CONDUCTOR,CONDUCCION NO ATENTO CONDICIONES TRANSITO MOMENTO,0,0,0,0,10:00:00
-72.3430227,-37.4572917,1844,8,REGION BIO BIO,8301,LOS ANGELES,SANTIAGO MORSE,VOLTA,0,"Santiago - Santiago Morse 398, Los Angeles, Los Ángeles, Bío Bío, Chile",-37.4572917,-72.3430227,1,ROOFTOP,2020,1267667,2020/02/02 00:00:00+00,COLISION,COLISION,URBANA,IMPRUDENCIA DEL CONDUCTOR,CONDUCCION NO ATENTO CONDICIONES TRANSITO MOMENTO,0,0,0,0,14:30:00
-73.0314114,-36.9044411,1845,8,REGION BIO BIO,8103,CHIGUAYANTE,OCHO ORIENTE,LAS GUINDAS,0,"avenida 8 oriente 720 local 1 Chiguayante, Biobío, Chiguayante, Bío Bío, Chile",-36.9044411,-73.0314114,1,GEOMETRIC_CENTER,2020,1267676,2020/02/14 00:00:00+00,COLISION PERPENDICULAR,COLISION,URBANA,IMPRUDENCIA DEL CONDUCTOR,CONDUCCION NO ATENTO CONDICIONES TRANSITO MOMENTO,0,0,0,0,08:30:00
-72.357662,-37.473303,1846,8,REGION BIO BIO,8301,LOS ANGELES,RICARDO VICUÑA, ,790,"Av. Ricardo Vicuña 790, Los Angeles, Los Ángeles, Bío Bío, Chile",-37.473303,-72.357662,1,ROOFTOP,2020,1267696,2020/02/02 00:00:00+00,CHOQUE,CHOQUE,URBANA,IMPRUDENCIA DEL CONDUCTOR,CONDUCCION NO ATENTO CONDICIONES TRANSITO MOMENTO,0,0,0,0,18:10:00
-73.0347387,-36.8810793,1847,8,REGION BIO BIO,8103,CHIGUAYANTE,LA CANTERA, ,166,"La cantera 166, Concepción, Bío Bío, Chile",-36.8810793,-73.0347387,1,RANGE_INTERPOLATED,2020,1267701,2020/02/16 00:00:00+00,CHOQUE FRONTAL,CHOQUE,URBANA,OTRAS CAUSAS,OTRAS CAUSAS,0,0,0,0,10:30:00
-72.9915517,-36.7414886,1848,8,REGION BIO BIO,8107,PENCO,MAIPU, ,528,"Maipú 528, Penco, Bío Bío, Chile",-36.7414886,-72.9915517,1,RANGE_INTERPOLATED,2020,1267750,2020/02/12 00:00:00+00,CHOQUE,CHOQUE,URBANA,PERDIDA CONTROL VEHICULO,PERDIDA CONTROL VEHICULO,0,0,0,0,23:20:00
-73.0552888,-36.844594,1849,8,REGION BIO BIO,8101,CONCEPCION,SARGENTO ALDEA,GABRIELA MISTRAL,0,"Gabriela Mistral & Sargento Aldea, Concepción, Bío Bío, Chile",-36.844594,-73.0552888,1,GEOMETRIC_CENTER,2020,1267768,2020/03/01 00:00:00+00,VOLCADURA,VOLCADURA,URBANA,ALCOHOL EN CONDUCTOR,CONDUCCION EN ESTADO DE EBRIEDAD,0,0,0,1,11:20:00
-72.2426799,-37.7107024,1850,8,REGION BIO BIO,8305,MULCHEN,FUENZALIDA, ,1290,"Fuenzalida 1290, Mulchen, Negrete, Bío Bío, Chile",-37.7107024,-72.2426799,1,ROOFTOP,2020,1267788,2020/02/14 00:00:00+00,CHOQUE,CHOQUE,URBANA,IMPRUDENCIA DEL CONDUCTOR,NO RESPETAR DERECHO PREFERENTE DE PASO A VEHICULO,0,0,0,0,15:30:00
-73.3169639,-37.2456072,1851,8,REGION BIO BIO,8202,ARAUCO,CHACABUCO,CARLOS CONDELL,0,"Chacabuco & Carlos Condell, Arauco, Bío Bío, Chile",-37.2456072,-73.3169639,1,GEOMETRIC_CENTER,2020,1267796,2020/02/11 00:00:00+00,COLISION LATERAL,COLISION,URBANA,IMPRUDENCIA DEL CONDUCTOR,NO RESPETAR DERECHO PREFERENTE DE PASO A VEHICULO,0,0,0,1,16:40:00
-73.0599109,-36.7985462,1852,8,REGION BIO BIO,8101,CONCEPCION,PAICAVI,ALONSO DE RIVERA,0,"Avenida Alonso de Ribera & Paicaví, Concepción, Bío Bío, Chile",-36.7985462,-73.0599109,1,GEOMETRIC_CENTER,2020,1267821,2020/03/02 00:00:00+00,ATROPELLO,ATROPELLO,URBANA,IMPRUDENCIA DEL PEATON,IMPRUDENCIA DEL PEATON,0,0,0,1,08:45:00
-72.3490321,-37.4604933,1853,8,REGION BIO BIO,8301,LOS ANGELES,ALMAGRO,OROMPELLO,0,"Orompello & Almagro, Los Angeles, Los Ángeles, Bío Bío, Chile",-37.4604933,-72.3490321,1,GEOMETRIC_CENTER,2020,1267826,2020/02/05 00:00:00+00,CHOQUE LADO/FRENTE,CHOQUE,URBANA,IMPRUDENCIA DEL CONDUCTOR,CONDUCCION NO ATENTO CONDICIONES TRANSITO MOMENTO,0,0,0,0,19:50:00
-72.3469851,-37.4840939,1854,8,REGION BIO BIO,8301,LOS ANGELES,LOS CARRERA,LAS QUINTAS,0,"Avenida Los Carrera & Las Quintas, Los Angeles, Los Ángeles, Bío Bío, Chile",-37.4840939,-72.3469851,1,GEOMETRIC_CENTER,2020,1267845,2020/02/08 00:00:00+00,COLISION,COLISION,URBANA,ALCOHOL EN CONDUCTOR,CONDUCCION EN ESTADO DE EBRIEDAD,0,0,0,0,18:00:00
-72.3425361,-37.4880624,1855,8,REGION BIO BIO,8301,LOS ANGELES,LOS CARRERA,LAS INDUSTRIAS,0,"Av. Los Carrera 1596, Los Angeles, Los Ángeles, Bío Bío, Chile",-37.4880624,-72.3425361,1,ROOFTOP,2020,1267850,2020/02/08 00:00:00+00,COLISION LATERAL,COLISION,URBANA,IMPRUDENCIA DEL CONDUCTOR,CONDUCCION NO ATENTO CONDICIONES TRANSITO MOMENTO,0,0,0,5,19:20:00
-72.3607301,-37.4719336,1856,8,REGION BIO BIO,8301,LOS ANGELES,RICARDO VICUÑA,LOS ANGELES,0,"Av. Los Angeles & Av. Ricardo Vicuña, Los Angeles, Los Ángeles, Bío Bío, Chile",-37.4719336,-72.3607301,1,GEOMETRIC_CENTER,2020,1267875,2020/02/08 00:00:00+00,COLISION LATERAL,COLISION,URBANA,IMPRUDENCIA DEL CONDUCTOR,CONDUCCION NO ATENTO CONDICIONES TRANSITO MOMENTO,0,0,0,0,14:25:00
-73.1366591,-36.7123492,1857,8,REGION BIO BIO,8110,TALCAHUANO,PUERTO INGLES,SAN VICENTE,0,"Caleta Pto Inglés & San Vicente, Talcahuano, Bío Bío, Chile",-36.7123492,-73.1366591,1,GEOMETRIC_CENTER,2020,1267881,2020/02/27 00:00:00+00,COLISION LATERAL,COLISION,URBANA,DESOBEDIENCIA A SEÑALIZACION,SEÑALIZACION DESOBEDECER SEÑAL PARE,0,0,0,0,18:35:00
-73.0436355,-36.8287443,1858,8,REGION BIO BIO,8101,CONCEPCION,CHACABUCO,TUCAPEL,0,"Avenida Chacabuco & Tucapel, Concepción, Bío Bío, Chile",-36.8287443,-73.0436355,1,GEOMETRIC_CENTER,2020,1267927,2020/03/02 00:00:00+00,ATROPELLO,ATROPELLO,URBANA,IMPRUDENCIA DEL CONDUCTOR,NO RESPETAR DERECHO PREFERENTE DE PASO A PEATON,1,0,0,0,18:00:00
-73.141822,-36.888596,1859,8,REGION BIO BIO,8108,SAN PEDRO DE LA PAZ,PORTAL, ,7370,"Av. Portal de San Pedro 7370, San Pedro, San Pedro de la Paz, Bío Bío, Chile",-36.888596,-73.141822,1,ROOFTOP,2020,1268000,2020/02/29 00:00:00+00,CHOQUE FRENTE/POSTERIOR,CHOQUE,URBANA,IMPRUDENCIA DEL CONDUCTOR,CONDUCCION NO ATENTO CONDICIONES TRANSITO MOMENTO,0,0,0,1,14:40:00
-73.031527,-36.9132417,1860,8,REGION BIO BIO,8103,CHIGUAYANTE,LAS ARAUCARIAS, ,60,"Las Araucarias 60, Chiguayante, Bío Bío, Chile",-36.9132417,-73.031527,1,RANGE_INTERPOLATED,2020,1268025,2020/02/19 00:00:00+00,CHOQUE FRONTAL,CHOQUE,URBANA,OTRAS CAUSAS,OTRAS CAUSAS,0,0,0,0,18:40:00