X,Y,FID,COD_REG,REGION,CUT,COMUNA,CALLE_UNO,CALLE_DOS,NUMERO,DIR_GEOCOD,LAT,LNG,VAL_COM,TIPO,Año,Idaccident,Fecha,Tipo_Accid,Tipo__CONA,Zona,Causa__CON,Causa,Fallecidos,Graves,Menos_Grav,Leves,Hora
-72.3478084,-37.4669681,1982,8,REGION BIO BIO,8301,LOS ANGELES,VILLAGRAN, ,551,"Villagrán 551, Los Angeles, Los Ángeles, Bío Bío, Chile",-37.4669681,-72.3478084,1,ROOFTOP,2020,1271369,2020/03/06 00:00:00+00,ATROPELLO,ATROPELLO,URBANA,IMPRUDENCIA DEL PEATON,PEATON CRUZA CALZADA FUERA PASO PEATONES,0,1,0,0,15:00:00
-73.0598003,-36.8367012,1983,8,REGION BIO BIO,8101,CONCEPCION,ESMERALDA,COSTANERA,0,"Costanera & Esmeralda, Concepción, Bío Bío, Chile",-36.8367012,-73.0598003,1,GEOMETRIC_CENTER,2020,1271387,2020/03/10 00:00:00+00,COLISION PERPENDICULAR,COLISION,URBANA,DESOBEDIENCIA A SEÑALIZACION,SEÑALIZACION DESOBEDECER LUZ ROJA DE SEMAFORO,0,0,0,1,13:00:00
-73.0461896,-36.8222157,1984,8,REGION BIO BIO,8101,CONCEPCION,OROMPELLO,MAIPU,0,"Maipú & Orompello, Concepción, Bío Bío, Chile",-36.8222157,-73.0461896,1,GEOMETRIC_CENTER,2020,1271419,2020/03/12 00:00:00+00,COLISION PERPENDICULAR,COLISION,URBANA,IMPRUDENCIA DEL CONDUCTOR,CONDUCCION NO ATENTO CONDICIONES TRANSITO MOMENTO,0,0,0,1,19:45:00
-73.036506,-36.823738,1985,8,REGION BIO BIO,8101,CONCEPCION,CICLOVIA ROOSEVELT,NONGUEN,0,"Roosevelt & Nonguén, Concepción, Bío Bío, Chile",-36.823738,-73.036506,1,GEOMETRIC_CENTER,2020,1271425,2020/02/09 00:00:00+00,COLISION LATERAL,COLISION,URBANA,IMPRUDENCIA DEL CONDUCTOR,CONDUCCION NO ATENTO CONDICIONES TRANSITO MOMENTO,0,1,0,0,12:30:00
-73.0240689,-36.8180706,1986,8,REGION BIO BIO,8101,CONCEPCION,TEGUALDA,GRAL NOVOA,0,"Tegualda & General Novoa, Concepción, Bío Bío, Chile",-36.8180706,-73.0240689,1,GEOMETRIC_CENTER,2020,1271457,2020/03/13 00:00:00+00,COLISION PERPENDICULAR,COLISION,URBANA,DESOBEDIENCIA A SEÑALIZACION,SEÑALIZACION DESOBEDECER LUZ ROJA DE SEMAFORO,0,0,0,0,12:30:00
-73.0723526,-36.8013406,1987,8,REGION BIO BIO,8112,HUALPEN,JORGE ALESSANDRI RODRIGUEZ,VASCO NUÑEZ DE BALBOA,0,"Av. Jorge Alessandri Rodríguez, Concepción, Hualpén, Bío Bío, Chile",-36.8013406,-73.0723526,1,GEOMETRIC_CENTER,2020,1271517,2020/03/16 00:00:00+00,COLISION,COLISION,URBANA,IMPRUDENCIA DEL CONDUCTOR,CONDUCCION NO ATENTO CONDICIONES TRANSITO MOMENTO,0,0,0,0,20:30:00
-73.1620145,-36.9783217,1988,8,REGION BIO BIO,8102,CORONEL,LOS ROBLES,CERRO SAN FRANCISCO,0,"Los Robles 3660, Coronel, Bío Bío, Chile",-36.9783217,-73.1620145,1,ROOFTOP,2020,1271528,2020/03/01 00:00:00+00,COLISION POR ALCANCE,COLISION,URBANA,ALCOHOL EN CONDUCTOR,CONDUCCION EN ESTADO DE EBRIEDAD,0,0,0,1,21:30:00
-72.9559458,-36.6311717,1989,8,REGION BIO BIO,8111,TOME,LATORRE, ,651,"A Latorre 651, Tome, Tomé, Bío Bío, Chile",-36.6311717,-72.9559458,1,RANGE_INTERPOLATED,2020,1271548,2020/03/10 00:00:00+00,ATROPELLO,ATROPELLO,URBANA,IMPRUDENCIA DEL CONDUCTOR,NO RESPETAR DERECHO PREFERENTE DE PASO A PEATON,0,0,1,0,08:05:00
-73.1577899,-37.0928199,1990,8,REGION BIO BIO,8106,LOTA,COUSIÑO, ,582,"Cousiño 582, Lota, Bío Bío, Chile",-37.0928199,-73.1577899,1,RANGE_INTERPOLATED,2020,1271535,2020/03/05 00:00:00+00,COLISION LATERAL,COLISION,URBANA,IMPRUDENCIA DEL CONDUCTOR,CONDUCCION NO ATENTO CONDICIONES TRANSITO MOMENTO,0,0,0,0,18:50:00
-72.6886539,-37.505551,1991,8,REGION BIO BIO,8306,NACIMIENTO,VICTOR TOLEDO,JOSE ZABALA RIOS,0,"Jose Zavala Rios & Victor Toledo, Nacimiento, Bío Bío, Chile",-37.505551,-72.6886539,1,GEOMETRIC_CENTER,2020,1271632,2020/03/13 00:00:00+00,CHOQUE,CHOQUE,URBANA,IMPRUDENCIA DEL CONDUCTOR,CONDUCCION SIN MANTENER DISTANCIA RAZONABLE NI PRUDENTE,0,0,0,0,07:45:00
-73.64026,-37.5973286,1992,8,REGION BIO BIO,8201,LEBU,RIGOBERTO IGLESIAS,IGNACIO CARRERA PINTO,0,"Ignacio Carrera Pinto & Rigoberto Iglesias, Lebu, Bío Bío, Chile",-37.5973286,-73.64026,1,GEOMETRIC_CENTER,2020,1271647,2020/03/11 00:00:00+00,ATROPELLO,ATROPELLO,URBANA,IMPRUDENCIA DEL PEATON,PEATON CRUZA CALZADA FUERA PASO PEATONES,0,0,0,1,01:40:00
-72.6736346,-37.5005374,1993,8,REGION BIO BIO,8306,NACIMIENTO,BAQUEDANO, ,345,"Baquedano 345, Nacimiento, Bío Bío, Chile",-37.5005374,-72.6736346,1,ROOFTOP,2020,1271649,2020/03/14 00:00:00+00,CHOQUE,CHOQUE,URBANA,ALCOHOL EN CONDUCTOR,CONDUCCION EN ESTADO DE EBRIEDAD,0,0,0,0,23:29:00
-73.4152828,-37.620738,1994,8,REGION BIO BIO,8206,LOS ALAMOS,LAUTARIO,LOS ULMOS,0,"Los Alamos, Bío Bío, Chile",-37.620738,-73.4152828,1,APPROXIMATE,2020,1271651,2020/03/11 00:00:00+00,CHOQUE FRENTE/POSTERIOR,CHOQUE,URBANA,IMPRUDENCIA DEL CONDUCTOR,CONDUCIR VEHICULO EN RETROCESO,0,0,0,0,15:37:00
-73.4650798,-37.6277739,1995,8,REGION BIO BIO,8206,LOS ALAMOS,DIEGO PORTALES, ,1648,"Los Alamos, Bío Bío, Chile",-37.6277739,-73.4650798,1,APPROXIMATE,2020,1271680,2020/03/14 00:00:00+00,COLISION POR ALCANCE,COLISION,URBANA,DROGAS Y/O FATIGA EN CONDUCTOR,"CONDICIONES FISICAS DEFICIENTES (CANSANCIO, SUEÑO)",0,0,1,2,21:45:00
-72.3384135,-37.4685891,1996,8,REGION BIO BIO,8301,LOS ANGELES,MARCONI,ALEMANIA,0,"Avenida Alemania & Guillermo Marconi, Los Angeles, Los Ángeles, Bío Bío, Chile",-37.4685891,-72.3384135,1,GEOMETRIC_CENTER,2020,1271689,2020/03/09 00:00:00+00,ATROPELLO,ATROPELLO,URBANA,IMPRUDENCIA DEL CONDUCTOR,CONDUCCION NO ATENTO CONDICIONES TRANSITO MOMENTO,0,1,0,0,10:10:00
-73.0903111,-36.7603816,1997,8,REGION BIO BIO,8110,TALCAHUANO,LAS HORTENSIAS, ,5174,"Las Hortensias 5174, Talcahuano, Bío Bío, Chile",-36.7603816,-73.0903111,1,RANGE_INTERPOLATED,2020,1271716,2020/03/11 00:00:00+00,COLISION LATERAL,COLISION,URBANA,IMPRUDENCIA DEL CONDUCTOR,VIRAJES INDEBIDOS,0,0,1,0,17:50:00
-73.0358152,-36.8083636,1998,8,REGION BIO BIO,8101,CONCEPCION,PASAJE SEIS, ,2537,"Pje. Seis 2537, Concepción, Bío Bío, Chile",-36.8083636,-73.0358152,1,RANGE_INTERPOLATED,2020,1271749,2020/03/03 00:00:00+00,CHOQUE POSTERIOR/FRENTE,CHOQUE,URBANA,IMPRUDENCIA DEL CONDUCTOR,CONDUCCION SIN MANTENER DISTANCIA RAZONABLE NI PRUDENTE,0,0,0,0,15:50:00
-73.0236578,-36.9262295,1999,8,REGION BIO BIO,8103,CHIGUAYANTE,21 DE MAYO,PEDRO DE OÑA,0,"Pedro Medina & 21 de Mayo, Chiguayante, Bío Bío, Chile",-36.9262295,-73.0236578,1,GEOMETRIC_CENTER,2020,1271764,2020/03/03 00:00:00+00,COLISION LATERAL,COLISION,URBANA,IMPRUDENCIA DEL CONDUCTOR,CONDUCCION CAMBIAR SORPRESIVAMENTE PISTA CIRCULACION,0,0,0,0,15:20:00
-73.043376,-36.8177426,2000,8,REGION BIO BIO,8101,CONCEPCION,BICENTENARIO,CARLOS CONDELL,0,"Plaza Carlos Condell - Rozas 1465, Concepción, Bío Bío, Chile",-36.8177426,-73.043376,1,ROOFTOP,2020,1271778,2020/03/04 00:00:00+00,COLISION LATERAL,COLISION,URBANA,IMPRUDENCIA DEL CONDUCTOR,CONDUCCION NO ATENTO CONDICIONES TRANSITO MOMENTO,0,0,0,0,07:30:00
-72.9269525,-36.9707593,2001,8,REGION BIO BIO,8105,HUALQUI,TEGUALDA, ,386,"Tegualda 386, Hualqui, Bío Bío, Chile",-36.9707593,-72.9269525,1,RANGE_INTERPOLATED,2020,1284581,2020/05/17 00:00:00+00,COLISION FRONTAL,COLISION,URBANA,OTRAS CAUSAS,OTRAS CAUSAS,0,0,0,1,15:00:00
-73.0378793,-36.8775879,2002,8,REGION BIO BIO,8103,CHIGUAYANTE,CAMINO A CHIGUAYANTE, ,1945,"Cam. A Chiguayante 1945, Concepción, Bío Bío, Chile",-36.8775879,-73.0378793,1,RANGE_INTERPOLATED,2020,1284592,2020/05/27 00:00:00+00,COLISION LATERAL,COLISION,URBANA,IMPRUDENCIA DEL CONDUCTOR,VIRAJES INDEBIDOS,0,0,0,2,11:20:00
-72.9389656,-36.9753897,2003,8,REGION BIO BIO,8105,HUALQUI,RAMON FREIRE,LA CONCEPCION,0,"La Concepción & Ramon Freire, Hualqui, Bío Bío, Chile",-36.9753897,-72.9389656,1,GEOMETRIC_CENTER,2020,1284599,2020/05/30 00:00:00+00,COLISION PERPENDICULAR,COLISION,URBANA,IMPRUDENCIA DEL CONDUCTOR,CONDUCCION NO ATENTO CONDICIONES TRANSITO MOMENTO,0,1,0,0,21:10:00
-73.016474,-36.9460732,2004,8,REGION BIO BIO,8103,CHIGUAYANTE,ESPERANZA,MANUEL RODRIGUEZ,0,"Esperanza & Avenida Manuel Rodríguez, Chiguayante, Bío Bío, Chile",-36.9460732,-73.016474,1,GEOMETRIC_CENTER,2020,1284603,2020/05/30 00:00:00+00,COLISION PERPENDICULAR,COLISION,URBANA,CAUSAS NO DETERMINADAS,CAUSAS NO DETERMINADAS,0,0,0,0,14:30:00
-72.3470916,-37.4834394,2005,8,REGION BIO BIO,8301,LOS ANGELES,LOS CARRERA, ,906,"Av. Los Carrera 906, Los Angeles, Los Ángeles, Bío Bío, Chile",-37.4834394,-72.3470916,1,ROOFTOP,2020,1284692,2020/06/09 00:00:00+00,COLISION POR ALCANCE,COLISION,URBANA,IMPRUDENCIA DEL CONDUCTOR,CONDUCCION NO ATENTO CONDICIONES TRANSITO MOMENTO,0,0,0,2,12:40:00
-73.113592,-36.7387023,2006,8,REGION BIO BIO,8110,TALCAHUANO,GRAN BRETAÑA, ,955,"Gran Bretaña 955, Talcahuano, Bío Bío, Chile",-36.7387023,-73.113592,1,ROOFTOP,2020,1284750,2020/06/06 00:00:00+00,COLISION LATERAL,COLISION,URBANA,ALCOHOL EN CONDUCTOR,CONDUCCION EN ESTADO DE EBRIEDAD,0,0,0,0,21:50:00
-73.0855736,-36.7989632,2007,8,REGION BIO BIO,8112,HUALPEN,CRISTOBAL COLON, ,8698,"Av Cristóbal Colón 8698, Hualpén, Bío Bío, Chile",-36.7989632,-73.0855736,1,RANGE_INTERPOLATED,2020,1284760,2020/06/10 00:00:00+00,COLISION,COLISION,URBANA,IMPRUDENCIA DEL CONDUCTOR,CONDUCCION CAMBIAR SORPRESIVAMENTE PISTA CIRCULACION,0,0,0,0,17:30:00
-73.0905075,-36.8073748,2008,8,REGION BIO BIO,8112,HUALPEN,COSTANERA, ,9781,"Av. Costanera 9781, Hualpén, Bío Bío, Chile",-36.8073748,-73.0905075,1,ROOFTOP,2020,1285741,2020/06/17 00:00:00+00,COLISION,COLISION,URBANA,CAUSAS NO DETERMINADAS,CAUSAS NO DETERMINADAS,0,0,0,0,15:53:00
-73.1051259,-36.842539,2009,8,REGION BIO BIO,8108,SAN PEDRO DE LA PAZ,LOS ACACIOS,LOS MAÑIOS,0,"Los Mañíos & Los Acacios, San Pedro de la Paz, Bío Bío, Chile",-36.842539,-73.1051259,1,GEOMETRIC_CENTER,2020,1284820,2020/06/05 00:00:00+00,CHOQUE FRONTAL,CHOQUE,URBANA,CAUSAS NO DETERMINADAS,CAUSAS NO DETERMINADAS,0,0,0,0,15:10:00
-72.3683669,-37.4801677,2010,8,REGION BIO BIO,8301,LOS ANGELES,VICUÑA MACKENNA,PADRE HURTADO,0,"Av. Vicuña Mackenna & Av. Padre Hurtado, Los Angeles, Los Ángeles, Bío Bío, Chile",-37.4801677,-72.3683669,1,GEOMETRIC_CENTER,2020,1284830,2020/06/09 00:00:00+00,CHOQUE POSTERIOR/FRENTE,CHOQUE,URBANA,IMPRUDENCIA DEL CONDUCTOR,CONDUCCION NO ATENTO CONDICIONES TRANSITO MOMENTO,0,0,0,0,20:30:00
-73.0587082,-36.7802354,2011,8,REGION BIO BIO,8110,TALCAHUANO,JORGE ALESSANDRI PALMA, ,3550,"Av. Pdte. Jorge Alessandri Rodriguez 3177, Concepción, Talcahuano, Bío Bío, Chile",-36.7802354,-73.0587082,1,ROOFTOP,2020,1285742,2020/06/18 00:00:00+00,ATROPELLO,ATROPELLO,URBANA,IMPRUDENCIA DEL CONDUCTOR,NO RESPETAR DERECHO PREFERENTE DE PASO A PEATON,1,0,0,0,00:55:00
-73.0587819,-36.8274447,2012,8,REGION BIO BIO,8101,CONCEPCION,SERRANO,MAIPU,0,"Maipú & Serrano, Concepción, Bío Bío, Chile",-36.8274447,-73.0587819,1,GEOMETRIC_CENTER,2020,1285109,2020/06/05 00:00:00+00,COLISION,COLISION,URBANA,IMPRUDENCIA DEL CONDUCTOR,CONDUCIR VEHICULO EN RETROCESO,0,0,0,0,13:40:00
-73.6558855,-37.6100093,2013,8,REGION BIO BIO,8201,LEBU,CAMARON,LOS BOLDOS,0,"Plaza Lebu - Freire 580, Lebu, Bío Bío, Chile",-37.6100093,-73.6558855,1,ROOFTOP,2020,1284949,2020/06/06 00:00:00+00,CHOQUE LATERAL,CHOQUE,URBANA,PERDIDA CONTROL VEHICULO,PERDIDA CONTROL VEHICULO,0,0,0,3,06:00:00
-73.0252867,-36.9259598,2014,8,REGION BIO BIO,8103,CHIGUAYANTE,MANUEL RODRIGUEZ, ,586,"Av. Manuel Rodríguez 586, Chiguayante, Bío Bío, Chile",-36.9259598,-73.0252867,1,ROOFTOP,2020,1285004,2020/06/04 00:00:00+00,CHOQUE FRONTAL,CHOQUE,URBANA,CAUSAS NO DETERMINADAS,CAUSAS NO DETERMINADAS,0,0,0,0,09:00:00
-73.1241078,-36.7560609,2015,8,REGION BIO BIO,8110,TALCAHUANO,ALGARROBO, ,310,"Algarrobo 310, Talcahuano, Bío Bío, Chile",-36.7560609,-73.1241078,1,RANGE_INTERPOLATED,2020,1285026,2020/06/09 00:00:00+00,CHOQUE FRENTE/POSTERIOR,CHOQUE,URBANA,ALCOHOL EN CONDUCTOR,CONDUCCION EN ESTADO DE EBRIEDAD,0,0,0,0,08:21:00
-73.113592,-36.7387023,2016,8,REGION BIO BIO,8110,TALCAHUANO,GRAN BRETAÑA, ,955,"Gran Bretaña 955, Talcahuano, Bío Bío, Chile",-36.7387023,-73.113592,1,ROOFTOP,2020,1285030,2020/06/06 00:00:00+00,COLISION LATERAL,COLISION,URBANA,IMPRUDENCIA DEL CONDUCTOR,VIRAJES INDEBIDOS,0,0,0,0,22:32:00
-72.3479512,-37.471615,2017,8,REGION BIO BIO,8301,LOS ANGELES,CAUPOLICAN, ,200,"Caupolicán 200, Los Angeles, Los Ángeles, Bío Bío, Chile",-37.471615,-72.3479512,1,RANGE_INTERPOLATED,2020,1285031,2020/06/10 00:00:00+00,CHOQUE POSTERIOR/LADO,CHOQUE,URBANA,IMPRUDENCIA DEL CONDUCTOR,CONDUCCION NO ATENTO CONDICIONES TRANSITO MOMENTO,0,0,0,0,09:10:00
-72.3495502,-37.4702496,2018,8,REGION BIO BIO,8301,LOS ANGELES,ALMAGRO, ,300,"Almagro 300, Los Angeles, Los Ángeles, Bío Bío, Chile",-37.4702496,-72.3495502,1,RANGE_INTERPOLATED,2020,1285032,2020/06/10 00:00:00+00,CHOQUE FRENTE/POSTERIOR,CHOQUE,URBANA,IMPRUDENCIA DEL CONDUCTOR,CONDUCCION NO ATENTO CONDICIONES TRANSITO MOMENTO,0,0,0,0,16:30:00
-73.1539091,-37.0761914,2019,8,REGION BIO BIO,8106,LOTA,LOS NARANJOS, ,50,"Los Naranjos, Lota, Bío Bío, Chile",-37.0761914,-73.1539091,1,GEOMETRIC_CENTER,2020,1285103,2020/06/04 00:00:00+00,CHOQUE FRONTAL,CHOQUE,URBANA,PERDIDA CONTROL VEHICULO,PERDIDA CONTROL VEHICULO,0,0,0,0,04:00:00
-73.0556728,-36.8248069,2020,8,REGION BIO BIO,8101,CONCEPCION,LOS CARRERA,LINCOYAN,0,"Av. los Carrera & Lincoyán, Concepción, Bío Bío, Chile",-36.8248069,-73.0556728,1,GEOMETRIC_CENTER,2020,1285110,2020/06/06 00:00:00+00,CAIDA,CAIDA,URBANA,IMPRUDENCIA DEL PASAJERO,PASAJERO SUBE O DESCIENDE DE VEHICULO MOVIMIENTO,0,0,0,1,11:40:00
-73.0651458,-36.8321223,2021,8,REGION BIO BIO,8101,CONCEPCION,CENTRAL NORTE,COSTANERA,0,"Av. Costanera & Central Nte., Concepción, Bío Bío, Chile",-36.8321223,-73.0651458,1,GEOMETRIC_CENTER,2020,1285118,2020/06/09 00:00:00+00,COLISION PERPENDICULAR,COLISION,URBANA,DESOBEDIENCIA A SEÑALIZACION,SEÑALIZACION DESOBEDECER SEÑAL CEDA EL PASO,0,0,0,0,08:00:00
-73.0487224,-36.8232637,2022,8,REGION BIO BIO,8101,CONCEPCION,CASTELLON,MAIPU,0,"Castellón & Maipú, Concepción, Bío Bío, Chile",-36.8232637,-73.0487224,1,GEOMETRIC_CENTER,2020,1285120,2020/06/09 00:00:00+00,COLISION LATERAL,COLISION,URBANA,IMPRUDENCIA DEL CONDUCTOR,CONDUCCION NO ATENTO CONDICIONES TRANSITO MOMENTO,0,0,0,0,15:00:00
-73.1581629,-36.9918939,2023,8,REGION BIO BIO,8102,CORONEL,OSCAR LIZAMA,SOLA SIERRA,0,"Oscar Lizama, Coronel, Bío Bío, Chile",-36.9918939,-73.1581629,1,GEOMETRIC_CENTER,2020,1289005,2020/06/22 00:00:00+00,COLISION,COLISION,URBANA,IMPRUDENCIA DEL CONDUCTOR,NO RESPETAR DERECHO PREFERENTE DE PASO A VEHICULO,0,0,0,0,15:10:00
-73.0138925,-36.8257508,2024,8,REGION BIO BIO,8101,CONCEPCION,GRAL GOROSTIAGA,ELOIZA URRUTIA,0,"Eloisa Urrutia & General Gorostiaga, Concepción, Bío Bío, Chile",-36.8257508,-73.0138925,1,GEOMETRIC_CENTER,2020,1285132,2020/06/10 00:00:00+00,COLISION FRONTAL,COLISION,URBANA,IMPRUDENCIA DEL CONDUCTOR,"ADELANTAMIENTO EN CRUCE, CURVA, CUESTA, PUENTE",0,1,0,1,19:30:00
-73.0496459,-36.8293601,2025,8,REGION BIO BIO,8101,CONCEPCION,CAUPOLICAN, ,251,"Caupolicán 251, Concepción, Bío Bío, Chile",-36.8293601,-73.0496459,1,ROOFTOP,2020,1285140,2020/06/12 00:00:00+00,CHOQUE,CHOQUE,URBANA,FALLAS MECANICAS,FALLAS MECANICAS DIRECCION,0,0,0,0,18:40:00
-73.0946976,-36.7481941,2026,8,REGION BIO BIO,8110,TALCAHUANO,CRISTOBAL COLON, ,3658,"Colón 3658, Talcahuano, Bío Bío, Chile",-36.7481941,-73.0946976,1,RANGE_INTERPOLATED,2020,1285305,2020/06/11 00:00:00+00,CHOQUE FRENTE/POSTERIOR,CHOQUE,URBANA,IMPRUDENCIA DEL CONDUCTOR,CONDUCCION SIN MANTENER DISTANCIA RAZONABLE NI PRUDENTE,0,0,0,0,11:15:00
-72.2661573,-37.5494427,2027,8,REGION BIO BIO,8301,LOS ANGELES,SECTOR DUQUECO,FUNDO LLAHUEN,0,"Los Angeles, Los Ángeles, Bío Bío, Chile",-37.5494427,-72.2661573,1,GEOMETRIC_CENTER,2020,1285328,2020/06/14 00:00:00+00,VOLCADURA,VOLCADURA,RURAL,PERDIDA CONTROL VEHICULO,PERDIDA CONTROL VEHICULO,0,1,0,0,00:00:00
-73.0881616,-36.7613948,2028,8,REGION BIO BIO,8110,TALCAHUANO,CRISTOBAL COLON, ,5256,"Gómez Carreño 5256, Talcahuano, Bío Bío, Chile",-36.7613948,-73.0881616,1,RANGE_INTERPOLATED,2020,1285331,2020/06/12 00:00:00+00,CHOQUE FRENTE/POSTERIOR,CHOQUE,URBANA,IMPRUDENCIA DEL CONDUCTOR,CONDUCCION SIN MANTENER DISTANCIA RAZONABLE NI PRUDENTE,0,0,0,0,16:30:00
-73.0467229,-36.8262952,2029,8,REGION BIO BIO,8101,CONCEPCION,CASTELLON,OHIGGINS,0,"Castellón & Libertador General Bernardo OHiggins, Concepción, Bío Bío, Chile",-36.8262952,-73.0467229,1,GEOMETRIC_CENTER,2020,1285339,2020/06/14 00:00:00+00,COLISION PERPENDICULAR,COLISION,URBANA,IMPRUDENCIA DEL CONDUCTOR,CONDUCCION NO ATENTO CONDICIONES TRANSITO MOMENTO,0,0,0,0,22:00:00
-73.0608019,-36.8269433,2030,8,REGION BIO BIO,8101,CONCEPCION,ARTURO PRAT,LOS CARRERA,0,"Avenida los Carrera & Arturo Prat, Concepción, Bío Bío, Chile",-36.8269433,-73.0608019,1,GEOMETRIC_CENTER,2020,1285340,2020/06/15 00:00:00+00,COLISION LATERAL,COLISION,URBANA,IMPRUDENCIA DEL CONDUCTOR,VIRAJES INDEBIDOS,0,0,0,0,17:50:00
-73.3395065,-37.4777387,2031,8,REGION BIO BIO,8205,CURANILAHUE,COLIPI, ,244,"Colipí 244, Curanilahue, Bío Bío, Chile",-37.4777387,-73.3395065,1,ROOFTOP,2020,1285365,2020/06/08 00:00:00+00,CHOQUE FRONTAL,CHOQUE,URBANA,CAUSAS NO DETERMINADAS,CAUSAS NO DETERMINADAS,0,0,0,0,02:00:00
-73.1167368,-36.8305354,2032,8,REGION BIO BIO,8108,SAN PEDRO DE LA PAZ,EL PORTAL, ,3850,"San Pedro de la Paz, Bío Bío, Chile",-36.8305354,-73.1167368,1,APPROXIMATE,2020,1285492,2020/06/16 00:00:00+00,CHOQUE FRENTE/LADO,CHOQUE,URBANA,IMPRUDENCIA DEL CONDUCTOR,CONDUCCION NO ATENTO CONDICIONES TRANSITO MOMENTO,0,0,0,0,11:45:00
-73.0453591,-36.8257415,2033,8,REGION BIO BIO,8101,CONCEPCION,OHIGGINS,DIAGONAL PEDRO AGUIRRE CERDA,0,"Diag. Pedro Aguirre Cerda & Libertador Gral. Bernardo OHiggins, Concepción, Bío Bío, Chile",-36.8257415,-73.0453591,1,GEOMETRIC_CENTER,2020,1285586,2020/06/17 00:00:00+00,COLISION LATERAL,COLISION,URBANA,IMPRUDENCIA DEL CONDUCTOR,CONDUCCION NO ATENTO CONDICIONES TRANSITO MOMENTO,0,0,0,0,18:45:00
-73.1627336,-36.996629,2034,8,REGION BIO BIO,8102,CORONEL,MANUEL MONTT, ,2320,"Av. Manuel Montt 2320, Coronel, Bío Bío, Chile",-36.996629,-73.1627336,1,RANGE_INTERPOLATED,2020,1285593,2020/06/03 00:00:00+00,COLISION FRONTAL,COLISION,URBANA,ALCOHOL EN CONDUCTOR,CONDUCCION BAJO LA INFLUENCIA DEL ALCOHOL,0,0,0,1,19:35:00
-72.3533833,-37.4811936,2035,8,REGION BIO BIO,8301,LOS ANGELES,VICUÑA MACKENNA,SAN MARTIN,0,"San Martín & Avenida Vicuña Mackenna, Los Angeles, Los Ángeles, Bío Bío, Chile",-37.4811936,-72.3533833,1,GEOMETRIC_CENTER,2020,1285595,2020/06/15 00:00:00+00,COLISION POR ALCANCE,COLISION,URBANA,IMPRUDENCIA DEL CONDUCTOR,CONDUCCION NO ATENTO CONDICIONES TRANSITO MOMENTO,0,0,0,0,18:30:00
-72.3715491,-37.4771812,2036,8,REGION BIO BIO,8301,LOS ANGELES,PATRICIO LYNCH,SAN CRISTIAN,0,"Patricio Lynch & San Cristian, Los Ángeles, Bío Bío, Chile",-37.4771812,-72.3715491,1,GEOMETRIC_CENTER,2020,1285600,2020/06/15 00:00:00+00,COLISION LATERAL,COLISION,URBANA,DESOBEDIENCIA A SEÑALIZACION,SEÑALIZACION DESOBEDECER SEÑAL CEDA EL PASO,0,0,0,4,18:10:00
-72.3533833,-37.4811936,2037,8,REGION BIO BIO,8301,LOS ANGELES,SAN MARTIN,VICUÑA MACKENNA,0,"San Martín & Avenida Vicuña Mackenna, Los Angeles, Los Ángeles, Bío Bío, Chile",-37.4811936,-72.3533833,1,GEOMETRIC_CENTER,2020,1285609,2020/06/15 00:00:00+00,CHOQUE FRONTAL,CHOQUE,URBANA,DESOBEDIENCIA A SEÑALIZACION,SEÑALIZACION DESOBEDECER SEÑAL CEDA EL PASO,0,0,0,2,16:30:00
-73.1434932,-37.0304075,2038,8,REGION BIO BIO,8102,CORONEL,LOTA,CARVALLO,0,"Carvallo, Coronel, Bío Bío, Chile",-37.0304075,-73.1434932,1,GEOMETRIC_CENTER,2020,1285625,2020/06/07 00:00:00+00,COLISION LATERAL,COLISION,URBANA,IMPRUDENCIA DEL CONDUCTOR,CONDUCCION NO ATENTO CONDICIONES TRANSITO MOMENTO,0,0,0,0,18:40:00
-72.3683669,-37.4801677,2039,8,REGION BIO BIO,8301,LOS ANGELES,VICUÑA MACKENNA,PADRE HURTADO,0,"Av. Vicuña Mackenna & Av. Padre Hurtado, Los Angeles, Los Ángeles, Bío Bío, Chile",-37.4801677,-72.3683669,1,GEOMETRIC_CENTER,2020,1285629,2020/06/15 00:00:00+00,COLISION LATERAL,COLISION,URBANA,IMPRUDENCIA DEL CONDUCTOR,CONDUCCION NO ATENTO CONDICIONES TRANSITO MOMENTO,0,0,0,2,07:15:00
-72.3491414,-37.4900476,2040,8,REGION BIO BIO,8301,LOS ANGELES,SAN PABLO, ,104,"San Pablo 104, Los Angeles, Los Ángeles, Bío Bío, Chile",-37.4900476,-72.3491414,1,RANGE_INTERPOLATED,2020,1285646,2020/06/16 00:00:00+00,VOLCADURA,VOLCADURA,URBANA,ALCOHOL EN CONDUCTOR,CONDUCCION EN ESTADO DE EBRIEDAD,0,0,0,0,23:20:00