X,Y,FID,COD_REG,REGION,CUT,COMUNA,CALLE_UNO,CALLE_DOS,NUMERO,DIR_GEOCOD,LAT,LNG,VAL_COM,TIPO,Año,Idaccident,Fecha,Tipo_Accid,Tipo__CONA,Zona,Causa__CON,Causa,Fallecidos,Graves,Menos_Grav,Leves,Hora
-72.342811,-37.4664382,2041,8,REGION BIO BIO,8301,LOS ANGELES,MANUEL BALMACEDA,RICARDO CASTRO,0,"Coronel Ricardo Castro & Balmaceda, Los Angeles, Los Ángeles, Bío Bío, Chile",-37.4664382,-72.342811,1,GEOMETRIC_CENTER,2020,1285657,2020/06/16 00:00:00+00,COLISION PERPENDICULAR,COLISION,URBANA,IMPRUDENCIA DEL CONDUCTOR,CONDUCCION NO ATENTO CONDICIONES TRANSITO MOMENTO,0,0,0,0,16:50:00
-72.3258321,-37.4696891,2042,8,REGION BIO BIO,8301,LOS ANGELES,LAS INDUSTRIAS, ,502,"Av Las Industrias 502, Los Ángeles, Bío Bío, Chile",-37.4696891,-72.3258321,1,RANGE_INTERPOLATED,2020,1285664,2020/06/07 00:00:00+00,COLISION LATERAL,COLISION,URBANA,IMPRUDENCIA DEL CONDUCTOR,CONDUCCION NO ATENTO CONDICIONES TRANSITO MOMENTO,0,0,0,0,08:20:00
-73.1556159,-37.0907432,2043,8,REGION BIO BIO,8106,LOTA,CARRERA,CAUPOLICAN,0,"Caupolicán & Carrera, Lota, Bío Bío, Chile",-37.0907432,-73.1556159,1,GEOMETRIC_CENTER,2020,1308425,2020/10/21 00:00:00+00,OTRO TIPO,OTRO TIPO,URBANA,IMPRUDENCIA DEL CONDUCTOR,CONDUCCION NO ATENTO CONDICIONES TRANSITO MOMENTO,0,0,0,0,10:15:00
-72.3269752,-37.4697729,2044,8,REGION BIO BIO,8301,LOS ANGELES,LAS INDUSTRIAS, ,501,"Av Las Industrias 501, Los Ángeles, Bío Bío, Chile",-37.4697729,-72.3269752,1,RANGE_INTERPOLATED,2020,1285722,2020/06/18 00:00:00+00,COLISION POR ALCANCE,COLISION,URBANA,IMPRUDENCIA DEL CONDUCTOR,CONDUCCION NO ATENTO CONDICIONES TRANSITO MOMENTO,0,0,0,3,14:45:00
-73.1125742,-36.7795343,2045,8,REGION BIO BIO,8112,HUALPEN,GRAN BRETAÑA, ,2413,"Gran Bretaña 2413, Hualpén, Bío Bío, Chile",-36.7795343,-73.1125742,1,RANGE_INTERPOLATED,2020,1285724,2020/06/15 00:00:00+00,OTRO TIPO,OTRO TIPO,URBANA,OTRAS CAUSAS,OTRAS CAUSAS,0,0,0,0,17:30:00
-73.118738,-36.7868063,2046,8,REGION BIO BIO,8112,HUALPEN,COSTANERA,FINLANDIA,0,"Avenida Costanera & Finlandia, Hualpén, Bío Bío, Chile",-36.7868063,-73.118738,1,GEOMETRIC_CENTER,2020,1285739,2020/06/16 00:00:00+00,ATROPELLO,ATROPELLO,URBANA,IMPRUDENCIA DEL CONDUCTOR,NO RESPETAR DERECHO PREFERENTE DE PASO A PEATON,0,0,0,3,22:40:00
-73.0505432,-36.8279014,2047,8,REGION BIO BIO,8101,CONCEPCION,CAUPOLICAN,OHIGGINS,0,"Caupolicán & Libertador General Bernardo OHiggins, Concepción, Bío Bío, Chile",-36.8279014,-73.0505432,1,GEOMETRIC_CENTER,2020,1285755,2020/06/17 00:00:00+00,COLISION PERPENDICULAR,COLISION,URBANA,IMPRUDENCIA DEL CONDUCTOR,NO RESPETAR DERECHO PREFERENTE DE PASO A VEHICULO,0,0,0,4,09:15:00
-72.5698108,-37.0921842,2048,8,REGION BIO BIO,8313,YUMBEL,21 DE MAYO,SERRANO,0,"Serrano & 21 de Mayo, Yumbel, Bío Bío, Chile",-37.0921842,-72.5698108,1,GEOMETRIC_CENTER,2020,1285861,2020/06/14 00:00:00+00,IMPACTO CON ANIMAL,OTRO TIPO,URBANA,DEFICIENCIAS VIALES,ANIMALES SUELTOS VIA PUBLICA,0,0,0,0,10:00:00
-72.564239,-37.0988079,2049,8,REGION BIO BIO,8313,YUMBEL,VALDIVIA,QUINTANA,0,"Valdivia & Quintana, Yumbel, Bío Bío, Chile",-37.0988079,-72.564239,1,GEOMETRIC_CENTER,2020,1285863,2020/06/15 00:00:00+00,COLISION LATERAL,COLISION,URBANA,ALCOHOL EN CONDUCTOR,CONDUCCION EN ESTADO DE EBRIEDAD,0,0,0,0,10:00:00
-72.3258337,-37.4696459,2050,8,REGION BIO BIO,8301,LOS ANGELES,LAS INDUSTRIAS, ,496,"Av Las Industrias 496, Los Ángeles, Bío Bío, Chile",-37.4696459,-72.3258337,1,RANGE_INTERPOLATED,2020,1285899,2020/06/18 00:00:00+00,COLISION FRONTAL,COLISION,URBANA,VELOCIDAD IMPRUDENTE,VELOCIDAD NO RAZONABLE NI PRUDENTE,1,0,0,1,13:15:00
-72.3733204,-37.4827498,2051,8,REGION BIO BIO,8301,LOS ANGELES,LLACOLEN, ,158,"Llacolen, Los Ángeles, Bío Bío, Chile",-37.4827498,-72.3733204,1,GEOMETRIC_CENTER,2020,1285934,2020/06/19 00:00:00+00,CHOQUE FRENTE/LADO,CHOQUE,URBANA,ALCOHOL EN CONDUCTOR,CONDUCCION EN ESTADO DE EBRIEDAD,0,0,0,0,19:35:00
-72.3612179,-37.4653439,2052,8,REGION BIO BIO,8301,LOS ANGELES,GALVARINO,LOS ANGELES,0,"Avenida Los Angeles & Galvarino, Los Angeles, Los Ángeles, Bío Bío, Chile",-37.4653439,-72.3612179,1,GEOMETRIC_CENTER,2020,1285941,2020/06/19 00:00:00+00,COLISION FRONTAL,COLISION,URBANA,DESOBEDIENCIA A SEÑALIZACION,SEÑALIZACION DESOBEDECER SEÑAL PARE,0,0,0,3,22:00:00
-72.3607301,-37.4719336,2053,8,REGION BIO BIO,8301,LOS ANGELES,LOS ANGELES,RICARDO VICUÑA,0,"Av. Los Angeles & Av. Ricardo Vicuña, Los Angeles, Los Ángeles, Bío Bío, Chile",-37.4719336,-72.3607301,1,GEOMETRIC_CENTER,2020,1285978,2020/06/20 00:00:00+00,COLISION LATERAL,COLISION,URBANA,IMPRUDENCIA DEL CONDUCTOR,CONDUCCION NO ATENTO CONDICIONES TRANSITO MOMENTO,0,0,0,0,11:00:00
-72.7144197,-37.2813153,2054,8,REGION BIO BIO,8304,LAJA,BALMACEDA,OHIGGINS,0,"Balmaceda & OHiggins, Laja, Bío Bío, Chile",-37.2813153,-72.7144197,1,GEOMETRIC_CENTER,2020,1286015,2020/06/18 00:00:00+00,ATROPELLO,ATROPELLO,URBANA,IMPRUDENCIA DEL PEATON,IMPRUDENCIA DEL PEATON,0,0,1,0,10:10:00
-73.0863311,-36.7740258,2055,8,REGION BIO BIO,8110,TALCAHUANO,CRISTOBAL COLON, ,6496,"Av. Cristóbal Colón 6496, Talcahuano, Bío Bío, Chile",-36.7740258,-73.0863311,1,ROOFTOP,2020,1286043,2020/06/02 00:00:00+00,ATROPELLO,ATROPELLO,URBANA,IMPRUDENCIA DEL CONDUCTOR,NO RESPETAR DERECHO PREFERENTE DE PASO A PEATON,0,0,1,0,20:30:00
-73.0747207,-36.8027361,2056,8,REGION BIO BIO,8112,HUALPEN,JORGE ALESSANDRI RODRIGUEZ,COSTANERA,0,"Avenida Presidente Jorge Alessandri Rodriguez 1669, Concepción, Hualpén, Bío Bío, Chile",-36.8027361,-73.0747207,1,GEOMETRIC_CENTER,2020,1286050,2020/06/20 00:00:00+00,COLISION,COLISION,URBANA,IMPRUDENCIA DEL CONDUCTOR,CONDUCCION CAMBIAR SORPRESIVAMENTE PISTA CIRCULACION,0,1,0,1,15:00:00
-72.6817161,-37.5042871,2057,8,REGION BIO BIO,8306,NACIMIENTO,PABLO NERUDA, ,1272,"Pablo Neruda 1272, Nacimiento, Bío Bío, Chile",-37.5042871,-72.6817161,1,RANGE_INTERPOLATED,2020,1286053,2020/06/10 00:00:00+00,CHOQUE,CHOQUE,URBANA,PERDIDA CONTROL VEHICULO,PERDIDA CONTROL VEHICULO,0,0,0,0,20:15:00
-72.6751873,-37.4956766,2058,8,REGION BIO BIO,8306,NACIMIENTO,LAS MINAS, ,31,"Las Minas 31, Nacimiento, Bío Bío, Chile",-37.4956766,-72.6751873,1,ROOFTOP,2020,1286055,2020/06/14 00:00:00+00,CHOQUE,CHOQUE,URBANA,ALCOHOL EN CONDUCTOR,CONDUCCION EN ESTADO DE EBRIEDAD,0,0,0,1,17:20:00
-73.1560878,-37.0918972,2059,8,REGION BIO BIO,8106,LOTA,ANIBAL PINTO,SERRANO,0,"Aníbal Pinto & Serrano, Lota, Bío Bío, Chile",-37.0918972,-73.1560878,1,GEOMETRIC_CENTER,2020,1286067,2020/06/19 00:00:00+00,ATROPELLO,ATROPELLO,URBANA,IMPRUDENCIA DEL CONDUCTOR,CONDUCCION NO ATENTO CONDICIONES TRANSITO MOMENTO,0,0,0,1,12:00:00
-73.1144853,-36.7118369,2060,8,REGION BIO BIO,8110,TALCAHUANO,BLANCO ENCALADA, ,186,"Blanco Encalada 186, Talcahuano, Bío Bío, Chile",-36.7118369,-73.1144853,1,RANGE_INTERPOLATED,2020,1286069,2020/06/19 00:00:00+00,VOLCADURA,VOLCADURA,URBANA,PERDIDA CONTROL VEHICULO,PERDIDA CONTROL VEHICULO,0,1,0,0,19:00:00
-72.3513368,-37.4777297,2061,8,REGION BIO BIO,8301,LOS ANGELES,OHIGGINS,WALKER MARTINEZ,0,"Bernardo OHiggins 480, Los Angeles, Los Ángeles, Bío Bío, Chile",-37.4777297,-72.3513368,1,ROOFTOP,2020,1286084,2020/06/19 00:00:00+00,COLISION,COLISION,URBANA,IMPRUDENCIA DEL CONDUCTOR,CONDUCCION NO ATENTO CONDICIONES TRANSITO MOMENTO,0,0,0,2,09:10:00
-72.3670644,-37.4641649,2062,8,REGION BIO BIO,8301,LOS ANGELES,LAS AZALEAS, ,766,"Las Azaleas 766, Los Angeles, Los Ángeles, Bío Bío, Chile",-37.4641649,-72.3670644,1,RANGE_INTERPOLATED,2020,1286087,2020/06/20 00:00:00+00,CHOQUE LADO/LADO,CHOQUE,URBANA,IMPRUDENCIA DEL CONDUCTOR,CONDUCCION NO ATENTO CONDICIONES TRANSITO MOMENTO,0,0,0,0,21:45:00
-72.3572363,-37.4668074,2063,8,REGION BIO BIO,8301,LOS ANGELES,TUCAPEL,IRARRAZAVAL,0,"Av. Tucapel 697, Los Angeles, Los Ángeles, Bío Bío, Chile",-37.4668074,-72.3572363,1,ROOFTOP,2020,1286104,2020/06/20 00:00:00+00,CHOQUE FRONTAL,CHOQUE,URBANA,ALCOHOL EN CONDUCTOR,CONDUCCION EN ESTADO DE EBRIEDAD,0,0,0,1,19:45:00
-73.1374138,-36.7188352,2064,8,REGION BIO BIO,8110,TALCAHUANO,LOS LOBOS, ,1504,"Los Lobos 1504, Talcahuano, Bío Bío, Chile",-36.7188352,-73.1374138,1,ROOFTOP,2020,1286105,2020/06/14 00:00:00+00,COLISION LATERAL,COLISION,URBANA,IMPRUDENCIA DEL CONDUCTOR,CONDUCCION CAMBIAR SORPRESIVAMENTE PISTA CIRCULACION,0,0,0,0,17:40:00
-73.111347,-36.7140617,2065,8,REGION BIO BIO,8110,TALCAHUANO,BLANCO ENCALADA, ,69,"Blanco Encalada, Talcahuano, Bío Bío, Chile",-36.7140617,-73.111347,1,GEOMETRIC_CENTER,2020,1286131,2020/06/10 00:00:00+00,COLISION LATERAL,COLISION,URBANA,IMPRUDENCIA DEL CONDUCTOR,CONDUCCION CAMBIAR SORPRESIVAMENTE PISTA CIRCULACION,0,0,0,0,17:50:00
-72.2374343,-37.7178812,2066,8,REGION BIO BIO,8305,MULCHEN,TOCORNAL, ,455,"Mulchen, Mulchén, Bío Bío, Chile",-37.7178812,-72.2374343,1,APPROXIMATE,2020,1286142,2020/06/03 00:00:00+00,VOLCADURA,VOLCADURA,URBANA,VELOCIDAD IMPRUDENTE,VELOCIDAD NO RAZONABLE NI PRUDENTE,0,0,0,1,13:00:00
-72.3326241,-37.4458105,2067,8,REGION BIO BIO,8301,LOS ANGELES,SOR VICENTA, ,2575,"Av. Sor Vicenta 2575, Los Angeles, Los Ángeles, Bío Bío, Chile",-37.4458105,-72.3326241,1,ROOFTOP,2020,1286174,2020/06/22 00:00:00+00,COLISION,COLISION,URBANA,IMPRUDENCIA DEL CONDUCTOR,CONDUCCION NO ATENTO CONDICIONES TRANSITO MOMENTO,0,0,0,1,12:45:00
-71.9499036,-37.2951038,2068,8,REGION BIO BIO,8312,TUCAPEL,TUCAPEL, ,153,"Tucapel, Bío Bío, Chile",-37.2951038,-71.9499036,1,APPROXIMATE,2020,1286173,2020/06/21 00:00:00+00,CHOQUE,CHOQUE,URBANA,ALCOHOL EN CONDUCTOR,CONDUCCION EN ESTADO DE EBRIEDAD,0,0,0,1,20:30:00
-72.3538312,-37.4701298,2069,8,REGION BIO BIO,8301,LOS ANGELES,LAUTARO,MENDOZA,0,"Mendoza & Lautaro, Los Angeles, Los Ángeles, Bío Bío, Chile",-37.4701298,-72.3538312,1,GEOMETRIC_CENTER,2020,1286244,2020/06/21 00:00:00+00,COLISION PERPENDICULAR,COLISION,URBANA,IMPRUDENCIA DEL CONDUCTOR,CONDUCCION NO ATENTO CONDICIONES TRANSITO MOMENTO,0,0,0,0,14:45:00
-72.3464421,-37.4692688,2070,8,REGION BIO BIO,8301,LOS ANGELES,COLO COLO, ,86,"Colo Colo 86, Los Angeles, Los Ángeles, Bío Bío, Chile",-37.4692688,-72.3464421,1,ROOFTOP,2020,1286251,2020/06/22 00:00:00+00,COLISION LATERAL,COLISION,URBANA,IMPRUDENCIA DEL CONDUCTOR,CONDUCCION NO ATENTO CONDICIONES TRANSITO MOMENTO,0,0,0,0,14:30:00
-72.3437691,-37.4605844,2071,8,REGION BIO BIO,8301,LOS ANGELES,OROMPELLO,LAS CAMPANILLAS,0,"Orompello 251, Los Angeles, Los Ángeles, Bío Bío, Chile",-37.4605844,-72.3437691,1,ROOFTOP,2020,1286262,2020/06/23 00:00:00+00,COLISION POR ALCANCE,COLISION,URBANA,VELOCIDAD IMPRUDENTE,VELOCIDAD NO RAZONABLE NI PRUDENTE,0,0,0,1,18:38:00
-72.3426236,-37.4601774,2072,8,REGION BIO BIO,8301,LOS ANGELES,LAS INDUSTRIAS,ALEMANIA,0,"Orompello 340, Los Angeles, Los Ángeles, Bío Bío, Chile",-37.4601774,-72.3426236,1,ROOFTOP,2020,1286271,2020/06/23 00:00:00+00,CHOQUE POSTERIOR/POSTERIOR,CHOQUE,URBANA,IMPRUDENCIA DEL CONDUCTOR,CONDUCCION NO ATENTO CONDICIONES TRANSITO MOMENTO,0,0,0,0,08:15:00
-73.1167368,-36.8305354,2073,8,REGION BIO BIO,8108,SAN PEDRO DE LA PAZ,PEDRO AGUIRRE CERDA,JORGE ALESSANDRI,0,"San Pedro de la Paz, Bío Bío, Chile",-36.8305354,-73.1167368,1,APPROXIMATE,2020,1286406,2020/06/15 00:00:00+00,COLISION,COLISION,URBANA,CAUSAS NO DETERMINADAS,CAUSAS NO DETERMINADAS,0,0,0,0,14:55:00
-72.3651797,-37.4800723,2074,8,REGION BIO BIO,8301,LOS ANGELES,VICUÑA MACKENNA,LOS CIRUELOS,0,"Los Ciruelos & Avenida Vicuña Mackenna, Los Angeles, Los Ángeles, Bío Bío, Chile",-37.4800723,-72.3651797,1,GEOMETRIC_CENTER,2020,1286417,2020/06/23 00:00:00+00,CHOQUE POSTERIOR/FRENTE,CHOQUE,URBANA,IMPRUDENCIA DEL CONDUCTOR,CONDUCCION NO ATENTO CONDICIONES TRANSITO MOMENTO,0,0,0,1,10:30:00
-72.3269752,-37.4697729,2075,8,REGION BIO BIO,8301,LOS ANGELES,LAS INDUSTRIAS, ,501,"Av Las Industrias 501, Los Ángeles, Bío Bío, Chile",-37.4697729,-72.3269752,1,RANGE_INTERPOLATED,2020,1286468,2020/06/23 00:00:00+00,COLISION FRONTAL,COLISION,URBANA,VELOCIDAD IMPRUDENTE,VELOCIDAD NO RAZONABLE NI PRUDENTE,0,0,1,0,14:45:00
-73.1333838,-36.8945404,2076,8,REGION BIO BIO,8108,SAN PEDRO DE LA PAZ,BENJAMIN SUBERCASEAUX, ,472,"Benjamin Subercaseaux 472, Coronel, San Pedro de la Paz, Bío Bío, Chile",-36.8945404,-73.1333838,1,ROOFTOP,2020,1286587,2020/06/21 00:00:00+00,COLISION LATERAL,COLISION,URBANA,IMPRUDENCIA DEL CONDUCTOR,"ADELANTAMIENTO EN CRUCE, CURVA, CUESTA, PUENTE",0,0,0,0,10:00:00
-72.595405,-37.5568502,2077,8,REGION BIO BIO,8307,NEGRETE,JOAQUIN DIAZ GARCES,PROFE AQUEVEQUE,0,"Joaquin Díaz Garcés, Negrete, Bío Bío, Chile",-37.5568502,-72.595405,1,GEOMETRIC_CENTER,2020,1286549,2020/06/19 00:00:00+00,ATROPELLO,ATROPELLO,URBANA,IMPRUDENCIA DEL CONDUCTOR,NO RESPETAR DERECHO PREFERENTE DE PASO A PEATON,0,1,0,0,07:40:00
-72.6740717,-37.508037,2078,8,REGION BIO BIO,8306,NACIMIENTO,ANIBAL PINTO, ,1035,"Anibal Pinto 1035, Nacimiento, Bío Bío, Chile",-37.508037,-72.6740717,1,RANGE_INTERPOLATED,2020,1286593,2020/06/21 00:00:00+00,CHOQUE,CHOQUE,URBANA,PERDIDA CONTROL VEHICULO,PERDIDA CONTROL VEHICULO,0,0,0,0,01:40:00
-72.6686957,-37.5090991,2079,8,REGION BIO BIO,8306,NACIMIENTO,JULIO HEMMELMANN, ,165,"Av. Julio Hemmelmann 165, Nacimiento, Bío Bío, Chile",-37.5090991,-72.6686957,1,RANGE_INTERPOLATED,2020,1286598,2020/06/23 00:00:00+00,IMPACTO CON ANIMAL,OTRO TIPO,URBANA,DEFICIENCIAS VIALES,ANIMALES SUELTOS VIA PUBLICA,0,0,0,0,19:00:00
-73.3483214,-37.4766582,2080,8,REGION BIO BIO,8205,CURANILAHUE,ARTURO PRAT, ,1357,"Av. Arturo Prat 1357, Curanilahue, Bío Bío, Chile",-37.4766582,-73.3483214,1,RANGE_INTERPOLATED,2020,1286633,2020/06/19 00:00:00+00,COLISION LATERAL,COLISION,URBANA,IMPRUDENCIA DEL CONDUCTOR,CONDUCCION NO ATENTO CONDICIONES TRANSITO MOMENTO,0,0,0,0,16:50:00
-73.1475742,-36.8288965,2081,8,REGION BIO BIO,8108,SAN PEDRO DE LA PAZ,VENUS, ,655,"Av. Venus 655, San Pedro de la Paz, Región Metropolitana, Chile",-36.8288965,-73.1475742,1,RANGE_INTERPOLATED,2020,1286659,2020/06/22 00:00:00+00,ATROPELLO,ATROPELLO,URBANA,IMPRUDENCIA DEL CONDUCTOR,CONDUCCION NO ATENTO CONDICIONES TRANSITO MOMENTO,0,0,0,1,16:15:00
-73.3301053,-37.4858314,2082,8,REGION BIO BIO,8205,CURANILAHUE,TUCAPEL, ,432,"Tucapel 432, Curanilahue, Bío Bío, Chile",-37.4858314,-73.3301053,1,RANGE_INTERPOLATED,2020,1286709,2020/06/24 00:00:00+00,COLISION LATERAL,COLISION,URBANA,IMPRUDENCIA DEL CONDUCTOR,CONDUCCION NO ATENTO CONDICIONES TRANSITO MOMENTO,0,0,0,0,16:00:00
-73.0889772,-36.782179,2083,8,REGION BIO BIO,8112,HUALPEN,OHIGGINS,LAS GOLONDRINAS,0,"OHiggins & Avenida Las Golondrinas, Hualpén, Bío Bío, Chile",-36.782179,-73.0889772,1,GEOMETRIC_CENTER,2020,1286798,2020/06/24 00:00:00+00,COLISION,COLISION,URBANA,IMPRUDENCIA DEL CONDUCTOR,CONDUCCION NO ATENTO CONDICIONES TRANSITO MOMENTO,0,0,0,4,18:15:00
-73.0240391,-36.942781,2084,8,REGION BIO BIO,8103,CHIGUAYANTE,MANQUIMAVIDA, ,671,"Manquimávida 671, Chiguayante, Bío Bío, Chile",-36.942781,-73.0240391,1,ROOFTOP,2020,1286817,2020/06/12 00:00:00+00,CHOQUE FRENTE/FRENTE,CHOQUE,URBANA,CAUSAS NO DETERMINADAS,CAUSAS NO DETERMINADAS,0,0,0,0,00:02:00
-73.3166644,-37.2457765,2085,8,REGION BIO BIO,8202,ARAUCO,BERNARDO LEYTON, ,15,"Arauco, Bío Bío, Chile",-37.2457765,-73.3166644,1,APPROXIMATE,2020,1286818,2020/06/03 00:00:00+00,CHOQUE LATERAL,CHOQUE,URBANA,IMPRUDENCIA DEL CONDUCTOR,CONDUCIR VEHICULO EN RETROCESO,0,0,0,0,03:30:00
-73.3142332,-37.2452137,2086,8,REGION BIO BIO,8202,ARAUCO,OHIGGINS,CARLOS CONDELL,0,"OHiggins & Carlos Condell, Arauco, Bío Bío, Chile",-37.2452137,-73.3142332,1,GEOMETRIC_CENTER,2020,1286826,2020/06/04 00:00:00+00,COLISION,COLISION,URBANA,IMPRUDENCIA DEL CONDUCTOR,CONDUCCION NO ATENTO CONDICIONES TRANSITO MOMENTO,0,1,0,0,17:10:00
-73.0874698,-36.7453176,2087,8,REGION BIO BIO,8110,TALCAHUANO,ALMTE NEFF, ,3597,"Almte. Neff, Talcahuano, Bío Bío, Chile",-36.7453176,-73.0874698,1,GEOMETRIC_CENTER,2020,1286836,2020/06/24 00:00:00+00,ATROPELLO,ATROPELLO,URBANA,IMPRUDENCIA DEL CONDUCTOR,CONDUCCION NO ATENTO CONDICIONES TRANSITO MOMENTO,0,0,0,1,19:45:00
-73.1186598,-36.8372377,2088,8,REGION BIO BIO,8108,SAN PEDRO DE LA PAZ,PEDRO AGUIRRE CERDA,DIAGONAL BIO BIO,0,"Avenida Diagonal Bio Bio & Pedro Aguirre Cerda, San Pedro de la Paz, Bío Bío, Chile",-36.8372377,-73.1186598,1,GEOMETRIC_CENTER,2020,1286848,2020/06/24 00:00:00+00,COLISION LATERAL,COLISION,URBANA,DESOBEDIENCIA A SEÑALIZACION,SEÑALIZACION DESOBEDECER LUZ ROJA DE SEMAFORO,0,0,0,0,14:30:00
-73.0185694,-36.9405959,2089,8,REGION BIO BIO,8103,CHIGUAYANTE,MANUEL RODRIGUEZ,MANQUIMAVIDA,0,"Manquimávida & Avenida Manuel Rodríguez, Chiguayante, Bío Bío, Chile",-36.9405959,-73.0185694,1,GEOMETRIC_CENTER,2020,1286865,2020/06/16 00:00:00+00,COLISION PERPENDICULAR,COLISION,URBANA,CAUSAS NO DETERMINADAS,CAUSAS NO DETERMINADAS,0,0,0,2,19:15:00
-73.0185694,-36.9405959,2090,8,REGION BIO BIO,8103,CHIGUAYANTE,MANUEL RODRIGUEZ,MANQUIMAVIDA,0,"Manquimávida & Avenida Manuel Rodríguez, Chiguayante, Bío Bío, Chile",-36.9405959,-73.0185694,1,GEOMETRIC_CENTER,2020,1286945,2020/06/18 00:00:00+00,CHOQUE FRENTE/POSTERIOR,CHOQUE,URBANA,CAUSAS NO DETERMINADAS,CAUSAS NO DETERMINADAS,0,0,0,0,20:25:00
-72.3530412,-37.4767188,2091,8,REGION BIO BIO,8301,LOS ANGELES,PATRICIO LYNCH,SAN MARTIN,0,"San Martín & Patricio Lynch, Los Angeles, Los Ángeles, Bío Bío, Chile",-37.4767188,-72.3530412,1,GEOMETRIC_CENTER,2020,1286960,2020/06/24 00:00:00+00,COLISION LATERAL,COLISION,URBANA,IMPRUDENCIA DEL CONDUCTOR,CONDUCCION NO ATENTO CONDICIONES TRANSITO MOMENTO,0,1,0,1,09:00:00
-72.3772048,-37.4656291,2092,8,REGION BIO BIO,8301,LOS ANGELES,PASAJE DOS, ,34,"Pje. Aguas Calientes 3, Los Angeles, Los Ángeles, Bío Bío, Chile",-37.4656291,-72.3772048,1,GEOMETRIC_CENTER,2020,1286962,2020/06/26 00:00:00+00,CHOQUE LADO/POSTERIOR,CHOQUE,URBANA,IMPRUDENCIA DEL CONDUCTOR,CONDUCCION NO ATENTO CONDICIONES TRANSITO MOMENTO,0,0,0,0,14:50:00
-72.3666875,-37.4676581,2093,8,REGION BIO BIO,8301,LOS ANGELES,COSTANERA QUILQUE,IQUIQUE,0,"Costanera Quilque Sur - Unnamed Road, Los Angeles, Los Ángeles, Bío Bío, Chile",-37.4676581,-72.3666875,1,GEOMETRIC_CENTER,2020,1286965,2020/06/26 00:00:00+00,CHOQUE POSTERIOR,CHOQUE,URBANA,IMPRUDENCIA DEL CONDUCTOR,CONDUCCION NO ATENTO CONDICIONES TRANSITO MOMENTO,0,0,0,0,11:40:00
-72.3724575,-37.4608092,2094,8,REGION BIO BIO,8301,LOS ANGELES,LAS TRANCAS,PADRE HURTADO,0,"Av. las Trancas & Av. Padre Hurtado, Los Angeles, Los Ángeles, Bío Bío, Chile",-37.4608092,-72.3724575,1,GEOMETRIC_CENTER,2020,1286969,2020/06/27 00:00:00+00,COLISION LATERAL,COLISION,URBANA,DESOBEDIENCIA A SEÑALIZACION,SEÑALIZACION DESOBEDECER SEÑAL PARE,0,0,0,1,09:40:00
-72.7266014,-37.2595571,2095,8,REGION BIO BIO,8310,SAN ROSENDO,ALMTE LATORRE,VALLEJOS,0,"Almte. Latorre, San Rosendo, Bío Bío, Chile",-37.2595571,-72.7266014,1,GEOMETRIC_CENTER,2020,1286988,2020/06/23 00:00:00+00,COLISION LATERAL,COLISION,URBANA,DESOBEDIENCIA A SEÑALIZACION,SEÑALIZACION DESOBEDECER SEÑAL CEDA EL PASO,0,0,0,1,14:00:00
-73.0499489,-36.8109026,2096,8,REGION BIO BIO,8101,CONCEPCION,PAICAVI,BRASIL,0,"Brasil & Paicaví, Concepción, Bío Bío, Chile",-36.8109026,-73.0499489,1,GEOMETRIC_CENTER,2020,1287002,2020/06/02 00:00:00+00,COLISION POR ALCANCE,COLISION,URBANA,CAUSAS NO DETERMINADAS,CAUSAS NO DETERMINADAS,0,0,0,0,15:00:00
-73.0726289,-36.8028037,2097,8,REGION BIO BIO,8101,CONCEPCION,PAICAVI,JORGE ALESSANDRI,0,"Humedal Paicavi - Jorge Alessandri 3000, Concepción, Bío Bío, Chile",-36.8028037,-73.0726289,1,ROOFTOP,2020,1287020,2020/06/02 00:00:00+00,COLISION POR ALCANCE,COLISION,URBANA,CAUSAS NO DETERMINADAS,CAUSAS NO DETERMINADAS,0,2,0,6,13:50:00
-73.0556728,-36.8248069,2098,8,REGION BIO BIO,8101,CONCEPCION,LOS CARRERA,LINCOYAN,0,"Av. los Carrera & Lincoyán, Concepción, Bío Bío, Chile",-36.8248069,-73.0556728,1,GEOMETRIC_CENTER,2020,1295456,2020/08/15 00:00:00+00,COLISION LATERAL,COLISION,URBANA,IMPRUDENCIA DEL CONDUCTOR,CONDUCCION NO ATENTO CONDICIONES TRANSITO MOMENTO,0,0,0,0,10:40:00
-73.0220778,-36.9285906,2099,8,REGION BIO BIO,8103,CHIGUAYANTE,21 DE MAYO,VALENZUELA,0,"21 de Mayo, Chiguayante, Bío Bío, Chile",-36.9285906,-73.0220778,1,GEOMETRIC_CENTER,2020,1287031,2020/06/09 00:00:00+00,CAIDA,CAIDA,URBANA,CAUSAS NO DETERMINADAS,CAUSAS NO DETERMINADAS,0,0,0,1,11:40:00
-73.051234,-36.8217151,2100,8,REGION BIO BIO,8101,CONCEPCION,HERAS,COLO COLO,0,"Colo Colo & Las Heras, Concepción, Bío Bío, Chile",-36.8217151,-73.051234,1,GEOMETRIC_CENTER,2020,1287032,2020/06/10 00:00:00+00,COLISION,COLISION,URBANA,IMPRUDENCIA DEL CONDUCTOR,CONDUCCION NO ATENTO CONDICIONES TRANSITO MOMENTO,0,0,0,0,12:45:00