X,Y,FID,COD_REG,REGION,CUT,COMUNA,CALLE_UNO,CALLE_DOS,NUMERO,DIR_GEOCOD,LAT,LNG,VAL_COM,TIPO,Año,Idaccident,Fecha,Tipo_Accid,Tipo__CONA,Zona,Causa__CON,Causa,Fallecidos,Graves,Menos_Grav,Leves,Hora
-73.0599109,-36.7985462,2101,8,REGION BIO BIO,8101,CONCEPCION,PAICAVI,ALONSO DE RIVERA,0,"Avenida Alonso de Ribera & Paicaví, Concepción, Bío Bío, Chile",-36.7985462,-73.0599109,1,GEOMETRIC_CENTER,2020,1287048,2020/06/15 00:00:00+00,COLISION POR ALCANCE,COLISION,URBANA,CAUSAS NO DETERMINADAS,CAUSAS NO DETERMINADAS,0,0,0,0,16:25:00
-73.0431605,-36.8064696,2102,8,REGION BIO BIO,8101,CONCEPCION,EJERCITO, ,2001,"Ejército 2001, Concepción, Bío Bío, Chile",-36.8064696,-73.0431605,1,ROOFTOP,2020,1287051,2020/06/16 00:00:00+00,CHOQUE FRENTE/LADO,CHOQUE,URBANA,IMPRUDENCIA DEL CONDUCTOR,CONDUCCION NO ATENTO CONDICIONES TRANSITO MOMENTO,0,0,0,0,19:10:00
-73.0436564,-36.8197164,2103,8,REGION BIO BIO,8101,CONCEPCION,LOS CARRERA,PAICAVI,0,"Los Carrera - Paicaví, Concepción, Bío Bío, Chile",-36.8197164,-73.0436564,1,GEOMETRIC_CENTER,2020,1287052,2020/06/20 00:00:00+00,COLISION LATERAL,COLISION,URBANA,CAUSAS NO DETERMINADAS,CAUSAS NO DETERMINADAS,0,0,0,0,07:20:00
-73.4650798,-37.6277739,2104,8,REGION BIO BIO,8206,LOS ALAMOS,HUERTO, ,8,"Los Alamos, Bío Bío, Chile",-37.6277739,-73.4650798,1,APPROXIMATE,2020,1287171,2020/06/13 00:00:00+00,CHOQUE FRONTAL,CHOQUE,URBANA,PERDIDA CONTROL VEHICULO,PERDIDA CONTROL VEHICULO,0,0,0,0,03:45:00
-73.652016,-37.6089813,2105,8,REGION BIO BIO,8201,LEBU,CARRERA,LATORRE,0,"Latorre & Carrera, Lebu, Bío Bío, Chile",-37.6089813,-73.652016,1,GEOMETRIC_CENTER,2020,1287179,2020/06/24 00:00:00+00,COLISION LATERAL,COLISION,URBANA,DESOBEDIENCIA A SEÑALIZACION,SEÑALIZACION DESOBEDECER SEÑAL CEDA EL PASO,0,0,0,0,14:50:00
-73.4650798,-37.6277739,2106,8,REGION BIO BIO,8206,LOS ALAMOS,DIEGO PORTALES, ,498,"Los Alamos, Bío Bío, Chile",-37.6277739,-73.4650798,1,APPROXIMATE,2020,1287184,2020/06/26 00:00:00+00,COLISION POR ALCANCE,COLISION,URBANA,IMPRUDENCIA DEL CONDUCTOR,CONDUCCION CAMBIAR SORPRESIVAMENTE PISTA CIRCULACION,0,0,0,0,18:20:00
-73.1193175,-36.7413494,2107,8,REGION BIO BIO,8110,TALCAHUANO,GRAN BRETAÑA, ,1725,"Gran Bretaña 1725, Talcahuano, Bío Bío, Chile",-36.7413494,-73.1193175,1,ROOFTOP,2020,1287344,2020/06/25 00:00:00+00,CAIDA,CAIDA,URBANA,IMPRUDENCIA DEL PASAJERO,IMPRUDENCIA DEL PASAJERO,0,1,0,0,21:45:00
-72.3425361,-37.4880624,2108,8,REGION BIO BIO,8301,LOS ANGELES,LOS CARRERA,LAS INDUSTRIAS,0,"Av. Los Carrera 1596, Los Angeles, Los Ángeles, Bío Bío, Chile",-37.4880624,-72.3425361,1,ROOFTOP,2020,1287364,2020/06/29 00:00:00+00,CHOQUE LATERAL,CHOQUE,URBANA,DEFICIENCIAS VIALES,ANIMALES SUELTOS VIA PUBLICA,0,0,0,0,23:00:00
-72.4022477,-37.0377235,2109,8,REGION BIO BIO,8303,CABRERO,ESMERALDA, ,855,"Esmeralda 855, Cabrero, Bío Bío, Chile",-37.0377235,-72.4022477,1,RANGE_INTERPOLATED,2020,1287398,2020/06/27 00:00:00+00,CHOQUE POSTERIOR,CHOQUE,URBANA,ALCOHOL EN CONDUCTOR,CONDUCCION EN ESTADO DE EBRIEDAD,0,0,3,0,22:10:00
-73.0461896,-36.8222157,2110,8,REGION BIO BIO,8101,CONCEPCION,OROMPELLO,MAIPU,0,"Maipú & Orompello, Concepción, Bío Bío, Chile",-36.8222157,-73.0461896,1,GEOMETRIC_CENTER,2020,1287420,2020/06/20 00:00:00+00,COLISION PERPENDICULAR,COLISION,URBANA,IMPRUDENCIA DEL CONDUCTOR,CONDUCCION NO ATENTO CONDICIONES TRANSITO MOMENTO,0,0,0,0,16:20:00
-73.0587385,-36.8362285,2111,8,REGION BIO BIO,8101,CONCEPCION,ESMERALDA,PEDRO DE VALDIVIA,0,"Esmeralda - Errázuriz, Concepción, Bío Bío, Chile",-36.8362285,-73.0587385,1,GEOMETRIC_CENTER,2020,1287436,2020/06/22 00:00:00+00,COLISION POR ALCANCE,COLISION,URBANA,IMPRUDENCIA DEL CONDUCTOR,CONDUCCION NO ATENTO CONDICIONES TRANSITO MOMENTO,0,0,0,0,18:00:00
-73.0853744,-36.8392998,2112,8,REGION BIO BIO,8108,SAN PEDRO DE LA PAZ,PEDRO AGUIRRE CERDA,SAN PEDRO,0,"San Pedro & Pedro Aguirre Cerda, San Pedro de la Paz, Bío Bío, Chile",-36.8392998,-73.0853744,1,GEOMETRIC_CENTER,2020,1287488,2020/06/29 00:00:00+00,COLISION,COLISION,URBANA,DESOBEDIENCIA A SEÑALIZACION,SEÑALIZACION DESOBEDECER LUZ ROJA DE SEMAFORO,0,0,0,2,21:40:00
-73.027521,-36.810789,2113,8,REGION BIO BIO,8101,CONCEPCION,ROTONDA GENERAL BONILLA,JUAN BOSCO,0,"Cam. a Penco, Concepción, Bío Bío, Chile",-36.810789,-73.027521,1,GEOMETRIC_CENTER,2020,1287504,2020/06/23 00:00:00+00,CHOQUE,CHOQUE,URBANA,ALCOHOL EN CONDUCTOR,CONDUCCION EN ESTADO DE EBRIEDAD,0,0,0,1,01:30:00
-72.9588593,-36.6131562,2114,8,REGION BIO BIO,8111,TOME,CARLOS WERNER, ,1420,"Tome, Tomé, Bío Bío, Chile",-36.6131562,-72.9588593,1,APPROXIMATE,2020,1287516,2020/06/30 00:00:00+00,ATROPELLO,ATROPELLO,URBANA,ALCOHOL EN PEATON,EBRIEDAD DEL PEATON,0,1,0,0,18:10:00
-73.0107082,-36.8259046,2115,8,REGION BIO BIO,8101,CONCEPCION,CALLE DOS, ,1605,"C. 2 1605, Concepción, Bío Bío, Chile",-36.8259046,-73.0107082,1,ROOFTOP,2020,1287566,2020/05/04 00:00:00+00,CHOQUE POSTERIOR,CHOQUE,URBANA,IMPRUDENCIA DEL CONDUCTOR,CONDUCCION NO ATENTO CONDICIONES TRANSITO MOMENTO,0,0,0,0,12:25:00
-73.0395537,-36.8269931,2116,8,REGION BIO BIO,8101,CONCEPCION,PLAZA PERU,CHACABUCO,0,"Av. Chacabuco & Pl. Perú, Concepción, Bío Bío, Chile",-36.8269931,-73.0395537,1,GEOMETRIC_CENTER,2020,1287577,2020/06/23 00:00:00+00,COLISION LATERAL,COLISION,URBANA,IMPRUDENCIA DEL CONDUCTOR,CONDUCCION CAMBIAR SORPRESIVAMENTE PISTA CIRCULACION,0,0,0,0,12:50:00
-73.0487436,-36.8181422,2117,8,REGION BIO BIO,8101,CONCEPCION,MANUEL BULNES,OROMPELLO,0,"Manuel Bulnes & Orompello, Concepción, Bío Bío, Chile",-36.8181422,-73.0487436,1,GEOMETRIC_CENTER,2020,1287579,2020/06/11 00:00:00+00,COLISION LATERAL,COLISION,URBANA,CAUSAS NO DETERMINADAS,CAUSAS NO DETERMINADAS,0,0,0,1,12:30:00
-73.0550928,-36.8031455,2118,8,REGION BIO BIO,8101,CONCEPCION,PAICAVI,INDEPENDENCIA,0,"Independencia & Paicaví, Concepción, Bío Bío, Chile",-36.8031455,-73.0550928,1,GEOMETRIC_CENTER,2020,1287589,2020/06/15 00:00:00+00,COLISION POR ALCANCE,COLISION,URBANA,CAUSAS NO DETERMINADAS,CAUSAS NO DETERMINADAS,0,0,0,0,16:25:00
-73.0173638,-36.8203784,2119,8,REGION BIO BIO,8101,CONCEPCION,GRAL NOVOA, ,1027,"Gral. Novoa 1027, Concepción, Bío Bío, Chile",-36.8203784,-73.0173638,1,RANGE_INTERPOLATED,2020,1287602,2020/06/27 00:00:00+00,OTRO TIPO,OTRO TIPO,URBANA,OTRAS CAUSAS,OTRAS CAUSAS,0,0,0,0,20:00:00
-73.0332467,-36.8081938,2120,8,REGION BIO BIO,8101,CONCEPCION,CAMILO HENRIQUEZ,GRAL BONILLA,0,"Gral Bonilla - Caamilo Henríquez, Concepción, Bío Bío, Chile",-36.8081938,-73.0332467,1,GEOMETRIC_CENTER,2020,1287611,2020/06/23 00:00:00+00,CHOQUE FRONTAL,CHOQUE,URBANA,CAUSAS NO DETERMINADAS,CAUSAS NO DETERMINADAS,0,0,0,0,20:20:00
-73.0436637,-36.8075746,2121,8,REGION BIO BIO,8101,CONCEPCION,PELANTARO, ,4,"Pelantaro 4, Concepción, Bío Bío, Chile",-36.8075746,-73.0436637,1,ROOFTOP,2020,1287626,2020/06/24 00:00:00+00,CHOQUE FRENTE/POSTERIOR,CHOQUE,URBANA,CAUSAS NO DETERMINADAS,CAUSAS NO DETERMINADAS,0,0,0,0,18:10:00
-73.0436564,-36.8197164,2122,8,REGION BIO BIO,8101,CONCEPCION,PAICAVI,LOS CAREERA,0,"Los Carrera - Paicaví, Concepción, Bío Bío, Chile",-36.8197164,-73.0436564,1,GEOMETRIC_CENTER,2020,1287670,2020/06/30 00:00:00+00,COLISION PERPENDICULAR,COLISION,URBANA,IMPRUDENCIA DEL CONDUCTOR,CONDUCCION NO ATENTO CONDICIONES TRANSITO MOMENTO,0,0,0,0,11:20:00
-73.1082729,-36.7196663,2123,8,REGION BIO BIO,8110,TALCAHUANO,BLANCO ENCALADA,ARTURO PRAT,0,"Arturo Prat & Blanco Encalada, Talcahuano, Bío Bío, Chile",-36.7196663,-73.1082729,1,GEOMETRIC_CENTER,2020,1287729,2020/06/23 00:00:00+00,COLISION LATERAL,COLISION,URBANA,DESOBEDIENCIA A SEÑALIZACION,SEÑALIZACION DESOBEDECER LUZ ROJA DE SEMAFORO,0,0,0,0,19:00:00
-73.1527368,-37.0838756,2124,8,REGION BIO BIO,8106,LOTA,FERNANDO MAIRA,VISTA HERMOSA,0,"Fernando Maira Nº 580 – A, Sector La Cantera, Lota, Bío Bío, Chile",-37.0838756,-73.1527368,1,GEOMETRIC_CENTER,2020,1287751,2020/06/29 00:00:00+00,COLISION LATERAL,COLISION,URBANA,IMPRUDENCIA DEL CONDUCTOR,CONDUCCION NO ATENTO CONDICIONES TRANSITO MOMENTO,0,0,0,3,15:30:00
-73.0866314,-36.777716,2125,8,REGION BIO BIO,8110,TALCAHUANO,CRISTOBAL COLON, ,2194,"Av. Cristóbal Colón # 6900, Talcahuano, Bío Bío, Chile",-36.777716,-73.0866314,1,ROOFTOP,2020,1287758,2020/06/24 00:00:00+00,COLISION LATERAL,COLISION,URBANA,DESOBEDIENCIA A SEÑALIZACION,SEÑALIZACION DESOBEDECER LUZ ROJA DE SEMAFORO,0,0,0,0,15:15:00
-73.0525758,-36.8197569,2126,8,REGION BIO BIO,8101,CONCEPCION,MANUEL BULNES,COLO COLO,0,"Manuel Bulnes & Colo Colo, Concepción, Bío Bío, Chile",-36.8197569,-73.0525758,1,GEOMETRIC_CENTER,2020,1287789,2020/06/30 00:00:00+00,COLISION LATERAL,COLISION,URBANA,IMPRUDENCIA DEL CONDUCTOR,CONDUCCION NO ATENTO CONDICIONES TRANSITO MOMENTO,0,0,0,0,09:30:00
-72.9741765,-36.7148303,2127,8,REGION BIO BIO,8107,PENCO,PEDRO AGUIRRE CERDA,FRESIA,0,"Pedro Aguirre Cerda - Fresia / Oriente, Lirquen, Penco, Bío Bío, Chile",-36.7148303,-72.9741765,1,GEOMETRIC_CENTER,2020,1287881,2020/06/10 00:00:00+00,VOLCADURA,VOLCADURA,URBANA,IMPRUDENCIA DEL CONDUCTOR,CONDUCCION NO ATENTO CONDICIONES TRANSITO MOMENTO,0,0,0,3,18:30:00
-73.0172319,-36.9442428,2128,8,REGION BIO BIO,8103,CHIGUAYANTE,MANUEL RODRIGUEZ,COQUIMBO,0,"Coquimbo & Avenida Manuel Rodríguez, Chiguayante, Bío Bío, Chile",-36.9442428,-73.0172319,1,GEOMETRIC_CENTER,2020,1287957,2020/06/11 00:00:00+00,CHOQUE FRENTE/POSTERIOR,CHOQUE,URBANA,ALCOHOL EN CONDUCTOR,CONDUCCION EN ESTADO DE EBRIEDAD,0,3,0,1,22:10:00
-72.3611368,-37.4692009,2129,8,REGION BIO BIO,8301,LOS ANGELES,LOS ANGELES,COLO COLO,0,"Avenida Los Angeles & Colo Colo, Los Angeles, Los Ángeles, Bío Bío, Chile",-37.4692009,-72.3611368,1,GEOMETRIC_CENTER,2020,1287961,2020/07/01 00:00:00+00,COLISION LATERAL,COLISION,URBANA,IMPRUDENCIA DEL CONDUCTOR,CONDUCCION NO ATENTO CONDICIONES TRANSITO MOMENTO,0,0,0,1,11:30:00
-73.0555386,-36.8299196,2130,8,REGION BIO BIO,8101,CONCEPCION,SALAS,OHIGGINS,0,"Obispo Hipólito Salas & Libertador General Bernardo OHiggins, Concepción, Bío Bío, Chile",-36.8299196,-73.0555386,1,GEOMETRIC_CENTER,2020,1288022,2020/07/01 00:00:00+00,COLISION PERPENDICULAR,COLISION,URBANA,DESOBEDIENCIA A SEÑALIZACION,SEÑALIZACION DESOBEDECER LUZ ROJA DE SEMAFORO,0,0,0,1,20:40:00
-73.054418,-36.828304,2131,8,REGION BIO BIO,8101,CONCEPCION,BARROS ARANA, ,340,"Barros Arana 340, Concepción, Bío Bío, Chile",-36.828304,-73.054418,1,ROOFTOP,2020,1288025,2020/07/02 00:00:00+00,CHOQUE LATERAL,CHOQUE,URBANA,IMPRUDENCIA DEL CONDUCTOR,CONDUCCION NO ATENTO CONDICIONES TRANSITO MOMENTO,0,0,0,0,14:11:00
-73.3383553,-37.2461403,2132,8,REGION BIO BIO,8202,ARAUCO,OMAR GAYOSO, ,1597,"Omar Gayoso Santibañez, Arauco, Bío Bío, Chile",-37.2461403,-73.3383553,1,GEOMETRIC_CENTER,2020,1288075,2020/06/07 00:00:00+00,CHOQUE,CHOQUE,URBANA,ALCOHOL EN CONDUCTOR,CONDUCCION EN ESTADO DE EBRIEDAD,0,0,0,0,01:50:00
-73.028944,-36.8101428,2133,8,REGION BIO BIO,8101,CONCEPCION,JOSE MIGUEL GARCIA,LORENZO ARENAS,0,"Lorenzo Arenas & Avenida José Miguel García, Concepción, Bío Bío, Chile",-36.8101428,-73.028944,1,GEOMETRIC_CENTER,2020,1288117,2020/06/26 00:00:00+00,COLISION,COLISION,URBANA,CAUSAS NO DETERMINADAS,CAUSAS NO DETERMINADAS,0,0,0,1,15:25:00
-73.0500551,-36.8161108,2134,8,REGION BIO BIO,8101,CONCEPCION,OROMPELLO,PRIETO,0,"Joaquín Prieto & Orompello, Concepción, Bío Bío, Chile",-36.8161108,-73.0500551,1,GEOMETRIC_CENTER,2020,1288118,2020/06/30 00:00:00+00,COLISION LATERAL,COLISION,URBANA,DESOBEDIENCIA A SEÑALIZACION,SEÑALIZACION DESOBEDECER SEÑAL PARE,0,0,0,0,09:30:00
-73.1308565,-36.8454033,2135,8,REGION BIO BIO,8108,SAN PEDRO DE LA PAZ,MICHAIHUE,NUEVA UNO,0,"Nueva Uno & Avenida Michaihue, San Pedro de la Paz, Bío Bío, Chile",-36.8454033,-73.1308565,1,GEOMETRIC_CENTER,2020,1288180,2020/07/01 00:00:00+00,COLISION LATERAL,COLISION,URBANA,IMPRUDENCIA DEL CONDUCTOR,CONDUCCION NO ATENTO CONDICIONES TRANSITO MOMENTO,0,0,0,0,21:20:00
-73.0397774,-36.8147628,2136,8,REGION BIO BIO,8101,CONCEPCION,CAMILO HENRIQUEZ,LIENTUR,0,"Camilo Henríquez & Lientur, Concepción, Bío Bío, Chile",-36.8147628,-73.0397774,1,GEOMETRIC_CENTER,2020,1288181,2020/07/01 00:00:00+00,COLISION LATERAL,COLISION,URBANA,DESOBEDIENCIA A SEÑALIZACION,SEÑALIZACION DESOBEDECER SEÑAL CEDA EL PASO,0,0,0,0,12:20:00
-73.0173901,-36.9532201,2137,8,REGION BIO BIO,8103,CHIGUAYANTE,EJERCITO, ,326,"Chiguayante, Bío Bío, Chile",-36.9532201,-73.0173901,1,APPROXIMATE,2020,1288189,2020/07/02 00:00:00+00,VOLCADURA,VOLCADURA,URBANA,CAUSAS NO DETERMINADAS,CAUSAS NO DETERMINADAS,0,1,0,0,15:40:00
-73.1111663,-36.7211208,2138,8,REGION BIO BIO,8110,TALCAHUANO,GABRIEL TORO,RIQUELME,0,"Gabriel Toro & Riquelme, Talcahuano, Bío Bío, Chile",-36.7211208,-73.1111663,1,GEOMETRIC_CENTER,2020,1288254,2020/07/05 00:00:00+00,COLISION LATERAL,COLISION,URBANA,DESOBEDIENCIA A SEÑALIZACION,SEÑALIZACION DESOBEDECER SEÑAL PARE,0,0,0,0,20:00:00
-72.2478493,-37.7216324,2139,8,REGION BIO BIO,8305,MULCHEN,UNZUETA,SOTO,0,"Unzueta & Soto, Mulchen, Mulchén, Bío Bío, Chile",-37.7216324,-72.2478493,1,GEOMETRIC_CENTER,2020,1288273,2020/06/30 00:00:00+00,COLISION,COLISION,URBANA,IMPRUDENCIA DEL CONDUCTOR,CONDUCCION NO ATENTO CONDICIONES TRANSITO MOMENTO,0,0,0,2,13:05:00
-73.0256059,-36.9328813,2140,8,REGION BIO BIO,8103,CHIGUAYANTE,PINARES,SAGARDIA,0,"Pinares & Pasaje Sagardia, Chiguayante, Bío Bío, Chile",-36.9328813,-73.0256059,1,GEOMETRIC_CENTER,2020,1288393,2020/06/26 00:00:00+00,CHOQUE FRENTE/POSTERIOR,CHOQUE,URBANA,ALCOHOL EN CONDUCTOR,CONDUCCION EN ESTADO DE EBRIEDAD,0,0,0,1,21:00:00
-73.1074481,-36.7419986,2141,8,REGION BIO BIO,8110,TALCAHUANO,ALTO HORNO, ,559,"Alto Horno 559, Talcahuano, Bío Bío, Chile",-36.7419986,-73.1074481,1,RANGE_INTERPOLATED,2020,1288395,2020/07/03 00:00:00+00,CHOQUE LADO/LADO,CHOQUE,URBANA,IMPRUDENCIA DEL CONDUCTOR,ADELANTAMIENTO SIN EL ESPACIO O TIEMPO SUFICIENTE,0,0,0,0,13:30:00
-73.0883007,-36.7778678,2142,8,REGION BIO BIO,8110,TALCAHUANO,1 PONIENTE, ,1139,"Uno Pte. 1139, Talcahuano, Bío Bío, Chile",-36.7778678,-73.0883007,1,RANGE_INTERPOLATED,2020,1288397,2020/07/05 00:00:00+00,CHOQUE FRONTAL,CHOQUE,URBANA,ALCOHOL EN CONDUCTOR,CONDUCCION EN ESTADO DE EBRIEDAD,0,0,0,0,00:25:00
-73.0127099,-36.9573423,2143,8,REGION BIO BIO,8103,CHIGUAYANTE,MANUEL RODRIGUEZ,9 DE ABRIL,0,"Manuel Rodriguez - 9 De Abril, Chiguayante, Bío Bío, Chile",-36.9573423,-73.0127099,1,GEOMETRIC_CENTER,2020,1288415,2020/06/20 00:00:00+00,ATROPELLO,ATROPELLO,URBANA,IMPRUDENCIA DEL PEATON,PEATON CRUZA CALZADA FUERA PASO PEATONES,0,1,0,0,18:15:00
-73.407296,-37.8031823,2144,8,REGION BIO BIO,8203,CAÑETE,MANUEL RODRIGUEZ, ,100,"Manuel Rodríguez 100, Canete, Cañete, Bío Bío, Chile",-37.8031823,-73.407296,1,RANGE_INTERPOLATED,2020,1288482,2020/06/26 00:00:00+00,COLISION,COLISION,URBANA,DROGAS Y/O FATIGA EN CONDUCTOR,"CONDICIONES FISICAS DEFICIENTES (CANSANCIO, SUEÑO)",0,0,0,1,17:40:00
-73.3173898,-37.2500038,2145,8,REGION BIO BIO,8202,ARAUCO,LOS DURAZNOS,CAUPOLICAN,0,"Caupolicán & Los Duraznos, Arauco, Bío Bío, Chile",-37.2500038,-73.3173898,1,GEOMETRIC_CENTER,2020,1288486,2020/06/19 00:00:00+00,COLISION LATERAL,COLISION,URBANA,IMPRUDENCIA DEL CONDUCTOR,CONDUCCION NO ATENTO CONDICIONES TRANSITO MOMENTO,0,0,0,1,19:00:00
-73.3216256,-37.2451032,2146,8,REGION BIO BIO,8202,ARAUCO,ARTURO PRAT,COCHRANE,0,"Cochrane & Avenida Arturo Prat, Arauco, Bío Bío, Chile",-37.2451032,-73.3216256,1,GEOMETRIC_CENTER,2020,1288525,2020/06/25 00:00:00+00,COLISION LATERAL,COLISION,URBANA,IMPRUDENCIA DEL CONDUCTOR,CONDUCCION NO ATENTO CONDICIONES TRANSITO MOMENTO,0,0,0,0,21:58:00
-73.0944536,-36.791062,2147,8,REGION BIO BIO,8112,HUALPEN,CURANILAHUE,RECONQUISTA,0,"La Reconquista & Curanilahue, Hualpén, Bío Bío, Chile",-36.791062,-73.0944536,1,GEOMETRIC_CENTER,2020,1288575,2020/07/03 00:00:00+00,ATROPELLO,ATROPELLO,URBANA,IMPRUDENCIA DEL CONDUCTOR,CONDUCCION NO ATENTO CONDICIONES TRANSITO MOMENTO,0,0,0,1,07:30:00
-73.0866314,-36.777716,2148,8,REGION BIO BIO,8110,TALCAHUANO,CRISTOBAL COLON, ,2194,"Av. Cristóbal Colón # 6900, Talcahuano, Bío Bío, Chile",-36.777716,-73.0866314,1,ROOFTOP,2020,1288580,2020/07/04 00:00:00+00,COLISION POR ALCANCE,COLISION,URBANA,IMPRUDENCIA DEL CONDUCTOR,CONDUCCION SIN MANTENER DISTANCIA RAZONABLE NI PRUDENTE,0,0,0,0,16:30:00
-73.0840532,-36.8012544,2149,8,REGION BIO BIO,8112,HUALPEN,COLON,POSTDAM,0,"Avenida Cristóbal Colón & Postdam, Hualpén, Bío Bío, Chile",-36.8012544,-73.0840532,1,GEOMETRIC_CENTER,2020,1288585,2020/07/05 00:00:00+00,COLISION,COLISION,URBANA,DESOBEDIENCIA A SEÑALIZACION,SEÑALIZACION DESOBEDECER SEÑAL PARE,0,0,0,0,12:00:00
-73.1006101,-36.7950129,2150,8,REGION BIO BIO,8112,HUALPEN,ATENAS,BREMEN,0,"Bremen & Atenas, Hualpén, Bío Bío, Chile",-36.7950129,-73.1006101,1,GEOMETRIC_CENTER,2020,1288586,2020/07/05 00:00:00+00,CHOQUE,CHOQUE,URBANA,IMPRUDENCIA DEL CONDUCTOR,CONDUCCION NO ATENTO CONDICIONES TRANSITO MOMENTO,0,0,0,0,11:30:00
-73.3476688,-37.4786122,2151,8,REGION BIO BIO,8205,CURANILAHUE,MANUEL MONTT,E RIQUELME,0,"Riquelme & Manuel Montt, Curanilahue, Bío Bío, Chile",-37.4786122,-73.3476688,1,GEOMETRIC_CENTER,2020,1288588,2020/07/05 00:00:00+00,ATROPELLO,ATROPELLO,URBANA,IMPRUDENCIA DEL PEATON,IMPRUDENCIA DEL PEATON,0,0,0,0,15:40:00
-73.2110549,-36.773084,2152,8,REGION BIO BIO,8112,HUALPEN,CAMINO A CHOME, ,0,"Caleta Chome, Hualpen Hualpén, Biobío, Hualpén, Bío Bío, Chile",-36.773084,-73.2110549,1,GEOMETRIC_CENTER,2020,1288589,2020/07/06 00:00:00+00,CHOQUE,CHOQUE,RURAL,FALLAS MECANICAS,FALLAS MECANICAS FRENOS,0,0,0,3,09:46:00
-73.0600273,-36.7983598,2153,8,REGION BIO BIO,8101,CONCEPCION,PAICAVI, ,3095,"Paicaví 3095, Concepción, Bío Bío, Chile",-36.7983598,-73.0600273,1,RANGE_INTERPOLATED,2020,1288597,2020/07/03 00:00:00+00,COLISION POR ALCANCE,COLISION,URBANA,IMPRUDENCIA DEL CONDUCTOR,CONDUCCION NO ATENTO CONDICIONES TRANSITO MOMENTO,0,1,1,5,08:35:00
-73.1311415,-36.7153661,2154,8,REGION BIO BIO,8110,TALCAHUANO,LOS ARAUCANOS, ,598,"Los Araucanos 598, Talcahuano, Bío Bío, Chile",-36.7153661,-73.1311415,1,RANGE_INTERPOLATED,2020,1288687,2020/07/04 00:00:00+00,COLISION LATERAL,COLISION,URBANA,PERDIDA CONTROL VEHICULO,PERDIDA CONTROL VEHICULO,0,0,0,0,18:45:00
-73.6564582,-37.6096376,2155,8,REGION BIO BIO,8201,LEBU,JOSE JOAQUIN PEREZ,MANUEL BULNES,0,"Pérez 600, Lebu, Bío Bío, Chile",-37.6096376,-73.6564582,1,ROOFTOP,2020,1288873,2020/07/01 00:00:00+00,CHOQUE FRENTE/POSTERIOR,CHOQUE,URBANA,IMPRUDENCIA DEL CONDUCTOR,CONDUCCION NO ATENTO CONDICIONES TRANSITO MOMENTO,0,0,0,0,07:50:00
-73.4581355,-37.6299232,2156,8,REGION BIO BIO,8206,LOS ALAMOS,PEDRO DE VALDIVIA,MATADERO,0,"Pedro de Valdivia & Matadero, Los Alamos, Bío Bío, Chile",-37.6299232,-73.4581355,1,GEOMETRIC_CENTER,2020,1288875,2020/07/02 00:00:00+00,COLISION LATERAL,COLISION,URBANA,IMPRUDENCIA DEL CONDUCTOR,CONDUCCION NO ATENTO CONDICIONES TRANSITO MOMENTO,0,0,0,0,19:55:00
-73.1123223,-36.7793809,2157,8,REGION BIO BIO,8112,HUALPEN,GRAN BRETAÑA,DINAMARCA,0,"Gran Bretaña & Dinamarca, Hualpén, Bío Bío, Chile",-36.7793809,-73.1123223,1,GEOMETRIC_CENTER,2020,1288877,2020/07/06 00:00:00+00,COLISION,COLISION,URBANA,IMPRUDENCIA DEL CONDUCTOR,CONDUCCION SIN MANTENER DISTANCIA RAZONABLE NI PRUDENTE,0,1,0,3,20:30:00
-73.147878,-36.8373773,2158,8,REGION BIO BIO,8108,SAN PEDRO DE LA PAZ,RODRIGUEZ ALDEA,CALLE UNO,0,"Rodríguez Aldea & Calle Uno, San Pedro de la Paz, Bío Bío, Chile",-36.8373773,-73.147878,1,GEOMETRIC_CENTER,2020,1289004,2020/07/09 00:00:00+00,COLISION FRONTAL,COLISION,URBANA,IMPRUDENCIA DEL CONDUCTOR,CONDUCCION NO ATENTO CONDICIONES TRANSITO MOMENTO,0,0,1,1,13:40:00
-73.0218283,-36.9250995,2159,8,REGION BIO BIO,8103,CHIGUAYANTE,OHIGGINS,MILLARAY,0,"Av. OHiggins, Chiguayante, Bío Bío, Chile",-36.9250995,-73.0218283,1,GEOMETRIC_CENTER,2020,1289012,2020/07/01 00:00:00+00,COLISION PERPENDICULAR,COLISION,URBANA,CAUSAS NO DETERMINADAS,CAUSAS NO DETERMINADAS,0,0,0,0,18:30:00
-73.0209496,-36.9352408,2160,8,REGION BIO BIO,8103,CHIGUAYANTE,MANUEL RODRIGUEZ,PROGRESO,0,"Progreso & Avenida Manuel Rodríguez, Chiguayante, Bío Bío, Chile",-36.9352408,-73.0209496,1,GEOMETRIC_CENTER,2020,1289015,2020/07/03 00:00:00+00,CHOQUE FRENTE/POSTERIOR,CHOQUE,URBANA,IMPRUDENCIA DEL CONDUCTOR,CONDUCCION NO ATENTO CONDICIONES TRANSITO MOMENTO,0,0,0,0,20:30:00
-73.0275238,-36.9192805,2161,8,REGION BIO BIO,8103,CHIGUAYANTE,MANUEL RODRIGUEZ,FERNANDO URRA,0,"Manuel Rodriguez - Guacolda, Chiguayante, Bío Bío, Chile",-36.9192805,-73.0275238,1,GEOMETRIC_CENTER,2020,1289022,2020/06/26 00:00:00+00,COLISION PERPENDICULAR,COLISION,URBANA,OTRAS CAUSAS,OTRAS CAUSAS,0,0,0,0,10:30:00