X,Y,FID,COD_REG,REGION,CUT,COMUNA,CALLE_UNO,CALLE_DOS,NUMERO,DIR_GEOCOD,LAT,LNG,VAL_COM,TIPO,Año,Idaccident,Fecha,Tipo_Accid,Tipo__CONA,Zona,Causa__CON,Causa,Fallecidos,Graves,Menos_Grav,Leves,Hora
-73.1517124,-36.9948598,2162,8,REGION BIO BIO,8102,CORONEL,LAS TOSCAS,MINERO DOMINGO ESCALONA AVILA,0,"Las Toscas, Coronel, Bío Bío, Chile",-36.9948598,-73.1517124,1,GEOMETRIC_CENTER,2020,1289027,2020/06/26 00:00:00+00,COLISION,COLISION,URBANA,IMPRUDENCIA DEL CONDUCTOR,VIRAJES INDEBIDOS,0,0,0,2,08:10:00
-73.016474,-36.9460732,2163,8,REGION BIO BIO,8103,CHIGUAYANTE,MANUEL RODRIGUEZ,ESPERANZA,0,"Esperanza & Avenida Manuel Rodríguez, Chiguayante, Bío Bío, Chile",-36.9460732,-73.016474,1,GEOMETRIC_CENTER,2020,1289034,2020/07/02 00:00:00+00,ATROPELLO,ATROPELLO,URBANA,IMPRUDENCIA DEL CONDUCTOR,CONDUCCION NO ATENTO CONDICIONES TRANSITO MOMENTO,0,0,1,0,21:19:00
-73.1348434,-36.8548161,2164,8,REGION BIO BIO,8108,SAN PEDRO DE LA PAZ,TUCAPEL, ,285,"Tucapel 285, San Pedro de la Paz, Bío Bío, Chile",-36.8548161,-73.1348434,1,ROOFTOP,2020,1289037,2020/07/10 00:00:00+00,COLISION FRONTAL,COLISION,URBANA,CAUSAS NO DETERMINADAS,CAUSAS NO DETERMINADAS,0,1,0,0,17:00:00
-73.0317547,-36.9073681,2165,8,REGION BIO BIO,8103,CHIGUAYANTE,OCHO ORIENTE,UNO,0,"Calle 8 Ote., Chiguayante, Bío Bío, Chile",-36.9073681,-73.0317547,1,GEOMETRIC_CENTER,2020,1289063,2020/07/09 00:00:00+00,COLISION PERPENDICULAR,COLISION,URBANA,CAUSAS NO DETERMINADAS,CAUSAS NO DETERMINADAS,0,0,0,7,15:10:00
-73.1088836,-36.7405943,2166,8,REGION BIO BIO,8110,TALCAHUANO,ALTO HORNO, ,777,"Alto Horno 777, Talcahuano, Bío Bío, Chile",-36.7405943,-73.1088836,1,ROOFTOP,2020,1289131,2020/07/07 00:00:00+00,COLISION LATERAL,COLISION,URBANA,IMPRUDENCIA DEL CONDUCTOR,VIRAJES INDEBIDOS,0,0,0,0,16:20:00
-73.111955,-36.7867406,2167,8,REGION BIO BIO,8112,HUALPEN,GIBRALTAR, ,3159,"Gibraltar 3159, Hualpén, Bío Bío, Chile",-36.7867406,-73.111955,1,RANGE_INTERPOLATED,2020,1289193,2020/07/10 00:00:00+00,VOLCADURA,VOLCADURA,URBANA,PERDIDA CONTROL VEHICULO,PERDIDA CONTROL VEHICULO,0,0,0,1,19:30:00
-73.0847201,-36.8005237,2168,8,REGION BIO BIO,8112,HUALPEN,CRISTOBAL COLON,NUEVA IMPERIAL,0,"Avenida Cristóbal Colón & Nva Imperial, Hualpén, Bío Bío, Chile",-36.8005237,-73.0847201,1,GEOMETRIC_CENTER,2020,1289197,2020/07/11 00:00:00+00,CHOQUE,CHOQUE,URBANA,PERDIDA CONTROL VEHICULO,PERDIDA CONTROL VEHICULO,0,0,0,1,05:30:00
-73.1149391,-36.7775766,2169,8,REGION BIO BIO,8112,HUALPEN,GIBRALTAR, ,2057,"Gibraltar 2057, Hualpén, Bío Bío, Chile",-36.7775766,-73.1149391,1,RANGE_INTERPOLATED,2020,1289199,2020/07/11 00:00:00+00,CHOQUE,CHOQUE,URBANA,CAUSAS NO DETERMINADAS,CAUSAS NO DETERMINADAS,0,0,0,0,21:00:00
-73.0573818,-36.8368625,2170,8,REGION BIO BIO,8101,CONCEPCION,COSTANERA,ERCILLA,0,"Rancagua 114, Concepción, Bío Bío, Chile",-36.8368625,-73.0573818,1,ROOFTOP,2020,1289208,2020/07/02 00:00:00+00,COLISION POR ALCANCE,COLISION,URBANA,IMPRUDENCIA DEL CONDUCTOR,CONDUCCION SIN MANTENER DISTANCIA RAZONABLE NI PRUDENTE,0,1,0,0,15:00:00
-72.6770345,-37.49803,2171,8,REGION BIO BIO,8306,NACIMIENTO,VILLA ALEGRE,CALLEJON GUTIERREZ,0,"Villa Alegre & Callejón Gutierrez, Nacimiento, Bío Bío, Chile",-37.49803,-72.6770345,1,GEOMETRIC_CENTER,2020,1289210,2020/07/10 00:00:00+00,COLISION,COLISION,URBANA,DESOBEDIENCIA A SEÑALIZACION,SEÑALIZACION DESOBEDECER SEÑAL CEDA EL PASO,0,0,0,0,18:30:00
-73.0536634,-36.8278649,2172,8,REGION BIO BIO,8101,CONCEPCION,BARROS ARANA,LINCOYAN,0,"Barros Arana & Lincoyán, Concepción, Bío Bío, Chile",-36.8278649,-73.0536634,1,GEOMETRIC_CENTER,2020,1289286,2020/07/06 00:00:00+00,CHOQUE LATERAL,CHOQUE,URBANA,IMPRUDENCIA DEL CONDUCTOR,ADELANTAMIENTO SOBREPASANDO LINEA CONTINUA,0,0,0,0,12:07:00
-73.0520039,-36.845529,2173,8,REGION BIO BIO,8101,CONCEPCION,PEDRO DE VALDIVIA BAJO, ,431,"Av. Pedro de Valdivia, Concepción, Bío Bío, Chile",-36.845529,-73.0520039,1,GEOMETRIC_CENTER,2020,1289289,2020/07/06 00:00:00+00,COLISION PERPENDICULAR,COLISION,URBANA,IMPRUDENCIA DEL CONDUCTOR,CONDUCCION NO ATENTO CONDICIONES TRANSITO MOMENTO,0,0,0,2,07:40:00
-73.0248475,-36.8172085,2174,8,REGION BIO BIO,8101,CONCEPCION,ANTONIO VARAS, ,42,"Antonio Varas 42, Concepción, Bío Bío, Chile",-36.8172085,-73.0248475,1,ROOFTOP,2020,1289292,2020/07/04 00:00:00+00,COLISION PERPENDICULAR,COLISION,URBANA,IMPRUDENCIA DEL CONDUCTOR,CONDUCCION NO ATENTO CONDICIONES TRANSITO MOMENTO,0,0,0,0,15:50:00
-73.0480548,-36.8268899,2175,8,REGION BIO BIO,8101,CONCEPCION,OHIGGINS,COLO COLO,0,"Colo Colo & Libertador General Bernardo OHiggins, Concepción, Bío Bío, Chile",-36.8268899,-73.0480548,1,GEOMETRIC_CENTER,2020,1289294,2020/07/07 00:00:00+00,COLISION PERPENDICULAR,COLISION,URBANA,IMPRUDENCIA DEL CONDUCTOR,CONDUCCION NO ATENTO CONDICIONES TRANSITO MOMENTO,0,0,0,0,12:00:00
-73.0422363,-36.8108952,2176,8,REGION BIO BIO,8101,CONCEPCION,LIENTUR,LOS LIRIOS,0,"Lientur & Los Lirios, Concepción, Bío Bío, Chile",-36.8108952,-73.0422363,1,GEOMETRIC_CENTER,2020,1289324,2020/07/08 00:00:00+00,ATROPELLO,ATROPELLO,URBANA,IMPRUDENCIA DEL CONDUCTOR,NO RESPETAR DERECHO PREFERENTE DE PASO A PEATON,0,0,0,1,12:00:00
-73.0480548,-36.8268899,2177,8,REGION BIO BIO,8101,CONCEPCION,COLO COLO,OHIGGINS,0,"Colo Colo & Libertador General Bernardo OHiggins, Concepción, Bío Bío, Chile",-36.8268899,-73.0480548,1,GEOMETRIC_CENTER,2020,1289341,2020/07/09 00:00:00+00,COLISION PERPENDICULAR,COLISION,URBANA,IMPRUDENCIA DEL CONDUCTOR,CONDUCCION NO ATENTO CONDICIONES TRANSITO MOMENTO,0,0,0,1,13:30:00
-73.0955122,-36.8388086,2178,8,REGION BIO BIO,8108,SAN PEDRO DE LA PAZ,PEDRO AGUIRRE CERDA,VICTORIA,0,"Avenida Pedro Aguirre Cerda & Victoria, San Pedro de la Paz, Bío Bío, Chile",-36.8388086,-73.0955122,1,GEOMETRIC_CENTER,2020,1289348,2020/07/09 00:00:00+00,COLISION LATERAL,COLISION,URBANA,IMPRUDENCIA DEL CONDUCTOR,ADELANTAMIENTO SIN EL ESPACIO O TIEMPO SUFICIENTE,0,0,0,0,15:20:00
-73.0494048,-36.8221863,2179,8,REGION BIO BIO,8101,CONCEPCION,LOS CARRERA,CASTELLON,0,"Avenida los Carrera & Castellón, Concepción, Bío Bío, Chile",-36.8221863,-73.0494048,1,GEOMETRIC_CENTER,2020,1289352,2020/07/10 00:00:00+00,CHOQUE POSTERIOR,CHOQUE,URBANA,IMPRUDENCIA DEL CONDUCTOR,CONDUCCION SIN MANTENER DISTANCIA RAZONABLE NI PRUDENTE,0,0,0,0,12:15:00
-73.0468096,-36.8237537,2180,8,REGION BIO BIO,8101,CONCEPCION,TUCAPEL,FREIRE,0,"Tucapel & Freire, Concepción, Bío Bío, Chile",-36.8237537,-73.0468096,1,GEOMETRIC_CENTER,2020,1289356,2020/07/10 00:00:00+00,COLISION PERPENDICULAR,COLISION,URBANA,IMPRUDENCIA DEL CONDUCTOR,NO RESPETAR DERECHO PREFERENTE DE PASO A VEHICULO,0,0,0,1,15:30:00
-73.0448855,-36.8268039,2181,8,REGION BIO BIO,8101,CONCEPCION,SAN MARTIN,TUCAPEL,0,"Tucapel & San Martín, Concepción, Bío Bío, Chile",-36.8268039,-73.0448855,1,GEOMETRIC_CENTER,2020,1289472,2020/07/10 00:00:00+00,COLISION PERPENDICULAR,COLISION,URBANA,DESOBEDIENCIA A SEÑALIZACION,SEÑALIZACION DESOBEDECER SEÑAL PARE,0,0,0,4,20:00:00
-73.0357868,-36.8209403,2182,8,REGION BIO BIO,8101,CONCEPCION,ROOSEVELT,BARROS ARANA,0,"Roosevelt - Luis Urrutia Manzano, Concepción, Bío Bío, Chile",-36.8209403,-73.0357868,1,GEOMETRIC_CENTER,2020,1289480,2020/07/11 00:00:00+00,CHOQUE,CHOQUE,URBANA,PERDIDA CONTROL VEHICULO,PERDIDA CONTROL VEHICULO,0,0,0,0,10:00:00
-73.1402817,-36.8840407,2183,8,REGION BIO BIO,8108,SAN PEDRO DE LA PAZ,PORTAL SAN PEDRO, ,3750,"Av. Portal de San Pedro 3750, San Pedro de la Paz, Bío Bío, Chile",-36.8840407,-73.1402817,1,ROOFTOP,2020,1289481,2020/07/13 00:00:00+00,IMPACTO CON ANIMAL,OTRO TIPO,URBANA,DEFICIENCIAS VIALES,ANIMALES SUELTOS VIA PUBLICA,0,0,0,0,15:30:00
-73.0385923,-36.826714,2184,8,REGION BIO BIO,8101,CONCEPCION,CHACABUCO,JANEQUEO,0,"Avenida Chacabuco & Janequeo, Concepción, Bío Bío, Chile",-36.826714,-73.0385923,1,GEOMETRIC_CENTER,2020,1289486,2020/07/12 00:00:00+00,COLISION POR ALCANCE,COLISION,URBANA,IMPRUDENCIA DEL CONDUCTOR,CONDUCCION SIN MANTENER DISTANCIA RAZONABLE NI PRUDENTE,0,0,0,0,10:40:00
-73.0436564,-36.8197164,2185,8,REGION BIO BIO,8101,CONCEPCION,LOS CARRERA,PAICAVI,0,"Los Carrera - Paicaví, Concepción, Bío Bío, Chile",-36.8197164,-73.0436564,1,GEOMETRIC_CENTER,2020,1289490,2020/07/12 00:00:00+00,COLISION LATERAL,COLISION,URBANA,IMPRUDENCIA DEL CONDUCTOR,CONDUCCION NO ATENTO CONDICIONES TRANSITO MOMENTO,0,0,0,0,13:00:00
-73.0474572,-36.8227472,2186,8,REGION BIO BIO,8101,CONCEPCION,TUCAPEL,MAIPU,0,"Tucapel & Maipú, Concepción, Bío Bío, Chile",-36.8227472,-73.0474572,1,GEOMETRIC_CENTER,2020,1289495,2020/07/13 00:00:00+00,COLISION PERPENDICULAR,COLISION,URBANA,IMPRUDENCIA DEL CONDUCTOR,CONDUCCION NO ATENTO CONDICIONES TRANSITO MOMENTO,0,0,0,1,14:40:00
-72.9941849,-36.7528656,2187,8,REGION BIO BIO,8107,PENCO,LOS CANELOS, ,215,"Los Canelos, Penco, Bío Bío, Chile",-36.7528656,-72.9941849,1,GEOMETRIC_CENTER,2020,1289501,2020/07/06 00:00:00+00,CHOQUE,CHOQUE,URBANA,FALLAS MECANICAS,FALLAS MECANICAS FRENOS,0,0,0,0,09:30:00
-73.0467556,-36.828876,2188,8,REGION BIO BIO,8101,CONCEPCION,COLO COLO,COCHRANE,0,"Colo Colo & Cochrane, Concepción, Bío Bío, Chile",-36.828876,-73.0467556,1,GEOMETRIC_CENTER,2020,1289503,2020/07/14 00:00:00+00,COLISION PERPENDICULAR,COLISION,URBANA,DESOBEDIENCIA A SEÑALIZACION,SEÑALIZACION DESOBEDECER LUZ INTERMITENTE SEMAFORO,0,0,0,2,09:30:00
-73.0732706,-36.8107977,2189,8,REGION BIO BIO,8101,CONCEPCION,DOCTOR CARLOS OLIVER,21 DE MAYO,0,"Av. 21 de Mayo & Dr. Carlos Oliver, Concepción, Bío Bío, Chile",-36.8107977,-73.0732706,1,GEOMETRIC_CENTER,2020,1289518,2020/07/13 00:00:00+00,COLISION PERPENDICULAR,COLISION,URBANA,IMPRUDENCIA DEL CONDUCTOR,CONDUCCION NO ATENTO CONDICIONES TRANSITO MOMENTO,0,0,0,1,07:40:00
-73.1487047,-36.996373,2190,8,REGION BIO BIO,8102,CORONEL,MINERO ISMAEL ESCALONA AVILA, ,1854,"Minero Ismael Escalona Avila, Coronel, Bío Bío, Chile",-36.996373,-73.1487047,1,GEOMETRIC_CENTER,2020,1289544,2020/06/26 00:00:00+00,COLISION FRONTAL,COLISION,URBANA,IMPRUDENCIA DEL CONDUCTOR,CONDUCCION NO ATENTO CONDICIONES TRANSITO MOMENTO,0,0,0,1,11:50:00
-73.0905075,-36.8073748,2191,8,REGION BIO BIO,8112,HUALPEN,COSTANERA, ,9781,"Av. Costanera 9781, Hualpén, Bío Bío, Chile",-36.8073748,-73.0905075,1,ROOFTOP,2020,1289547,2020/07/14 00:00:00+00,COLISION,COLISION,URBANA,IMPRUDENCIA DEL CONDUCTOR,CONDUCCION NO ATENTO CONDICIONES TRANSITO MOMENTO,0,0,0,2,14:00:00
-73.1020972,-36.8037242,2192,8,REGION BIO BIO,8112,HUALPEN,OCEANO INDICO,OCEANO PACIFICO,0,"Océano Índico & Océano Pacífico, Hualpén, Bío Bío, Chile",-36.8037242,-73.1020972,1,GEOMETRIC_CENTER,2020,1289550,2020/07/15 00:00:00+00,COLISION,COLISION,URBANA,IMPRUDENCIA DEL CONDUCTOR,NO RESPETAR DERECHO PREFERENTE DE PASO A PEATON,0,1,0,0,11:20:00
-72.714257,-37.2826004,2193,8,REGION BIO BIO,8304,LAJA,FELIX EICHER, ,454,"P. Félix Eicher 454, Laja, Bío Bío, Chile",-37.2826004,-72.714257,1,RANGE_INTERPOLATED,2020,1289564,2020/07/07 00:00:00+00,COLISION FRONTAL,COLISION,URBANA,IMPRUDENCIA DEL CONDUCTOR,CONDUCCION CAMBIAR SORPRESIVAMENTE PISTA CIRCULACION,0,0,0,1,20:20:00
-73.0984332,-36.8440272,2194,8,REGION BIO BIO,8108,SAN PEDRO DE LA PAZ,MICHIMALONCO,LOS CANELOS,0,"Los Canelos & Avenida Michimalonco, San Pedro de la Paz, Bío Bío, Chile",-36.8440272,-73.0984332,1,GEOMETRIC_CENTER,2020,1289596,2020/07/12 00:00:00+00,CHOQUE POSTERIOR/FRENTE,CHOQUE,URBANA,IMPRUDENCIA DEL CONDUCTOR,CONDUCCION NO ATENTO CONDICIONES TRANSITO MOMENTO,0,0,0,0,20:00:00
-73.0528123,-36.8436936,2195,8,REGION BIO BIO,8101,CONCEPCION,SARGENTO ALDEA,PEDRO DE VALDVIA,0,"Av. Pedro de Valdivia & Sgto. Aldea, Concepción, Bío Bío, Chile",-36.8436936,-73.0528123,1,GEOMETRIC_CENTER,2020,1289649,2020/07/14 00:00:00+00,ATROPELLO,ATROPELLO,URBANA,IMPRUDENCIA DEL CONDUCTOR,NO RESPETAR DERECHO PREFERENTE DE PASO A PEATON,0,1,0,0,11:00:00
-73.0600454,-36.8279683,2196,8,REGION BIO BIO,8101,CONCEPCION,ARTURO PRAT,MAIPU,0,"Maipú & Arturo Prat, Concepción, Bío Bío, Chile",-36.8279683,-73.0600454,1,GEOMETRIC_CENTER,2020,1289676,2020/07/15 00:00:00+00,COLISION PERPENDICULAR,COLISION,URBANA,DESOBEDIENCIA A SEÑALIZACION,SEÑALIZACION DESOBEDECER LUZ ROJA DE SEMAFORO,0,0,0,0,09:20:00
-73.0416703,-36.8241957,2197,8,REGION BIO BIO,8101,CONCEPCION,PAICAVI,OHIGGINS,0,"Paicaví & Libertador General Bernardo OHiggins, Concepción, Bío Bío, Chile",-36.8241957,-73.0416703,1,GEOMETRIC_CENTER,2020,1289688,2020/07/15 00:00:00+00,ATROPELLO,ATROPELLO,URBANA,IMPRUDENCIA DEL CONDUCTOR,NO RESPETAR DERECHO PREFERENTE DE PASO A PEATON,0,1,0,0,08:15:00
-73.0468096,-36.8237537,2198,8,REGION BIO BIO,8101,CONCEPCION,FREIRE,TUCAPEL,0,"Tucapel & Freire, Concepción, Bío Bío, Chile",-36.8237537,-73.0468096,1,GEOMETRIC_CENTER,2020,1289698,2020/07/16 00:00:00+00,COLISION PERPENDICULAR,COLISION,URBANA,IMPRUDENCIA DEL CONDUCTOR,CONDUCCION NO ATENTO CONDICIONES TRANSITO MOMENTO,0,0,0,0,11:35:00
-73.0429731,-36.8196393,2199,8,REGION BIO BIO,8101,CONCEPCION,JANEQUEO,LOS CARRERA,0,"Janequeo & Avenida los Carrera, Concepción, Bío Bío, Chile",-36.8196393,-73.0429731,1,GEOMETRIC_CENTER,2020,1289711,2020/07/08 00:00:00+00,COLISION FRONTAL,COLISION,URBANA,IMPRUDENCIA DEL CONDUCTOR,CONDUCCION NO ATENTO CONDICIONES TRANSITO MOMENTO,0,0,0,0,17:00:00
-73.0598192,-36.7985047,2200,8,REGION BIO BIO,8101,CONCEPCION,PAICAVI, ,3380,"Paicaví 3380, Concepción, Bío Bío, Chile",-36.7985047,-73.0598192,1,ROOFTOP,2020,1289768,2020/07/13 00:00:00+00,CHOQUE FRENTE/POSTERIOR,CHOQUE,URBANA,IMPRUDENCIA DEL CONDUCTOR,CONDUCCION NO ATENTO CONDICIONES TRANSITO MOMENTO,0,1,0,0,15:15:00
-73.052077,-36.8087293,2201,8,REGION BIO BIO,8101,CONCEPCION,ALONSO DE RIVERA,PAICAVI,0,"Juan de Dios Rivera 1261, Concepción, Bío Bío, Chile",-36.8087293,-73.052077,1,ROOFTOP,2020,1289772,2020/07/15 00:00:00+00,COLISION FRONTAL,COLISION,URBANA,IMPRUDENCIA DEL CONDUCTOR,CONDUCCION NO ATENTO CONDICIONES TRANSITO MOMENTO,0,0,0,1,10:25:00
-73.0371242,-36.7969237,2202,8,REGION BIO BIO,8101,CONCEPCION,LOS ACACIOS,LOS NARANJOS,0,"Los Acacios & Los Naranjos, Concepción, Bío Bío, Chile",-36.7969237,-73.0371242,1,GEOMETRIC_CENTER,2020,1289787,2020/07/15 00:00:00+00,CHOQUE POSTERIOR/FRENTE,CHOQUE,URBANA,IMPRUDENCIA DEL CONDUCTOR,CONDUCCION NO ATENTO CONDICIONES TRANSITO MOMENTO,0,0,0,0,18:30:00
-72.9482137,-36.6129362,2203,8,REGION BIO BIO,8111,TOME,SANTIAGO OSORIO, ,1856,"Santiago Osorio 1856, Tome, Tomé, Bío Bío, Chile",-36.6129362,-72.9482137,1,RANGE_INTERPOLATED,2020,1289835,2020/07/18 00:00:00+00,CHOQUE FRENTE/LADO,CHOQUE,URBANA,IMPRUDENCIA DEL CONDUCTOR,CONDUCCION NO ATENTO CONDICIONES TRANSITO MOMENTO,0,0,0,0,03:30:00
-73.1628388,-36.9932055,2204,8,REGION BIO BIO,8102,CORONEL,MANUEL MONTT, ,2328,"Av. Manuel Montt 2328, Coronel, Bío Bío, Chile",-36.9932055,-73.1628388,1,ROOFTOP,2020,1289866,2020/06/29 00:00:00+00,ATROPELLO,ATROPELLO,URBANA,IMPRUDENCIA DEL CONDUCTOR,CONDUCCION NO ATENTO CONDICIONES TRANSITO MOMENTO,0,0,0,1,18:45:00
-73.1634637,-36.9960597,2205,8,REGION BIO BIO,8102,CORONEL,JUAN ANTONIO RIOS, ,2004,"Juan Antonio Ríos 2004, Coronel, Bío Bío, Chile",-36.9960597,-73.1634637,1,RANGE_INTERPOLATED,2020,1290067,2020/06/30 00:00:00+00,COLISION,COLISION,URBANA,IMPRUDENCIA DEL CONDUCTOR,CONDUCCION NO ATENTO CONDICIONES TRANSITO MOMENTO,0,0,0,1,18:10:00
-73.3150034,-37.241464,2206,8,REGION BIO BIO,8202,ARAUCO,FRESIA,OHIGGINS,0,"Fresia & OHiggins, Arauco, Bío Bío, Chile",-37.241464,-73.3150034,1,GEOMETRIC_CENTER,2020,1290071,2020/07/02 00:00:00+00,CHOQUE POSTERIOR,CHOQUE,URBANA,IMPRUDENCIA DEL CONDUCTOR,CONDUCIR VEHICULO EN RETROCESO,0,0,0,0,19:50:00
-73.1015978,-36.7759405,2207,8,REGION BIO BIO,8110,TALCAHUANO,LICANTEN, ,5249,"Licantén 5249, Talcahuano, Bío Bío, Chile",-36.7759405,-73.1015978,1,RANGE_INTERPOLATED,2020,1290140,2020/07/06 00:00:00+00,ATROPELLO,ATROPELLO,URBANA,IMPRUDENCIA DEL CONDUCTOR,NO RESPETAR DERECHO PREFERENTE DE PASO A PEATON,0,1,0,0,01:37:00
-73.0576528,-36.8307616,2208,8,REGION BIO BIO,8101,CONCEPCION,OHIGGINS, ,39,"Libertador Gral. Bernardo OHiggins 39, Concepción, Bío Bío, Chile",-36.8307616,-73.0576528,1,ROOFTOP,2020,1290228,2020/07/13 00:00:00+00,COLISION,COLISION,URBANA,IMPRUDENCIA DEL CONDUCTOR,CONDUCCION NO ATENTO CONDICIONES TRANSITO MOMENTO,0,0,0,0,11:45:00
-73.0436564,-36.8197164,2209,8,REGION BIO BIO,8101,CONCEPCION,LOS CARRERA,PAICAVI,0,"Los Carrera - Paicaví, Concepción, Bío Bío, Chile",-36.8197164,-73.0436564,1,GEOMETRIC_CENTER,2020,1290233,2020/07/17 00:00:00+00,COLISION LATERAL,COLISION,URBANA,IMPRUDENCIA DEL CONDUCTOR,CONDUCCION NO ATENTO CONDICIONES TRANSITO MOMENTO,0,0,0,0,19:10:00
-73.0611969,-36.8305347,2210,8,REGION BIO BIO,8101,CONCEPCION,PASCUAL BINIMELIS,CENTRAL NORTE,0,"Pascual Binimelis & Central Norte, Concepción, Bío Bío, Chile",-36.8305347,-73.0611969,1,GEOMETRIC_CENTER,2020,1290240,2020/07/18 00:00:00+00,COLISION PERPENDICULAR,COLISION,URBANA,DESOBEDIENCIA A SEÑALIZACION,SEÑALIZACION DESOBEDECER SEÑAL CEDA EL PASO,0,0,0,0,14:00:00
-73.0579112,-36.7802257,2211,8,REGION BIO BIO,8101,CONCEPCION,JORGE ALESSANDRI,TIERRAS COLORADAS,0,"Av. Tierras Coloradas & Av. Jorge Alessandri, Concepción, Bío Bío, Chile",-36.7802257,-73.0579112,1,GEOMETRIC_CENTER,2020,1290243,2020/07/19 00:00:00+00,COLISION LATERAL,COLISION,URBANA,IMPRUDENCIA DEL CONDUCTOR,ADELANTAMIENTO SIN EL ESPACIO O TIEMPO SUFICIENTE,0,0,0,0,14:20:00
-73.0511656,-36.8294264,2212,8,REGION BIO BIO,8101,CONCEPCION,RENGO,SAN MARTIN,0,"San Martín & Rengo, Concepción, Bío Bío, Chile",-36.8294264,-73.0511656,1,GEOMETRIC_CENTER,2020,1290262,2020/07/20 00:00:00+00,COLISION LATERAL,COLISION,URBANA,IMPRUDENCIA DEL CONDUCTOR,CONDUCCION NO ATENTO CONDICIONES TRANSITO MOMENTO,0,0,0,0,12:00:00
-73.1462808,-36.8447367,2213,8,REGION BIO BIO,8108,SAN PEDRO DE LA PAZ,MICHAIHUE, ,1450,"Av Michaihue 1450, San Pedro de la Paz, Región Metropolitana, Chile",-36.8447367,-73.1462808,1,RANGE_INTERPOLATED,2020,1290263,2020/07/20 00:00:00+00,CHOQUE FRENTE/LADO,CHOQUE,URBANA,IMPRUDENCIA DEL CONDUCTOR,"ADELANTAMIENTO EN CRUCE, CURVA, CUESTA, PUENTE",0,0,0,0,16:30:00
-72.6575469,-37.5039429,2214,8,REGION BIO BIO,8306,NACIMIENTO,OHIGGINS, ,4417,"OHiggins, Nacimiento, Bío Bío, Chile",-37.5039429,-72.6575469,1,GEOMETRIC_CENTER,2020,1290265,2020/07/18 00:00:00+00,CHOQUE,CHOQUE,URBANA,CAUSAS NO DETERMINADAS,CAUSAS NO DETERMINADAS,0,0,0,0,14:45:00
-73.0450024,-36.8287797,2215,8,REGION BIO BIO,8101,CONCEPCION,CASTELLON, ,152,"Castellón 152, Concepción, Bío Bío, Chile",-36.8287797,-73.0450024,1,ROOFTOP,2020,1290271,2020/07/20 00:00:00+00,CHOQUE,CHOQUE,URBANA,IMPRUDENCIA DEL CONDUCTOR,CONDUCIR VEHICULO EN RETROCESO,0,0,0,0,10:00:00
-72.6752877,-37.5071805,2216,8,REGION BIO BIO,8306,NACIMIENTO,EL PALQUI, ,970,"El Palque 970, Nacimiento, Bío Bío, Chile",-37.5071805,-72.6752877,1,RANGE_INTERPOLATED,2020,1290274,2020/07/18 00:00:00+00,CHOQUE,CHOQUE,URBANA,ALCOHOL EN CONDUCTOR,CONDUCCION EN ESTADO DE EBRIEDAD,0,0,0,1,22:08:00
-73.0480548,-36.8268899,2217,8,REGION BIO BIO,8101,CONCEPCION,OHIGGINS,COLO COLO,0,"Colo Colo & Libertador General Bernardo OHiggins, Concepción, Bío Bío, Chile",-36.8268899,-73.0480548,1,GEOMETRIC_CENTER,2020,1290293,2020/07/20 00:00:00+00,COLISION LATERAL,COLISION,URBANA,IMPRUDENCIA DEL CONDUCTOR,CONDUCCION NO ATENTO CONDICIONES TRANSITO MOMENTO,0,0,0,0,09:10:00
-73.0856174,-36.7987522,2218,8,REGION BIO BIO,8112,HUALPEN,CRISTOBAL COLON,LOS ESCRITORES,0,"Cristobal Colon - Av Los Copihues, Hualpén, Bío Bío, Chile",-36.7987522,-73.0856174,1,GEOMETRIC_CENTER,2020,1290337,2020/07/21 00:00:00+00,COLISION,COLISION,URBANA,IMPRUDENCIA DEL CONDUCTOR,CONDUCCION SIN MANTENER DISTANCIA RAZONABLE NI PRUDENTE,0,0,0,0,17:30:00
-73.0562474,-36.8264104,2219,8,REGION BIO BIO,8101,CONCEPCION,ANGOL,MAIPU,0,"Angol & Maipú, Concepción, Bío Bío, Chile",-36.8264104,-73.0562474,1,GEOMETRIC_CENTER,2020,1290362,2020/07/21 00:00:00+00,COLISION PERPENDICULAR,COLISION,URBANA,DESOBEDIENCIA A SEÑALIZACION,SEÑALIZACION DESOBEDECER LUZ ROJA DE SEMAFORO,0,1,0,0,08:10:00
-72.676056,-37.5083477,2220,8,REGION BIO BIO,8306,NACIMIENTO,JULIO HEMMELMANN, ,630,"Av. Julio Hemmelmann 630, Nacimiento, Bío Bío, Chile",-37.5083477,-72.676056,1,ROOFTOP,2020,1290446,2020/07/20 00:00:00+00,CHOQUE,CHOQUE,URBANA,IMPRUDENCIA DEL CONDUCTOR,CONDUCCION NO ATENTO CONDICIONES TRANSITO MOMENTO,0,0,0,0,16:30:00
-73.1177909,-36.729677,2221,8,REGION BIO BIO,8110,TALCAHUANO,LA MARINA,JUAN ANTONIO RIOS,0,"La Marina & Juan Antonio Ríos, Talcahuano, Bío Bío, Chile",-36.729677,-73.1177909,1,GEOMETRIC_CENTER,2020,1290522,2020/07/16 00:00:00+00,COLISION LATERAL,COLISION,URBANA,DESOBEDIENCIA A SEÑALIZACION,SEÑALIZACION DESOBEDECER SEÑAL PARE,0,1,0,1,17:00:00