X,Y,FID,COD_REG,REGION,CUT,COMUNA,CALLE_UNO,CALLE_DOS,NUMERO,DIR_GEOCOD,LAT,LNG,VAL_COM,TIPO,Año,Idaccident,Fecha,Tipo_Accid,Tipo__CONA,Zona,Causa__CON,Causa,Fallecidos,Graves,Menos_Grav,Leves,Hora
-73.1264452,-36.7208584,2222,8,REGION BIO BIO,8110,TALCAHUANO,ESPAÑA,LATORRE,0,"España & Almirante Latorre, Talcahuano, Bío Bío, Chile",-36.7208584,-73.1264452,1,GEOMETRIC_CENTER,2020,1290531,2020/04/15 00:00:00+00,COLISION LATERAL,COLISION,URBANA,ALCOHOL EN CONDUCTOR,CONDUCCION EN ESTADO DE EBRIEDAD,0,0,0,0,20:40:00
-73.3232485,-37.2547731,2223,8,REGION BIO BIO,8202,ARAUCO,LOS JESUITAS,CALIFORNIA,0,"Los jesuitas & California, Arauco, Bío Bío, Chile",-37.2547731,-73.3232485,1,GEOMETRIC_CENTER,2020,1290553,2020/07/14 00:00:00+00,COLISION LATERAL,COLISION,URBANA,IMPRUDENCIA DEL CONDUCTOR,CONDUCCION NO ATENTO CONDICIONES TRANSITO MOMENTO,0,0,0,1,07:50:00
-73.112117,-36.8000857,2224,8,REGION BIO BIO,8112,HUALPEN,COSTANERA,GRAN BRETAÑA,0,"C. la Roda, Hualpén, Bío Bío, Chile",-36.8000857,-73.112117,1,GEOMETRIC_CENTER,2020,1290666,2020/07/22 00:00:00+00,CHOQUE,CHOQUE,URBANA,IMPRUDENCIA DEL CONDUCTOR,CONDUCCION SIN MANTENER DISTANCIA RAZONABLE NI PRUDENTE,0,0,0,0,17:45:00
-73.3476688,-37.4786122,2225,8,REGION BIO BIO,8205,CURANILAHUE,MANUEL MONTT,ERNESTO RIQUELME,0,"Riquelme & Manuel Montt, Curanilahue, Bío Bío, Chile",-37.4786122,-73.3476688,1,GEOMETRIC_CENTER,2020,1290727,2020/07/21 00:00:00+00,COLISION LATERAL,COLISION,URBANA,IMPRUDENCIA DEL CONDUCTOR,CONDUCCION NO ATENTO CONDICIONES TRANSITO MOMENTO,0,0,0,1,19:00:00
-73.15563,-37.0856745,2226,8,REGION BIO BIO,8106,LOTA,LA PAZ, ,64,"La Paz 64, Lota, Bío Bío, Chile",-37.0856745,-73.15563,1,RANGE_INTERPOLATED,2020,1290799,2020/07/06 00:00:00+00,COLISION LATERAL,COLISION,URBANA,IMPRUDENCIA DEL CONDUCTOR,ADELANTAMIENTO SIN EL ESPACIO O TIEMPO SUFICIENTE,0,0,0,0,21:55:00
-73.0272769,-36.9173458,2227,8,REGION BIO BIO,8103,CHIGUAYANTE,OHIGGINS,SANTA SOFIA,0,"Sta. Sofía & Av. OHiggins, Chiguayante, Bío Bío, Chile",-36.9173458,-73.0272769,1,GEOMETRIC_CENTER,2020,1290763,2020/07/17 00:00:00+00,COLISION POR ALCANCE,COLISION,URBANA,OTRAS CAUSAS,OTRAS CAUSAS,0,0,0,0,18:10:00
-73.0314566,-36.9064214,2228,8,REGION BIO BIO,8103,CHIGUAYANTE,OCHO ORIENTE,CALLE UNO,0,"C. 1 & Calle 8 Ote., Chiguayante, Bío Bío, Chile",-36.9064214,-73.0314566,1,GEOMETRIC_CENTER,2020,1290791,2020/07/22 00:00:00+00,COLISION LATERAL,COLISION,URBANA,OTRAS CAUSAS,OTRAS CAUSAS,0,0,0,1,10:45:00
-73.1545545,-37.0921404,2229,8,REGION BIO BIO,8106,LOTA,CARRERA, ,510,"Carrera 510, Lota, Bío Bío, Chile",-37.0921404,-73.1545545,1,RANGE_INTERPOLATED,2020,1290797,2020/07/03 00:00:00+00,CHOQUE FRONTAL,CHOQUE,URBANA,OTRAS CAUSAS,OTRAS CAUSAS,0,0,0,0,11:50:00
-73.1520412,-37.0921752,2230,8,REGION BIO BIO,8106,LOTA,FERNANDO MAIRA,RENE SCHNEIDER,0,"René Schneider, Lota, Bío Bío, Chile",-37.0921752,-73.1520412,1,GEOMETRIC_CENTER,2020,1290798,2020/07/03 00:00:00+00,COLISION LATERAL,COLISION,URBANA,DESOBEDIENCIA A SEÑALIZACION,SEÑALIZACION DESOBEDECER SEÑAL PARE,0,0,0,2,19:30:00
-73.0598192,-36.7985047,2231,8,REGION BIO BIO,8101,CONCEPCION,PAICAVI, ,3380,"Paicaví 3380, Concepción, Bío Bío, Chile",-36.7985047,-73.0598192,1,ROOFTOP,2020,1290835,2020/07/13 00:00:00+00,CHOQUE FRONTAL,CHOQUE,URBANA,IMPRUDENCIA DEL CONDUCTOR,CONDUCCION NO ATENTO CONDICIONES TRANSITO MOMENTO,0,1,0,0,15:15:00
-73.0460491,-36.7964622,2232,8,REGION BIO BIO,8101,CONCEPCION,ABDON CIFUENTES, ,2229,"Abdón Cifuentes 2229, Concepción, Bío Bío, Chile",-36.7964622,-73.0460491,1,RANGE_INTERPOLATED,2020,1290837,2020/07/16 00:00:00+00,CHOQUE FRONTAL,CHOQUE,URBANA,ALCOHOL EN CONDUCTOR,CONDUCCION EN ESTADO DE EBRIEDAD,0,0,0,1,02:30:00
-73.0598864,-36.830254,2233,8,REGION BIO BIO,8101,CONCEPCION,LOS PRESIDENTES,BICENTENARIO,0,"Plaza Bicentenario - Arturo Prat 501, Concepción, Bío Bío, Chile",-36.830254,-73.0598864,1,ROOFTOP,2020,1290839,2020/07/16 00:00:00+00,CHOQUE FRONTAL,CHOQUE,URBANA,ALCOHOL EN CONDUCTOR,CONDUCCION EN ESTADO DE EBRIEDAD,0,0,0,1,06:10:00
-73.1472,-37.0701239,2234,8,REGION BIO BIO,8106,LOTA,PLAYA BLANCA, ,0,"Playa Blanca Lota - San Pedro 150-168, Lota, Bío Bío, Chile",-37.0701239,-73.1472,1,APPROXIMATE,2020,1290869,2020/07/09 00:00:00+00,COLISION LATERAL,COLISION,URBANA,IMPRUDENCIA DEL CONDUCTOR,CONDUCCION NO ATENTO CONDICIONES TRANSITO MOMENTO,0,0,0,0,19:50:00
-73.0436675,-36.821115,2235,8,REGION BIO BIO,8101,CONCEPCION,MAIPU,PAICAVI,0,"Maipú & Paicaví, Concepción, Bío Bío, Chile",-36.821115,-73.0436675,1,GEOMETRIC_CENTER,2020,1290914,2020/07/09 00:00:00+00,COLISION LATERAL,COLISION,URBANA,IMPRUDENCIA DEL CONDUCTOR,CONDUCCION NO ATENTO CONDICIONES TRANSITO MOMENTO,0,1,0,1,21:15:00
-73.0608019,-36.8269433,2236,8,REGION BIO BIO,8101,CONCEPCION,ARTURO PRAT,LOS CARRERA,0,"Avenida los Carrera & Arturo Prat, Concepción, Bío Bío, Chile",-36.8269433,-73.0608019,1,GEOMETRIC_CENTER,2020,1290982,2020/07/24 00:00:00+00,CHOQUE,CHOQUE,URBANA,DESOBEDIENCIA A SEÑALIZACION,SEÑALIZACION DESOBEDECER LUZ INTERMITENTE SEMAFORO,0,0,0,0,12:00:00
-73.0534418,-36.8464407,2237,8,REGION BIO BIO,8101,CONCEPCION,PUENTE LA MOCHITA,COSTANERA,0,"La Mochita, Concepción, Bío Bío, Chile",-36.8464407,-73.0534418,1,GEOMETRIC_CENTER,2020,1290994,2020/07/24 00:00:00+00,COLISION FRONTAL,COLISION,URBANA,ALCOHOL EN CONDUCTOR,CONDUCCION EN ESTADO DE EBRIEDAD,0,1,0,1,23:40:00
-73.0575365,-36.8320381,2238,8,REGION BIO BIO,8101,CONCEPCION,ARTURO PRAT,SAN MARTIN,0,"San Martín & Arturo Prat, Concepción, Bío Bío, Chile",-36.8320381,-73.0575365,1,GEOMETRIC_CENTER,2020,1290996,2020/07/25 00:00:00+00,COLISION LATERAL,COLISION,URBANA,IMPRUDENCIA DEL CONDUCTOR,CONDUCCION CAMBIAR SORPRESIVAMENTE PISTA CIRCULACION,0,0,0,0,10:30:00
-73.044308,-36.8226574,2239,8,REGION BIO BIO,8101,CONCEPCION,ONGOLMO,FREIRE,0,"Ongolmo & Freire, Concepción, Bío Bío, Chile",-36.8226574,-73.044308,1,GEOMETRIC_CENTER,2020,1320909,2020/12/23 00:00:00+00,CHOQUE,CHOQUE,URBANA,IMPRUDENCIA DEL CONDUCTOR,CONDUCCION NO ATENTO CONDICIONES TRANSITO MOMENTO,0,0,0,0,12:40:00
-73.1434739,-36.8627355,2240,8,REGION BIO BIO,8108,SAN PEDRO DE LA PAZ,BARLOVENTO, ,4631,"C. Barlovento 4631, San Pedro de la Paz, Bío Bío, Chile",-36.8627355,-73.1434739,1,ROOFTOP,2020,1291078,2020/07/21 00:00:00+00,CHOQUE FRENTE/POSTERIOR,CHOQUE,URBANA,ALCOHOL EN CONDUCTOR,CONDUCCION EN ESTADO DE EBRIEDAD,0,0,0,1,21:45:00
-73.1150624,-36.8310857,2241,8,REGION BIO BIO,8108,SAN PEDRO DE LA PAZ,LOS OLMOS,LOS PINOS,0,"Los Claveles 577, San Pedro de la Paz, Bío Bío, Chile",-36.8310857,-73.1150624,1,ROOFTOP,2020,1291090,2020/07/22 00:00:00+00,COLISION LATERAL,COLISION,URBANA,IMPRUDENCIA DEL CONDUCTOR,CONDUCCION NO ATENTO CONDICIONES TRANSITO MOMENTO,0,0,0,0,07:40:00
-73.0104485,-36.8302128,2242,8,REGION BIO BIO,8101,CONCEPCION,PASAJE UNO,CALLE UNO,0,"C. 1 & Pje. Uno, Concepción, Bío Bío, Chile",-36.8302128,-73.0104485,1,GEOMETRIC_CENTER,2020,1291154,2020/07/05 00:00:00+00,COLISION PERPENDICULAR,COLISION,URBANA,ALCOHOL EN CONDUCTOR,CONDUCCION EN ESTADO DE EBRIEDAD,0,0,0,1,21:35:00
-73.0523722,-36.8324493,2243,8,REGION BIO BIO,8101,CONCEPCION,CHACABUCO,ANGOL,0,"Avenida Chacabuco & Angol, Concepción, Bío Bío, Chile",-36.8324493,-73.0523722,1,GEOMETRIC_CENTER,2020,1291167,2020/07/26 00:00:00+00,COLISION PERPENDICULAR,COLISION,URBANA,DESOBEDIENCIA A SEÑALIZACION,SEÑALIZACION DESOBEDECER LUZ ROJA DE SEMAFORO,0,1,0,1,12:10:00
-73.0562474,-36.8264104,2244,8,REGION BIO BIO,8101,CONCEPCION,MAIPU,ANGOL,0,"Angol & Maipú, Concepción, Bío Bío, Chile",-36.8264104,-73.0562474,1,GEOMETRIC_CENTER,2020,1291179,2020/07/27 00:00:00+00,CHOQUE POSTERIOR,CHOQUE,URBANA,IMPRUDENCIA DEL CONDUCTOR,CONDUCCION NO ATENTO CONDICIONES TRANSITO MOMENTO,0,0,0,0,13:00:00
-73.1073644,-36.7260658,2245,8,REGION BIO BIO,8110,TALCAHUANO,PEREZ GACITUA, ,303,"Pérez Gacitúa 303, Talcahuano, Bío Bío, Chile",-36.7260658,-73.1073644,1,RANGE_INTERPOLATED,2020,1291351,2020/07/17 00:00:00+00,CHOQUE FRENTE/POSTERIOR,CHOQUE,URBANA,IMPRUDENCIA DEL CONDUCTOR,CONDUCCION SIN MANTENER DISTANCIA RAZONABLE NI PRUDENTE,0,0,0,0,20:00:00
-73.0833749,-36.7430747,2246,8,REGION BIO BIO,8110,TALCAHUANO,VASCO NUÑEZ DE BALBOA, ,6226,"Vasco Núñez de Balboa 6226, Talcahuano, Bío Bío, Chile",-36.7430747,-73.0833749,1,RANGE_INTERPOLATED,2020,1291382,2020/07/13 00:00:00+00,CHOQUE FRONTAL,CHOQUE,URBANA,PERDIDA CONTROL VEHICULO,PERDIDA CONTROL VEHICULO,0,0,0,0,04:55:00
-73.1276721,-36.7180833,2247,8,REGION BIO BIO,8110,TALCAHUANO,DOLLINCO,LONCONAO,0,"Dollinco, Talcahuano, Bío Bío, Chile",-36.7180833,-73.1276721,1,GEOMETRIC_CENTER,2020,1291396,2020/07/13 00:00:00+00,COLISION LATERAL,COLISION,URBANA,IMPRUDENCIA DEL CONDUCTOR,NO RESPETAR DERECHO PREFERENTE DE PASO A VEHICULO,0,0,0,0,19:00:00
-73.1096698,-36.7285396,2248,8,REGION BIO BIO,8110,TALCAHUANO,GRAL CRUZ,PEREZ GACITUA,0,"Pérez Gacitúa & General Cruz, Talcahuano, Bío Bío, Chile",-36.7285396,-73.1096698,1,GEOMETRIC_CENTER,2020,1291422,2020/07/25 00:00:00+00,COLISION LATERAL,COLISION,URBANA,DESOBEDIENCIA A SEÑALIZACION,SEÑALIZACION DESOBEDECER OTRA,0,0,0,1,18:40:00
-73.0568699,-36.8331809,2249,8,REGION BIO BIO,8101,CONCEPCION,COSTANERA,KOSTER,0,"Arturo Prat 199, Concepción, Bío Bío, Chile",-36.8331809,-73.0568699,1,ROOFTOP,2020,1291657,2020/07/27 00:00:00+00,COLISION LATERAL,COLISION,URBANA,IMPRUDENCIA DEL CONDUCTOR,VIRAJES INDEBIDOS,0,0,0,0,19:40:00
-73.0455419,-36.8232329,2250,8,REGION BIO BIO,8101,CONCEPCION,FREIRE,OROMPELLO,0,"Freire & Orompello, Concepción, Bío Bío, Chile",-36.8232329,-73.0455419,1,GEOMETRIC_CENTER,2020,1291632,2020/07/07 00:00:00+00,COLISION PERPENDICULAR,COLISION,URBANA,IMPRUDENCIA DEL CONDUCTOR,CONDUCCION NO ATENTO CONDICIONES TRANSITO MOMENTO,0,0,0,0,10:44:00
-73.0055393,-36.833091,2251,8,REGION BIO BIO,8101,CONCEPCION,CAMINO NONGUEN,30 DE OCTUBRE,0,"Camino Nonguén & Treinta de Octubre, Concepción, Bío Bío, Chile",-36.833091,-73.0055393,1,GEOMETRIC_CENTER,2020,1291649,2020/07/27 00:00:00+00,ATROPELLO,ATROPELLO,URBANA,IMPRUDENCIA DEL CONDUCTOR,NO RESPETAR DERECHO PREFERENTE DE PASO A PEATON,0,0,0,1,14:30:00
-73.0489254,-36.8245598,2252,8,REGION BIO BIO,8101,CONCEPCION,FREIRE, ,831,"Freire 831, Concepción, Bío Bío, Chile",-36.8245598,-73.0489254,1,ROOFTOP,2020,1291660,2020/07/29 00:00:00+00,CHOQUE LATERAL,CHOQUE,URBANA,IMPRUDENCIA DEL CONDUCTOR,CONDUCCION NO ATENTO CONDICIONES TRANSITO MOMENTO,0,0,0,0,13:30:00
-73.0066194,-36.8264338,2253,8,REGION BIO BIO,8101,CONCEPCION,CAMINO NONGUEN, ,547,"Cam. Nonguén 547, Concepción, Bío Bío, Chile",-36.8264338,-73.0066194,1,ROOFTOP,2020,1291667,2020/07/29 00:00:00+00,CHOQUE POSTERIOR,CHOQUE,URBANA,IMPRUDENCIA DEL CONDUCTOR,CONDUCCION NO ATENTO CONDICIONES TRANSITO MOMENTO,0,0,0,0,15:30:00
-73.1099531,-36.7866757,2254,8,REGION BIO BIO,8112,HUALPEN,CAMINO A LA DESEMBOCADURA, ,0,"Hualpén, Bío Bío, Chile",-36.7866757,-73.1099531,1,APPROXIMATE,2020,1291668,2020/07/24 00:00:00+00,ATROPELLO,ATROPELLO,RURAL,IMPRUDENCIA DEL PEATON,PEATON PERMANECE SOBRE LA CALZADA,0,1,0,0,18:50:00
-73.6514907,-37.6080479,2255,8,REGION BIO BIO,8201,LEBU,ANDRES BELLO,JUAN ANTONIO RIOS,0,"Lebu, Bío Bío, Chile",-37.6080479,-73.6514907,1,APPROXIMATE,2020,1291708,2020/07/28 00:00:00+00,COLISION LATERAL,COLISION,URBANA,VELOCIDAD IMPRUDENTE,VELOCIDAD NO RAZONABLE NI PRUDENTE,0,0,0,0,08:20:00
-73.0516449,-36.8087443,2256,8,REGION BIO BIO,8101,CONCEPCION,PAICAVI,JUAN DE DIOS RIVERA,0,"Juan de Dios Rivera & Paicaví, Concepción, Bío Bío, Chile",-36.8087443,-73.0516449,1,GEOMETRIC_CENTER,2020,1291772,2020/07/29 00:00:00+00,CHOQUE POSTERIOR,CHOQUE,URBANA,IMPRUDENCIA DEL CONDUCTOR,CONDUCCION SIN MANTENER DISTANCIA RAZONABLE NI PRUDENTE,0,0,0,1,21:00:00
-73.0298621,-36.8153848,2257,8,REGION BIO BIO,8101,CONCEPCION,MAIPU,GRAL NOVOA,0,"General Novoa & Maipú, Concepción, Bío Bío, Chile",-36.8153848,-73.0298621,1,GEOMETRIC_CENTER,2020,1291775,2020/07/30 00:00:00+00,COLISION LATERAL,COLISION,URBANA,IMPRUDENCIA DEL CONDUCTOR,CONDUCCION CAMBIAR SORPRESIVAMENTE PISTA CIRCULACION,0,0,0,0,10:15:00
-73.121333,-36.7242866,2258,8,REGION BIO BIO,8110,TALCAHUANO,ITALIA,BRASIL,0,"Brasil & Italia, Talcahuano, Bío Bío, Chile",-36.7242866,-73.121333,1,GEOMETRIC_CENTER,2020,1291809,2020/07/25 00:00:00+00,COLISION LATERAL,COLISION,URBANA,DESOBEDIENCIA A SEÑALIZACION,SEÑALIZACION DESOBEDECER SEÑAL CEDA EL PASO,0,0,0,2,16:30:00
-73.3986859,-37.8009348,2259,8,REGION BIO BIO,8203,CAÑETE,CONDELL,VILLAGRAN,0,"Condell & Villagran, Canete, Cañete, Bío Bío, Chile",-37.8009348,-73.3986859,1,GEOMETRIC_CENTER,2020,1291815,2020/07/20 00:00:00+00,COLISION,COLISION,URBANA,IMPRUDENCIA DEL CONDUCTOR,CONDUCCION NO ATENTO CONDICIONES TRANSITO MOMENTO,0,0,0,0,13:15:00
-73.3432122,-37.4779308,2260,8,REGION BIO BIO,8205,CURANILAHUE,3 DE MAYO, ,59,"Curanilahue, Bío Bío, Chile",-37.4779308,-73.3432122,1,APPROXIMATE,2020,1291825,2020/07/26 00:00:00+00,COLISION LATERAL,COLISION,URBANA,IMPRUDENCIA DEL CONDUCTOR,CONDUCCION NO ATENTO CONDICIONES TRANSITO MOMENTO,0,0,0,0,17:00:00
-73.3460201,-37.4811187,2261,8,REGION BIO BIO,8205,CURANILAHUE,LA QUILA, ,703,"La Quila 703, Curanilahue, Bío Bío, Chile",-37.4811187,-73.3460201,1,RANGE_INTERPOLATED,2020,1291826,2020/07/28 00:00:00+00,CHOQUE LATERAL,CHOQUE,URBANA,ALCOHOL EN CONDUCTOR,CONDUCCION EN ESTADO DE EBRIEDAD,0,0,0,0,01:45:00
-73.0577102,-36.8323295,2262,8,REGION BIO BIO,8101,CONCEPCION,ARTURO PRAT, ,289,"Arturo Prat 289, Concepción, Bío Bío, Chile",-36.8323295,-73.0577102,1,RANGE_INTERPOLATED,2020,1291835,2020/07/31 00:00:00+00,COLISION LATERAL,COLISION,URBANA,IMPRUDENCIA DEL CONDUCTOR,CONDUCCION NO ATENTO CONDICIONES TRANSITO MOMENTO,0,0,0,0,11:35:00
-73.0594508,-36.8098705,2263,8,REGION BIO BIO,8101,CONCEPCION,COLO COLO,ANIBAL PINTO,0,"Anibal Pinto & Colo Colo, Concepción, Bío Bío, Chile",-36.8098705,-73.0594508,1,GEOMETRIC_CENTER,2020,1291863,2020/07/16 00:00:00+00,CHOQUE FRENTE/POSTERIOR,CHOQUE,URBANA,IMPRUDENCIA DEL CONDUCTOR,CONDUCCION NO ATENTO CONDICIONES TRANSITO MOMENTO,0,0,0,0,11:55:00
-73.1350508,-36.8808771,2264,8,REGION BIO BIO,8108,SAN PEDRO DE LA PAZ,MANUEL RODRIGUEZ,LOS NARANJOS,0,"Manuel Rodríguez & Los Naranjos, San Pedro de la Paz, Bío Bío, Chile",-36.8808771,-73.1350508,1,GEOMETRIC_CENTER,2020,1291865,2020/07/30 00:00:00+00,COLISION LATERAL,COLISION,URBANA,IMPRUDENCIA DEL CONDUCTOR,CONDUCCION NO ATENTO CONDICIONES TRANSITO MOMENTO,0,0,1,1,13:33:00
-73.1379586,-36.8349838,2265,8,REGION BIO BIO,8108,SAN PEDRO DE LA PAZ,DANIEL BELMAR FRENTE, ,1270,"Daniel Belmar, San Pedro de la Paz, Bío Bío, Chile",-36.8349838,-73.1379586,1,GEOMETRIC_CENTER,2020,1291866,2020/07/28 00:00:00+00,VOLCADURA,VOLCADURA,URBANA,IMPRUDENCIA DEL CONDUCTOR,CONDUCCION NO ATENTO CONDICIONES TRANSITO MOMENTO,0,0,0,0,16:50:00
-72.5620497,-37.0955723,2266,8,REGION BIO BIO,8313,YUMBEL,OHIGGINS, ,10,"OHiggins 10, Yumbel, Bío Bío, Chile",-37.0955723,-72.5620497,1,RANGE_INTERPOLATED,2020,1291996,2020/07/23 00:00:00+00,CHOQUE FRONTAL,CHOQUE,URBANA,ALCOHOL EN CONDUCTOR,CONDUCCION EN ESTADO DE EBRIEDAD,0,0,0,0,22:00:00
-72.9505085,-36.5991984,2267,8,REGION BIO BIO,8111,TOME,LORD COCHRANE,NUEVO AMANECER,0,"Lord Cochrane & Pasaje Nuevo Amanecer, Tome, Tomé, Bío Bío, Chile",-36.5991984,-72.9505085,1,GEOMETRIC_CENTER,2020,1292000,2020/07/29 00:00:00+00,OTRO TIPO,OTRO TIPO,URBANA,FALLAS MECANICAS,FALLAS MECANICAS CARROCERIA,0,0,0,0,16:30:00
-72.7041519,-37.2640764,2268,8,REGION BIO BIO,8304,LAJA,SAN MARTIN,VIOLETA PARRA,0,"San Martin & Violeta Parra, Laja, Bío Bío, Chile",-37.2640764,-72.7041519,1,GEOMETRIC_CENTER,2020,1292002,2020/07/25 00:00:00+00,CHOQUE FRONTAL,CHOQUE,URBANA,VELOCIDAD IMPRUDENTE,"VELOCIDAD NO REDUCIR CRUCE DE CALLES, CUMBRE, CURVA, ETC.",0,0,0,2,10:30:00
-72.6591497,-37.5069784,2269,8,REGION BIO BIO,8306,NACIMIENTO,LUIS FIGUEROA, ,225,"Luis Figueroa 225, Nacimiento, Negrete, Bío Bío, Chile",-37.5069784,-72.6591497,1,RANGE_INTERPOLATED,2020,1292051,2020/07/22 00:00:00+00,VOLCADURA,VOLCADURA,URBANA,DEFICIENCIAS VIALES,ANIMALES SUELTOS VIA PUBLICA,0,0,0,1,13:15:00
-72.530111,-37.5852535,2270,8,REGION BIO BIO,8307,NEGRETE,21 DE MAYO,IGNACIO CARRERA PINTO,0,"Ignacio Carrera Pinto, Negrete, Bío Bío, Chile",-37.5852535,-72.530111,1,GEOMETRIC_CENTER,2020,1292054,2020/07/22 00:00:00+00,ATROPELLO,ATROPELLO,URBANA,IMPRUDENCIA DEL CONDUCTOR,NO RESPETAR DERECHO PREFERENTE DE PASO A PEATON,0,0,1,0,17:00:00
-73.0415799,-36.8059412,2271,8,REGION BIO BIO,8101,CONCEPCION,EJERCITO,LIENTUR,0,"Lientur & Ejército, Concepción, Bío Bío, Chile",-36.8059412,-73.0415799,1,GEOMETRIC_CENTER,2020,1292121,2020/07/21 00:00:00+00,COLISION LATERAL,COLISION,URBANA,DESOBEDIENCIA A SEÑALIZACION,SEÑALIZACION DESOBEDECER SEÑAL CEDA EL PASO,0,0,0,0,10:29:00
-73.0140457,-36.9566874,2272,8,REGION BIO BIO,8103,CHIGUAYANTE,21 DE MAYO, ,3225,"21 de Mayo 3225, Chiguayante, Bío Bío, Chile",-36.9566874,-73.0140457,1,RANGE_INTERPOLATED,2020,1292122,2020/07/21 00:00:00+00,CHOQUE FRENTE/FRENTE,CHOQUE,URBANA,IMPRUDENCIA DEL CONDUCTOR,CONDUCCION NO ATENTO CONDICIONES TRANSITO MOMENTO,0,0,0,0,10:45:00
-73.0340764,-36.7954894,2273,8,REGION BIO BIO,8101,CONCEPCION,ANDALIEN,MILLANTU,0,"Avenida Andalien & Millantu, Concepción, Bío Bío, Chile",-36.7954894,-73.0340764,1,GEOMETRIC_CENTER,2020,1292132,2020/07/21 00:00:00+00,CHOQUE POSTERIOR/FRENTE,CHOQUE,URBANA,IMPRUDENCIA DEL CONDUCTOR,CONDUCCION NO ATENTO CONDICIONES TRANSITO MOMENTO,0,0,0,0,17:30:00
-73.1323196,-36.7193759,2274,8,REGION BIO BIO,8110,TALCAHUANO,LOS ARAUCANOS, ,3430,"Los Araucanos, Talcahuano, Bío Bío, Chile",-36.7193759,-73.1323196,1,GEOMETRIC_CENTER,2020,1292161,2020/07/29 00:00:00+00,COLISION POR ALCANCE,COLISION,URBANA,IMPRUDENCIA DEL CONDUCTOR,CONDUCCION SIN MANTENER DISTANCIA RAZONABLE NI PRUDENTE,0,0,0,0,11:50:00
-72.688141,-37.490071,2275,8,REGION BIO BIO,8306,NACIMIENTO,VILLA ALEGRE, ,2300,"Villa Alegre 2300, Nacimiento, Bío Bío, Chile",-37.490071,-72.688141,1,RANGE_INTERPOLATED,2020,1321214,2020/12/11 00:00:00+00,COLISION POR ALCANCE,COLISION,URBANA,ALCOHOL EN CONDUCTOR,CONDUCCION EN ESTADO DE EBRIEDAD,0,0,0,1,22:22:00
-73.1397228,-36.7125699,2276,8,REGION BIO BIO,8110,TALCAHUANO,PUNTA CORRALILLO, ,1346,"Punta Corralillo 1346, Talcahuano, Bío Bío, Chile",-36.7125699,-73.1397228,1,RANGE_INTERPOLATED,2020,1292190,2020/07/23 00:00:00+00,COLISION POR ALCANCE,COLISION,URBANA,IMPRUDENCIA DEL CONDUCTOR,CONDUCCION SIN MANTENER DISTANCIA RAZONABLE NI PRUDENTE,0,0,0,0,19:41:00
-73.087673,-36.7837414,2277,8,REGION BIO BIO,8112,HUALPEN,CRISTOBAL COLON, ,7510,"Av. Cristóbal Colón 7510, Hualpén, Bío Bío, Chile",-36.7837414,-73.087673,1,ROOFTOP,2020,1292240,2020/07/29 00:00:00+00,CHOQUE LADO/LADO,CHOQUE,URBANA,IMPRUDENCIA DEL CONDUCTOR,CONDUCCION CAMBIAR SORPRESIVAMENTE PISTA CIRCULACION,0,0,0,0,15:00:00
-73.4650798,-37.6277739,2278,8,REGION BIO BIO,8206,LOS ALAMOS,DIEGO PORTALES, ,1025,"Los Alamos, Bío Bío, Chile",-37.6277739,-73.4650798,1,APPROXIMATE,2020,1276054,2020/04/03 00:00:00+00,CHOQUE POSTERIOR/POSTERIOR,CHOQUE,URBANA,IMPRUDENCIA DEL CONDUCTOR,CONDUCCION NO ATENTO CONDICIONES TRANSITO MOMENTO,0,1,1,0,07:43:00
-73.6595396,-37.6088707,2279,8,REGION BIO BIO,8201,LEBU,HECTOR RAPOLDI,JOSE YEVENES,0,"Eusebio lillo José yevenes, Lebu, Bío Bío, Chile",-37.6088707,-73.6595396,1,GEOMETRIC_CENTER,2020,1292270,2020/08/01 00:00:00+00,COLISION POR ALCANCE,COLISION,URBANA,IMPRUDENCIA DEL CONDUCTOR,CONDUCCION NO ATENTO CONDICIONES TRANSITO MOMENTO,0,0,0,0,13:00:00
-72.2476709,-37.7165386,2280,8,REGION BIO BIO,8305,MULCHEN,MANERA,MATTA,0,"Mulchen, Mulchén, Bío Bío, Chile",-37.7165386,-72.2476709,1,GEOMETRIC_CENTER,2020,1292277,2020/07/16 00:00:00+00,ATROPELLO,ATROPELLO,URBANA,DESOBEDIENCIA A SEÑALIZACION,SEÑALIZACION DESOBEDECER SEÑAL PARE,0,0,0,1,10:20:00
-73.098772,-36.7421292,2281,8,REGION BIO BIO,8110,TALCAHUANO,CRISTOBAL COLON, ,3236,"Gómez Carreño 3236, Talcahuano, Bío Bío, Chile",-36.7421292,-73.098772,1,ROOFTOP,2020,1292286,2020/07/25 00:00:00+00,CHOQUE POSTERIOR/LADO,CHOQUE,URBANA,IMPRUDENCIA DEL CONDUCTOR,CONDUCCION NO ATENTO CONDICIONES TRANSITO MOMENTO,0,0,0,0,13:30:00