X,Y,FID,COD_REG,REGION,CUT,COMUNA,CALLE_UNO,CALLE_DOS,NUMERO,DIR_GEOCOD,LAT,LNG,VAL_COM,TIPO,Año,Idaccident,Fecha,Tipo_Accid,Tipo__CONA,Zona,Causa__CON,Causa,Fallecidos,Graves,Menos_Grav,Leves,Hora
-73.0317419,-36.9030242,2282,8,REGION BIO BIO,8103,CHIGUAYANTE,OCHO ORIENTE, ,1368,"Calle 8 Ote. 1368, Chiguayante, Bío Bío, Chile",-36.9030242,-73.0317419,1,ROOFTOP,2020,1292291,2020/07/22 00:00:00+00,COLISION PERPENDICULAR,COLISION,URBANA,CAUSAS NO DETERMINADAS,CAUSAS NO DETERMINADAS,0,0,0,1,17:00:00
-73.0327393,-36.9311959,2283,8,REGION BIO BIO,8103,CHIGUAYANTE,TRES,LOS HEROES,0,"Pje. 6 660, Chiguayante, Bío Bío, Chile",-36.9311959,-73.0327393,1,ROOFTOP,2020,1292305,2020/07/27 00:00:00+00,COLISION PERPENDICULAR,COLISION,URBANA,OTRAS CAUSAS,OTRAS CAUSAS,0,1,0,0,20:45:00
-72.929706,-36.9738179,2284,8,REGION BIO BIO,8105,HUALQUI,LA ARAUCANA,FRESIA,0,"Avenida Araucana & Fresia, Hualqui, Bío Bío, Chile",-36.9738179,-72.929706,1,GEOMETRIC_CENTER,2020,1292315,2020/07/01 00:00:00+00,COLISION LATERAL,COLISION,URBANA,ALCOHOL EN CONDUCTOR,CONDUCCION EN ESTADO DE EBRIEDAD,0,0,0,1,07:45:00
-72.9376037,-36.9720923,2285,8,REGION BIO BIO,8105,HUALQUI,LA ARAUCANA,BULNES,0,"Bulnes & Av. Araucana, Hualqui, Bío Bío, Chile",-36.9720923,-72.9376037,1,GEOMETRIC_CENTER,2020,1292327,2020/07/07 00:00:00+00,COLISION LATERAL,COLISION,URBANA,OTRAS CAUSAS,OTRAS CAUSAS,0,0,0,0,14:50:00
-73.1132791,-36.7128065,2286,8,REGION BIO BIO,8110,TALCAHUANO,BLANCO ENCALADA, ,298,"Blanco Encalada 298, Talcahuano, Bío Bío, Chile",-36.7128065,-73.1132791,1,ROOFTOP,2020,1292354,2020/07/08 00:00:00+00,CHOQUE FRENTE/POSTERIOR,CHOQUE,URBANA,IMPRUDENCIA DEL CONDUCTOR,CONDUCCION SIN MANTENER DISTANCIA RAZONABLE NI PRUDENTE,0,0,0,0,12:40:00
-73.1483694,-37.090626,2287,8,REGION BIO BIO,8106,LOTA,CARRETERA FERNANDO MAIRA,21 DE MAYO,0,"21 de Mayo, Lota, Bío Bío, Chile",-37.090626,-73.1483694,1,GEOMETRIC_CENTER,2020,1292407,2020/07/15 00:00:00+00,VOLCADURA,VOLCADURA,URBANA,PERDIDA CONTROL VEHICULO,PERDIDA CONTROL VEHICULO,0,0,0,1,08:20:00
-73.1527368,-37.0838756,2288,8,REGION BIO BIO,8106,LOTA,CARRETERA FERNANDO MAIRA,CRUCE POLVORIN,0,"Fernando Maira Nº 580 – A, Sector La Cantera, Lota, Bío Bío, Chile",-37.0838756,-73.1527368,1,GEOMETRIC_CENTER,2020,1292410,2020/07/15 00:00:00+00,COLISION FRONTAL,COLISION,URBANA,PERDIDA CONTROL VEHICULO,PERDIDA CONTROL VEHICULO,0,3,0,1,21:15:00
-73.154948,-37.0878885,2289,8,REGION BIO BIO,8106,LOTA,LOS SAUCES, ,49,"Los Sauces 49, Lota, Bío Bío, Chile",-37.0878885,-73.154948,1,RANGE_INTERPOLATED,2020,1292417,2020/07/25 00:00:00+00,CHOQUE LADO/LADO,CHOQUE,URBANA,CAUSAS NO DETERMINADAS,CAUSAS NO DETERMINADAS,0,0,0,0,22:10:00
-72.3693727,-37.4793623,2290,8,REGION BIO BIO,8301,LOS ANGELES,PADRE HURTADO, ,537,"Av. Padre Hurtado 537, Los Angeles, Los Ángeles, Bío Bío, Chile",-37.4793623,-72.3693727,1,RANGE_INTERPOLATED,2020,1292458,2020/07/04 00:00:00+00,COLISION,COLISION,URBANA,IMPRUDENCIA DEL CONDUCTOR,CONDUCCION NO ATENTO CONDICIONES TRANSITO MOMENTO,0,0,0,0,19:13:00
-72.3758905,-37.4666489,2291,8,REGION BIO BIO,8301,LOS ANGELES,GALVARINO,ESTANISLAO ANGUITA,0,"Avenida Estanislao Anguita & Galvarino, Los Angeles, Los Ángeles, Bío Bío, Chile",-37.4666489,-72.3758905,1,GEOMETRIC_CENTER,2020,1292460,2020/07/04 00:00:00+00,COLISION,COLISION,URBANA,IMPRUDENCIA DEL CONDUCTOR,VIRAJES INDEBIDOS,0,0,0,3,20:20:00
-72.3361006,-37.49006,2292,8,REGION BIO BIO,8301,LOS ANGELES,FERROCARRIL,TOLPAN,0,"Tolpan & Avenida Ferrocarril, Los Angeles, Los Ángeles, Bío Bío, Chile",-37.49006,-72.3361006,1,GEOMETRIC_CENTER,2020,1292462,2020/07/05 00:00:00+00,COLISION LATERAL,COLISION,URBANA,IMPRUDENCIA DEL CONDUCTOR,CONDUCCION NO ATENTO CONDICIONES TRANSITO MOMENTO,0,2,0,0,19:10:00
-73.1182498,-36.8449113,2293,8,REGION BIO BIO,8108,SAN PEDRO DE LA PAZ,LAGUNA GRANDE, ,115,"Av. Laguna Grande, San Pedro de la Paz, Bío Bío, Chile",-36.8449113,-73.1182498,1,GEOMETRIC_CENTER,2020,1292485,2020/07/27 00:00:00+00,COLISION,COLISION,URBANA,CAUSAS NO DETERMINADAS,CAUSAS NO DETERMINADAS,0,0,0,1,14:00:00
-73.0853744,-36.8392998,2294,8,REGION BIO BIO,8108,SAN PEDRO DE LA PAZ,PEDRO AGUIRRE CERDA,SAN PEDRO,0,"San Pedro & Pedro Aguirre Cerda, San Pedro de la Paz, Bío Bío, Chile",-36.8392998,-73.0853744,1,GEOMETRIC_CENTER,2020,1292486,2020/07/27 00:00:00+00,COLISION,COLISION,URBANA,CAUSAS NO DETERMINADAS,CAUSAS NO DETERMINADAS,0,0,0,0,21:39:00
-72.3550948,-37.4621842,2295,8,REGION BIO BIO,8301,LOS ANGELES,JANAQUEO,ERCILLA NORTE AL SUR,0,"Janequeo & Ercilla, Los Angeles, Los Ángeles, Bío Bío, Chile",-37.4621842,-72.3550948,1,GEOMETRIC_CENTER,2020,1292494,2020/07/08 00:00:00+00,COLISION LATERAL,COLISION,URBANA,IMPRUDENCIA DEL CONDUCTOR,CONDUCCION NO ATENTO CONDICIONES TRANSITO MOMENTO,0,0,0,0,11:30:00
-72.3537942,-37.4806434,2296,8,REGION BIO BIO,8301,LOS ANGELES,FREIRE,VICUÑA MACKENNA,0,"Av. Vicuña Mackenna 415, Los Angeles, Los Ángeles, Bío Bío, Chile",-37.4806434,-72.3537942,1,ROOFTOP,2020,1292497,2020/07/09 00:00:00+00,CHOQUE FRENTE/POSTERIOR,CHOQUE,URBANA,IMPRUDENCIA DEL CONDUCTOR,CONDUCCION NO ATENTO CONDICIONES TRANSITO MOMENTO,0,0,0,0,18:30:00
-73.1560878,-37.0918972,2297,8,REGION BIO BIO,8106,LOTA,SERRANO,ANIBAL PINTO,0,"Aníbal Pinto & Serrano, Lota, Bío Bío, Chile",-37.0918972,-73.1560878,1,GEOMETRIC_CENTER,2020,1292501,2020/07/28 00:00:00+00,CHOQUE FRENTE/LADO,CHOQUE,URBANA,IMPRUDENCIA DEL CONDUCTOR,CONDUCCION NO ATENTO CONDICIONES TRANSITO MOMENTO,0,0,0,0,11:00:00
-72.3501438,-37.473245,2298,8,REGION BIO BIO,8301,LOS ANGELES,RICARDO VICUÑA, ,326,"Av. Ricardo Vicuña 326, Los Angeles, Los Ángeles, Bío Bío, Chile",-37.473245,-72.3501438,1,ROOFTOP,2020,1292508,2020/07/09 00:00:00+00,COLISION POR ALCANCE,COLISION,URBANA,IMPRUDENCIA DEL CONDUCTOR,CONDUCCION NO ATENTO CONDICIONES TRANSITO MOMENTO,0,0,0,0,11:55:00
-73.0370248,-36.792621,2299,8,REGION BIO BIO,8101,CONCEPCION,ANDALIEN,CAMPOS DEPORTIVOS,0,"Av. Campos Deportivos & Av. Andalien, Concepción, Bío Bío, Chile",-36.792621,-73.0370248,1,GEOMETRIC_CENTER,2020,1292509,2020/07/26 00:00:00+00,ATROPELLO,ATROPELLO,URBANA,IMPRUDENCIA DEL CONDUCTOR,CONDUCIR VEHICULO EN RETROCESO,0,0,0,1,18:00:00
-73.039879,-36.8170258,2300,8,REGION BIO BIO,8101,CONCEPCION,LAS HERAS,AINAVILLO,0,"Ainavillo & Las Heras, Concepción, Bío Bío, Chile",-36.8170258,-73.039879,1,GEOMETRIC_CENTER,2020,1292511,2020/07/25 00:00:00+00,COLISION PERPENDICULAR,COLISION,URBANA,IMPRUDENCIA DEL CONDUCTOR,CONDUCCION NO ATENTO CONDICIONES TRANSITO MOMENTO,0,0,0,1,15:30:00
-72.3436908,-37.4554333,2301,8,REGION BIO BIO,8301,LOS ANGELES,SOR VICENTA,MARCONI,0,"Avenida Sor Vicenta & Guillermo Marconi, Los Angeles, Los Ángeles, Bío Bío, Chile",-37.4554333,-72.3436908,1,GEOMETRIC_CENTER,2020,1292555,2020/07/10 00:00:00+00,COLISION FRONTAL,COLISION,URBANA,IMPRUDENCIA DEL CONDUCTOR,CONDUCCION NO ATENTO CONDICIONES TRANSITO MOMENTO,0,0,0,0,19:30:00
-72.3264248,-37.4659196,2302,8,REGION BIO BIO,8301,LOS ANGELES,LAS INDUSTRIAS, ,8055,"Av Las Industrias 8055, Los Ángeles, Bío Bío, Chile",-37.4659196,-72.3264248,1,RANGE_INTERPOLATED,2020,1292566,2020/07/08 00:00:00+00,CHOQUE LATERAL,CHOQUE,URBANA,IMPRUDENCIA DEL CONDUCTOR,CONDUCCION NO ATENTO CONDICIONES TRANSITO MOMENTO,0,0,0,0,08:40:00
-72.3708466,-37.4694351,2303,8,REGION BIO BIO,8301,LOS ANGELES,PADRE HURTADO,PADRE HURTADO,0,"Av. Padre Hurtado, Los Angeles, Los Ángeles, Bío Bío, Chile",-37.4694351,-72.3708466,1,GEOMETRIC_CENTER,2020,1292580,2020/07/10 00:00:00+00,CHOQUE LADO/LADO,CHOQUE,URBANA,IMPRUDENCIA DEL CONDUCTOR,CONDUCCION NO ATENTO CONDICIONES TRANSITO MOMENTO,0,0,0,0,21:30:00
-72.3519988,-37.4651417,2304,8,REGION BIO BIO,8301,LOS ANGELES,LIENTUR,VALDIVIA,0,"Valdivia & Lientur, Los Angeles, Los Ángeles, Bío Bío, Chile",-37.4651417,-72.3519988,1,GEOMETRIC_CENTER,2020,1292586,2020/07/13 00:00:00+00,COLISION LATERAL,COLISION,URBANA,IMPRUDENCIA DEL CONDUCTOR,CONDUCCION NO ATENTO CONDICIONES TRANSITO MOMENTO,0,0,0,0,21:20:00
-73.0775614,-36.8022452,2305,8,REGION BIO BIO,8112,HUALPEN,ARTEAGA ALEMPARTE, ,9153,"Arteaga Alemparte 9153, Hualpén, Concepción, Bío Bío, Chile",-36.8022452,-73.0775614,1,ROOFTOP,2020,1292777,2020/08/02 00:00:00+00,CHOQUE,CHOQUE,URBANA,PERDIDA CONTROL VEHICULO,PERDIDA CONTROL VEHICULO,0,0,0,0,14:40:00
-73.1068792,-36.7972959,2306,8,REGION BIO BIO,8112,HUALPEN,AVENIDA DOS,GRAN BRETAÑA,0,"Av. Gran Bretaña & Av. Dos, Hualpén, Bío Bío, Chile",-36.7972959,-73.1068792,1,GEOMETRIC_CENTER,2020,1292793,2020/08/04 00:00:00+00,COLISION,COLISION,URBANA,IMPRUDENCIA DEL CONDUCTOR,CONDUCCION SIN MANTENER DISTANCIA RAZONABLE NI PRUDENTE,0,0,0,0,18:30:00
-72.354455,-37.4674197,2307,8,REGION BIO BIO,8301,LOS ANGELES,RENGO,VOLCAN CALBUCO,0,"RENGO - N-555, Los Angeles, Los Ángeles, Bío Bío, Chile",-37.4674197,-72.354455,1,GEOMETRIC_CENTER,2020,1292903,2020/07/15 00:00:00+00,CHOQUE FRENTE/POSTERIOR,CHOQUE,URBANA,CAUSAS NO DETERMINADAS,CAUSAS NO DETERMINADAS,0,0,0,0,14:45:00
-72.9433137,-36.6232822,2308,8,REGION BIO BIO,8111,TOME,MANUEL MONTT, ,1941,"Manuel Montt 1941, Tome, Tomé, Bío Bío, Chile",-36.6232822,-72.9433137,1,RANGE_INTERPOLATED,2020,1292956,2020/08/06 00:00:00+00,COLISION LATERAL,COLISION,URBANA,IMPRUDENCIA DEL CONDUCTOR,CONDUCCION NO ATENTO CONDICIONES TRANSITO MOMENTO,0,0,0,0,11:30:00
-72.9862146,-36.7312043,2309,8,REGION BIO BIO,8107,PENCO,LAGO RIÑIHUE, ,218,"Lago Riñihue, Penco, Bío Bío, Chile",-36.7312043,-72.9862146,1,GEOMETRIC_CENTER,2020,1293044,2020/07/17 00:00:00+00,CHOQUE,CHOQUE,URBANA,CAUSAS NO DETERMINADAS,CAUSAS NO DETERMINADAS,0,0,0,0,19:10:00
-72.6649188,-36.8225777,2310,8,REGION BIO BIO,8104,FLORIDA,SARGENTO ALDEA, ,1104,"Sgto. Aldea, Florida, Bío Bío, Chile",-36.8225777,-72.6649188,1,GEOMETRIC_CENTER,2020,1293049,2020/07/19 00:00:00+00,CHOQUE,CHOQUE,URBANA,ALCOHOL EN CONDUCTOR,CONDUCCION EN ESTADO DE EBRIEDAD,0,0,1,0,23:55:00
-72.9747312,-36.7115785,2311,8,REGION BIO BIO,8107,PENCO,BALMACEDA, ,250,"Balmaceda 250, Lirquen, Penco, Bío Bío, Chile",-36.7115785,-72.9747312,1,RANGE_INTERPOLATED,2020,1293055,2020/07/24 00:00:00+00,CHOQUE,CHOQUE,URBANA,CAUSAS NO DETERMINADAS,CAUSAS NO DETERMINADAS,0,0,0,0,13:30:00
-73.0058509,-36.7449606,2312,8,REGION BIO BIO,8107,PENCO,FUERTE LA PLANCHADA, ,100,"Av. Fuerte La Planchada 100, Penco, Bío Bío, Chile",-36.7449606,-73.0058509,1,RANGE_INTERPOLATED,2020,1293058,2020/07/29 00:00:00+00,COLISION LATERAL,COLISION,URBANA,IMPRUDENCIA DEL CONDUCTOR,CONDUCCION NO ATENTO CONDICIONES TRANSITO MOMENTO,0,0,1,0,11:11:00
-73.1068792,-36.7972959,2313,8,REGION BIO BIO,8112,HUALPEN,AVENIDA DOS,GRAN BRETAÑA,0,"Av. Gran Bretaña & Av. Dos, Hualpén, Bío Bío, Chile",-36.7972959,-73.1068792,1,GEOMETRIC_CENTER,2020,1293063,2020/08/05 00:00:00+00,CHOQUE,CHOQUE,URBANA,ALCOHOL EN CONDUCTOR,CONDUCCION EN ESTADO DE EBRIEDAD,0,0,0,0,21:50:00
-73.0448855,-36.8268039,2314,8,REGION BIO BIO,8101,CONCEPCION,TUCAPEL,SAN MATRIN,0,"Tucapel & San Martín, Concepción, Bío Bío, Chile",-36.8268039,-73.0448855,1,GEOMETRIC_CENTER,2020,1293182,2020/08/01 00:00:00+00,COLISION PERPENDICULAR,COLISION,URBANA,DESOBEDIENCIA A SEÑALIZACION,SEÑALIZACION DESOBEDECER SEÑAL PARE,0,0,0,0,10:45:00
-73.054895,-36.8243107,2315,8,REGION BIO BIO,8101,CONCEPCION,LOS CARRERA, ,463,"Av. los Carrera 463, Concepción, Bío Bío, Chile",-36.8243107,-73.054895,1,RANGE_INTERPOLATED,2020,1293186,2020/08/01 00:00:00+00,CHOQUE POSTERIOR,CHOQUE,URBANA,IMPRUDENCIA DEL CONDUCTOR,CONDUCCION SIN MANTENER DISTANCIA RAZONABLE NI PRUDENTE,0,0,0,0,13:30:00
-73.0575019,-36.8269215,2316,8,REGION BIO BIO,8101,CONCEPCION,HIPOLITO SALAS,MAIPU,0,"Obispo Hipólito Salas & Maipú, Concepción, Bío Bío, Chile",-36.8269215,-73.0575019,1,GEOMETRIC_CENTER,2020,1293204,2020/08/04 00:00:00+00,ATROPELLO,ATROPELLO,URBANA,IMPRUDENCIA DEL CONDUCTOR,NO RESPETAR DERECHO PREFERENTE DE PASO A PEATON,0,0,0,1,12:15:00
-73.0190721,-36.8229242,2317,8,REGION BIO BIO,8101,CONCEPCION,LOS LIRIOS,GRAL GOROSTIAGA,0,"General Gorostiaga & Los Lirios, Concepción, Bío Bío, Chile",-36.8229242,-73.0190721,1,GEOMETRIC_CENTER,2020,1293215,2020/06/26 00:00:00+00,COLISION PERPENDICULAR,COLISION,URBANA,DESOBEDIENCIA A SEÑALIZACION,SEÑALIZACION DESOBEDECER SEÑAL PARE,0,0,0,0,17:20:00
-73.0636663,-36.8298222,2318,8,REGION BIO BIO,8101,CONCEPCION,LOS CARRERA PONIENTE,PASCUAL BINIMELLIS,0,"Avenida los Carrera - Poniente 301, Concepción, Bío Bío, Chile",-36.8298222,-73.0636663,1,ROOFTOP,2020,1293247,2020/08/05 00:00:00+00,CHOQUE,CHOQUE,URBANA,IMPRUDENCIA DEL CONDUCTOR,CONDUCIR VEHICULO EN RETROCESO,0,0,0,0,09:45:00
-73.0479205,-36.8509833,2319,8,REGION BIO BIO,8101,CONCEPCION,JUNGE,SGTO ALDEA,0,"Los Castaños 1533, Quinta Junge, Concepción, Bío Bío, Chile",-36.8509833,-73.0479205,1,ROOFTOP,2020,1293283,2020/08/05 00:00:00+00,COLISION LATERAL,COLISION,URBANA,IMPRUDENCIA DEL CONDUCTOR,CONDUCCION NO ATENTO CONDICIONES TRANSITO MOMENTO,0,0,0,0,14:00:00
-73.0610782,-36.8195549,2320,8,REGION BIO BIO,8101,CONCEPCION,MANUEL RODRIGUEZ, ,268,"Manuel Rodríguez 268, Concepción, Bío Bío, Chile",-36.8195549,-73.0610782,1,ROOFTOP,2020,1297910,2020/08/18 00:00:00+00,CHOQUE FRENTE/POSTERIOR,CHOQUE,URBANA,OTRAS CAUSAS,OTRAS CAUSAS,0,0,0,0,17:20:00
-73.1490662,-36.8556285,2321,8,REGION BIO BIO,8108,SAN PEDRO DE LA PAZ,COSTANERA,CARLOS PEZOA BELIZ,0,"Carlos Pezoa Véliz con - Av. Costanera, San Pedro de la Paz, Bío Bío, Chile",-36.8556285,-73.1490662,1,GEOMETRIC_CENTER,2020,1293819,2020/08/08 00:00:00+00,CHOQUE FRONTAL,CHOQUE,URBANA,IMPRUDENCIA DEL CONDUCTOR,CONDUCCION NO ATENTO CONDICIONES TRANSITO MOMENTO,0,0,0,1,00:30:00
-73.1129101,-36.7848717,2322,8,REGION BIO BIO,8112,HUALPEN,GIBRALTAR, ,2948,"Gibraltar 2948, Hualpén, Bío Bío, Chile",-36.7848717,-73.1129101,1,ROOFTOP,2020,1293532,2020/08/07 00:00:00+00,COLISION,COLISION,URBANA,PERDIDA CONTROL VEHICULO,PERDIDA CONTROL VEHICULO,0,0,0,0,21:00:00
-73.085192,-36.8170922,2323,8,REGION BIO BIO,8112,HUALPEN,COSTANERA,JUAN PABLO II,0,"Puente Juan Pablo II - Río Bío Bío, Coronel, Concepción, Bío Bío, Chile",-36.8170922,-73.085192,1,GEOMETRIC_CENTER,2020,1293555,2020/08/08 00:00:00+00,COLISION,COLISION,URBANA,IMPRUDENCIA DEL CONDUCTOR,CONDUCCION CAMBIAR SORPRESIVAMENTE PISTA CIRCULACION,0,0,0,0,19:45:00
-73.0872741,-36.7420969,2324,8,REGION BIO BIO,8110,TALCAHUANO,MANUEL GAETE,MANUEL BAYON,0,"Manuel Bayón & Manuel Gaete, Talcahuano, Bío Bío, Chile",-36.7420969,-73.0872741,1,GEOMETRIC_CENTER,2020,1293577,2020/08/10 00:00:00+00,COLISION LATERAL,COLISION,URBANA,DESOBEDIENCIA A SEÑALIZACION,SEÑALIZACION DESOBEDECER SEÑAL PARE,0,0,0,2,07:45:00
-73.0889726,-36.7762955,2325,8,REGION BIO BIO,8110,TALCAHUANO,EJERCITO, ,6742,"Ejército, Talcahuano, Bío Bío, Chile",-36.7762955,-73.0889726,1,GEOMETRIC_CENTER,2020,1293628,2020/08/05 00:00:00+00,CHOQUE FRENTE/POSTERIOR,CHOQUE,URBANA,IMPRUDENCIA DEL CONDUCTOR,CONDUCCION SIN MANTENER DISTANCIA RAZONABLE NI PRUDENTE,0,0,0,0,19:50:00
-73.1100445,-36.7244546,2326,8,REGION BIO BIO,8110,TALCAHUANO,CRISTOBAL COLON,MANUEL RODRIGUEZ,0,"Colon - Manuel Rodriguez, Talcahuano, Bío Bío, Chile",-36.7244546,-73.1100445,1,GEOMETRIC_CENTER,2020,1293676,2020/08/06 00:00:00+00,COLISION POR ALCANCE,COLISION,URBANA,DESOBEDIENCIA A SEÑALIZACION,SEÑALIZACION DESOBEDECER LUZ ROJA DE SEMAFORO,0,0,0,1,18:00:00
-73.6566213,-37.607419,2327,8,REGION BIO BIO,8201,LEBU,CARRERA,MACKAY,0,"Mackay & Carrera, Lebu, Bío Bío, Chile",-37.607419,-73.6566213,1,GEOMETRIC_CENTER,2020,1276062,2020/04/06 00:00:00+00,ATROPELLO,ATROPELLO,URBANA,DESOBEDIENCIA A SEÑALIZACION,SEÑALIZACION DESOBEDECER SEÑAL CEDA EL PASO,0,1,0,0,17:40:00
-73.3321152,-37.4845434,2328,8,REGION BIO BIO,8205,CURANILAHUE,TUCAPEL,LOS ALELIES,0,"Tucapel, Curanilahue, Bío Bío, Chile",-37.4845434,-73.3321152,1,GEOMETRIC_CENTER,2020,1293722,2020/08/10 00:00:00+00,ATROPELLO,ATROPELLO,URBANA,IMPRUDENCIA DEL CONDUCTOR,CONDUCCION NO ATENTO CONDICIONES TRANSITO MOMENTO,0,0,0,1,15:00:00
-73.1428155,-36.8398494,2329,8,REGION BIO BIO,8108,SAN PEDRO DE LA PAZ,SEGUNDA TRANSVERSAL,PASAJE C,0,"Segunda Longitudinal - Cuarta Transversal, San Pedro de la Paz, Bío Bío, Chile",-36.8398494,-73.1428155,1,GEOMETRIC_CENTER,2020,1293740,2020/08/02 00:00:00+00,ATROPELLO,ATROPELLO,URBANA,IMPRUDENCIA DEL CONDUCTOR,CONDUCCION NO ATENTO CONDICIONES TRANSITO MOMENTO,0,0,0,1,12:40:00
-72.2471819,-37.7134703,2330,8,REGION BIO BIO,8305,MULCHEN,MATTA,LASTARRIA,0,"Avenida Matta & Lastarria, Mulchen, Mulchén, Bío Bío, Chile",-37.7134703,-72.2471819,1,GEOMETRIC_CENTER,2020,1293802,2020/08/01 00:00:00+00,CHOQUE,CHOQUE,URBANA,ALCOHOL EN CONDUCTOR,CONDUCCION EN ESTADO DE EBRIEDAD,0,0,0,0,23:45:00
-72.2478493,-37.7216324,2331,8,REGION BIO BIO,8305,MULCHEN,UNZUETA,SOTO,0,"Unzueta & Soto, Mulchen, Mulchén, Bío Bío, Chile",-37.7216324,-72.2478493,1,GEOMETRIC_CENTER,2020,1293805,2020/08/01 00:00:00+00,CHOQUE,CHOQUE,URBANA,CAUSAS NO DETERMINADAS,CAUSAS NO DETERMINADAS,0,0,0,0,19:45:00
-73.0514271,-36.8338342,2332,8,REGION BIO BIO,8101,CONCEPCION,VICTOR LAMAS,ANGOL,0,"Angol & Víctor Lamas, Concepción, Bío Bío, Chile",-36.8338342,-73.0514271,1,GEOMETRIC_CENTER,2020,1293846,2020/08/08 00:00:00+00,COLISION POR ALCANCE,COLISION,URBANA,IMPRUDENCIA DEL CONDUCTOR,CONDUCCION SIN MANTENER DISTANCIA RAZONABLE NI PRUDENTE,0,0,0,1,12:55:00
-73.1133478,-36.7146606,2333,8,REGION BIO BIO,8110,TALCAHUANO,ANIBLA PINTO, ,220,"Aníbal Pinto 220, Talcahuano, Bío Bío, Chile",-36.7146606,-73.1133478,1,RANGE_INTERPOLATED,2020,1293847,2020/08/08 00:00:00+00,CHOQUE FRENTE/POSTERIOR,CHOQUE,URBANA,IMPRUDENCIA DEL CONDUCTOR,CONDUCCION SIN MANTENER DISTANCIA RAZONABLE NI PRUDENTE,0,0,0,0,11:45:00
-73.0174144,-36.8195224,2334,8,REGION BIO BIO,8101,CONCEPCION,COLLAO,LOS LIRIOS,0,"Collao & Los Lirios, Concepción, Bío Bío, Chile",-36.8195224,-73.0174144,1,GEOMETRIC_CENTER,2020,1293861,2020/08/11 00:00:00+00,COLISION LATERAL,COLISION,URBANA,IMPRUDENCIA DEL CONDUCTOR,ADELANTAMIENTO SIN EL ESPACIO O TIEMPO SUFICIENTE,0,0,0,0,17:30:00
-73.0494048,-36.8221863,2335,8,REGION BIO BIO,8101,CONCEPCION,LOS CARRERA,CASTELLON,0,"Avenida los Carrera & Castellón, Concepción, Bío Bío, Chile",-36.8221863,-73.0494048,1,GEOMETRIC_CENTER,2020,1293883,2020/08/06 00:00:00+00,CHOQUE POSTERIOR,CHOQUE,URBANA,IMPRUDENCIA DEL CONDUCTOR,CONDUCCION SIN MANTENER DISTANCIA RAZONABLE NI PRUDENTE,0,0,0,1,19:53:00
-73.3432122,-37.4779308,2336,8,REGION BIO BIO,8205,CURANILAHUE,ENTRE RIOS, ,62,"Curanilahue, Bío Bío, Chile",-37.4779308,-73.3432122,1,APPROXIMATE,2020,1293968,2020/08/10 00:00:00+00,COLISION LATERAL,COLISION,URBANA,CAUSAS NO DETERMINADAS,CAUSAS NO DETERMINADAS,0,1,0,0,18:30:00
-72.3356705,-37.4589212,2337,8,REGION BIO BIO,8301,LOS ANGELES,LAUCA,MALAGA,0,"Málaga & Lauca, Los Angeles, Los Ángeles, Bío Bío, Chile",-37.4589212,-72.3356705,1,GEOMETRIC_CENTER,2020,1293989,2020/07/18 00:00:00+00,COLISION LATERAL,COLISION,URBANA,FALLAS MECANICAS,FALLAS MECANICAS FRENOS,0,0,0,0,11:40:00
-72.3552035,-37.4729119,2338,8,REGION BIO BIO,8301,LOS ANGELES,RICARDO VICUÑA, ,666,"Av. Ricardo Vicuña 666, Los Angeles, Los Ángeles, Bío Bío, Chile",-37.4729119,-72.3552035,1,ROOFTOP,2020,1294000,2020/07/19 00:00:00+00,CHOQUE FRENTE/POSTERIOR,CHOQUE,URBANA,IMPRUDENCIA DEL CONDUCTOR,CONDUCCION NO ATENTO CONDICIONES TRANSITO MOMENTO,0,0,0,2,17:00:00
-73.1652442,-36.983938,2339,8,REGION BIO BIO,8102,CORONEL,VOLCAN OSORNO,VOLCAN PUYEHUE,0,"Volcán Puyehue & Volcán Osorno, Coronel, Bío Bío, Chile",-36.983938,-73.1652442,1,GEOMETRIC_CENTER,2020,1294022,2020/07/26 00:00:00+00,COLISION LATERAL,COLISION,URBANA,ALCOHOL EN CONDUCTOR,CONDUCCION BAJO LA INFLUENCIA DEL ALCOHOL,0,1,0,1,07:15:00
-72.3557199,-37.4812092,2340,8,REGION BIO BIO,8301,LOS ANGELES,VICUÑA MACKENNA, ,530,"Av. Vicuña Mackenna 530, Los Angeles, Los Ángeles, Bío Bío, Chile",-37.4812092,-72.3557199,1,ROOFTOP,2020,1294025,2020/07/20 00:00:00+00,CHOQUE POSTERIOR/FRENTE,CHOQUE,URBANA,IMPRUDENCIA DEL CONDUCTOR,CONDUCCION NO ATENTO CONDICIONES TRANSITO MOMENTO,0,0,0,1,15:00:00
-72.3392382,-37.4516819,2341,8,REGION BIO BIO,8301,LOS ANGELES,SOR VICENTA, ,2151,"Av. Sor Vicenta 2151, Los Angeles, Los Ángeles, Bío Bío, Chile",-37.4516819,-72.3392382,1,ROOFTOP,2020,1294057,2020/07/23 00:00:00+00,COLISION POR ALCANCE,COLISION,URBANA,IMPRUDENCIA DEL CONDUCTOR,CONDUCCION SIN MANTENER DISTANCIA RAZONABLE NI PRUDENTE,0,0,0,0,11:45:00
-72.3519804,-37.4637941,2342,8,REGION BIO BIO,8301,LOS ANGELES,VALDIVIA,GALVARINO,0,"Valdivia & Galvarino, Los Angeles, Los Ángeles, Bío Bío, Chile",-37.4637941,-72.3519804,1,GEOMETRIC_CENTER,2020,1294035,2020/07/20 00:00:00+00,COLISION,COLISION,URBANA,DESOBEDIENCIA A SEÑALIZACION,SEÑALIZACION DESOBEDECER SEÑAL PARE,0,1,0,4,21:45:00