X,Y,FID,COD_REG,REGION,CUT,COMUNA,CALLE_UNO,CALLE_DOS,NUMERO,DIR_GEOCOD,LAT,LNG,VAL_COM,TIPO,Año,Idaccident,Fecha,Tipo_Accid,Tipo__CONA,Zona,Causa__CON,Causa,Fallecidos,Graves,Menos_Grav,Leves,Hora
-72.3479523,-37.4732346,2343,8,REGION BIO BIO,8301,LOS ANGELES,LOS CARRERA, ,100,"Av. Los Carrera 100, Los Angeles, Los Ángeles, Bío Bío, Chile",-37.4732346,-72.3479523,1,RANGE_INTERPOLATED,2020,1294039,2020/07/22 00:00:00+00,CHOQUE FRONTAL,CHOQUE,URBANA,IMPRUDENCIA DEL CONDUCTOR,CONDUCCION NO ATENTO CONDICIONES TRANSITO MOMENTO,0,0,0,0,07:25:00
-72.3388188,-37.4624681,2344,8,REGION BIO BIO,8301,LOS ANGELES,LOS ANGELES,COSTANERA QUILQUE NORTE,0,"Costanera Quilque Nte., Los Angeles, Los Ángeles, Bío Bío, Chile",-37.4624681,-72.3388188,1,GEOMETRIC_CENTER,2020,1294043,2020/07/23 00:00:00+00,CHOQUE FRENTE/LADO,CHOQUE,URBANA,IMPRUDENCIA DEL CONDUCTOR,CONDUCCION NO ATENTO CONDICIONES TRANSITO MOMENTO,0,0,0,1,08:40:00
-73.0600454,-36.8279683,2345,8,REGION BIO BIO,8101,CONCEPCION,ARTURO PRAT,MAIPU,0,"Maipú & Arturo Prat, Concepción, Bío Bío, Chile",-36.8279683,-73.0600454,1,GEOMETRIC_CENTER,2020,1294074,2020/08/13 00:00:00+00,CHOQUE POSTERIOR,CHOQUE,URBANA,ALCOHOL EN CONDUCTOR,CONDUCCION EN ESTADO DE EBRIEDAD,0,0,0,1,20:30:00
-72.3482419,-37.4784015,2346,8,REGION BIO BIO,8301,LOS ANGELES,LOS CARRERA, ,500,"Av. Los Carrera 500, Los Angeles, Los Ángeles, Bío Bío, Chile",-37.4784015,-72.3482419,1,ROOFTOP,2020,1294093,2020/07/24 00:00:00+00,CHOQUE LADO/FRENTE,CHOQUE,URBANA,IMPRUDENCIA DEL CONDUCTOR,CONDUCCION NO ATENTO CONDICIONES TRANSITO MOMENTO,0,0,0,0,22:00:00
-72.3486321,-37.470151,2347,8,REGION BIO BIO,8301,LOS ANGELES,LAUTARO, ,267,"Lautaro 267, Los Angeles, Los Ángeles, Bío Bío, Chile",-37.470151,-72.3486321,1,ROOFTOP,2020,1294126,2020/07/28 00:00:00+00,COLISION,COLISION,URBANA,IMPRUDENCIA DEL CONDUCTOR,CONDUCCION NO ATENTO CONDICIONES TRANSITO MOMENTO,0,0,0,0,11:15:00
-72.3495794,-37.472613,2348,8,REGION BIO BIO,8301,LOS ANGELES,RICARDO VICUÑA,ALMAGRO,0,"Avenida Ricardo Vicuña & Almagro, Los Angeles, Los Ángeles, Bío Bío, Chile",-37.472613,-72.3495794,1,GEOMETRIC_CENTER,2020,1294128,2020/07/28 00:00:00+00,ATROPELLO,ATROPELLO,URBANA,IMPRUDENCIA DEL CONDUCTOR,CONDUCCION NO ATENTO CONDICIONES TRANSITO MOMENTO,0,0,0,1,11:30:00
-72.3921451,-37.4484962,2349,8,REGION BIO BIO,8301,LOS ANGELES,MARIA DOLORES, ,3360,"Cam. María Dolores 3360, Los Ángeles, Bío Bío, Chile",-37.4484962,-72.3921451,1,RANGE_INTERPOLATED,2020,1294137,2020/07/30 00:00:00+00,COLISION LATERAL,COLISION,URBANA,IMPRUDENCIA DEL CONDUCTOR,CONDUCCION NO ATENTO CONDICIONES TRANSITO MOMENTO,0,0,0,0,11:35:00
-73.1450465,-37.0052211,2350,8,REGION BIO BIO,8102,CORONEL,YOBILO,LEBU,0,"Lebu & Yobilo, Coronel, Bío Bío, Chile",-37.0052211,-73.1450465,1,GEOMETRIC_CENTER,2020,1294139,2020/07/10 00:00:00+00,CHOQUE,CHOQUE,URBANA,IMPRUDENCIA DEL CONDUCTOR,CONDUCCION NO ATENTO CONDICIONES TRANSITO MOMENTO,0,0,0,1,21:00:00
-73.1543005,-36.9867056,2351,8,REGION BIO BIO,8102,CORONEL,ESTERO LA MORA, ,2951,"Estero la Mora, Coronel, Bío Bío, Chile",-36.9867056,-73.1543005,1,GEOMETRIC_CENTER,2020,1294147,2020/07/12 00:00:00+00,CHOQUE,CHOQUE,URBANA,IMPRUDENCIA DEL CONDUCTOR,CONDUCCION NO ATENTO CONDICIONES TRANSITO MOMENTO,0,0,0,0,01:00:00
-72.3317226,-37.4936195,2352,8,REGION BIO BIO,8301,LOS ANGELES,LAUQUEN,PASAJE 1 PONIENTE,0,"1 Oriente & Lauquen, Los Ángeles, Bío Bío, Chile",-37.4936195,-72.3317226,1,GEOMETRIC_CENTER,2020,1294190,2020/07/11 00:00:00+00,CHOQUE LATERAL,CHOQUE,URBANA,CAUSAS NO DETERMINADAS,CAUSAS NO DETERMINADAS,0,0,0,0,23:10:00
-73.0335909,-36.808592,2353,8,REGION BIO BIO,8101,CONCEPCION,CAMILO HENRIQUEZ,JUAN JOSE MANZANO,0,"Camilo Henríquez & Juan José Manzano, Concepción, Bío Bío, Chile",-36.808592,-73.0335909,1,GEOMETRIC_CENTER,2020,1294221,2020/08/10 00:00:00+00,CHOQUE LATERAL,CHOQUE,URBANA,IMPRUDENCIA DEL CONDUCTOR,CONDUCCION NO ATENTO CONDICIONES TRANSITO MOMENTO,0,0,0,0,19:00:00
-73.4650798,-37.6277739,2354,8,REGION BIO BIO,8206,LOS ALAMOS,CATREN, ,1,"Los Alamos, Bío Bío, Chile",-37.6277739,-73.4650798,1,APPROXIMATE,2020,1294413,2020/08/12 00:00:00+00,CHOQUE FRONTAL,CHOQUE,URBANA,PERDIDA CONTROL VEHICULO,PERDIDA CONTROL VEHICULO,0,0,0,0,18:10:00
-72.3451676,-37.455383,2355,8,REGION BIO BIO,8301,LOS ANGELES,GUACOLDA, ,134,"Guacolda 134, Los Angeles, Los Ángeles, Bío Bío, Chile",-37.455383,-72.3451676,1,RANGE_INTERPOLATED,2020,1294503,2020/08/01 00:00:00+00,COLISION LATERAL,COLISION,URBANA,IMPRUDENCIA DEL CONDUCTOR,CONDUCCION NO ATENTO CONDICIONES TRANSITO MOMENTO,0,0,0,0,14:00:00
-73.0886684,-36.7602625,2356,8,REGION BIO BIO,8110,TALCAHUANO,CRISTOBAL COLON, ,5305,"Gómez Carreño 5305, Talcahuano, Bío Bío, Chile",-36.7602625,-73.0886684,1,RANGE_INTERPOLATED,2020,1294510,2020/08/12 00:00:00+00,ATROPELLO,ATROPELLO,URBANA,IMPRUDENCIA DEL PEATON,PEATON CRUZA CALZADA FUERA PASO PEATONES,0,1,0,0,09:20:00
-72.3771857,-37.4670812,2357,8,REGION BIO BIO,8301,LOS ANGELES,GALVARINO, ,1998,"Galvarino 1998, Los Angeles, Los Ángeles, Bío Bío, Chile",-37.4670812,-72.3771857,1,RANGE_INTERPOLATED,2020,1294511,2020/08/02 00:00:00+00,COLISION FRONTAL,COLISION,URBANA,IMPRUDENCIA DEL CONDUCTOR,CONDUCCION NO ATENTO CONDICIONES TRANSITO MOMENTO,0,0,0,0,18:15:00
-72.3316599,-37.4835026,2358,8,REGION BIO BIO,8301,LOS ANGELES,PALO VERDA, ,1507,"Pje. Palo Verde 1507, Los Angeles, Los Ángeles, Bío Bío, Chile",-37.4835026,-72.3316599,1,ROOFTOP,2020,1294516,2020/08/03 00:00:00+00,CHOQUE FRONTAL,CHOQUE,URBANA,PERDIDA CONTROL VEHICULO,PERDIDA CONTROL VEHICULO,0,1,0,0,13:10:00
-72.3704414,-37.4734502,2359,8,REGION BIO BIO,8301,LOS ANGELES,PADRE HURTADO,RICARDO VICUÑA,0,"Av. Padre Hurtado & Av. Ricardo Vicuña, Los Angeles, Los Ángeles, Bío Bío, Chile",-37.4734502,-72.3704414,1,GEOMETRIC_CENTER,2020,1294524,2020/08/03 00:00:00+00,COLISION,COLISION,URBANA,IMPRUDENCIA DEL CONDUCTOR,CONDUCCION NO ATENTO CONDICIONES TRANSITO MOMENTO,0,0,0,2,14:43:00
-73.0918364,-36.8389802,2360,8,REGION BIO BIO,8108,SAN PEDRO DE LA PAZ,PEDRO AGUIRRE CERDA,GALVARINO,0,"Avenida Pedro Aguirre Cerda & Galvarino, San Pedro de la Paz, Bío Bío, Chile",-36.8389802,-73.0918364,1,GEOMETRIC_CENTER,2020,1294525,2020/08/06 00:00:00+00,COLISION,COLISION,URBANA,CAUSAS NO DETERMINADAS,CAUSAS NO DETERMINADAS,0,0,0,1,17:35:00
-73.0893213,-36.8391466,2361,8,REGION BIO BIO,8108,SAN PEDRO DE LA PAZ,PEDRO AGUIRRE CERDA,LUIS ACEVEDO,0,"Avenida Pedro Aguirre Cerda & Luis Acevedo, San Pedro de la Paz, Bío Bío, Chile",-36.8391466,-73.0893213,1,GEOMETRIC_CENTER,2020,1294527,2020/08/10 00:00:00+00,COLISION,COLISION,URBANA,CAUSAS NO DETERMINADAS,CAUSAS NO DETERMINADAS,0,2,0,0,19:00:00
-72.3503945,-37.4610331,2362,8,REGION BIO BIO,8301,LOS ANGELES,COLON, ,1040,"Colón 1040, Los Angeles, Los Ángeles, Bío Bío, Chile",-37.4610331,-72.3503945,1,ROOFTOP,2020,1295143,2020/08/17 00:00:00+00,CHOQUE LATERAL,CHOQUE,URBANA,IMPRUDENCIA DEL CONDUCTOR,CONDUCCION NO ATENTO CONDICIONES TRANSITO MOMENTO,0,0,0,0,13:00:00
-73.1167115,-36.8379429,2363,8,REGION BIO BIO,8108,SAN PEDRO DE LA PAZ,PEDRO AGUIRRE CERDA,LOS NARANJOS,0,"Avenida Pedro Aguirre Cerda & Los Naranjos, San Pedro de la Paz, Bío Bío, Chile",-36.8379429,-73.1167115,1,GEOMETRIC_CENTER,2020,1294534,2020/08/15 00:00:00+00,COLISION,COLISION,URBANA,CAUSAS NO DETERMINADAS,CAUSAS NO DETERMINADAS,0,1,0,1,19:20:00
-72.3267685,-37.4557176,2364,8,REGION BIO BIO,8301,LOS ANGELES,LAS INDUSTRIAS, ,7625,"Av Las Industrias 7625, Los Ángeles, Bío Bío, Chile",-37.4557176,-72.3267685,1,RANGE_INTERPOLATED,2020,1294539,2020/08/05 00:00:00+00,COLISION POR ALCANCE,COLISION,URBANA,IMPRUDENCIA DEL CONDUCTOR,CONDUCCION NO ATENTO CONDICIONES TRANSITO MOMENTO,0,0,0,1,08:40:00
-72.3411894,-37.4598748,2365,8,REGION BIO BIO,8301,LOS ANGELES,LAURA,VALLADOLID,0,"Guillermo Marconi 855, Los Angeles, Los Ángeles, Bío Bío, Chile",-37.4598748,-72.3411894,1,ROOFTOP,2020,1294546,2020/08/05 00:00:00+00,COLISION POR ALCANCE,COLISION,URBANA,IMPRUDENCIA DEL CONDUCTOR,CONDUCCION SIN MANTENER DISTANCIA RAZONABLE NI PRUDENTE,0,0,0,0,19:20:00
-72.3536848,-37.4663091,2366,8,REGION BIO BIO,8301,LOS ANGELES,TUCAPEL,TUCAPEL,0,"Av. Tucapel, Los Angeles, Los Ángeles, Bío Bío, Chile",-37.4663091,-72.3536848,1,GEOMETRIC_CENTER,2020,1294559,2020/08/06 00:00:00+00,COLISION POR ALCANCE,COLISION,URBANA,IMPRUDENCIA DEL CONDUCTOR,CONDUCCION NO ATENTO CONDICIONES TRANSITO MOMENTO,0,0,0,0,16:45:00
-72.2492741,-37.7222187,2367,8,REGION BIO BIO,8305,MULCHEN,ECKERS,AMUNATEGUI,0,"Amunategui & Calle Eckers, Mulchen, Mulchén, Bío Bío, Chile",-37.7222187,-72.2492741,1,GEOMETRIC_CENTER,2020,1294569,2020/08/15 00:00:00+00,CHOQUE,CHOQUE,URBANA,ALCOHOL EN CONDUCTOR,CONDUCCION EN ESTADO DE EBRIEDAD,0,0,0,1,06:30:00
-72.3590412,-37.4809176,2368,8,REGION BIO BIO,8301,LOS ANGELES,VICUÑA MACKENNA, ,780,"Av. Vicuña Mackenna 780, Los Angeles, Los Ángeles, Bío Bío, Chile",-37.4809176,-72.3590412,1,ROOFTOP,2020,1294588,2020/08/09 00:00:00+00,CHOQUE,CHOQUE,URBANA,IMPRUDENCIA DEL CONDUCTOR,CONDUCCION NO ATENTO CONDICIONES TRANSITO MOMENTO,0,0,0,1,09:00:00
-72.3528088,-37.4683372,2369,8,REGION BIO BIO,8301,LOS ANGELES,VALDIVIA, ,440,"Valdivia 440, Los Angeles, Los Ángeles, Bío Bío, Chile",-37.4683372,-72.3528088,1,ROOFTOP,2020,1294577,2020/08/07 00:00:00+00,CHOQUE FRENTE/POSTERIOR,CHOQUE,URBANA,IMPRUDENCIA DEL CONDUCTOR,CONDUCCION NO ATENTO CONDICIONES TRANSITO MOMENTO,0,0,0,0,14:50:00
-72.3758267,-37.4673064,2370,8,REGION BIO BIO,8301,LOS ANGELES,ESTANISLAO ANGUITA, ,684,"Av. Estanislao Anguita 684, Los Angeles, Los Ángeles, Bío Bío, Chile",-37.4673064,-72.3758267,1,RANGE_INTERPOLATED,2020,1294630,2020/08/09 00:00:00+00,CHOQUE FRONTAL,CHOQUE,URBANA,ALCOHOL EN CONDUCTOR,CONDUCCION BAJO LA INFLUENCIA DEL ALCOHOL,0,0,0,0,23:40:00
-72.3724575,-37.4608092,2371,8,REGION BIO BIO,8301,LOS ANGELES,LAS TRANCAS,PADRE HURTADO,0,"Av. las Trancas & Av. Padre Hurtado, Los Angeles, Los Ángeles, Bío Bío, Chile",-37.4608092,-72.3724575,1,GEOMETRIC_CENTER,2020,1294633,2020/08/10 00:00:00+00,COLISION LATERAL,COLISION,URBANA,IMPRUDENCIA DEL CONDUCTOR,CONDUCCION NO ATENTO CONDICIONES TRANSITO MOMENTO,0,1,0,1,13:00:00
-72.3497222,-37.4691667,2372,8,REGION BIO BIO,8301,LOS ANGELES,ORIENTE,NESTO MEZA,0,"Colo Colo 327, Los Angeles, Los Ángeles, Bío Bío, Chile",-37.4691667,-72.3497222,1,ROOFTOP,2020,1294642,2020/08/10 00:00:00+00,CHOQUE FRENTE/LADO,CHOQUE,URBANA,OTRAS CAUSAS,OTRAS CAUSAS,0,0,0,1,21:00:00
-72.364233,-37.4801188,2373,8,REGION BIO BIO,8301,LOS ANGELES,VICUÑA MACKENNA,FERROCARRIL,0,"Av. Vicuña Mackenna & Av. Ferrocarril, Los Angeles, Los Ángeles, Bío Bío, Chile",-37.4801188,-72.364233,1,GEOMETRIC_CENTER,2020,1294645,2020/08/10 00:00:00+00,VOLCADURA,VOLCADURA,URBANA,IMPRUDENCIA DEL CONDUCTOR,CONDUCCION NO ATENTO CONDICIONES TRANSITO MOMENTO,0,0,0,1,21:45:00
-72.3590412,-37.4809176,2374,8,REGION BIO BIO,8301,LOS ANGELES,VICUÑA MACKENNA, ,780,"Av. Vicuña Mackenna 780, Los Angeles, Los Ángeles, Bío Bío, Chile",-37.4809176,-72.3590412,1,ROOFTOP,2020,1294663,2020/08/11 00:00:00+00,COLISION POR ALCANCE,COLISION,URBANA,IMPRUDENCIA DEL CONDUCTOR,CONDUCCION NO ATENTO CONDICIONES TRANSITO MOMENTO,0,0,0,1,11:45:00
-72.3384135,-37.4685891,2375,8,REGION BIO BIO,8301,LOS ANGELES,ALEMANIA,MARCONI,0,"Avenida Alemania & Guillermo Marconi, Los Angeles, Los Ángeles, Bío Bío, Chile",-37.4685891,-72.3384135,1,GEOMETRIC_CENTER,2020,1294699,2020/08/11 00:00:00+00,COLISION,COLISION,URBANA,IMPRUDENCIA DEL CONDUCTOR,CONDUCCION NO ATENTO CONDICIONES TRANSITO MOMENTO,0,1,0,0,14:00:00
-73.0833749,-36.7430747,2376,8,REGION BIO BIO,8110,TALCAHUANO,VASCO NUÑEZ DE BALBOA, ,7421,"Vasco Núñez de Balboa 7421, Talcahuano, Bío Bío, Chile",-36.7430747,-73.0833749,1,RANGE_INTERPOLATED,2020,1294765,2020/08/14 00:00:00+00,CHOQUE FRONTAL,CHOQUE,URBANA,PERDIDA CONTROL VEHICULO,PERDIDA CONTROL VEHICULO,0,1,0,0,09:55:00
-73.6576,-37.6092525,2377,8,REGION BIO BIO,8201,LEBU,MACKAY,FREIRE,0,"Mackay & Freire, Lebu, Bío Bío, Chile",-37.6092525,-73.6576,1,GEOMETRIC_CENTER,2020,1276065,2020/04/08 00:00:00+00,COLISION LATERAL,COLISION,URBANA,DESOBEDIENCIA A SEÑALIZACION,SEÑALIZACION DESOBEDECER SEÑAL CEDA EL PASO,0,0,0,0,16:20:00
-73.3480262,-37.4735056,2378,8,REGION BIO BIO,8205,CURANILAHUE,BERNARDO OHIGGINS, ,0,"Av. Bernardo OHiggins 111, Curanilahue, Bío Bío, Chile",-37.4735056,-73.3480262,1,ROOFTOP,2020,1294778,2020/08/15 00:00:00+00,CHOQUE POSTERIOR,CHOQUE,URBANA,ALCOHOL EN CONDUCTOR,CONDUCCION EN ESTADO DE EBRIEDAD,0,0,0,0,18:25:00
-73.0249499,-36.9265199,2379,8,REGION BIO BIO,8103,CHIGUAYANTE,MANUEL RODRIGUEZ,LAS CONDES,0,"Avenida Manuel Rodríguez & Las Condes, Chiguayante, Bío Bío, Chile",-36.9265199,-73.0249499,1,GEOMETRIC_CENTER,2020,1294805,2020/08/15 00:00:00+00,CHOQUE FRENTE/POSTERIOR,CHOQUE,URBANA,CAUSAS NO DETERMINADAS,CAUSAS NO DETERMINADAS,0,0,0,0,13:00:00
-73.1498747,-37.0975081,2380,8,REGION BIO BIO,8106,LOTA,FERNANDO MAIRA,CURVA PABLITO,0,"Laja 101-199, Lota, Bío Bío, Chile",-37.0975081,-73.1498747,1,ROOFTOP,2020,1294860,2020/08/05 00:00:00+00,VOLCADURA,VOLCADURA,URBANA,PERDIDA CONTROL VEHICULO,PERDIDA CONTROL VEHICULO,0,0,0,0,12:00:00
-73.1554451,-37.0787301,2381,8,REGION BIO BIO,8106,LOTA,VISTA HERMOSA,BLEST GANA,0,"Vista Hermosa 1013, Lota, Bío Bío, Chile",-37.0787301,-73.1554451,1,ROOFTOP,2020,1294857,2020/08/02 00:00:00+00,COLISION LATERAL,COLISION,URBANA,IMPRUDENCIA DEL CONDUCTOR,CONDUCCION NO ATENTO CONDICIONES TRANSITO MOMENTO,0,0,0,0,21:20:00
-73.1653089,-37.0902007,2382,8,REGION BIO BIO,8106,LOTA,BANNEN, ,0,"Parque Isidora Cousiño De Lota - Avenida El Parque 21 Lota, Biobío, Lota, Bío Bío, Chile",-37.0902007,-73.1653089,1,GEOMETRIC_CENTER,2020,1294869,2020/08/10 00:00:00+00,CHOQUE POSTERIOR,CHOQUE,URBANA,IMPRUDENCIA DEL CONDUCTOR,CONDUCIR VEHICULO EN RETROCESO,0,0,0,0,19:05:00
-73.081286,-36.7626852,2383,8,REGION BIO BIO,8110,TALCAHUANO,VALDIVIA, ,608,"Jaime Repullo 768, Talcahuano, Bío Bío, Chile",-36.7626852,-73.081286,1,ROOFTOP,2020,1294871,2020/08/13 00:00:00+00,COLISION LATERAL,COLISION,URBANA,IMPRUDENCIA DEL CONDUCTOR,VIRAJES INDEBIDOS,0,0,0,0,18:00:00
-72.3374266,-37.4893668,2384,8,REGION BIO BIO,8301,LOS ANGELES,LOS QUIMBAYAS,LOS INCAS,0,"Los Quimbayas & Los Incas, Los Angeles, Los Ángeles, Bío Bío, Chile",-37.4893668,-72.3374266,1,GEOMETRIC_CENTER,2020,1294972,2020/08/12 00:00:00+00,COLISION FRONTAL,COLISION,URBANA,IMPRUDENCIA DEL CONDUCTOR,CONDUCCION NO ATENTO CONDICIONES TRANSITO MOMENTO,0,0,0,1,12:00:00
-72.3725096,-37.4737546,2385,8,REGION BIO BIO,8301,LOS ANGELES,RICARDO VICUÑA,SAN CRISTIAN,0,"Avenida Ricardo Vicuña & San Cristian, Los Angeles, Los Ángeles, Bío Bío, Chile",-37.4737546,-72.3725096,1,GEOMETRIC_CENTER,2020,1294974,2020/08/12 00:00:00+00,COLISION LATERAL,COLISION,URBANA,IMPRUDENCIA DEL CONDUCTOR,CONDUCCION NO ATENTO CONDICIONES TRANSITO MOMENTO,0,0,0,0,18:50:00
-73.0945507,-36.7880639,2386,8,REGION BIO BIO,8112,HUALPEN,RECONQUISTA, ,8034,"La Reconquista 8034, Hualpén, Bío Bío, Chile",-36.7880639,-73.0945507,1,RANGE_INTERPOLATED,2020,1295254,2020/08/19 00:00:00+00,VOLCADURA,VOLCADURA,URBANA,PERDIDA CONTROL VEHICULO,PERDIDA CONTROL VEHICULO,0,0,0,2,21:45:00
-72.3455819,-37.4094149,2387,8,REGION BIO BIO,8301,LOS ANGELES,LAS INDUSTRIAS, ,2500,"Av Las Industrias 2500, Los Ángeles, Bío Bío, Chile",-37.4094149,-72.3455819,1,RANGE_INTERPOLATED,2020,1295044,2020/08/14 00:00:00+00,COLISION,COLISION,URBANA,IMPRUDENCIA DEL CONDUCTOR,CONDUCCION NO ATENTO CONDICIONES TRANSITO MOMENTO,0,0,0,0,16:15:00
-71.9847656,-37.4720212,2388,8,REGION BIO BIO,8309,QUILLECO,MANUEL RODRIGUEZ, ,564,"Manuel Rodríguez 142 Quilleco, Biobío, Quilleco, Bío Bío, Chile",-37.4720212,-71.9847656,1,GEOMETRIC_CENTER,2020,1295052,2020/08/06 00:00:00+00,CHOQUE FRENTE/POSTERIOR,CHOQUE,RURAL,IMPRUDENCIA DEL CONDUCTOR,CONDUCCION NO ATENTO CONDICIONES TRANSITO MOMENTO,0,0,0,1,07:50:00
-72.3627993,-37.4775567,2389,8,REGION BIO BIO,8301,LOS ANGELES,CONDELL,ALCAZAR,0,"Carlos Condell & Alcázar, Los Angeles, Los Ángeles, Bío Bío, Chile",-37.4775567,-72.3627993,1,GEOMETRIC_CENTER,2020,1295059,2020/08/14 00:00:00+00,ATROPELLO,ATROPELLO,URBANA,IMPRUDENCIA DEL CONDUCTOR,CONDUCCION NO ATENTO CONDICIONES TRANSITO MOMENTO,0,0,0,2,16:30:00
-72.3337331,-37.489119,2390,8,REGION BIO BIO,8301,LOS ANGELES,TOLPAN,LOS APACHES,0,"Los Apaches & Tolpan, Los Angeles, Los Ángeles, Bío Bío, Chile",-37.489119,-72.3337331,1,GEOMETRIC_CENTER,2020,1295063,2020/08/14 00:00:00+00,COLISION LATERAL,COLISION,URBANA,IMPRUDENCIA DEL CONDUCTOR,CONDUCCION NO ATENTO CONDICIONES TRANSITO MOMENTO,0,0,0,1,17:00:00
-72.3715429,-37.4608688,2391,8,REGION BIO BIO,8301,LOS ANGELES,LAS TRANCAS,LAGO CHAPU,0,"Avenida las Trancas & Lago Chapo, Los Angeles, Los Ángeles, Bío Bío, Chile",-37.4608688,-72.3715429,1,GEOMETRIC_CENTER,2020,1295071,2020/08/14 00:00:00+00,COLISION FRONTAL,COLISION,URBANA,IMPRUDENCIA DEL CONDUCTOR,CONDUCCION NO ATENTO CONDICIONES TRANSITO MOMENTO,0,0,0,0,19:00:00
-72.3291868,-37.4843619,2392,8,REGION BIO BIO,8301,LOS ANGELES,FRANCISCO ENCINA,PUERTO ALEGRE,0,"Avenida Francisco Encina & Pto Alegre, Los Ángeles, Bío Bío, Chile",-37.4843619,-72.3291868,1,GEOMETRIC_CENTER,2020,1295082,2020/08/15 00:00:00+00,COLISION LATERAL,COLISION,URBANA,IMPRUDENCIA DEL CONDUCTOR,CONDUCCION NO ATENTO CONDICIONES TRANSITO MOMENTO,0,0,0,1,18:25:00
-72.3719734,-37.4755945,2393,8,REGION BIO BIO,8301,LOS ANGELES,BAQUEDANO,SAN CRISTIAN,0,"Baquedano & San Cristian, Los Ángeles, Bío Bío, Chile",-37.4755945,-72.3719734,1,GEOMETRIC_CENTER,2020,1295083,2020/08/15 00:00:00+00,CHOQUE FRENTE/LADO,CHOQUE,URBANA,IMPRUDENCIA DEL CONDUCTOR,CONDUCCION NO ATENTO CONDICIONES TRANSITO MOMENTO,0,0,0,0,10:00:00
-72.3317226,-37.4936195,2394,8,REGION BIO BIO,8301,LOS ANGELES,PARCELA 82 SITIO A-18 B, ,1,"1 Ote., Los Ángeles, Bío Bío, Chile",-37.4936195,-72.3317226,1,GEOMETRIC_CENTER,2020,1295099,2020/08/16 00:00:00+00,CHOQUE FRENTE/FRENTE,CHOQUE,RURAL,ALCOHOL EN CONDUCTOR,CONDUCCION EN ESTADO DE EBRIEDAD,0,0,0,0,02:50:00
-72.3417836,-37.4896339,2395,8,REGION BIO BIO,8301,LOS ANGELES,LOS CARRERA,FERROCARRIL,0,"Av. Los Carrera & Av. Ferrocarril, Los Angeles, Los Ángeles, Bío Bío, Chile",-37.4896339,-72.3417836,1,GEOMETRIC_CENTER,2020,1295154,2020/08/19 00:00:00+00,COLISION LATERAL,COLISION,URBANA,IMPRUDENCIA DEL CONDUCTOR,CONDUCCION NO ATENTO CONDICIONES TRANSITO MOMENTO,0,0,0,0,13:50:00
-72.6569411,-37.5068066,2396,8,REGION BIO BIO,8306,NACIMIENTO,ESTACION, ,110,"Av. Estacion 110, Nacimiento, Negrete, Bío Bío, Chile",-37.5068066,-72.6569411,1,RANGE_INTERPOLATED,2020,1295191,2020/08/14 00:00:00+00,CHOQUE,CHOQUE,URBANA,ALCOHOL EN CONDUCTOR,CONDUCCION EN ESTADO DE EBRIEDAD,0,0,0,0,23:00:00
-73.0269333,-36.923338,2397,8,REGION BIO BIO,8103,CHIGUAYANTE,LOS CARRERA, ,25,"Los Carrera 25, Chiguayante, Bío Bío, Chile",-36.923338,-73.0269333,1,ROOFTOP,2020,1295230,2020/08/17 00:00:00+00,CHOQUE FRENTE/FRENTE,CHOQUE,URBANA,CAUSAS NO DETERMINADAS,CAUSAS NO DETERMINADAS,0,0,0,0,14:10:00
-73.0247147,-36.9274447,2398,8,REGION BIO BIO,8103,CHIGUAYANTE,MANUEL RODRIGUEZ, ,720,"Av. Manuel Rodríguez 720, Chiguayante, Bío Bío, Chile",-36.9274447,-73.0247147,1,RANGE_INTERPOLATED,2020,1295233,2020/08/17 00:00:00+00,ATROPELLO,ATROPELLO,URBANA,OTRAS CAUSAS,OTRAS CAUSAS,0,0,0,1,17:40:00
-73.1378197,-37.0322279,2399,8,REGION BIO BIO,8102,CORONEL,MERINO JARPA,GALVARINO RIVERO,0,"Galvarino Riveros & Merino Jarpa, Coronel, Bío Bío, Chile",-37.0322279,-73.1378197,1,GEOMETRIC_CENTER,2020,1295282,2020/08/07 00:00:00+00,ATROPELLO,ATROPELLO,URBANA,IMPRUDENCIA DEL PEATON,PEATON CRUZA CALZADA FORMA SORPRESIVA O DESCUIDADA,0,0,0,1,10:40:00
-73.1315259,-36.8386117,2400,8,REGION BIO BIO,8108,SAN PEDRO DE LA PAZ,DANIEL BELMAR,EL CERCO,0,"Daniel Belmar & El Cerco, San Pedro de la Paz, Bío Bío, Chile",-36.8386117,-73.1315259,1,GEOMETRIC_CENTER,2020,1295336,2020/07/16 00:00:00+00,CHOQUE FRONTAL,CHOQUE,URBANA,IMPRUDENCIA DEL CONDUCTOR,CONDUCCION NO ATENTO CONDICIONES TRANSITO MOMENTO,0,0,0,1,01:00:00
-73.1397125,-36.8714032,2401,8,REGION BIO BIO,8108,SAN PEDRO DE LA PAZ,4 NORTE, ,520,"4 Nte., San Pedro de la Paz, Bío Bío, Chile",-36.8714032,-73.1397125,1,GEOMETRIC_CENTER,2020,1295348,2020/08/19 00:00:00+00,CHOQUE FRENTE/LADO,CHOQUE,URBANA,IMPRUDENCIA DEL CONDUCTOR,CONDUCCION NO ATENTO CONDICIONES TRANSITO MOMENTO,0,1,0,0,07:10:00