X,Y,FID,COD_REG,REGION,CUT,COMUNA,CALLE_UNO,CALLE_DOS,NUMERO,DIR_GEOCOD,LAT,LNG,VAL_COM,TIPO,Año,Idaccident,Fecha,Tipo_Accid,Tipo__CONA,Zona,Causa__CON,Causa,Fallecidos,Graves,Menos_Grav,Leves,Hora
-73.0429731,-36.8196393,2402,8,REGION BIO BIO,8101,CONCEPCION,JANEQUEO,LOS CARRERA,0,"Janequeo & Avenida los Carrera, Concepción, Bío Bío, Chile",-36.8196393,-73.0429731,1,GEOMETRIC_CENTER,2020,1295411,2020/08/14 00:00:00+00,COLISION PERPENDICULAR,COLISION,URBANA,IMPRUDENCIA DEL CONDUCTOR,CONDUCCION NO ATENTO CONDICIONES TRANSITO MOMENTO,0,0,0,0,11:20:00
-72.9412603,-36.9763342,2403,8,REGION BIO BIO,8105,HUALQUI,CONDELL,IRARRAZAVAL,0,"Irarrazabal & Condell, Hualqui, Bío Bío, Chile",-36.9763342,-72.9412603,1,GEOMETRIC_CENTER,2020,1324079,2020/04/24 00:00:00+00,CHOQUE POSTERIOR/FRENTE,CHOQUE,URBANA,CAUSAS NO DETERMINADAS,CAUSAS NO DETERMINADAS,0,0,0,0,18:30:00
-73.0572509,-36.8344042,2404,8,REGION BIO BIO,8101,CONCEPCION,PADRE HURTADO,CHACABUCO,0,"Av. Padre Alberto Hurtado & Chacabuco Pte., Concepción, Bío Bío, Chile",-36.8344042,-73.0572509,1,GEOMETRIC_CENTER,2020,1295604,2020/08/14 00:00:00+00,CHOQUE POSTERIOR,CHOQUE,URBANA,IMPRUDENCIA DEL CONDUCTOR,CONDUCCION SIN MANTENER DISTANCIA RAZONABLE NI PRUDENTE,0,0,0,0,12:45:00
-73.0569215,-36.8253368,2405,8,REGION BIO BIO,8101,CONCEPCION,LOS CARRERA,ANGOL,0,"Angol & Avenida los Carrera, Concepción, Bío Bío, Chile",-36.8253368,-73.0569215,1,GEOMETRIC_CENTER,2020,1295609,2020/08/17 00:00:00+00,COLISION PERPENDICULAR,COLISION,URBANA,DESOBEDIENCIA A SEÑALIZACION,SEÑALIZACION DESOBEDECER LUZ INTERMITENTE SEMAFORO,0,1,0,0,08:53:00
-73.0593097,-36.8277273,2406,8,REGION BIO BIO,8101,CONCEPCION,MAIPU, ,56,"Maipú 56, Concepción, Bío Bío, Chile",-36.8277273,-73.0593097,1,ROOFTOP,2020,1295627,2020/08/18 00:00:00+00,ATROPELLO,ATROPELLO,URBANA,IMPRUDENCIA DEL PEATON,PEATON CRUZA CALZADA FUERA PASO PEATONES,0,1,0,0,15:10:00
-73.3418619,-37.4818407,2407,8,REGION BIO BIO,8205,CURANILAHUE,MANUEL BULNES,IGNACIO SERRANO,0,"Manuel Bulnes, Curanilahue, Bío Bío, Chile",-37.4818407,-73.3418619,1,GEOMETRIC_CENTER,2020,1295654,2020/08/21 00:00:00+00,CHOQUE,CHOQUE,URBANA,CAUSAS NO DETERMINADAS,CAUSAS NO DETERMINADAS,0,0,0,0,16:30:00
-73.0306119,-36.8176192,2408,8,REGION BIO BIO,8101,CONCEPCION,JUAN BOSCO, ,2084,"Av. San Juan Bosco 2084, Concepción, Bío Bío, Chile",-36.8176192,-73.0306119,1,ROOFTOP,2020,1295716,2020/08/21 00:00:00+00,ATROPELLO,ATROPELLO,URBANA,IMPRUDENCIA DEL CONDUCTOR,CONDUCCION NO ATENTO CONDICIONES TRANSITO MOMENTO,0,0,0,1,15:15:00
-73.0825166,-36.8024875,2409,8,REGION BIO BIO,8112,HUALPEN,CRISTOBAL COLON,PUERTO SAAVEDRA,0,"Avenida Cristóbal Colón & Pto Saavedra, Hualpén, Bío Bío, Chile",-36.8024875,-73.0825166,1,GEOMETRIC_CENTER,2020,1295736,2020/08/20 00:00:00+00,CHOQUE FRENTE/LADO,CHOQUE,URBANA,OTRAS CAUSAS,OTRAS CAUSAS,0,0,0,0,19:15:00
-72.6649188,-36.8225777,2410,8,REGION BIO BIO,8104,FLORIDA,SARGENTO ALDEA, ,1090,"Sgto. Aldea, Florida, Bío Bío, Chile",-36.8225777,-72.6649188,1,GEOMETRIC_CENTER,2020,1295737,2020/08/02 00:00:00+00,CHOQUE,CHOQUE,URBANA,ALCOHOL EN CONDUCTOR,CONDUCCION EN ESTADO DE EBRIEDAD,0,0,0,2,21:10:00
-73.1097593,-36.7942099,2411,8,REGION BIO BIO,8112,HUALPEN,PASAJE SIETE,AVDA UNO,0,"Av. Uno & Pje. Siete, Hualpén, Bío Bío, Chile",-36.7942099,-73.1097593,1,GEOMETRIC_CENTER,2020,1295753,2020/08/23 00:00:00+00,VOLCADURA,VOLCADURA,URBANA,PERDIDA CONTROL VEHICULO,PERDIDA CONTROL VEHICULO,0,0,1,0,18:50:00
-73.1078947,-36.794083,2412,8,REGION BIO BIO,8112,HUALPEN,GRAN BRETAÑA, ,4209,"Gran Bretaña 4209, Hualpén, Bío Bío, Chile",-36.794083,-73.1078947,1,RANGE_INTERPOLATED,2020,1295860,2020/08/24 00:00:00+00,CHOQUE FRENTE/POSTERIOR,CHOQUE,URBANA,IMPRUDENCIA DEL CONDUCTOR,CONDUCCION NO ATENTO CONDICIONES TRANSITO MOMENTO,0,0,0,0,19:45:00
-72.9898805,-36.7331355,2413,8,REGION BIO BIO,8107,PENCO,BLANCO,INFANTE,0,"Infante & Blanco, Penco, Bío Bío, Chile",-36.7331355,-72.9898805,1,GEOMETRIC_CENTER,2020,1295870,2020/08/09 00:00:00+00,COLISION LATERAL,COLISION,URBANA,IMPRUDENCIA DEL CONDUCTOR,CONDUCCION NO ATENTO CONDICIONES TRANSITO MOMENTO,0,0,0,0,11:50:00
-73.145811,-36.8970176,2414,8,REGION BIO BIO,8108,SAN PEDRO DE LA PAZ,JOSE DONOSO,MARIANO LATORRE,0,"José Donoso & Pasaje Mariano Latorre, San Pedro de la Paz, Bío Bío, Chile",-36.8970176,-73.145811,1,GEOMETRIC_CENTER,2020,1295941,2020/08/26 00:00:00+00,CHOQUE POSTERIOR/FRENTE,CHOQUE,URBANA,IMPRUDENCIA DEL CONDUCTOR,CONDUCCION NO ATENTO CONDICIONES TRANSITO MOMENTO,0,0,0,0,09:15:00
-73.0481999,-36.813999,2415,8,REGION BIO BIO,8101,CONCEPCION,PAICAVI,MANUEL RODRIGUEZ,0,"Manuel Rodríguez & Paicaví, Concepción, Bío Bío, Chile",-36.813999,-73.0481999,1,GEOMETRIC_CENTER,2020,1295950,2020/08/12 00:00:00+00,COLISION POR ALCANCE,COLISION,URBANA,IMPRUDENCIA DEL CONDUCTOR,CONDUCCION NO ATENTO CONDICIONES TRANSITO MOMENTO,0,0,0,0,14:25:00
-73.0490232,-36.8076767,2416,8,REGION BIO BIO,8101,CONCEPCION,JUAN DE DIOS RIVERA,LAUTARO,0,"Lautaro & Juan de Dios Rivera, Concepción, Bío Bío, Chile",-36.8076767,-73.0490232,1,GEOMETRIC_CENTER,2020,1295962,2020/08/12 00:00:00+00,COLISION POR ALCANCE,COLISION,URBANA,IMPRUDENCIA DEL CONDUCTOR,CONDUCCION NO ATENTO CONDICIONES TRANSITO MOMENTO,0,0,0,0,20:00:00
-73.3496655,-37.4830356,2417,8,REGION BIO BIO,8205,CURANILAHUE,EFRAIN ZENTENO, ,647,"Efraín Zenteno 647, Curanilahue, Bío Bío, Chile",-37.4830356,-73.3496655,1,RANGE_INTERPOLATED,2020,1296021,2020/08/23 00:00:00+00,CHOQUE POSTERIOR,CHOQUE,URBANA,CAUSAS NO DETERMINADAS,CAUSAS NO DETERMINADAS,0,0,0,0,21:15:00
-73.3144037,-37.251499,2418,8,REGION BIO BIO,8202,ARAUCO,LOS NOTROS, ,298,"Los Notros, Arauco, Bío Bío, Chile",-37.251499,-73.3144037,1,GEOMETRIC_CENTER,2020,1296123,2020/08/14 00:00:00+00,COLISION LATERAL,COLISION,URBANA,IMPRUDENCIA DEL CONDUCTOR,CONDUCCION NO ATENTO CONDICIONES TRANSITO MOMENTO,0,0,0,0,12:45:00
-73.1106296,-36.7849961,2419,8,REGION BIO BIO,8112,HUALPEN,FINLANDIA,GRAN BRETAÑA,0,"Gran Bretaña & Finlandia, Hualpén, Bío Bío, Chile",-36.7849961,-73.1106296,1,GEOMETRIC_CENTER,2020,1296131,2020/08/26 00:00:00+00,CHOQUE,CHOQUE,URBANA,ALCOHOL EN CONDUCTOR,CONDUCCION EN ESTADO DE EBRIEDAD,0,0,0,0,03:17:00
-73.0342116,-36.8183329,2420,8,REGION BIO BIO,8101,CONCEPCION,VILUMILLA,JUAN BOSCO,0,"Vilumilla & Avenida San Juan Bosco, Concepción, Bío Bío, Chile",-36.8183329,-73.0342116,1,GEOMETRIC_CENTER,2020,1296137,2020/08/24 00:00:00+00,ATROPELLO,ATROPELLO,URBANA,IMPRUDENCIA DEL CONDUCTOR,NO RESPETAR DERECHO PREFERENTE DE PASO A PEATON,0,1,0,0,14:55:00
-72.6646813,-36.8226645,2421,8,REGION BIO BIO,8104,FLORIDA,IGNACIO CARRERA PINTO,SGTO ALDEA,0,"Ignacio Carrera Pinto & Sargento Aldea, Florida, Bío Bío, Chile",-36.8226645,-72.6646813,1,GEOMETRIC_CENTER,2020,1296171,2020/08/15 00:00:00+00,CHOQUE,CHOQUE,URBANA,IMPRUDENCIA DEL CONDUCTOR,CONDUCCION NO ATENTO CONDICIONES TRANSITO MOMENTO,0,0,0,0,13:40:00
-73.0888373,-36.7599148,2422,8,REGION BIO BIO,8110,TALCAHUANO,CRISTOBAL COLON, ,5275,"Gómez Carreño 5275, Talcahuano, Bío Bío, Chile",-36.7599148,-73.0888373,1,ROOFTOP,2020,1296226,2020/08/25 00:00:00+00,CHOQUE FRONTAL,CHOQUE,URBANA,ALCOHOL EN CONDUCTOR,CONDUCCION EN ESTADO DE EBRIEDAD,0,0,0,0,02:00:00
-73.0890397,-36.7675839,2423,8,REGION BIO BIO,8110,TALCAHUANO,CALLE 2, ,72,"C. Dos 72, Talcahuano, Bío Bío, Chile",-36.7675839,-73.0890397,1,RANGE_INTERPOLATED,2020,1296258,2020/08/17 00:00:00+00,COLISION LATERAL,COLISION,URBANA,IMPRUDENCIA DEL CONDUCTOR,ADELANTAMIENTO SIN EL ESPACIO O TIEMPO SUFICIENTE,0,0,0,1,13:00:00
-73.1600248,-37.082815,2424,8,REGION BIO BIO,8106,LOTA,CASAS QUIERO, ,3,"Casas Quiero 3, Lota, Bío Bío, Chile",-37.082815,-73.1600248,1,RANGE_INTERPOLATED,2020,1308435,2020/10/26 00:00:00+00,COLISION LATERAL,COLISION,URBANA,ALCOHOL EN CONDUCTOR,CONDUCCION EN ESTADO DE EBRIEDAD,0,0,0,1,08:50:00
-73.0854727,-36.7978282,2425,8,REGION BIO BIO,8112,HUALPEN,CRISTOBAL COLON, ,8831,"Av. Cristóbal Colón 8831, Hualpén, Bío Bío, Chile",-36.7978282,-73.0854727,1,ROOFTOP,2020,1296267,2020/08/27 00:00:00+00,CHOQUE POSTERIOR/LADO,CHOQUE,URBANA,IMPRUDENCIA DEL CONDUCTOR,CONDUCIR VEHICULO EN RETROCESO,0,0,0,0,15:00:00
-73.0306119,-36.8176192,2426,8,REGION BIO BIO,8101,CONCEPCION,JUAN BOSCO, ,2084,"Av. San Juan Bosco 2084, Concepción, Bío Bío, Chile",-36.8176192,-73.0306119,1,ROOFTOP,2020,1296327,2020/08/27 00:00:00+00,COLISION LATERAL,COLISION,URBANA,IMPRUDENCIA DEL CONDUCTOR,ADELANTAMIENTO SIN EL ESPACIO O TIEMPO SUFICIENTE,0,0,0,0,12:20:00
-73.0480548,-36.8268899,2427,8,REGION BIO BIO,8101,CONCEPCION,OHIGGINS,COLO COLO,0,"Colo Colo & Libertador General Bernardo OHiggins, Concepción, Bío Bío, Chile",-36.8268899,-73.0480548,1,GEOMETRIC_CENTER,2020,1296320,2020/08/26 00:00:00+00,COLISION PERPENDICULAR,COLISION,URBANA,IMPRUDENCIA DEL CONDUCTOR,NO RESPETAR DERECHO PREFERENTE DE PASO A VEHICULO,0,0,0,0,13:50:00
-72.3483806,-37.482204,2428,8,REGION BIO BIO,8301,LOS ANGELES,LOS CARRERA, ,831,"Av. Los Carrera 831, Los Angeles, Los Ángeles, Bío Bío, Chile",-37.482204,-72.3483806,1,RANGE_INTERPOLATED,2020,1296402,2020/08/22 00:00:00+00,CHOQUE FRENTE/POSTERIOR,CHOQUE,URBANA,IMPRUDENCIA DEL CONDUCTOR,CONDUCCION NO ATENTO CONDICIONES TRANSITO MOMENTO,0,0,0,0,13:30:00
-72.3417836,-37.4896339,2429,8,REGION BIO BIO,8301,LOS ANGELES,LOS CARRERA,FERROCARRIL,0,"Av. Los Carrera & Av. Ferrocarril, Los Angeles, Los Ángeles, Bío Bío, Chile",-37.4896339,-72.3417836,1,GEOMETRIC_CENTER,2020,1296415,2020/08/22 00:00:00+00,CHOQUE POSTERIOR/POSTERIOR,CHOQUE,URBANA,IMPRUDENCIA DEL CONDUCTOR,CONDUCCION NO ATENTO CONDICIONES TRANSITO MOMENTO,0,0,0,0,22:23:00
-72.3774573,-37.4629213,2430,8,REGION BIO BIO,8301,LOS ANGELES,PROFESOR RODOLFO VALENZUELA, ,2018,"Prof. Aurelio Valenzuela 2018, Los Angeles, Los Ángeles, Bío Bío, Chile",-37.4629213,-72.3774573,1,RANGE_INTERPOLATED,2020,1296418,2020/08/23 00:00:00+00,CHOQUE FRONTAL,CHOQUE,URBANA,ALCOHOL EN CONDUCTOR,CONDUCCION BAJO LA INFLUENCIA DEL ALCOHOL,0,0,0,0,02:15:00
-73.0620531,-36.8198109,2431,8,REGION BIO BIO,8101,CONCEPCION,MANUEL RODRIGUEZ,SALAS,0,"Obispo Hipólito Salas & Manuel Rodríguez, Concepción, Bío Bío, Chile",-36.8198109,-73.0620531,1,GEOMETRIC_CENTER,2020,1296421,2020/08/17 00:00:00+00,CHOQUE,CHOQUE,URBANA,OTRAS CAUSAS,OTRAS CAUSAS,0,0,0,1,11:35:00
-72.3402602,-37.4526147,2432,8,REGION BIO BIO,8301,LOS ANGELES,SOR VICENTA,SAN FELIPE,0,"Avenida Sor Vicenta & San Felipe, Los Angeles, Los Ángeles, Bío Bío, Chile",-37.4526147,-72.3402602,1,GEOMETRIC_CENTER,2020,1296423,2020/08/23 00:00:00+00,CHOQUE FRENTE/POSTERIOR,CHOQUE,URBANA,IMPRUDENCIA DEL CONDUCTOR,CONDUCCION NO ATENTO CONDICIONES TRANSITO MOMENTO,0,0,0,0,10:30:00
-72.3268103,-37.4546978,2433,8,REGION BIO BIO,8301,LOS ANGELES,LAS INDUSTRIAS,ALMTE LATORRE,0,"Av. Almte. Latorre & Av Las Industrias, Los Ángeles, Bío Bío, Chile",-37.4546978,-72.3268103,1,GEOMETRIC_CENTER,2020,1296425,2020/08/24 00:00:00+00,CHOQUE LATERAL,CHOQUE,URBANA,IMPRUDENCIA DEL CONDUCTOR,CONDUCCION NO ATENTO CONDICIONES TRANSITO MOMENTO,0,0,0,0,13:30:00
-72.3397883,-37.4521882,2434,8,REGION BIO BIO,8301,LOS ANGELES,DR PABLO MURUA,SOR VICENTA,0,"Av. Sor Vicenta 2051, Los Angeles, Los Ángeles, Bío Bío, Chile",-37.4521882,-72.3397883,1,ROOFTOP,2020,1296429,2020/08/24 00:00:00+00,COLISION LATERAL,COLISION,URBANA,IMPRUDENCIA DEL CONDUCTOR,CONDUCCION NO ATENTO CONDICIONES TRANSITO MOMENTO,0,0,0,0,16:10:00
-72.3258321,-37.4696891,2435,8,REGION BIO BIO,8301,LOS ANGELES,LAS INDUSTRIAS, ,502,"Av Las Industrias 502, Los Ángeles, Bío Bío, Chile",-37.4696891,-72.3258321,1,RANGE_INTERPOLATED,2020,1296434,2020/08/24 00:00:00+00,COLISION,COLISION,URBANA,IMPRUDENCIA DEL CONDUCTOR,CONDUCCION NO ATENTO CONDICIONES TRANSITO MOMENTO,0,0,0,0,17:29:00
-72.3769148,-37.4683858,2436,8,REGION BIO BIO,8301,LOS ANGELES,LAS MOSQUETAS,COSTANERA QUILQUE,0,"Las Mosquetas & Costanera Quilque Norte, Los Angeles, Los Ángeles, Bío Bío, Chile",-37.4683858,-72.3769148,1,GEOMETRIC_CENTER,2020,1296444,2020/08/25 00:00:00+00,COLISION LATERAL,COLISION,URBANA,IMPRUDENCIA DEL CONDUCTOR,CONDUCCION NO ATENTO CONDICIONES TRANSITO MOMENTO,0,0,0,0,10:15:00
-72.3357871,-37.4570231,2437,8,REGION BIO BIO,8301,LOS ANGELES,LA TORRE,LAS INDUSTRIAS,0,"Av. Almte. Latorre 670-698, Los Angeles, Los Ángeles, Bío Bío, Chile",-37.4570231,-72.3357871,1,ROOFTOP,2020,1296447,2020/08/26 00:00:00+00,CHOQUE FRENTE/LADO,CHOQUE,URBANA,IMPRUDENCIA DEL CONDUCTOR,CONDUCCION NO ATENTO CONDICIONES TRANSITO MOMENTO,0,0,0,4,13:20:00
-72.3943378,-37.0380781,2438,8,REGION BIO BIO,8303,CABRERO,PABLO NERUDA,PADRE HURTADO,0,"Calle Padre Hurtado & Pablo Neruda, Cabrero, Bío Bío, Chile",-37.0380781,-72.3943378,1,GEOMETRIC_CENTER,2020,1296454,2020/08/23 00:00:00+00,COLISION FRONTAL,COLISION,URBANA,ALCOHOL EN CONDUCTOR,CONDUCCION BAJO LA INFLUENCIA DEL ALCOHOL,0,1,0,0,20:30:00
-72.3632538,-37.46708,2439,8,REGION BIO BIO,8301,LOS ANGELES,COSTANERA QUILQUE NORTE,SAN LUIS,0,"San Luis & Costanera Quilque Norte, Los Angeles, Los Ángeles, Bío Bío, Chile",-37.46708,-72.3632538,1,GEOMETRIC_CENTER,2020,1296491,2020/08/26 00:00:00+00,CHOQUE LATERAL,CHOQUE,URBANA,IMPRUDENCIA DEL CONDUCTOR,CONDUCCION NO ATENTO CONDICIONES TRANSITO MOMENTO,0,0,0,0,12:30:00
-72.3794245,-37.4833033,2440,8,REGION BIO BIO,8301,LOS ANGELES,OCTAVIO JARA WOLF, ,2033,"Av. Octavio Jara Wolff 2033, Los Ángeles, Bío Bío, Chile",-37.4833033,-72.3794245,1,RANGE_INTERPOLATED,2020,1296493,2020/08/26 00:00:00+00,COLISION POR ALCANCE,COLISION,URBANA,IMPRUDENCIA DEL CONDUCTOR,CONDUCCION NO ATENTO CONDICIONES TRANSITO MOMENTO,0,0,0,1,19:00:00
-72.3484638,-37.4815325,2441,8,REGION BIO BIO,8301,LOS ANGELES,LOS CARRERA,VICUÑA MACKENNA,0,"Av. Los Carrera & Av. Vicuña Mackenna, Los Angeles, Los Ángeles, Bío Bío, Chile",-37.4815325,-72.3484638,1,GEOMETRIC_CENTER,2020,1296496,2020/08/28 00:00:00+00,COLISION LATERAL,COLISION,URBANA,IMPRUDENCIA DEL CONDUCTOR,CONDUCCION NO ATENTO CONDICIONES TRANSITO MOMENTO,0,0,0,0,09:20:00
-72.3505636,-37.4638337,2442,8,REGION BIO BIO,8301,LOS ANGELES,COLON,GALVARINO,0,"Colón & Galvarino, Los Angeles, Los Ángeles, Bío Bío, Chile",-37.4638337,-72.3505636,1,GEOMETRIC_CENTER,2020,1296501,2020/08/28 00:00:00+00,COLISION LATERAL,COLISION,URBANA,IMPRUDENCIA DEL CONDUCTOR,CONDUCCION NO ATENTO CONDICIONES TRANSITO MOMENTO,0,0,0,2,19:15:00
-73.1186598,-36.8372377,2443,8,REGION BIO BIO,8108,SAN PEDRO DE LA PAZ,PEDRO AGUIRRE CERDA,DIAGONAL BIO BIO,0,"Avenida Diagonal Bio Bio & Pedro Aguirre Cerda, San Pedro de la Paz, Bío Bío, Chile",-36.8372377,-73.1186598,1,GEOMETRIC_CENTER,2020,1296546,2020/08/17 00:00:00+00,ATROPELLO,ATROPELLO,URBANA,CAUSAS NO DETERMINADAS,CAUSAS NO DETERMINADAS,0,0,0,1,06:50:00
-73.0853744,-36.8392998,2444,8,REGION BIO BIO,8108,SAN PEDRO DE LA PAZ,SAN PEDRO,PEDRO AGUIRRE CERDA,0,"San Pedro & Pedro Aguirre Cerda, San Pedro de la Paz, Bío Bío, Chile",-36.8392998,-73.0853744,1,GEOMETRIC_CENTER,2020,1296547,2020/08/22 00:00:00+00,COLISION,COLISION,URBANA,CAUSAS NO DETERMINADAS,CAUSAS NO DETERMINADAS,0,0,0,1,21:30:00
-73.1227935,-36.8320967,2445,8,REGION BIO BIO,8108,SAN PEDRO DE LA PAZ,LOS ALMENDROS,LOS ABETOS,0,"Los Abetos & Almendros, San Pedro de la Paz, Bío Bío, Chile",-36.8320967,-73.1227935,1,GEOMETRIC_CENTER,2020,1296548,2020/08/23 00:00:00+00,COLISION,COLISION,URBANA,CAUSAS NO DETERMINADAS,CAUSAS NO DETERMINADAS,0,0,0,0,10:05:00
-72.5369353,-37.1447837,2446,8,REGION BIO BIO,8313,YUMBEL,OHIGGINS,IGNACIO CARRERA PINTO,0,"OHiggins 460, Yumbel, Bío Bío, Chile",-37.1447837,-72.5369353,1,ROOFTOP,2020,1285855,2020/06/05 00:00:00+00,CHOQUE FRONTAL,CHOQUE,URBANA,ALCOHOL EN CONDUCTOR,CONDUCCION EN ESTADO DE EBRIEDAD,0,0,0,2,23:15:00
-73.0773082,-36.8052495,2447,8,REGION BIO BIO,8112,HUALPEN,JORGE ALESSANDRI RODRIGUEZ,CRISTOBAL COLON,0,"Av. Pdte. Jorge Alessandri Rodriguez, Hualpén, Bío Bío, Chile",-36.8052495,-73.0773082,1,GEOMETRIC_CENTER,2020,1296793,2020/02/28 00:00:00+00,COLISION,COLISION,URBANA,IMPRUDENCIA DEL CONDUCTOR,CONDUCCION NO ATENTO CONDICIONES TRANSITO MOMENTO,0,0,0,1,13:25:00
-72.6809623,-37.5064952,2448,8,REGION BIO BIO,8306,NACIMIENTO,JULIO HEMMELMANN, ,960,"Av. Julio Hemmelmann 960, Nacimiento, Bío Bío, Chile",-37.5064952,-72.6809623,1,RANGE_INTERPOLATED,2020,1296806,2020/08/28 00:00:00+00,CHOQUE,CHOQUE,URBANA,ALCOHOL EN CONDUCTOR,CONDUCCION EN ESTADO DE EBRIEDAD,0,0,0,0,04:44:00
-73.0984681,-36.7997586,2449,8,REGION BIO BIO,8112,HUALPEN,QUINCHAMALI,ÑIPAS,0,"Quinchamalí & Ñipas, Hualpén, Bío Bío, Chile",-36.7997586,-73.0984681,1,GEOMETRIC_CENTER,2020,1296817,2020/08/28 00:00:00+00,COLISION,COLISION,URBANA,IMPRUDENCIA DEL CONDUCTOR,CONDUCCION NO ATENTO CONDICIONES TRANSITO MOMENTO,0,0,0,1,19:00:00
-73.109328,-36.7976579,2450,8,REGION BIO BIO,8112,HUALPEN,AVENIDA DOS, ,194,"Av. Dos 194, Hualpén, Bío Bío, Chile",-36.7976579,-73.109328,1,ROOFTOP,2020,1296825,2020/08/28 00:00:00+00,CHOQUE FRENTE/POSTERIOR,CHOQUE,URBANA,ALCOHOL EN CONDUCTOR,CONDUCCION BAJO LA INFLUENCIA DEL ALCOHOL,0,0,0,0,20:15:00
-73.1102951,-36.7297589,2451,8,REGION BIO BIO,8110,TALCAHUANO,CRISTOBAL COLON, ,2052,"Colón 2052, Talcahuano, Bío Bío, Chile",-36.7297589,-73.1102951,1,RANGE_INTERPOLATED,2020,1296902,2020/08/24 00:00:00+00,COLISION LATERAL,COLISION,URBANA,IMPRUDENCIA DEL CONDUCTOR,CONDUCCION CAMBIAR SORPRESIVAMENTE PISTA CIRCULACION,0,0,0,2,16:00:00
-73.1014361,-36.7417246,2452,8,REGION BIO BIO,8110,TALCAHUANO,LAS HORTENSIAS,CARLOS DITTBORN,0,"Las Hortensias & Carlos Dittborn, Talcahuano, Bío Bío, Chile",-36.7417246,-73.1014361,1,GEOMETRIC_CENTER,2020,1296930,2020/08/29 00:00:00+00,COLISION LATERAL,COLISION,URBANA,IMPRUDENCIA DEL CONDUCTOR,NO RESPETAR DERECHO PREFERENTE DE PASO A VEHICULO,0,0,0,0,13:00:00
-73.0172319,-36.9442428,2453,8,REGION BIO BIO,8103,CHIGUAYANTE,MANUEL RODRIGUEZ,COQUIMBO,0,"Coquimbo & Avenida Manuel Rodríguez, Chiguayante, Bío Bío, Chile",-36.9442428,-73.0172319,1,GEOMETRIC_CENTER,2020,1296980,2020/08/22 00:00:00+00,CHOQUE FRENTE/POSTERIOR,CHOQUE,URBANA,CAUSAS NO DETERMINADAS,CAUSAS NO DETERMINADAS,0,0,0,0,17:00:00
-73.0945118,-36.7474444,2454,8,REGION BIO BIO,8110,TALCAHUANO,CRISTOBAL COLON, ,3597,"Colón 3597, Talcahuano, Bío Bío, Chile",-36.7474444,-73.0945118,1,RANGE_INTERPOLATED,2020,1297013,2020/08/26 00:00:00+00,COLISION LATERAL,COLISION,URBANA,DESOBEDIENCIA A SEÑALIZACION,SEÑALIZACION DESOBEDECER LUZ ROJA DE SEMAFORO,0,0,0,0,08:53:00
-73.3908702,-37.7942323,2455,8,REGION BIO BIO,8203,CAÑETE,PDTE EDUARDO FREI, ,545,"Av. Pdte. Eduardo Frei 545, Canete, Cañete, Bío Bío, Chile",-37.7942323,-73.3908702,1,RANGE_INTERPOLATED,2020,1297015,2020/08/25 00:00:00+00,COLISION,COLISION,URBANA,IMPRUDENCIA DEL CONDUCTOR,CONDUCCION NO ATENTO CONDICIONES TRANSITO MOMENTO,0,0,0,0,21:30:00
-73.0347147,-36.8910156,2456,8,REGION BIO BIO,8103,CHIGUAYANTE,CALLE DOS,CALLE UNO,0,"C. Dos & C. 1, Chiguayante, Bío Bío, Chile",-36.8910156,-73.0347147,1,GEOMETRIC_CENTER,2020,1297065,2020/08/24 00:00:00+00,CHOQUE LADO/LADO,CHOQUE,URBANA,CAUSAS NO DETERMINADAS,CAUSAS NO DETERMINADAS,0,0,0,0,10:42:00
-73.0275238,-36.9192805,2457,8,REGION BIO BIO,8103,CHIGUAYANTE,MANUEL RODRIGUEZ,SANTA SOFIA,0,"Manuel Rodriguez - Guacolda, Chiguayante, Bío Bío, Chile",-36.9192805,-73.0275238,1,GEOMETRIC_CENTER,2020,1297084,2020/08/24 00:00:00+00,CHOQUE FRENTE/POSTERIOR,CHOQUE,URBANA,CAUSAS NO DETERMINADAS,CAUSAS NO DETERMINADAS,0,0,0,0,20:00:00
-73.6434874,-37.6113724,2458,8,REGION BIO BIO,8201,LEBU,LUIS URIBE, ,599,"Luis Uribe 599, Lebu, Bío Bío, Chile",-37.6113724,-73.6434874,1,RANGE_INTERPOLATED,2020,1297085,2020/08/29 00:00:00+00,VOLCADURA,VOLCADURA,URBANA,VELOCIDAD IMPRUDENTE,VELOCIDAD NO RAZONABLE NI PRUDENTE,1,0,0,0,10:00:00
-73.0157146,-36.9478462,2459,8,REGION BIO BIO,8103,CHIGUAYANTE,MANUEL RODRIGUEZ,PORVENIR,0,"C. Porvenir & Av. Manuel Rodríguez, Chiguayante, Bío Bío, Chile",-36.9478462,-73.0157146,1,GEOMETRIC_CENTER,2020,1297111,2020/08/25 00:00:00+00,CHOQUE FRONTAL,CHOQUE,URBANA,CAUSAS NO DETERMINADAS,CAUSAS NO DETERMINADAS,0,0,0,0,16:10:00
-73.0358626,-36.8905231,2460,8,REGION BIO BIO,8103,CHIGUAYANTE,CAMINO A CHIGUAYANTE,LAS PALMAS,0,"Camino A Chiguayante & Las Palmas, Chiguayante, Bío Bío, Chile",-36.8905231,-73.0358626,1,GEOMETRIC_CENTER,2020,1297172,2020/08/26 00:00:00+00,COLISION LATERAL,COLISION,URBANA,CAUSAS NO DETERMINADAS,CAUSAS NO DETERMINADAS,0,0,0,0,15:10:00