X,Y,FID,COD_REG,REGION,CUT,COMUNA,CALLE_UNO,CALLE_DOS,NUMERO,DIR_GEOCOD,LAT,LNG,VAL_COM,TIPO,Año,Idaccident,Fecha,Tipo_Accid,Tipo__CONA,Zona,Causa__CON,Causa,Fallecidos,Graves,Menos_Grav,Leves,Hora
-72.9573594,-36.6192115,2461,8,REGION BIO BIO,8111,TOME,IGNACIO SERRANO, ,980,"Ignacio Serrano 980, Tome, Tomé, Bío Bío, Chile",-36.6192115,-72.9573594,1,ROOFTOP,2020,1297245,2020/08/21 00:00:00+00,CHOQUE POSTERIOR/FRENTE,CHOQUE,URBANA,IMPRUDENCIA DEL CONDUCTOR,CONDUCIR VEHICULO EN RETROCESO,0,0,0,0,17:20:00
-72.3257416,-37.4947125,2462,8,REGION BIO BIO,8301,LOS ANGELES,LAS INDUSTRIAS,LA FRONTERA,0,"Avenida Las Industrias & La Frontera, Los Ángeles, Bío Bío, Chile",-37.4947125,-72.3257416,1,GEOMETRIC_CENTER,2020,1297307,2020/08/30 00:00:00+00,COLISION LATERAL,COLISION,URBANA,IMPRUDENCIA DEL CONDUCTOR,CONDUCCION NO ATENTO CONDICIONES TRANSITO MOMENTO,0,0,0,0,10:25:00
-73.0288263,-36.914857,2463,8,REGION BIO BIO,8103,CHIGUAYANTE,OHIGGINS,PORTALES,0,"Portales & Avenida OHiggins, Chiguayante, Bío Bío, Chile",-36.914857,-73.0288263,1,GEOMETRIC_CENTER,2020,1297384,2020/08/27 00:00:00+00,ATROPELLO,ATROPELLO,URBANA,IMPRUDENCIA DEL CONDUCTOR,CONDUCCION NO ATENTO CONDICIONES TRANSITO MOMENTO,0,0,0,1,10:10:00
-72.7164758,-37.2766841,2464,8,REGION BIO BIO,8304,LAJA,SAN MARTIN,EL PINO,0,"San Martin 111, Laja, Bío Bío, Chile",-37.2766841,-72.7164758,1,ROOFTOP,2020,1297396,2020/08/28 00:00:00+00,COLISION LATERAL,COLISION,URBANA,ALCOHOL EN CONDUCTOR,CONDUCCION EN ESTADO DE EBRIEDAD,0,0,0,0,20:00:00
-73.0866314,-36.777716,2465,8,REGION BIO BIO,8110,TALCAHUANO,CRISTOBAL COLON, ,2174,"Av. Cristóbal Colón # 6900, Talcahuano, Bío Bío, Chile",-36.777716,-73.0866314,1,ROOFTOP,2020,1297454,2020/08/19 00:00:00+00,CHOQUE FRONTAL,CHOQUE,URBANA,PERDIDA CONTROL VEHICULO,PERDIDA CONTROL VEHICULO,0,0,0,0,20:30:00
-72.365312,-37.4798156,2466,8,REGION BIO BIO,8301,LOS ANGELES,VICUÑA MACKENNA, ,1241,"Av. Vicuña Mackenna 1241, Los Angeles, Los Ángeles, Bío Bío, Chile",-37.4798156,-72.365312,1,ROOFTOP,2020,1297460,2020/09/01 00:00:00+00,COLISION LATERAL,COLISION,URBANA,OTRAS CAUSAS,OTRAS CAUSAS,0,0,0,0,08:45:00
-73.0162145,-36.9398451,2467,8,REGION BIO BIO,8103,CHIGUAYANTE,MANQUIMAVIDA, ,180,"Manquimávida 180, Chiguayante, Bío Bío, Chile",-36.9398451,-73.0162145,1,ROOFTOP,2020,1297573,2020/08/23 00:00:00+00,CHOQUE FRENTE/POSTERIOR,CHOQUE,URBANA,ALCOHOL EN CONDUCTOR,CONDUCCION EN ESTADO DE EBRIEDAD,0,0,0,1,22:50:00
-73.1609248,-36.9728558,2468,8,REGION BIO BIO,8102,CORONEL,CAMINO A CORONEL, ,160,"Cam. a Coronel, Coronel, Bío Bío, Chile",-36.9728558,-73.1609248,1,GEOMETRIC_CENTER,2020,1297636,2020/09/02 00:00:00+00,COLISION,COLISION,URBANA,IMPRUDENCIA DEL CONDUCTOR,ADELANTAMIENTO SIN EL ESPACIO O TIEMPO SUFICIENTE,0,0,0,0,18:30:00
-73.0240341,-36.9286963,2469,8,REGION BIO BIO,8103,CHIGUAYANTE,MANUEL RODRIGUEZ,CORBETA CHACABUCO,0,"Corbeta Chacabuco & Avenida Manuel Rodríguez, Chiguayante, Bío Bío, Chile",-36.9286963,-73.0240341,1,GEOMETRIC_CENTER,2020,1297644,2020/08/25 00:00:00+00,ATROPELLO,ATROPELLO,URBANA,CAUSAS NO DETERMINADAS,CAUSAS NO DETERMINADAS,0,1,0,0,11:04:00
-73.0436564,-36.8197164,2470,8,REGION BIO BIO,8101,CONCEPCION,PAICAVI,LOS CARRERA,0,"Los Carrera - Paicaví, Concepción, Bío Bío, Chile",-36.8197164,-73.0436564,1,GEOMETRIC_CENTER,2020,1297679,2020/08/28 00:00:00+00,COLISION PERPENDICULAR,COLISION,URBANA,IMPRUDENCIA DEL CONDUCTOR,CONDUCCION NO ATENTO CONDICIONES TRANSITO MOMENTO,0,0,0,0,18:00:00
-72.9377774,-36.9721368,2471,8,REGION BIO BIO,8105,HUALQUI,LA ARAUCANA, ,394,"Av. Araucana 394, Hualqui, Bío Bío, Chile",-36.9721368,-72.9377774,1,RANGE_INTERPOLATED,2020,1297995,2020/08/01 00:00:00+00,COLISION PERPENDICULAR,COLISION,URBANA,CAUSAS NO DETERMINADAS,CAUSAS NO DETERMINADAS,0,0,0,1,21:30:00
-73.0436564,-36.8197164,2472,8,REGION BIO BIO,8101,CONCEPCION,LOS CARRERA,PAICAVI,0,"Los Carrera - Paicaví, Concepción, Bío Bío, Chile",-36.8197164,-73.0436564,1,GEOMETRIC_CENTER,2020,1297685,2020/08/28 00:00:00+00,COLISION LATERAL,COLISION,URBANA,IMPRUDENCIA DEL CONDUCTOR,CONDUCCION NO ATENTO CONDICIONES TRANSITO MOMENTO,0,0,0,0,13:25:00
-73.1477671,-37.0795261,2473,8,REGION BIO BIO,8106,LOTA,LA PAZ,CAMILO HENRIQUEZ,0,"Camilo Henríquez & La Paz, Lota, Bío Bío, Chile",-37.0795261,-73.1477671,1,GEOMETRIC_CENTER,2020,1297697,2020/08/24 00:00:00+00,COLISION LATERAL,COLISION,URBANA,DESOBEDIENCIA A SEÑALIZACION,SEÑALIZACION DESOBEDECER SEÑAL PARE,0,0,0,0,19:35:00
-73.148853,-37.0872135,2474,8,REGION BIO BIO,8106,LOTA,CLODOMIRO VELOZO, ,0,"clodomiro veloso 761 Lota, Biobío, Lota, Bío Bío, Chile",-37.0872135,-73.148853,1,GEOMETRIC_CENTER,2020,1297698,2020/08/31 00:00:00+00,CHOQUE POSTERIOR/FRENTE,CHOQUE,URBANA,IMPRUDENCIA DEL CONDUCTOR,CONDUCCION NO ATENTO CONDICIONES TRANSITO MOMENTO,0,0,0,0,09:45:00
-73.0287691,-36.816274,2475,8,REGION BIO BIO,8101,CONCEPCION,GRAL NOVOA,CORONEL TORO,0,"General Novoa & General Toro, Concepción, Bío Bío, Chile",-36.816274,-73.0287691,1,GEOMETRIC_CENTER,2020,1297705,2020/08/31 00:00:00+00,COLISION POR ALCANCE,COLISION,URBANA,IMPRUDENCIA DEL CONDUCTOR,CONDUCCION SIN MANTENER DISTANCIA RAZONABLE NI PRUDENTE,0,0,0,1,07:10:00
-73.0468096,-36.8237537,2476,8,REGION BIO BIO,8101,CONCEPCION,FREIRE,TUCAPEL,0,"Tucapel & Freire, Concepción, Bío Bío, Chile",-36.8237537,-73.0468096,1,GEOMETRIC_CENTER,2020,1297797,2020/07/28 00:00:00+00,COLISION PERPENDICULAR,COLISION,URBANA,IMPRUDENCIA DEL CONDUCTOR,NO RESPETAR DERECHO PREFERENTE DE PASO A VEHICULO,0,0,0,0,20:00:00
-73.0605719,-36.8145688,2477,8,REGION BIO BIO,8101,CONCEPCION,RENGO,EJERCITO,0,"Ejército & Rengo, Concepción, Bío Bío, Chile",-36.8145688,-73.0605719,1,GEOMETRIC_CENTER,2020,1297816,2020/08/04 00:00:00+00,CHOQUE POSTERIOR/FRENTE,CHOQUE,URBANA,IMPRUDENCIA DEL CONDUCTOR,CONDUCCION NO ATENTO CONDICIONES TRANSITO MOMENTO,0,0,0,0,12:50:00
-73.0540145,-36.8048434,2478,8,REGION BIO BIO,8101,CONCEPCION,PAICAVI,BELLAVISTA,0,"Bellavista & Paicaví, Concepción, Bío Bío, Chile",-36.8048434,-73.0540145,1,GEOMETRIC_CENTER,2020,1297818,2020/08/04 00:00:00+00,CHOQUE FRONTAL,CHOQUE,URBANA,IMPRUDENCIA DEL CONDUCTOR,CONDUCCION NO ATENTO CONDICIONES TRANSITO MOMENTO,0,0,0,0,18:40:00
-73.050659,-36.8227251,2479,8,REGION BIO BIO,8101,CONCEPCION,LOS CARRERA, ,801,"Av. los Carrera 801, Concepción, Bío Bío, Chile",-36.8227251,-73.050659,1,RANGE_INTERPOLATED,2020,1297971,2020/08/16 00:00:00+00,COLISION LATERAL,COLISION,URBANA,IMPRUDENCIA DEL CONDUCTOR,NO RESPETAR DERECHO PREFERENTE DE PASO A VEHICULO,0,0,0,0,17:40:00
-73.0455154,-36.8258008,2480,8,REGION BIO BIO,8101,CONCEPCION,OHIGGINS,TUCAPEL,0,"Tucapel & Libertador General Bernardo OHiggins, Concepción, Bío Bío, Chile",-36.8258008,-73.0455154,1,GEOMETRIC_CENTER,2020,1297825,2020/09/02 00:00:00+00,COLISION PERPENDICULAR,COLISION,URBANA,IMPRUDENCIA DEL CONDUCTOR,CONDUCCION NO ATENTO CONDICIONES TRANSITO MOMENTO,0,0,0,0,09:00:00
-73.0581917,-36.8258622,2481,8,REGION BIO BIO,8101,CONCEPCION,LOS CARRERA,SALAS,0,"Obispo Hipólito Salas & Avenida los Carrera, Concepción, Bío Bío, Chile",-36.8258622,-73.0581917,1,GEOMETRIC_CENTER,2020,1297826,2020/08/04 00:00:00+00,CHOQUE FRENTE/POSTERIOR,CHOQUE,URBANA,IMPRUDENCIA DEL CONDUCTOR,CONDUCCION NO ATENTO CONDICIONES TRANSITO MOMENTO,0,0,0,0,19:40:00
-73.0322566,-36.8070145,2482,8,REGION BIO BIO,8101,CONCEPCION,CAMILO HENRIQUEZ, ,2765,"Camilo Henríquez 2765, Concepción, Bío Bío, Chile",-36.8070145,-73.0322566,1,ROOFTOP,2020,1297829,2020/08/05 00:00:00+00,CHOQUE LATERAL,CHOQUE,URBANA,IMPRUDENCIA DEL CONDUCTOR,CONDUCCION NO ATENTO CONDICIONES TRANSITO MOMENTO,0,0,0,0,08:50:00
-73.0582709,-36.8098882,2483,8,REGION BIO BIO,8101,CONCEPCION,PASAJE UNO, ,2080,"Pje. Uno 2080, Concepción, Bío Bío, Chile",-36.8098882,-73.0582709,1,RANGE_INTERPOLATED,2020,1297852,2020/08/03 00:00:00+00,CHOQUE POSTERIOR,CHOQUE,URBANA,CAUSAS NO DETERMINADAS,CAUSAS NO DETERMINADAS,0,0,0,0,16:00:00
-73.1459021,-36.8532349,2484,8,REGION BIO BIO,8108,SAN PEDRO DE LA PAZ,GALVARINO, ,3673,"C. Galvarino 3673, San Pedro de la Paz, Bío Bío, Chile",-36.8532349,-73.1459021,1,ROOFTOP,2020,1297855,2020/09/03 00:00:00+00,CHOQUE FRENTE/POSTERIOR,CHOQUE,URBANA,ALCOHOL EN CONDUCTOR,CONDUCCION EN ESTADO DE EBRIEDAD,0,0,0,0,19:40:00
-73.1045173,-36.8431139,2485,8,REGION BIO BIO,8108,SAN PEDRO DE LA PAZ,LOS MAÑIOS,JERUSALEN,0,"Los Mañíos 1585, San Pedro de la Paz, Bío Bío, Chile",-36.8431139,-73.1045173,1,ROOFTOP,2020,1297883,2020/09/02 00:00:00+00,COLISION LATERAL,COLISION,URBANA,IMPRUDENCIA DEL CONDUCTOR,CONDUCCION NO ATENTO CONDICIONES TRANSITO MOMENTO,0,0,0,0,12:25:00
-72.4060081,-37.5003723,2486,8,REGION BIO BIO,8301,LOS ANGELES,CAMINO PATA GALLINA, ,1,"Q-524, Los Ángeles, Bío Bío, Chile",-37.5003723,-72.4060081,1,GEOMETRIC_CENTER,2020,1297885,2020/08/30 00:00:00+00,ATROPELLO,ATROPELLO,RURAL,IMPRUDENCIA DEL CONDUCTOR,CONDUCCION NO ATENTO CONDICIONES TRANSITO MOMENTO,0,0,0,1,20:45:00
-72.3318107,-37.4845348,2487,8,REGION BIO BIO,8301,LOS ANGELES,FRANCISCO ENCINA,DALLAS,0,"Dallas & Avenida Francisco Encina, Los Angeles, Los Ángeles, Bío Bío, Chile",-37.4845348,-72.3318107,1,GEOMETRIC_CENTER,2020,1297886,2020/08/30 00:00:00+00,COLISION POR ALCANCE,COLISION,URBANA,IMPRUDENCIA DEL CONDUCTOR,CONDUCCION NO ATENTO CONDICIONES TRANSITO MOMENTO,0,0,0,0,21:00:00
-72.3612251,-37.4629159,2488,8,REGION BIO BIO,8301,LOS ANGELES,SANTIAGO, ,250,"Los Angeles, Los Ángeles, Bío Bío, Chile",-37.4629159,-72.3612251,1,APPROXIMATE,2020,1297888,2020/08/29 00:00:00+00,CHOQUE POSTERIOR,CHOQUE,URBANA,IMPRUDENCIA DEL CONDUCTOR,CONDUCCION NO ATENTO CONDICIONES TRANSITO MOMENTO,0,0,0,0,05:45:00
-72.3500844,-37.4588133,2489,8,REGION BIO BIO,8301,LOS ANGELES,ALMTE LATORRE,NESTOR DEL RIO,0,"Avenida Almirante Latorre & Nestor del Rio, Los Angeles, Los Ángeles, Bío Bío, Chile",-37.4588133,-72.3500844,1,GEOMETRIC_CENTER,2020,1297892,2020/08/29 00:00:00+00,CHOQUE FRENTE/POSTERIOR,CHOQUE,RURAL,ALCOHOL EN CONDUCTOR,CONDUCCION EN ESTADO DE EBRIEDAD,0,0,0,0,22:30:00
-72.3414859,-37.4587896,2490,8,REGION BIO BIO,8301,LOS ANGELES,ALMTE LATORRE,MARCONI,0,"Guillermo Marconi & Avenida Almirante Latorre, Los Angeles, Los Ángeles, Bío Bío, Chile",-37.4587896,-72.3414859,1,GEOMETRIC_CENTER,2020,1297893,2020/08/30 00:00:00+00,CHOQUE FRONTAL,CHOQUE,URBANA,IMPRUDENCIA DEL CONDUCTOR,CONDUCCION NO ATENTO CONDICIONES TRANSITO MOMENTO,0,0,0,0,11:30:00
-72.3378955,-37.453722,2491,8,REGION BIO BIO,8301,LOS ANGELES,ORIENTE,GENOVA,0,"Génova & Avenida Oriente, Los Ángeles, Bío Bío, Chile",-37.453722,-72.3378955,1,GEOMETRIC_CENTER,2020,1297896,2020/08/31 00:00:00+00,CHOQUE LATERAL,CHOQUE,URBANA,IMPRUDENCIA DEL CONDUCTOR,CONDUCCION NO ATENTO CONDICIONES TRANSITO MOMENTO,0,0,0,1,08:50:00
-72.397152,-37.0395392,2492,8,REGION BIO BIO,8303,CABRERO,LAS VIOLETAS,VICENTE BIANCHI,0,"Calle las Violetas & Vicente Bianchi, Cabrero, Bío Bío, Chile",-37.0395392,-72.397152,1,GEOMETRIC_CENTER,2020,1297904,2020/08/18 00:00:00+00,COLISION LATERAL,COLISION,URBANA,IMPRUDENCIA DEL CONDUCTOR,ADELANTAMIENTO SIN EL ESPACIO O TIEMPO SUFICIENTE,0,0,0,0,18:00:00
-72.3299507,-37.4858016,2493,8,REGION BIO BIO,8301,LOS ANGELES,CALI,LIMA,0,"Cali & Lima, Los Angeles, Los Ángeles, Bío Bío, Chile",-37.4858016,-72.3299507,1,GEOMETRIC_CENTER,2020,1297908,2020/09/01 00:00:00+00,COLISION LATERAL,COLISION,URBANA,IMPRUDENCIA DEL CONDUCTOR,CONDUCCION NO ATENTO CONDICIONES TRANSITO MOMENTO,0,0,0,2,18:00:00
-72.342919,-37.487697,2494,8,REGION BIO BIO,8301,LOS ANGELES,LOS CARRERA,FRANCISCO ENCINA,0,"Av. Los Carrera & Av. Francisco Encina, Los Angeles, Los Ángeles, Bío Bío, Chile",-37.487697,-72.342919,1,GEOMETRIC_CENTER,2020,1297909,2020/09/02 00:00:00+00,COLISION LATERAL,COLISION,URBANA,IMPRUDENCIA DEL CONDUCTOR,CONDUCCION NO ATENTO CONDICIONES TRANSITO MOMENTO,0,0,0,1,20:30:00
-72.341561,-37.4592725,2495,8,REGION BIO BIO,8301,LOS ANGELES,LOS MOLLES, ,390,"Los Molles 390, Los Angeles, Los Ángeles, Bío Bío, Chile",-37.4592725,-72.341561,1,RANGE_INTERPOLATED,2020,1297911,2020/09/03 00:00:00+00,COLISION PERPENDICULAR,COLISION,URBANA,IMPRUDENCIA DEL CONDUCTOR,CONDUCCION NO ATENTO CONDICIONES TRANSITO MOMENTO,0,0,0,0,12:00:00
-73.0456016,-36.7928163,2496,8,REGION BIO BIO,8101,CONCEPCION,ALONSO DE RIVERA,ABDON CIFUENTES,0,"Abdón Cifuentes 1937, Concepción, Bío Bío, Chile",-36.7928163,-73.0456016,1,ROOFTOP,2020,1297915,2020/08/19 00:00:00+00,CHOQUE FRENTE/POSTERIOR,CHOQUE,URBANA,IMPRUDENCIA DEL CONDUCTOR,CONDUCCION SIN MANTENER DISTANCIA RAZONABLE NI PRUDENTE,0,0,0,0,17:45:00
-73.0368397,-36.801425,2497,8,REGION BIO BIO,8101,CONCEPCION,PRINCIPAL,BALMACEDA,0,"Balmaceda & Principal, Concepción, Bío Bío, Chile",-36.801425,-73.0368397,1,GEOMETRIC_CENTER,2020,1297917,2020/08/20 00:00:00+00,COLISION PERPENDICULAR,COLISION,URBANA,IMPRUDENCIA DEL CONDUCTOR,CONDUCCION NO ATENTO CONDICIONES TRANSITO MOMENTO,0,0,0,1,09:30:00
-73.0262384,-36.8006719,2498,8,REGION BIO BIO,8101,CONCEPCION,CALLE UNO,PASAJE 7,0,"Pje. 7 & C. Uno, Concepción, Bío Bío, Chile",-36.8006719,-73.0262384,1,GEOMETRIC_CENTER,2020,1297920,2020/08/20 00:00:00+00,COLISION LATERAL,COLISION,URBANA,IMPRUDENCIA DEL CONDUCTOR,CONDUCCION NO ATENTO CONDICIONES TRANSITO MOMENTO,0,0,0,1,15:00:00
-73.0262384,-36.8006719,2499,8,REGION BIO BIO,8101,CONCEPCION,CALLE UNO,PASAJE 7,0,"Pje. 7 & C. Uno, Concepción, Bío Bío, Chile",-36.8006719,-73.0262384,1,GEOMETRIC_CENTER,2020,1297922,2020/08/20 00:00:00+00,CHOQUE FRONTAL,CHOQUE,URBANA,OTRAS CAUSAS,OTRAS CAUSAS,0,0,0,0,18:30:00
-73.0505849,-36.8125403,2500,8,REGION BIO BIO,8101,CONCEPCION,VICUÑA MACKENNA,ONGOLMO,0,"Vicuña Mackenna & Ongolmo, Concepción, Bío Bío, Chile",-36.8125403,-73.0505849,1,GEOMETRIC_CENTER,2020,1297950,2020/08/21 00:00:00+00,ATROPELLO,ATROPELLO,URBANA,IMPRUDENCIA DEL CONDUCTOR,CONDUCCION NO ATENTO CONDICIONES TRANSITO MOMENTO,0,0,0,1,17:20:00
-73.0341042,-36.8111355,2501,8,REGION BIO BIO,8101,CONCEPCION,BAQUEDANO,PATRICIO LYNCH,0,"Baquedano & Patricio Lynch, Concepción, Bío Bío, Chile",-36.8111355,-73.0341042,1,GEOMETRIC_CENTER,2020,1297956,2020/08/14 00:00:00+00,COLISION LATERAL,COLISION,URBANA,IMPRUDENCIA DEL CONDUCTOR,CONDUCCION CAMBIAR SORPRESIVAMENTE PISTA CIRCULACION,0,0,0,0,15:30:00
-73.0614763,-36.8150017,2502,8,REGION BIO BIO,8101,CONCEPCION,EJERCITO, ,435,"Ejército 435, Concepción, Bío Bío, Chile",-36.8150017,-73.0614763,1,ROOFTOP,2020,1297958,2020/08/31 00:00:00+00,CHOQUE,CHOQUE,URBANA,IMPRUDENCIA DEL CONDUCTOR,CONDUCCION NO ATENTO CONDICIONES TRANSITO MOMENTO,0,0,0,0,17:33:00
-73.0405277,-36.7916502,2503,8,REGION BIO BIO,8101,CONCEPCION,ALONSO DE RIVERA,PRINCIPAL,0,"Gran Concepción, Bío Bío, Chile",-36.7916502,-73.0405277,1,APPROXIMATE,2020,1298011,2020/08/31 00:00:00+00,COLISION POR ALCANCE,COLISION,URBANA,IMPRUDENCIA DEL CONDUCTOR,CONDUCCION NO ATENTO CONDICIONES TRANSITO MOMENTO,0,0,0,1,08:10:00
-73.0405863,-36.8032645,2504,8,REGION BIO BIO,8101,CONCEPCION,LIENTUR,ALONSO DE RIVERA,0,"Paso Sobre Nivel Lientur Con General Bonilla - Lientur, Concepción, Bío Bío, Chile",-36.8032645,-73.0405863,1,GEOMETRIC_CENTER,2020,1298016,2020/09/01 00:00:00+00,COLISION LATERAL,COLISION,URBANA,IMPRUDENCIA DEL CONDUCTOR,CONDUCCION NO ATENTO CONDICIONES TRANSITO MOMENTO,0,0,0,0,17:50:00
-72.9531399,-36.6166295,2505,8,REGION BIO BIO,8111,TOME,LOS ALMENDROS, ,13,"Los Almendros 13, Tome, Tomé, Bío Bío, Chile",-36.6166295,-72.9531399,1,RANGE_INTERPOLATED,2020,1298054,2020/09/01 00:00:00+00,CHOQUE,CHOQUE,URBANA,PERDIDA CONTROL VEHICULO,PERDIDA CONTROL VEHICULO,0,0,0,1,23:00:00
-73.1198248,-36.8370079,2506,8,REGION BIO BIO,8108,SAN PEDRO DE LA PAZ,LAGUNA GRANDE,PEDRO AGUIRRE CERDA,0,"Pedro Aguirre Cerda, San Pedro de la Paz, Bío Bío, Chile",-36.8370079,-73.1198248,1,GEOMETRIC_CENTER,2020,1298279,2020/09/04 00:00:00+00,COLISION,COLISION,URBANA,IMPRUDENCIA DEL CONDUCTOR,CONDUCCION CAMBIAR SORPRESIVAMENTE PISTA CIRCULACION,0,0,0,0,18:10:00
-73.1045173,-36.8431139,2507,8,REGION BIO BIO,8108,SAN PEDRO DE LA PAZ,LOS MAÑIOS,JERUSALEN,0,"Los Mañíos 1585, San Pedro de la Paz, Bío Bío, Chile",-36.8431139,-73.1045173,1,ROOFTOP,2020,1298329,2020/09/02 00:00:00+00,COLISION LATERAL,COLISION,URBANA,IMPRUDENCIA DEL CONDUCTOR,CONDUCCION NO ATENTO CONDICIONES TRANSITO MOMENTO,0,0,0,0,12:25:00
-73.3413078,-37.4789929,2508,8,REGION BIO BIO,8205,CURANILAHUE,ARTURO PRAT,IGNACIO SERRANO,0,"Avenida Arturo Prat & Ignacio Serrano, Curanilahue, Bío Bío, Chile",-37.4789929,-73.3413078,1,GEOMETRIC_CENTER,2020,1298392,2020/09/06 00:00:00+00,CHOQUE LATERAL,CHOQUE,URBANA,DEFICIENCIAS VIALES,ANIMALES SUELTOS VIA PUBLICA,0,0,0,0,06:15:00
-73.3247539,-37.4885357,2509,8,REGION BIO BIO,8205,CURANILAHUE,LAS VIOLETAS, ,22,"Las Violetas 22, Curanilahue, Bío Bío, Chile",-37.4885357,-73.3247539,1,ROOFTOP,2020,1298465,2020/09/06 00:00:00+00,CHOQUE FRENTE/LADO,CHOQUE,URBANA,CAUSAS NO DETERMINADAS,CAUSAS NO DETERMINADAS,0,0,0,0,07:00:00
-73.0227439,-36.931672,2510,8,REGION BIO BIO,8103,CHIGUAYANTE,MANUEL RODRIGUEZ,PINARES,0,"Pinares & Avenida Manuel Rodríguez, Chiguayante, Bío Bío, Chile",-36.931672,-73.0227439,1,GEOMETRIC_CENTER,2020,1298547,2020/09/01 00:00:00+00,COLISION PERPENDICULAR,COLISION,URBANA,IMPRUDENCIA DEL CONDUCTOR,CONDUCCION NO ATENTO CONDICIONES TRANSITO MOMENTO,0,0,0,1,17:50:00
-73.0365151,-36.8918814,2511,8,REGION BIO BIO,8103,CHIGUAYANTE,COSTANERA, ,1945,"Av. Costanera, Chiguayante, Bío Bío, Chile",-36.8918814,-73.0365151,1,GEOMETRIC_CENTER,2020,1298649,2020/09/05 00:00:00+00,CHOQUE LATERAL,CHOQUE,URBANA,PERDIDA CONTROL VEHICULO,PERDIDA CONTROL VEHICULO,0,0,0,1,07:10:00
-73.112117,-36.8000857,2512,8,REGION BIO BIO,8112,HUALPEN,COSTANERA,GRAN BRETAÑA,0,"C. la Roda, Hualpén, Bío Bío, Chile",-36.8000857,-73.112117,1,GEOMETRIC_CENTER,2020,1298732,2020/09/09 00:00:00+00,VOLCADURA,VOLCADURA,URBANA,IMPRUDENCIA DEL CONDUCTOR,CARGA MAYOR QUE LA AUTORIZADA VEHICULO,0,0,0,1,17:00:00
-73.0501914,-36.8282548,2513,8,REGION BIO BIO,8101,CONCEPCION,CAUPOLICAN, ,368,"Caupolicán 368, Concepción, Bío Bío, Chile",-36.8282548,-73.0501914,1,ROOFTOP,2020,1298855,2020/09/07 00:00:00+00,CHOQUE,CHOQUE,URBANA,IMPRUDENCIA DEL CONDUCTOR,CONDUCCION NO ATENTO CONDICIONES TRANSITO MOMENTO,0,0,0,0,15:40:00
-73.0638168,-36.8313002,2514,8,REGION BIO BIO,8101,CONCEPCION,LOS CARRERA PONIENTE, ,301,"Av. los Carrera 301, Concepción, Bío Bío, Chile",-36.8313002,-73.0638168,1,ROOFTOP,2020,1298869,2020/09/07 00:00:00+00,CHOQUE,CHOQUE,URBANA,IMPRUDENCIA DEL CONDUCTOR,CONDUCCION NO ATENTO CONDICIONES TRANSITO MOMENTO,0,0,0,0,13:30:00
-73.0573818,-36.8368625,2515,8,REGION BIO BIO,8101,CONCEPCION,COSTANERA,ERCILLA,0,"Rancagua 114, Concepción, Bío Bío, Chile",-36.8368625,-73.0573818,1,ROOFTOP,2020,1298877,2020/09/07 00:00:00+00,COLISION LATERAL,COLISION,URBANA,IMPRUDENCIA DEL CONDUCTOR,VIRAJES INDEBIDOS,0,0,0,0,18:45:00
-73.0275238,-36.9192805,2516,8,REGION BIO BIO,8103,CHIGUAYANTE,MANUEL RODRIGUEZ,OROZIMBO BARBOSA,0,"Manuel Rodriguez - Guacolda, Chiguayante, Bío Bío, Chile",-36.9192805,-73.0275238,1,GEOMETRIC_CENTER,2020,1298884,2020/09/07 00:00:00+00,CHOQUE FRONTAL,CHOQUE,URBANA,ALCOHOL EN CONDUCTOR,CONDUCCION EN ESTADO DE EBRIEDAD,0,0,0,2,02:50:00
-73.0237505,-36.9308197,2517,8,REGION BIO BIO,8103,CHIGUAYANTE,FRAGATA LAUTARO,FRAGATA CHILE,0,"Fragata Lautaro & Fragata Chile, Chiguayante, Bío Bío, Chile",-36.9308197,-73.0237505,1,GEOMETRIC_CENTER,2020,1298947,2020/09/09 00:00:00+00,COLISION PERPENDICULAR,COLISION,URBANA,CAUSAS NO DETERMINADAS,CAUSAS NO DETERMINADAS,0,0,0,1,18:20:00
-73.0209496,-36.9352408,2518,8,REGION BIO BIO,8103,CHIGUAYANTE,MANUEL RODRIGUEZ,PROGRESO,0,"Progreso & Avenida Manuel Rodríguez, Chiguayante, Bío Bío, Chile",-36.9352408,-73.0209496,1,GEOMETRIC_CENTER,2020,1298951,2020/09/09 00:00:00+00,COLISION LATERAL,COLISION,URBANA,CAUSAS NO DETERMINADAS,CAUSAS NO DETERMINADAS,0,0,0,1,21:10:00
-73.0468096,-36.8237537,2519,8,REGION BIO BIO,8101,CONCEPCION,TUCAPEL,FREIRE,0,"Tucapel & Freire, Concepción, Bío Bío, Chile",-36.8237537,-73.0468096,1,GEOMETRIC_CENTER,2020,1298957,2020/09/09 00:00:00+00,COLISION PERPENDICULAR,COLISION,URBANA,IMPRUDENCIA DEL CONDUCTOR,CONDUCCION NO ATENTO CONDICIONES TRANSITO MOMENTO,0,0,0,0,14:00:00