X,Y,FID,COD_REG,REGION,CUT,COMUNA,CALLE_UNO,CALLE_DOS,NUMERO,DIR_GEOCOD,LAT,LNG,VAL_COM,TIPO,Año,Idaccident,Fecha,Tipo_Accid,Tipo__CONA,Zona,Causa__CON,Causa,Fallecidos,Graves,Menos_Grav,Leves,Hora
-72.3960984,-37.0369361,2520,8,REGION BIO BIO,8303,CABRERO,LOS COPIHUES, ,345,"C. los Copihues 345, Cabrero, Bío Bío, Chile",-37.0369361,-72.3960984,1,ROOFTOP,2020,1298979,2020/09/07 00:00:00+00,COLISION FRONTAL,COLISION,URBANA,IMPRUDENCIA DEL CONDUCTOR,CONDUCCION NO ATENTO CONDICIONES TRANSITO MOMENTO,0,0,0,0,07:10:00
-73.1004696,-36.7866776,2521,8,REGION BIO BIO,8112,HUALPEN,GRECIA, ,1093,"Grecia 1093, Hualpén, Bío Bío, Chile",-36.7866776,-73.1004696,1,RANGE_INTERPOLATED,2020,1299328,2020/09/10 00:00:00+00,COLISION,COLISION,URBANA,IMPRUDENCIA DEL CONDUCTOR,CONDUCCION NO ATENTO CONDICIONES TRANSITO MOMENTO,0,0,1,0,18:10:00
-73.1085096,-36.792019,2522,8,REGION BIO BIO,8112,HUALPEN,GRAN BRETAÑA,BREMEN,0,"Gran Bretaña & Bremen, Hualpén, Bío Bío, Chile",-36.792019,-73.1085096,1,GEOMETRIC_CENTER,2020,1299331,2020/09/10 00:00:00+00,COLISION,COLISION,URBANA,IMPRUDENCIA DEL CONDUCTOR,CONDUCCION NO ATENTO CONDICIONES TRANSITO MOMENTO,0,0,0,0,08:15:00
-73.0905075,-36.8073748,2523,8,REGION BIO BIO,8112,HUALPEN,COSTANERA, ,9781,"Av. Costanera 9781, Hualpén, Bío Bío, Chile",-36.8073748,-73.0905075,1,ROOFTOP,2020,1299335,2020/09/12 00:00:00+00,COLISION,COLISION,URBANA,IMPRUDENCIA DEL CONDUCTOR,CONDUCCION NO ATENTO CONDICIONES TRANSITO MOMENTO,0,0,0,0,10:45:00
-73.1699076,-36.8061727,2524,8,REGION BIO BIO,8112,HUALPEN,COSTANERA,CAMINO A RAMUNTCHO,0,"Santuario de la Naturaleza Península de Hualpén - Unnamed Road, Hualpén, Bío Bío, Chile",-36.8061727,-73.1699076,1,GEOMETRIC_CENTER,2020,1299341,2020/09/13 00:00:00+00,COLISION,COLISION,URBANA,ALCOHOL EN CONDUCTOR,CONDUCCION EN ESTADO DE EBRIEDAD,0,0,1,0,17:00:00
-73.0905075,-36.8073748,2525,8,REGION BIO BIO,8112,HUALPEN,COSTANERA, ,9781,"Av. Costanera 9781, Hualpén, Bío Bío, Chile",-36.8073748,-73.0905075,1,ROOFTOP,2020,1299348,2020/09/12 00:00:00+00,COLISION,COLISION,URBANA,IMPRUDENCIA DEL CONDUCTOR,CONDUCCION NO ATENTO CONDICIONES TRANSITO MOMENTO,0,0,0,0,10:45:00
-72.3716154,-37.4643013,2526,8,REGION BIO BIO,8301,LOS ANGELES,PADRE HURTADO,OROMPELLO,0,"Av. Padre Hurtado, Los Angeles, Los Ángeles, Bío Bío, Chile",-37.4643013,-72.3716154,1,GEOMETRIC_CENTER,2020,1299423,2020/09/01 00:00:00+00,COLISION POR ALCANCE,COLISION,URBANA,IMPRUDENCIA DEL CONDUCTOR,CONDUCCION NO ATENTO CONDICIONES TRANSITO MOMENTO,0,0,0,0,05:45:00
-71.9499036,-37.2951038,2527,8,REGION BIO BIO,8312,TUCAPEL,TUCAPEL,21 DE MAYO,0,"Tucapel, Bío Bío, Chile",-37.2951038,-71.9499036,1,APPROXIMATE,2020,1299454,2020/09/04 00:00:00+00,COLISION LATERAL,COLISION,URBANA,IMPRUDENCIA DEL CONDUCTOR,CONDUCCION NO ATENTO CONDICIONES TRANSITO MOMENTO,0,0,1,0,21:30:00
-72.3412126,-37.4602406,2528,8,REGION BIO BIO,8301,LOS ANGELES,MARCONI,COMANDANTE LUIS SOTO,0,"Av - Guillermo Marconi 1110, Los Angeles, Los Ángeles, Bío Bío, Chile",-37.4602406,-72.3412126,1,ROOFTOP,2020,1299476,2020/09/05 00:00:00+00,COLISION POR ALCANCE,COLISION,URBANA,IMPRUDENCIA DEL CONDUCTOR,CONDUCCION SIN MANTENER DISTANCIA RAZONABLE NI PRUDENTE,0,0,0,0,13:50:00
-72.3258289,-37.4697757,2529,8,REGION BIO BIO,8301,LOS ANGELES,LAS INDUSTRIAS, ,514,"Av Las Industrias 514, Los Ángeles, Bío Bío, Chile",-37.4697757,-72.3258289,1,RANGE_INTERPOLATED,2020,1299489,2020/09/06 00:00:00+00,COLISION FRONTAL,COLISION,URBANA,ALCOHOL EN CONDUCTOR,CONDUCCION EN ESTADO DE EBRIEDAD,0,2,0,2,14:20:00
-72.3400137,-37.462638,2530,8,REGION BIO BIO,8301,LOS ANGELES,MARCONI, ,725,"Guillermo Marconi 725, Los Angeles, Los Ángeles, Bío Bío, Chile",-37.462638,-72.3400137,1,ROOFTOP,2020,1299496,2020/09/06 00:00:00+00,CHOQUE FRONTAL,CHOQUE,URBANA,IMPRUDENCIA DEL CONDUCTOR,CONDUCCION NO ATENTO CONDICIONES TRANSITO MOMENTO,0,0,0,2,20:20:00
-72.3467476,-37.4656521,2531,8,REGION BIO BIO,8301,LOS ANGELES,COSTANERA QUILQUE, ,200,"Costanera Quilque 200, Los Angeles, Los Ángeles, Bío Bío, Chile",-37.4656521,-72.3467476,1,RANGE_INTERPOLATED,2020,1299506,2020/09/07 00:00:00+00,COLISION LATERAL,COLISION,URBANA,IMPRUDENCIA DEL CONDUCTOR,CONDUCCION NO ATENTO CONDICIONES TRANSITO MOMENTO,0,0,0,0,10:40:00
-72.5831028,-37.4664147,2532,8,REGION BIO BIO,8301,LOS ANGELES,CALLE 9,SANTA FE,0,"Col. Santa Fe, Los Ángeles, Bío Bío, Chile",-37.4664147,-72.5831028,1,APPROXIMATE,2020,1299512,2020/09/07 00:00:00+00,COLISION POR ALCANCE,COLISION,URBANA,IMPRUDENCIA DEL CONDUCTOR,CONDUCCION NO ATENTO CONDICIONES TRANSITO MOMENTO,0,0,0,0,15:40:00
-72.3394185,-37.4550595,2533,8,REGION BIO BIO,8301,LOS ANGELES,GENOVA, ,1897,"Génova 1897, Los Angeles, Los Ángeles, Bío Bío, Chile",-37.4550595,-72.3394185,1,RANGE_INTERPOLATED,2020,1299564,2020/09/08 00:00:00+00,COLISION POR ALCANCE,COLISION,URBANA,IMPRUDENCIA DEL CONDUCTOR,CONDUCCION NO ATENTO CONDICIONES TRANSITO MOMENTO,0,1,0,1,13:53:00
-72.3519847,-37.4632492,2534,8,REGION BIO BIO,8301,LOS ANGELES,VALDIVIA, ,846,"Valdivia 846, Los Angeles, Los Ángeles, Bío Bío, Chile",-37.4632492,-72.3519847,1,ROOFTOP,2020,1299582,2020/09/09 00:00:00+00,CHOQUE POSTERIOR/LADO,CHOQUE,URBANA,IMPRUDENCIA DEL CONDUCTOR,CONDUCCION NO ATENTO CONDICIONES TRANSITO MOMENTO,0,0,0,0,11:20:00
-72.3271477,-37.441101,2535,8,REGION BIO BIO,8301,LOS ANGELES,LAS INDUSTRIAS,SOR VICENTA,0,"Av. Sor Vicenta & Av Las Industrias, Los Ángeles, Bío Bío, Chile",-37.441101,-72.3271477,1,GEOMETRIC_CENTER,2020,1299619,2020/09/10 00:00:00+00,COLISION LATERAL,COLISION,URBANA,IMPRUDENCIA DEL CONDUCTOR,CONDUCCION CAMBIAR SORPRESIVAMENTE PISTA CIRCULACION,0,0,0,1,21:45:00
-72.3469872,-37.48752,2536,8,REGION BIO BIO,8301,LOS ANGELES,CAMINO DUQUECO, ,8,"Río Duqueco 8, Los Angeles, Los Ángeles, Bío Bío, Chile",-37.48752,-72.3469872,1,RANGE_INTERPOLATED,2020,1299631,2020/09/11 00:00:00+00,CHOQUE FRONTAL,CHOQUE,URBANA,IMPRUDENCIA DEL CONDUCTOR,CONDUCCION NO ATENTO CONDICIONES TRANSITO MOMENTO,0,0,0,0,02:15:00
-72.3394417,-37.4518779,2537,8,REGION BIO BIO,8301,LOS ANGELES,SOR VICENTA, ,2113,"Av. Sor Vicenta 2113, Los Angeles, Los Ángeles, Bío Bío, Chile",-37.4518779,-72.3394417,1,ROOFTOP,2020,1299634,2020/09/11 00:00:00+00,CHOQUE FRENTE/LADO,CHOQUE,URBANA,IMPRUDENCIA DEL CONDUCTOR,CONDUCCION NO ATENTO CONDICIONES TRANSITO MOMENTO,0,0,0,0,17:20:00
-72.3324341,-37.4864434,2538,8,REGION BIO BIO,8301,LOS ANGELES,LOS INCAS,LOS QUIMBAYA,0,"Los Quimbayas 850, Los Angeles, Los Ángeles, Bío Bío, Chile",-37.4864434,-72.3324341,1,ROOFTOP,2020,1299643,2020/09/12 00:00:00+00,COLISION FRONTAL,COLISION,URBANA,IMPRUDENCIA DEL CONDUCTOR,CONDUCCION NO ATENTO CONDICIONES TRANSITO MOMENTO,0,0,0,1,03:00:00
-72.3380392,-37.4875612,2539,8,REGION BIO BIO,8301,LOS ANGELES,LOS QUINBAYAS, ,542,"Los Quimbayas 542, Los Angeles, Los Ángeles, Bío Bío, Chile",-37.4875612,-72.3380392,1,RANGE_INTERPOLATED,2020,1299652,2020/09/12 00:00:00+00,ATROPELLO,ATROPELLO,URBANA,IMPRUDENCIA DEL CONDUCTOR,CONDUCCION NO ATENTO CONDICIONES TRANSITO MOMENTO,0,0,0,0,16:45:00
-71.857101,-37.2132988,2540,8,REGION BIO BIO,8312,TUCAPEL,CAMINO RURAL LAS HIJUELAS, ,7,"Unnamed Road, Renico, Tucapel, Bío Bío, Chile",-37.2132988,-71.857101,1,GEOMETRIC_CENTER,2020,1299660,2020/09/13 00:00:00+00,CHOQUE LATERAL,CHOQUE,URBANA,IMPRUDENCIA DEL CONDUCTOR,CONDUCCION NO ATENTO CONDICIONES TRANSITO MOMENTO,0,3,0,2,17:30:00
-72.3764641,-37.4742042,2541,8,REGION BIO BIO,8301,LOS ANGELES,RICARDO VICUÑA,SEMINARIO,0,"Avenida Ricardo Vicuña & Seminario, Los Angeles, Los Ángeles, Bío Bío, Chile",-37.4742042,-72.3764641,1,GEOMETRIC_CENTER,2020,1299665,2020/09/13 00:00:00+00,COLISION POR ALCANCE,COLISION,URBANA,IMPRUDENCIA DEL CONDUCTOR,CONDUCCION NO ATENTO CONDICIONES TRANSITO MOMENTO,0,0,0,0,21:35:00
-72.3378668,-37.4602901,2542,8,REGION BIO BIO,8301,LOS ANGELES,NAHUELBUTA, ,998,"Nahuelbuta 998, Los Angeles, Los Ángeles, Bío Bío, Chile",-37.4602901,-72.3378668,1,RANGE_INTERPOLATED,2020,1299680,2020/09/14 00:00:00+00,CHOQUE FRONTAL,CHOQUE,URBANA,ALCOHOL EN CONDUCTOR,CONDUCCION EN ESTADO DE EBRIEDAD,0,0,0,2,00:52:00
-72.3683669,-37.4801677,2543,8,REGION BIO BIO,8301,LOS ANGELES,PADRE HURTADO,VICUÑA MACKENNA,0,"Av. Vicuña Mackenna & Av. Padre Hurtado, Los Angeles, Los Ángeles, Bío Bío, Chile",-37.4801677,-72.3683669,1,GEOMETRIC_CENTER,2020,1299684,2020/09/14 00:00:00+00,COLISION POR ALCANCE,COLISION,URBANA,IMPRUDENCIA DEL CONDUCTOR,CONDUCCION NO ATENTO CONDICIONES TRANSITO MOMENTO,0,0,0,0,12:00:00
-72.3612251,-37.4629159,2544,8,REGION BIO BIO,8301,LOS ANGELES,MARIA ELENA,EDUARDO FREI MONTALVA,0,"Los Angeles, Los Ángeles, Bío Bío, Chile",-37.4629159,-72.3612251,1,APPROXIMATE,2020,1299686,2020/09/14 00:00:00+00,ATROPELLO,ATROPELLO,URBANA,IMPRUDENCIA DEL CONDUCTOR,CONDUCCION NO ATENTO CONDICIONES TRANSITO MOMENTO,0,0,0,1,18:20:00
-72.3515299,-37.4781734,2545,8,REGION BIO BIO,8301,LOS ANGELES,CONDELL,OHIGGINS,0,"Carlos Condell & Bernardo OHiggins, Los Angeles, Los Ángeles, Bío Bío, Chile",-37.4781734,-72.3515299,1,GEOMETRIC_CENTER,2020,1299711,2020/09/15 00:00:00+00,COLISION LATERAL,COLISION,URBANA,IMPRUDENCIA DEL CONDUCTOR,CONDUCCION NO ATENTO CONDICIONES TRANSITO MOMENTO,0,1,0,0,08:05:00
-71.9416215,-37.2386048,2546,8,REGION BIO BIO,8312,TUCAPEL,ROBERTO GOMEZ,12 DE FEBRERO,0,"Roberto Gómez Pérez & 12 de Febrero, Huepil, Tucapel, Bío Bío, Chile",-37.2386048,-71.9416215,1,GEOMETRIC_CENTER,2020,1299722,2020/09/15 00:00:00+00,COLISION LATERAL,COLISION,URBANA,IMPRUDENCIA DEL CONDUCTOR,CONDUCCION NO ATENTO CONDICIONES TRANSITO MOMENTO,0,0,0,0,09:40:00
-72.3494947,-37.4662012,2547,8,REGION BIO BIO,8301,LOS ANGELES,TUCAPEL,ALMAGRO,0,"Avenida Tucapel & Almagro, Los Angeles, Los Ángeles, Bío Bío, Chile",-37.4662012,-72.3494947,1,GEOMETRIC_CENTER,2020,1299729,2020/09/15 00:00:00+00,COLISION LATERAL,COLISION,URBANA,IMPRUDENCIA DEL CONDUCTOR,CONDUCCION NO ATENTO CONDICIONES TRANSITO MOMENTO,0,0,0,0,14:00:00
-72.3628674,-37.4606932,2548,8,REGION BIO BIO,8301,LOS ANGELES,OROMPELLO,RUIZ ALDEA,0,"Orompello & Ruiz Aldea, Los Angeles, Los Ángeles, Bío Bío, Chile",-37.4606932,-72.3628674,1,GEOMETRIC_CENTER,2020,1299781,2020/09/15 00:00:00+00,COLISION,COLISION,URBANA,IMPRUDENCIA DEL CONDUCTOR,CONDUCCION NO ATENTO CONDICIONES TRANSITO MOMENTO,0,0,0,0,16:40:00
-72.6755833,-37.4987466,2549,8,REGION BIO BIO,8306,NACIMIENTO,VILLA ALEGRE,LA CRUZ,0,"Villa Alegre & La Cruz, Nacimiento, Bío Bío, Chile",-37.4987466,-72.6755833,1,GEOMETRIC_CENTER,2020,1299983,2020/09/03 00:00:00+00,ATROPELLO,ATROPELLO,URBANA,IMPRUDENCIA DEL CONDUCTOR,NO RESPETAR DERECHO PREFERENTE DE PASO A PEATON,0,0,0,1,18:20:00
-73.0506589,-36.8227251,2550,8,REGION BIO BIO,8101,CONCEPCION,LOS CARRERA,COLO COLO,0,"Colo Colo & Avenida los Carrera, Concepción, Bío Bío, Chile",-36.8227251,-73.0506589,1,GEOMETRIC_CENTER,2020,1299984,2020/08/21 00:00:00+00,COLISION LATERAL,COLISION,URBANA,DESOBEDIENCIA A SEÑALIZACION,SEÑALIZACION DESOBEDECER LUZ ROJA DE SEMAFORO,0,1,0,0,23:20:00
-72.6881825,-37.4900465,2551,8,REGION BIO BIO,8306,NACIMIENTO,VILLA ALEGRE,PASTOR LEPE,0,"Villa Alegre & Pastor Lepe, Nacimiento, Bío Bío, Chile",-37.4900465,-72.6881825,1,GEOMETRIC_CENTER,2020,1299986,2020/09/04 00:00:00+00,CHOQUE,CHOQUE,URBANA,ALCOHOL EN CONDUCTOR,CONDUCCION EN ESTADO DE EBRIEDAD,0,0,0,0,23:15:00
-72.6737839,-37.5000511,2552,8,REGION BIO BIO,8306,NACIMIENTO,VILLA ALEGRE, ,610,"Villa Alegre 610, Nacimiento, Bío Bío, Chile",-37.5000511,-72.6737839,1,RANGE_INTERPOLATED,2020,1299988,2020/09/05 00:00:00+00,COLISION,COLISION,URBANA,ALCOHOL EN CONDUCTOR,CONDUCCION EN ESTADO DE EBRIEDAD,0,0,0,0,10:40:00
-72.6909815,-37.4943219,2553,8,REGION BIO BIO,8306,NACIMIENTO,JULIO HEMMELMANN,LAS DALIAS,0,"Avenida Julio Hemmelmann & Las Dalias, Nacimiento, Bío Bío, Chile",-37.4943219,-72.6909815,1,GEOMETRIC_CENTER,2020,1299997,2020/09/15 00:00:00+00,COLISION,COLISION,URBANA,IMPRUDENCIA DEL CONDUCTOR,NO RESPETAR DERECHO PREFERENTE DE PASO A VEHICULO,0,0,0,0,17:50:00
-73.4002082,-37.7988312,2554,8,REGION BIO BIO,8203,CAÑETE,SEPTIMO DE LINEA,ESMERALDA,0,"Esmeralda & 7 de Linea, Canete, Cañete, Bío Bío, Chile",-37.7988312,-73.4002082,1,GEOMETRIC_CENTER,2020,1300056,2020/09/14 00:00:00+00,CHOQUE,CHOQUE,URBANA,IMPRUDENCIA DEL CONDUCTOR,CONDUCCION NO ATENTO CONDICIONES TRANSITO MOMENTO,0,0,0,0,12:00:00
-73.0003933,-36.7396434,2555,8,REGION BIO BIO,8107,PENCO,SAN VICENTE, ,146,"San Vicente 146, Penco, Bío Bío, Chile",-36.7396434,-73.0003933,1,ROOFTOP,2020,1300086,2020/09/16 00:00:00+00,COLISION POR ALCANCE,COLISION,URBANA,IMPRUDENCIA DEL CONDUCTOR,CONDUCCION NO ATENTO CONDICIONES TRANSITO MOMENTO,0,0,0,1,13:30:00
-72.7233723,-37.2632997,2556,8,REGION BIO BIO,8310,SAN ROSENDO,ALMTE LATORRE,BAQUEDANO,0,"San Rosendo, Bío Bío, Chile",-37.2632997,-72.7233723,1,APPROXIMATE,2020,1300090,2020/09/12 00:00:00+00,COLISION,COLISION,URBANA,DESOBEDIENCIA A SEÑALIZACION,SEÑALIZACION DESOBEDECER SEÑAL CEDA EL PASO,0,0,1,0,19:45:00
-72.717472,-37.2761774,2557,8,REGION BIO BIO,8304,LAJA,BALMACEDA, ,659,"Balmaceda 659, Laja, Bío Bío, Chile",-37.2761774,-72.717472,1,RANGE_INTERPOLATED,2020,1300094,2020/09/14 00:00:00+00,CHOQUE LADO/POSTERIOR,CHOQUE,URBANA,IMPRUDENCIA DEL CONDUCTOR,CONDUCCION NO ATENTO CONDICIONES TRANSITO MOMENTO,0,0,0,0,13:00:00
-72.5609049,-37.0972984,2558,8,REGION BIO BIO,8313,YUMBEL,CASTELLON, ,430,"Castellón 430, Yumbel, Bío Bío, Chile",-37.0972984,-72.5609049,1,RANGE_INTERPOLATED,2020,1300095,2020/09/17 00:00:00+00,COLISION LATERAL,COLISION,URBANA,IMPRUDENCIA DEL CONDUCTOR,CONDUCCION CAMBIAR SORPRESIVAMENTE PISTA CIRCULACION,0,0,0,1,15:40:00
-73.0916097,-36.789367,2559,8,REGION BIO BIO,8112,HUALPEN,PATRIA VIEJA,PUERTO OCTAY,0,"Patria Vieja & Puerto Octay, Hualpén, Bío Bío, Chile",-36.789367,-73.0916097,1,GEOMETRIC_CENTER,2020,1300105,2020/09/18 00:00:00+00,COLISION,COLISION,URBANA,DESOBEDIENCIA A SEÑALIZACION,SEÑALIZACION DESOBEDECER SEÑAL CEDA EL PASO,0,1,0,0,16:42:00
-73.1175109,-36.7753478,2560,8,REGION BIO BIO,8112,HUALPEN,CAMINO A LENGA, ,2001,"Cam. A Lenga 2001, Hualpén, Bío Bío, Chile",-36.7753478,-73.1175109,1,ROOFTOP,2020,1300110,2020/09/18 00:00:00+00,CHOQUE,CHOQUE,URBANA,CAUSAS NO DETERMINADAS,CAUSAS NO DETERMINADAS,0,0,0,0,22:15:00
-72.3531103,-37.4762189,2561,8,REGION BIO BIO,8301,LOS ANGELES,LOS CARDOS,LOS MASQUETA,0,"San Martín 357, Los Angeles, Los Ángeles, Bío Bío, Chile",-37.4762189,-72.3531103,1,ROOFTOP,2020,1300213,2020/09/15 00:00:00+00,COLISION FRONTAL,COLISION,URBANA,IMPRUDENCIA DEL CONDUCTOR,CONDUCCION NO ATENTO CONDICIONES TRANSITO MOMENTO,0,0,0,0,12:20:00
-72.3481875,-37.46622,2562,8,REGION BIO BIO,8301,LOS ANGELES,TUCAPEL,VILLAGRAN,0,"Avenida Tucapel & Villagrán, Los Angeles, Los Ángeles, Bío Bío, Chile",-37.46622,-72.3481875,1,GEOMETRIC_CENTER,2020,1300241,2020/09/15 00:00:00+00,ATROPELLO,ATROPELLO,URBANA,IMPRUDENCIA DEL CONDUCTOR,CONDUCCION NO ATENTO CONDICIONES TRANSITO MOMENTO,0,0,0,1,14:15:00
-72.3494947,-37.4662012,2563,8,REGION BIO BIO,8301,LOS ANGELES,TUCAPEL,ALMAGRO,0,"Avenida Tucapel & Almagro, Los Angeles, Los Ángeles, Bío Bío, Chile",-37.4662012,-72.3494947,1,GEOMETRIC_CENTER,2020,1300243,2020/09/15 00:00:00+00,COLISION LATERAL,COLISION,URBANA,IMPRUDENCIA DEL CONDUCTOR,CONDUCCION NO ATENTO CONDICIONES TRANSITO MOMENTO,0,0,0,0,14:00:00
-72.3665554,-37.4671528,2564,8,REGION BIO BIO,8301,LOS ANGELES,LAS AZALEAS,COSTANERA QUILQUE NORTE,0,"Las Azaleas & Costanera Quilque Norte, Los Angeles, Los Ángeles, Bío Bío, Chile",-37.4671528,-72.3665554,1,GEOMETRIC_CENTER,2020,1300255,2020/09/16 00:00:00+00,COLISION LATERAL,COLISION,URBANA,IMPRUDENCIA DEL CONDUCTOR,CONDUCCION NO ATENTO CONDICIONES TRANSITO MOMENTO,0,0,0,0,07:40:00
-73.0480548,-36.8268899,2565,8,REGION BIO BIO,8101,CONCEPCION,COLO COLO,OHIGGINS,0,"Colo Colo & Libertador General Bernardo OHiggins, Concepción, Bío Bío, Chile",-36.8268899,-73.0480548,1,GEOMETRIC_CENTER,2020,1300269,2020/09/11 00:00:00+00,COLISION PERPENDICULAR,COLISION,URBANA,IMPRUDENCIA DEL CONDUCTOR,CONDUCCION NO ATENTO CONDICIONES TRANSITO MOMENTO,0,0,0,1,09:05:00
-73.0569544,-36.8392326,2566,8,REGION BIO BIO,8101,CONCEPCION,ERRAZURIZ,ERCILLA,0,"Errázuriz Sur & Ercilla, Concepción, Bío Bío, Chile",-36.8392326,-73.0569544,1,GEOMETRIC_CENTER,2020,1300275,2020/09/11 00:00:00+00,COLISION,COLISION,URBANA,IMPRUDENCIA DEL CONDUCTOR,CONDUCCION NO ATENTO CONDICIONES TRANSITO MOMENTO,0,0,0,0,19:20:00
-73.0598003,-36.8367012,2567,8,REGION BIO BIO,8101,CONCEPCION,ESMERALDA,COSTANERA,0,"Costanera & Esmeralda, Concepción, Bío Bío, Chile",-36.8367012,-73.0598003,1,GEOMETRIC_CENTER,2020,1300277,2020/09/13 00:00:00+00,CHOQUE,CHOQUE,URBANA,CAUSAS NO DETERMINADAS,CAUSAS NO DETERMINADAS,0,0,0,0,04:35:00
-73.0505432,-36.8279014,2568,8,REGION BIO BIO,8101,CONCEPCION,OHIGGINS,CAUPOLICAN,0,"Caupolicán & Libertador General Bernardo OHiggins, Concepción, Bío Bío, Chile",-36.8279014,-73.0505432,1,GEOMETRIC_CENTER,2020,1300304,2020/09/14 00:00:00+00,COLISION PERPENDICULAR,COLISION,URBANA,IMPRUDENCIA DEL CONDUCTOR,CONDUCCION NO ATENTO CONDICIONES TRANSITO MOMENTO,0,0,0,0,09:40:00
-73.0576233,-36.8324568,2569,8,REGION BIO BIO,8101,CONCEPCION,ARTURO PRAT, ,275,"Arturo Prat 275, Concepción, Bío Bío, Chile",-36.8324568,-73.0576233,1,RANGE_INTERPOLATED,2020,1300349,2020/09/15 00:00:00+00,CHOQUE,CHOQUE,URBANA,IMPRUDENCIA DEL CONDUCTOR,CONDUCIR VEHICULO EN RETROCESO,0,0,0,0,15:50:00
-73.3480262,-37.4735056,2570,8,REGION BIO BIO,8205,CURANILAHUE,OHIGGINS, ,0,"Av. Bernardo OHiggins 111, Curanilahue, Bío Bío, Chile",-37.4735056,-73.3480262,1,ROOFTOP,2020,1300403,2020/09/21 00:00:00+00,CHOQUE POSTERIOR,CHOQUE,URBANA,IMPRUDENCIA DEL CONDUCTOR,CONDUCCION NO ATENTO CONDICIONES TRANSITO MOMENTO,0,0,0,0,11:00:00
-73.0195652,-36.9389423,2571,8,REGION BIO BIO,8103,CHIGUAYANTE,MANUEL RODRIGUEZ,LOS CASTAÑOS,0,"Los Castaños & Avenida Manuel Rodríguez, Chiguayante, Bío Bío, Chile",-36.9389423,-73.0195652,1,GEOMETRIC_CENTER,2020,1300454,2020/09/12 00:00:00+00,COLISION LATERAL,COLISION,URBANA,OTRAS CAUSAS,OTRAS CAUSAS,0,0,0,0,20:25:00
-73.0187815,-36.9395162,2572,8,REGION BIO BIO,8103,CHIGUAYANTE,MANUEL RODRIGUEZ, ,1937,"Av. Manuel Rodríguez 1937, Chiguayante, Bío Bío, Chile",-36.9395162,-73.0187815,1,ROOFTOP,2020,1300465,2020/09/14 00:00:00+00,COLISION PERPENDICULAR,COLISION,URBANA,IMPRUDENCIA DEL CONDUCTOR,CONDUCCION NO ATENTO CONDICIONES TRANSITO MOMENTO,0,0,0,0,16:45:00
-73.0267825,-36.9172184,2573,8,REGION BIO BIO,8103,CHIGUAYANTE,SANTA SOFIA,MANUEL RODRIGUEZ,0,"Sta. Sofía 71, Chiguayante, Bío Bío, Chile",-36.9172184,-73.0267825,1,ROOFTOP,2020,1300519,2020/09/14 00:00:00+00,CHOQUE FRENTE/POSTERIOR,CHOQUE,URBANA,OTRAS CAUSAS,OTRAS CAUSAS,0,0,0,0,16:15:00
-72.9524544,-36.6270113,2574,8,REGION BIO BIO,8111,TOME,GAJARDO, ,259,"Cjón. Gajardo, Tome, Tomé, Bío Bío, Chile",-36.6270113,-72.9524544,1,GEOMETRIC_CENTER,2020,1300597,2020/09/18 00:00:00+00,CHOQUE POSTERIOR/FRENTE,CHOQUE,URBANA,IMPRUDENCIA DEL CONDUCTOR,CONDUCIR VEHICULO EN RETROCESO,0,0,0,0,16:20:00
-73.0948166,-36.7606602,2575,8,REGION BIO BIO,8110,TALCAHUANO,RIO BUENO, ,5119,"Río Bueno 5119, Talcahuano, Bío Bío, Chile",-36.7606602,-73.0948166,1,RANGE_INTERPOLATED,2020,1300605,2020/09/16 00:00:00+00,CHOQUE FRENTE/POSTERIOR,CHOQUE,URBANA,IMPRUDENCIA DEL CONDUCTOR,CONDUCCION NO ATENTO CONDICIONES TRANSITO MOMENTO,0,0,0,0,20:20:00
-73.047881,-36.8273015,2576,8,REGION BIO BIO,8101,CONCEPCION,COLO COLO, ,357,"Colo Colo 357, Concepción, Bío Bío, Chile",-36.8273015,-73.047881,1,ROOFTOP,2020,1300631,2020/09/21 00:00:00+00,CHOQUE LATERAL,CHOQUE,URBANA,IMPRUDENCIA DEL CONDUCTOR,CONDUCCION NO ATENTO CONDICIONES TRANSITO MOMENTO,0,0,0,0,16:50:00
-73.2456824,-37.2580383,2577,8,REGION BIO BIO,8202,ARAUCO,VICENTE MILLAN, ,229,"Vicente Millan 229, Arauco, Bío Bío, Chile",-37.2580383,-73.2456824,1,ROOFTOP,2020,1300800,2020/08/27 00:00:00+00,ATROPELLO,ATROPELLO,URBANA,ALCOHOL EN CONDUCTOR,CONDUCCION EN ESTADO DE EBRIEDAD,0,1,0,0,20:05:00
-73.3173898,-37.2500038,2578,8,REGION BIO BIO,8202,ARAUCO,CAUPOLICAN,LOS DURAZNOS,0,"Caupolicán & Los Duraznos, Arauco, Bío Bío, Chile",-37.2500038,-73.3173898,1,GEOMETRIC_CENTER,2020,1300816,2020/09/07 00:00:00+00,COLISION FRONTAL,COLISION,URBANA,IMPRUDENCIA DEL CONDUCTOR,CONDUCIR VEHICULO EN RETROCESO,0,0,0,0,13:15:00
-73.3940028,-37.797425,2579,8,REGION BIO BIO,8203,CAÑETE,PDTE EDUARDO FREI,TUCAPEL,0,"Tucapel & Avenida Presidente Eduardo Frei, Canete, Cañete, Bío Bío, Chile",-37.797425,-73.3940028,1,GEOMETRIC_CENTER,2020,1300962,2020/09/16 00:00:00+00,COLISION,COLISION,URBANA,IMPRUDENCIA DEL CONDUCTOR,CONDUCCION NO ATENTO CONDICIONES TRANSITO MOMENTO,0,0,0,0,13:45:00