X,Y,FID,COD_REG,REGION,CUT,COMUNA,CALLE_UNO,CALLE_DOS,NUMERO,DIR_GEOCOD,LAT,LNG,VAL_COM,TIPO,Año,Idaccident,Fecha,Tipo_Accid,Tipo__CONA,Zona,Causa__CON,Causa,Fallecidos,Graves,Menos_Grav,Leves,Hora
-73.3910372,-37.7944462,2580,8,REGION BIO BIO,8203,CAÑETE,PDTE EDUARDO FREI,CAMILO HENRIQUEZ,0,"Av. Pdte. Eduardo Frei, Canete, Cañete, Bío Bío, Chile",-37.7944462,-73.3910372,1,GEOMETRIC_CENTER,2020,1301002,2020/09/17 00:00:00+00,COLISION FRONTAL,COLISION,URBANA,IMPRUDENCIA DEL CONDUCTOR,CONDUCCION CONTRA SENTIDO DEL TRANSITO,0,2,0,2,20:45:00
-73.1083642,-36.7209705,2581,8,REGION BIO BIO,8110,TALCAHUANO,BLANCO ENCALADA, ,1210,"Blanco Encalada 1210, Talcahuano, Bío Bío, Chile",-36.7209705,-73.1083642,1,RANGE_INTERPOLATED,2020,1301024,2020/09/18 00:00:00+00,CAIDA,CAIDA,URBANA,IMPRUDENCIA DEL CONDUCTOR,CONDUCCION SIN MANTENER DISTANCIA RAZONABLE NI PRUDENTE,0,0,0,1,18:35:00
-72.990196,-36.7382035,2582,8,REGION BIO BIO,8107,PENCO,YERBAS BUENAS, ,400,"Yerbas Buenas 400, Penco, Bío Bío, Chile",-36.7382035,-72.990196,1,RANGE_INTERPOLATED,2020,1301030,2020/09/22 00:00:00+00,COLISION LATERAL,COLISION,URBANA,IMPRUDENCIA DEL CONDUCTOR,CONDUCCION NO ATENTO CONDICIONES TRANSITO MOMENTO,0,0,0,0,17:00:00
-73.0982262,-36.7514581,2583,8,REGION BIO BIO,8110,TALCAHUANO,LAS ACACIAS, ,577,"Las Acacias 577, Talcahuano, Bío Bío, Chile",-36.7514581,-73.0982262,1,RANGE_INTERPOLATED,2020,1301045,2020/09/03 00:00:00+00,VOLCADURA,VOLCADURA,URBANA,PERDIDA CONTROL VEHICULO,PERDIDA CONTROL VEHICULO,0,1,0,0,12:40:00
-73.1010447,-36.7791963,2584,8,REGION BIO BIO,8110,TALCAHUANO,LAS GOLONDRINAS, ,5691,"Av. Las Golondrinas, Talcahuano, Bío Bío, Chile",-36.7791963,-73.1010447,1,GEOMETRIC_CENTER,2020,1301099,2020/09/03 00:00:00+00,CHOQUE FRONTAL,CHOQUE,URBANA,ALCOHOL EN CONDUCTOR,CONDUCCION EN ESTADO DE EBRIEDAD,0,0,0,1,23:00:00
-73.1154141,-36.7353394,2585,8,REGION BIO BIO,8110,TALCAHUANO,ISLA SANTA MARIA, ,325,"Isla Sta. María 325, Talcahuano, Bío Bío, Chile",-36.7353394,-73.1154141,1,ROOFTOP,2020,1301102,2020/09/06 00:00:00+00,CHOQUE FRONTAL,CHOQUE,URBANA,ALCOHOL EN CONDUCTOR,CONDUCCION EN ESTADO DE EBRIEDAD,0,0,0,0,18:40:00
-73.1149114,-36.7212305,2586,8,REGION BIO BIO,8110,TALCAHUANO,RIQUELME, ,325,"Riquelme 325, Talcahuano, Bío Bío, Chile",-36.7212305,-73.1149114,1,RANGE_INTERPOLATED,2020,1301106,2020/09/19 00:00:00+00,CHOQUE FRONTAL,CHOQUE,URBANA,ALCOHOL EN CONDUCTOR,CONDUCCION EN ESTADO DE EBRIEDAD,0,0,0,1,18:40:00
-73.117342,-36.7285697,2587,8,REGION BIO BIO,8110,TALCAHUANO,JUAN ANTONIO RIOS, ,101,"Juan Antonio Ríos 101, Talcahuano, Bío Bío, Chile",-36.7285697,-73.117342,1,RANGE_INTERPOLATED,2020,1301119,2020/09/16 00:00:00+00,CHOQUE FRENTE/POSTERIOR,CHOQUE,URBANA,IMPRUDENCIA DEL CONDUCTOR,CONDUCCION SIN MANTENER DISTANCIA RAZONABLE NI PRUDENTE,0,0,0,3,16:10:00
-72.019856,-37.669818,2588,8,REGION BIO BIO,8311,SANTA BARBARA,ZENTENO, ,136,"Zenteno 136, Santa Bárbara, Bío Bío, Chile",-37.669818,-72.019856,1,RANGE_INTERPOLATED,2020,1301193,2020/09/07 00:00:00+00,COLISION,COLISION,URBANA,IMPRUDENCIA DEL CONDUCTOR,CONDUCCION SIN MANTENER DISTANCIA RAZONABLE NI PRUDENTE,0,0,0,0,17:45:00
-72.6881391,-37.4975699,2589,8,REGION BIO BIO,8306,NACIMIENTO,JOSE ZABALA RIOS,JULIO HEMMELMANN,0,"Avenida Julio Hemmelmann & Juan Antonio Rios, Nacimiento, Bío Bío, Chile",-37.4975699,-72.6881391,1,GEOMETRIC_CENTER,2020,1301197,2020/09/19 00:00:00+00,CHOQUE,CHOQUE,URBANA,ALCOHOL EN CONDUCTOR,CONDUCCION EN ESTADO DE EBRIEDAD,0,0,0,0,20:35:00
-72.9343143,-36.9661135,2590,8,REGION BIO BIO,8105,HUALQUI,CHILLANCITO, ,524,"Chillancito 524, Hualqui, Bío Bío, Chile",-36.9661135,-72.9343143,1,ROOFTOP,2020,1324230,2020/12/24 00:00:00+00,CHOQUE FRENTE/POSTERIOR,CHOQUE,URBANA,CAUSAS NO DETERMINADAS,CAUSAS NO DETERMINADAS,0,0,0,0,21:00:00
-73.1398779,-36.7101972,2591,8,REGION BIO BIO,8110,TALCAHUANO,BAHIA SAN VICENTE, ,1239,"Bahía San Vicente 1239, Talcahuano, Bío Bío, Chile",-36.7101972,-73.1398779,1,RANGE_INTERPOLATED,2020,1301259,2020/09/19 00:00:00+00,CHOQUE FRONTAL,CHOQUE,URBANA,PERDIDA CONTROL VEHICULO,PERDIDA CONTROL VEHICULO,0,0,0,0,04:30:00
-73.0886097,-36.7500003,2592,8,REGION BIO BIO,8110,TALCAHUANO,VOLCAN MIÑO,VOLCAN CHILLAN,0,"Volcán Miño & Volcán Chillán, Talcahuano, Bío Bío, Chile",-36.7500003,-73.0886097,1,GEOMETRIC_CENTER,2020,1301269,2020/09/19 00:00:00+00,COLISION LATERAL,COLISION,URBANA,IMPRUDENCIA DEL CONDUCTOR,NO RESPETAR DERECHO PREFERENTE DE PASO A VEHICULO,0,0,0,2,16:45:00
-73.0823457,-36.7909785,2593,8,REGION BIO BIO,8112,HUALPEN,SANTA MARIA,LOS GORRIONES,0,"Los Gorriones & Avenida Santa María, Hualpén, Bío Bío, Chile",-36.7909785,-73.0823457,1,GEOMETRIC_CENTER,2020,1301273,2020/09/23 00:00:00+00,CHOQUE,CHOQUE,URBANA,ALCOHOL EN CONDUCTOR,CONDUCCION EN ESTADO DE EBRIEDAD,0,0,0,1,17:20:00
-73.1195404,-36.7249952,2594,8,REGION BIO BIO,8110,TALCAHUANO,MALAQUIAS CONCHA, ,698,"Malaquías Concha 698, Talcahuano, Bío Bío, Chile",-36.7249952,-73.1195404,1,RANGE_INTERPOLATED,2020,1301280,2020/09/21 00:00:00+00,CAIDA,CAIDA,URBANA,IMPRUDENCIA DEL CONDUCTOR,CONDUCCION NO ATENTO CONDICIONES TRANSITO MOMENTO,0,0,0,1,11:15:00
-72.9565649,-36.6182688,2595,8,REGION BIO BIO,8111,TOME,MARIANO EGAÑA, ,1033,"Mariano Egaña 1033, Tome, Tomé, Bío Bío, Chile",-36.6182688,-72.9565649,1,RANGE_INTERPOLATED,2020,1301308,2020/09/24 00:00:00+00,CHOQUE FRONTAL,CHOQUE,URBANA,PERDIDA CONTROL VEHICULO,PERDIDA CONTROL VEHICULO,0,0,0,0,13:50:00
-73.0575847,-36.8218168,2596,8,REGION BIO BIO,8101,CONCEPCION,MANUEL BULNES,LINCOYAN,0,"Manuel Bulnes & Lincoyán, Concepción, Bío Bío, Chile",-36.8218168,-73.0575847,1,GEOMETRIC_CENTER,2020,1301311,2020/09/05 00:00:00+00,COLISION LATERAL,COLISION,URBANA,IMPRUDENCIA DEL CONDUCTOR,CONDUCCION NO ATENTO CONDICIONES TRANSITO MOMENTO,0,0,0,1,23:30:00
-73.049061,-36.8224811,2597,8,REGION BIO BIO,8101,CONCEPCION,CASTELLON, ,780,"Castellón 780, Concepción, Bío Bío, Chile",-36.8224811,-73.049061,1,ROOFTOP,2020,1317022,2020/12/04 00:00:00+00,COLISION LATERAL,COLISION,URBANA,IMPRUDENCIA DEL CONDUCTOR,CONDUCCION NO ATENTO CONDICIONES TRANSITO MOMENTO,0,0,0,0,12:00:00
-73.156592,-37.0969599,2598,8,REGION BIO BIO,8106,LOTA,MATTA,SOTOMAYOR,0,"Matta & Sotomayor, Lota, Bío Bío, Chile",-37.0969599,-73.156592,1,GEOMETRIC_CENTER,2020,1301363,2020/09/05 00:00:00+00,COLISION LATERAL,COLISION,URBANA,IMPRUDENCIA DEL CONDUCTOR,CONDUCCION NO ATENTO CONDICIONES TRANSITO MOMENTO,0,0,0,0,11:55:00
-73.1527368,-37.0838756,2599,8,REGION BIO BIO,8106,LOTA,FERNANDO MAIRA,VISTA HERMOSA,0,"Fernando Maira Nº 580 – A, Sector La Cantera, Lota, Bío Bío, Chile",-37.0838756,-73.1527368,1,GEOMETRIC_CENTER,2020,1301377,2020/09/08 00:00:00+00,COLISION LATERAL,COLISION,URBANA,DESOBEDIENCIA A SEÑALIZACION,SEÑALIZACION DESOBEDECER SEÑAL PARE,0,0,0,0,13:30:00
-73.1527368,-37.0838756,2600,8,REGION BIO BIO,8106,LOTA,FERNANDO MAIRA,LOS AVELLANOS,0,"Fernando Maira Nº 580 – A, Sector La Cantera, Lota, Bío Bío, Chile",-37.0838756,-73.1527368,1,GEOMETRIC_CENTER,2020,1301392,2020/08/26 00:00:00+00,COLISION POR ALCANCE,COLISION,URBANA,IMPRUDENCIA DEL CONDUCTOR,CONDUCCION NO ATENTO CONDICIONES TRANSITO MOMENTO,0,0,0,0,21:30:00
-73.157763,-37.0908936,2601,8,REGION BIO BIO,8106,LOTA,PEDRO AGUIRRE CERDA, ,775,"Pedro Aguirre Cerda 775, Lota, Bío Bío, Chile",-37.0908936,-73.157763,1,RANGE_INTERPOLATED,2020,1301393,2020/09/20 00:00:00+00,CHOQUE FRONTAL,CHOQUE,URBANA,PERDIDA CONTROL VEHICULO,PERDIDA CONTROL VEHICULO,0,0,1,0,17:50:00
-73.163489,-36.9926139,2602,8,REGION BIO BIO,8102,CORONEL,JUAN ANTONIO RIOS,LOS MOLINEROS,0,"Juan Antonio Ríos & Los Molineros, Coronel, Bío Bío, Chile",-36.9926139,-73.163489,1,GEOMETRIC_CENTER,2020,1301409,2020/09/06 00:00:00+00,COLISION,COLISION,URBANA,DESOBEDIENCIA A SEÑALIZACION,SEÑALIZACION DESOBEDECER LUZ ROJA DE SEMAFORO,0,0,1,0,04:10:00
-72.4401835,-37.0844954,2603,8,REGION BIO BIO,8303,CABRERO,ZAÑARTU,DIEGO PORTALES,0,"Zañartu & Diego Portales, Monte Aguila, Cabrero, Bío Bío, Chile",-37.0844954,-72.4401835,1,GEOMETRIC_CENTER,2020,1301492,2020/09/20 00:00:00+00,COLISION LATERAL,COLISION,URBANA,ALCOHOL EN CONDUCTOR,CONDUCCION BAJO LA INFLUENCIA DEL ALCOHOL,0,0,0,2,20:00:00
-72.7160974,-37.2819872,2604,8,REGION BIO BIO,8304,LAJA,ARTURO PRAT,OHIGGINS,0,"Arturo Prat & OHiggins, Laja, Bío Bío, Chile",-37.2819872,-72.7160974,1,GEOMETRIC_CENTER,2020,1301493,2020/09/23 00:00:00+00,ATROPELLO,ATROPELLO,URBANA,IMPRUDENCIA DEL CONDUCTOR,CONDUCCION NO ATENTO CONDICIONES TRANSITO MOMENTO,0,0,1,0,13:00:00
-73.1315718,-36.8821676,2605,8,REGION BIO BIO,8108,SAN PEDRO DE LA PAZ,LOS CIPRESES,GABRIELA MISTRAL,0,"Los Cipreses & Gabriela Mistral, San Pedro de la Paz, Bío Bío, Chile",-36.8821676,-73.1315718,1,GEOMETRIC_CENTER,2020,1301524,2020/09/22 00:00:00+00,COLISION LATERAL,COLISION,URBANA,IMPRUDENCIA DEL CONDUCTOR,CONDUCCION NO ATENTO CONDICIONES TRANSITO MOMENTO,0,0,0,2,13:20:00
-73.0291613,-36.8156729,2606,8,REGION BIO BIO,8101,CONCEPCION,CHACABUCO, ,21,"Av. Chacabuco 21, Concepción, Bío Bío, Chile",-36.8156729,-73.0291613,1,ROOFTOP,2020,1301545,2020/09/21 00:00:00+00,ATROPELLO,ATROPELLO,URBANA,IMPRUDENCIA DEL PEATON,PEATON CRUZA CALZADA FORMA SORPRESIVA O DESCUIDADA,0,0,0,1,18:30:00
-73.0608019,-36.8269433,2607,8,REGION BIO BIO,8101,CONCEPCION,ARTURO PRAT,LOS CARRERA,0,"Avenida los Carrera & Arturo Prat, Concepción, Bío Bío, Chile",-36.8269433,-73.0608019,1,GEOMETRIC_CENTER,2020,1301576,2020/09/25 00:00:00+00,COLISION LATERAL,COLISION,URBANA,IMPRUDENCIA DEL CONDUCTOR,CONDUCCION NO ATENTO CONDICIONES TRANSITO MOMENTO,0,0,0,0,15:30:00
-73.0600454,-36.8279683,2608,8,REGION BIO BIO,8101,CONCEPCION,MAIPU,ARTURO PRAT,0,"Maipú & Arturo Prat, Concepción, Bío Bío, Chile",-36.8279683,-73.0600454,1,GEOMETRIC_CENTER,2020,1301592,2020/09/25 00:00:00+00,COLISION LATERAL,COLISION,URBANA,IMPRUDENCIA DEL CONDUCTOR,VIRAJES INDEBIDOS,0,0,0,0,19:10:00
-73.0528484,-36.8440021,2609,8,REGION BIO BIO,8101,CONCEPCION,PEDRO DE VALDIVIA, ,832,"Av. Pedro de Valdivia 832, Concepción, Bío Bío, Chile",-36.8440021,-73.0528484,1,ROOFTOP,2020,1301636,2020/09/27 00:00:00+00,CHOQUE,CHOQUE,URBANA,IMPRUDENCIA DEL CONDUCTOR,CONDUCCION CAMBIAR SORPRESIVAMENTE PISTA CIRCULACION,0,0,0,0,14:40:00
-73.3166644,-37.2457765,2610,8,REGION BIO BIO,8202,ARAUCO,HERNAN PELEN PUCHEO, ,1525,"Arauco, Bío Bío, Chile",-37.2457765,-73.3166644,1,APPROXIMATE,2020,1301723,2020/09/11 00:00:00+00,ATROPELLO,ATROPELLO,URBANA,IMPRUDENCIA DEL PEATON,PEATON CRUZA CALZADA FUERA PASO PEATONES,0,1,0,0,16:45:00
-73.3218138,-37.2434115,2611,8,REGION BIO BIO,8202,ARAUCO,ARTURO PRAT, ,100,"Av. Arturo Prat 100, Arauco, Bío Bío, Chile",-37.2434115,-73.3218138,1,RANGE_INTERPOLATED,2020,1301761,2020/09/13 00:00:00+00,ATROPELLO,ATROPELLO,URBANA,IMPRUDENCIA DEL CONDUCTOR,NO RESPETAR DERECHO PREFERENTE DE PASO A PEATON,0,0,0,1,21:55:00
-72.351095,-37.4725152,2612,8,REGION BIO BIO,8301,LOS ANGELES,RICARDO VICUÑA,OHIGGINS,0,"Avenida Ricardo Vicuña & Bernardo OHiggins, Los Angeles, Los Ángeles, Bío Bío, Chile",-37.4725152,-72.351095,1,GEOMETRIC_CENTER,2020,1301790,2020/09/17 00:00:00+00,ATROPELLO,ATROPELLO,URBANA,IMPRUDENCIA DEL CONDUCTOR,CONDUCCION NO ATENTO CONDICIONES TRANSITO MOMENTO,0,0,0,1,12:20:00
-72.3271477,-37.441101,2613,8,REGION BIO BIO,8301,LOS ANGELES,LAS INDUSTRIAS,SOR VICENTA,0,"Av. Sor Vicenta & Av Las Industrias, Los Ángeles, Bío Bío, Chile",-37.441101,-72.3271477,1,GEOMETRIC_CENTER,2020,1301805,2020/09/17 00:00:00+00,COLISION LATERAL,COLISION,URBANA,IMPRUDENCIA DEL CONDUCTOR,CONDUCCION NO ATENTO CONDICIONES TRANSITO MOMENTO,0,0,0,0,16:20:00
-72.3348596,-37.4847066,2614,8,REGION BIO BIO,8301,LOS ANGELES,FRANCISCO ENCINA, ,738,"Av. Francisco Encina 738, Los Angeles, Los Ángeles, Bío Bío, Chile",-37.4847066,-72.3348596,1,ROOFTOP,2020,1301816,2020/09/17 00:00:00+00,COLISION PERPENDICULAR,COLISION,URBANA,IMPRUDENCIA DEL CONDUCTOR,CONDUCCION NO ATENTO CONDICIONES TRANSITO MOMENTO,0,1,0,0,20:00:00
-72.3374266,-37.4893668,2615,8,REGION BIO BIO,8301,LOS ANGELES,LOS INCAS,LOS QUINBAYAS,0,"Los Quimbayas & Los Incas, Los Angeles, Los Ángeles, Bío Bío, Chile",-37.4893668,-72.3374266,1,GEOMETRIC_CENTER,2020,1301838,2020/09/19 00:00:00+00,COLISION FRONTAL,COLISION,URBANA,CAUSAS NO DETERMINADAS,CAUSAS NO DETERMINADAS,0,1,0,0,01:18:00
-72.3357611,-37.448366,2616,8,REGION BIO BIO,8301,LOS ANGELES,SOR VICENTA,NIEVES VASQUEZ,0,"Av. Sor Vicenta & Av. Nieves Vásquez, Los Angeles, Los Ángeles, Bío Bío, Chile",-37.448366,-72.3357611,1,GEOMETRIC_CENTER,2020,1301850,2020/09/19 00:00:00+00,CHOQUE POSTERIOR/FRENTE,CHOQUE,URBANA,ALCOHOL EN CONDUCTOR,CONDUCCION EN ESTADO DE EBRIEDAD,0,0,0,0,16:00:00
-72.3265506,-37.4662935,2617,8,REGION BIO BIO,8301,LOS ANGELES,LAS INDUSTRIAS,AVDA ORIENTE,0,"Av Las Industrias, Los Angeles, Los Ángeles, Bío Bío, Chile",-37.4662935,-72.3265506,1,GEOMETRIC_CENTER,2020,1301949,2020/09/23 00:00:00+00,COLISION LATERAL,COLISION,URBANA,IMPRUDENCIA DEL CONDUCTOR,CONDUCCION NO ATENTO CONDICIONES TRANSITO MOMENTO,0,0,0,0,18:30:00
-72.3334317,-37.4463576,2618,8,REGION BIO BIO,8301,LOS ANGELES,SOR VICENTA,MONTE PERDIDO,0,"Av. Sor Vicenta & C. Monte Perdido, Los Angeles, Los Ángeles, Bío Bío, Chile",-37.4463576,-72.3334317,1,GEOMETRIC_CENTER,2020,1301950,2020/09/24 00:00:00+00,COLISION LATERAL,COLISION,URBANA,IMPRUDENCIA DEL CONDUCTOR,CONDUCCION NO ATENTO CONDICIONES TRANSITO MOMENTO,0,0,0,0,11:40:00
-72.342116,-37.4546549,2619,8,REGION BIO BIO,8301,LOS ANGELES,PASAJE 2 BLOCK, ,101,"Pje. Maihuen, Los Angeles, Los Ángeles, Bío Bío, Chile",-37.4546549,-72.342116,1,GEOMETRIC_CENTER,2020,1301953,2020/09/24 00:00:00+00,CHOQUE LADO/LADO,CHOQUE,URBANA,IMPRUDENCIA DEL CONDUCTOR,CONDUCCION NO ATENTO CONDICIONES TRANSITO MOMENTO,0,0,0,0,15:00:00
-72.2494724,-37.7193545,2620,8,REGION BIO BIO,8305,MULCHEN,MATTA,ANIBAL PINTO,0,"Avenida Matta & Anibal Pinto, Mulchen, Mulchén, Bío Bío, Chile",-37.7193545,-72.2494724,1,GEOMETRIC_CENTER,2020,1301990,2020/09/07 00:00:00+00,COLISION,COLISION,URBANA,IMPRUDENCIA DEL CONDUCTOR,CONDUCCION NO ATENTO CONDICIONES TRANSITO MOMENTO,0,0,0,1,11:55:00
-72.2402983,-37.7141399,2621,8,REGION BIO BIO,8305,MULCHEN,MANUEL MONTT,ARRIAGADA,0,"Arriagada & Manuel Montt, Mulchen, Mulchén, Bío Bío, Chile",-37.7141399,-72.2402983,1,GEOMETRIC_CENTER,2020,1301993,2020/09/09 00:00:00+00,COLISION,COLISION,URBANA,IMPRUDENCIA DEL CONDUCTOR,CONDUCCION NO ATENTO CONDICIONES TRANSITO MOMENTO,0,0,0,0,23:40:00
-73.0436564,-36.8197164,2622,8,REGION BIO BIO,8101,CONCEPCION,LOS CARRERA,PAICAVI,0,"Los Carrera - Paicaví, Concepción, Bío Bío, Chile",-36.8197164,-73.0436564,1,GEOMETRIC_CENTER,2020,1307992,2020/10/30 00:00:00+00,COLISION LATERAL,COLISION,URBANA,IMPRUDENCIA DEL CONDUCTOR,CONDUCCION NO ATENTO CONDICIONES TRANSITO MOMENTO,0,0,0,0,08:30:00
-72.5616684,-37.1038895,2623,8,REGION BIO BIO,8313,YUMBEL,GRAL CRUZ,LAS HERAS,0,"Cruz, Esq. Las Heras, Yumbel, Bío Bío, Chile",-37.1038895,-72.5616684,1,GEOMETRIC_CENTER,2020,1302124,2020/09/28 00:00:00+00,COLISION LATERAL,COLISION,URBANA,IMPRUDENCIA DEL CONDUCTOR,CONDUCCION NO ATENTO CONDICIONES TRANSITO MOMENTO,0,0,0,0,19:00:00
-73.0002016,-36.7406507,2624,8,REGION BIO BIO,8107,PENCO,SAN VICENTE, ,218,"San Vicente 218, Penco, Bío Bío, Chile",-36.7406507,-73.0002016,1,RANGE_INTERPOLATED,2020,1302134,2020/09/27 00:00:00+00,CHOQUE FRENTE/LADO,CHOQUE,URBANA,PERDIDA CONTROL VEHICULO,PERDIDA CONTROL VEHICULO,0,0,0,1,06:40:00
-73.063156,-36.8349005,2625,8,REGION BIO BIO,8101,CONCEPCION,COSTANERA,PUENTE CHACABUCO,0,"Avenida Costanera & Puente Chacabuco, Concepción, Bío Bío, Chile",-36.8349005,-73.063156,1,GEOMETRIC_CENTER,2020,1302225,2020/09/28 00:00:00+00,COLISION LATERAL,COLISION,URBANA,IMPRUDENCIA DEL CONDUCTOR,CONDUCCION CAMBIAR SORPRESIVAMENTE PISTA CIRCULACION,0,0,0,0,20:17:00
-73.0664931,-36.8290881,2626,8,REGION BIO BIO,8101,CONCEPCION,ZAÑARTU,CALETERA LOS CARRERA,0,"Avenida Zañartu & Caletera Los Carrera, Concepción, Bío Bío, Chile",-36.8290881,-73.0664931,1,GEOMETRIC_CENTER,2020,1302233,2020/09/29 00:00:00+00,COLISION PERPENDICULAR,COLISION,URBANA,IMPRUDENCIA DEL CONDUCTOR,CONDUCCION NO ATENTO CONDICIONES TRANSITO MOMENTO,0,0,0,0,15:30:00
-73.141284,-36.89152,2627,8,REGION BIO BIO,8108,SAN PEDRO DE LA PAZ,MARIA TERESA BOMBAL,EDGARDO MERINO GARRIDO,0,"Maria Luisa Bombal, San Pedro de la Paz, Bío Bío, Chile",-36.89152,-73.141284,1,GEOMETRIC_CENTER,2020,1302359,2020/09/03 00:00:00+00,COLISION,COLISION,URBANA,CAUSAS NO DETERMINADAS,CAUSAS NO DETERMINADAS,0,0,0,1,12:55:00
-72.3676279,-37.4610209,2628,8,REGION BIO BIO,8301,LOS ANGELES,LAS TRANCAS,LAS AZALEAS,0,"Las Azaleas & Avenida las Trancas, Los Angeles, Los Ángeles, Bío Bío, Chile",-37.4610209,-72.3676279,1,GEOMETRIC_CENTER,2020,1302339,2020/09/25 00:00:00+00,CHOQUE FRONTAL,CHOQUE,URBANA,IMPRUDENCIA DEL CONDUCTOR,CONDUCCION NO ATENTO CONDICIONES TRANSITO MOMENTO,0,0,0,0,05:00:00
-72.3461865,-37.4678186,2629,8,REGION BIO BIO,8301,LOS ANGELES,VOLCAN PEMEHUE,VOLCAN LINZOR,0,"Volcán Pemehue & Pasaje Volcan Linzor, Los Angeles, Los Ángeles, Bío Bío, Chile",-37.4678186,-72.3461865,1,GEOMETRIC_CENTER,2020,1302340,2020/09/25 00:00:00+00,ATROPELLO,ATROPELLO,URBANA,IMPRUDENCIA DEL PEATON,PEATON CRUZA CALZADA FORMA SORPRESIVA O DESCUIDADA,0,1,0,0,11:20:00
-72.3359906,-37.4852386,2630,8,REGION BIO BIO,8301,LOS ANGELES,FRANCISCO ENCINA,LOS APACHES,0,"Los Apaches & Avenida Francisco Encina, Los Angeles, Los Ángeles, Bío Bío, Chile",-37.4852386,-72.3359906,1,GEOMETRIC_CENTER,2020,1302344,2020/09/26 00:00:00+00,COLISION LATERAL,COLISION,URBANA,IMPRUDENCIA DEL CONDUCTOR,CONDUCCION NO ATENTO CONDICIONES TRANSITO MOMENTO,0,0,0,0,10:30:00
-72.3582007,-37.4809254,2631,8,REGION BIO BIO,8301,LOS ANGELES,VICUÑA MACKENNA,BLANCO ENCALADA,0,"Blanco Encalada & Avenida Vicuña Mackenna, Los Angeles, Los Ángeles, Bío Bío, Chile",-37.4809254,-72.3582007,1,GEOMETRIC_CENTER,2020,1302345,2020/09/26 00:00:00+00,COLISION,COLISION,URBANA,IMPRUDENCIA DEL CONDUCTOR,CONDUCCION NO ATENTO CONDICIONES TRANSITO MOMENTO,0,0,0,2,19:00:00
-72.3698855,-37.4740352,2632,8,REGION BIO BIO,8301,LOS ANGELES,PADRE HURTADO, ,256,"Av. Padre Hurtado 256, Los Angeles, Los Ángeles, Bío Bío, Chile",-37.4740352,-72.3698855,1,RANGE_INTERPOLATED,2020,1302346,2020/09/27 00:00:00+00,CHOQUE LATERAL,CHOQUE,URBANA,IMPRUDENCIA DEL CONDUCTOR,CONDUCCION NO ATENTO CONDICIONES TRANSITO MOMENTO,0,0,0,0,03:55:00
-73.0905652,-36.8390655,2633,8,REGION BIO BIO,8108,SAN PEDRO DE LA PAZ,PEDRO AGUIRRE CERDA,PINCHEIRA,0,"Avenida Pedro Aguirre Cerda & Pincheira, San Pedro de la Paz, Bío Bío, Chile",-36.8390655,-73.0905652,1,GEOMETRIC_CENTER,2020,1302357,2020/09/04 00:00:00+00,COLISION,COLISION,URBANA,CAUSAS NO DETERMINADAS,CAUSAS NO DETERMINADAS,0,0,0,1,17:00:00
-73.1186598,-36.8372377,2634,8,REGION BIO BIO,8108,SAN PEDRO DE LA PAZ,PEDRO AGUIRRE CERDA,DIAGONAL BIO BIO,0,"Avenida Diagonal Bio Bio & Pedro Aguirre Cerda, San Pedro de la Paz, Bío Bío, Chile",-36.8372377,-73.1186598,1,GEOMETRIC_CENTER,2020,1302361,2020/09/09 00:00:00+00,COLISION,COLISION,URBANA,CAUSAS NO DETERMINADAS,CAUSAS NO DETERMINADAS,0,0,0,0,08:15:00
-73.094748,-36.8437169,2635,8,REGION BIO BIO,8108,SAN PEDRO DE LA PAZ,PEDRO LIRA,MICHIMALONCO,0,"Avenida Michimalonco & Pedro Lira, San Pedro de la Paz, Bío Bío, Chile",-36.8437169,-73.094748,1,GEOMETRIC_CENTER,2020,1302362,2020/09/09 00:00:00+00,COLISION,COLISION,URBANA,CAUSAS NO DETERMINADAS,CAUSAS NO DETERMINADAS,0,0,0,0,09:50:00
-73.0988847,-36.7414124,2636,8,REGION BIO BIO,8110,TALCAHUANO,CRISTOABL COLON, ,3594,"Colón 3180, Talcahuano, Bío Bío, Chile",-36.7414124,-73.0988847,1,ROOFTOP,2020,1308684,2020/10/27 00:00:00+00,ATROPELLO,ATROPELLO,URBANA,ALCOHOL EN PEATON,EBRIEDAD DEL PEATON,0,0,0,1,19:09:00
-72.3199633,-37.4389033,2637,8,REGION BIO BIO,8301,LOS ANGELES,CAMINO CERRO COLORADO, ,1,"Cam. Cerro Colorado 1, Los Ángeles, Bío Bío, Chile",-37.4389033,-72.3199633,1,ROOFTOP,2020,1302618,2020/09/29 00:00:00+00,COLISION,COLISION,URBANA,IMPRUDENCIA DEL CONDUCTOR,CONDUCCION NO ATENTO CONDICIONES TRANSITO MOMENTO,0,0,0,0,11:40:00
-72.3493973,-37.4688102,2638,8,REGION BIO BIO,8301,LOS ANGELES,ALMAGRO, ,445,"Almagro 445, Los Angeles, Los Ángeles, Bío Bío, Chile",-37.4688102,-72.3493973,1,RANGE_INTERPOLATED,2020,1302621,2020/09/29 00:00:00+00,COLISION POR ALCANCE,COLISION,URBANA,IMPRUDENCIA DEL CONDUCTOR,CONDUCCION NO ATENTO CONDICIONES TRANSITO MOMENTO,0,0,0,1,18:45:00