X,Y,FID,COD_REG,REGION,CUT,COMUNA,CALLE_UNO,CALLE_DOS,NUMERO,DIR_GEOCOD,LAT,LNG,VAL_COM,TIPO,Año,Idaccident,Fecha,Tipo_Accid,Tipo__CONA,Zona,Causa__CON,Causa,Fallecidos,Graves,Menos_Grav,Leves,Hora
-72.3406383,-37.462045,2639,8,REGION BIO BIO,8301,LOS ANGELES,MARCONI, ,794,"Guillermo Marconi 794, Los Angeles, Los Ángeles, Bío Bío, Chile",-37.462045,-72.3406383,1,ROOFTOP,2020,1302624,2020/09/29 00:00:00+00,CHOQUE FRENTE/POSTERIOR,CHOQUE,URBANA,IMPRUDENCIA DEL CONDUCTOR,CONDUCCION NO ATENTO CONDICIONES TRANSITO MOMENTO,0,0,0,0,11:25:00
-72.3693533,-37.4757289,2640,8,REGION BIO BIO,8301,LOS ANGELES,PADRE HURTADO, ,320,"Av. Padre Hurtado 320, Los Angeles, Los Ángeles, Bío Bío, Chile",-37.4757289,-72.3693533,1,ROOFTOP,2020,1302625,2020/09/29 00:00:00+00,CHOQUE FRENTE/POSTERIOR,CHOQUE,URBANA,IMPRUDENCIA DEL CONDUCTOR,CONDUCCION NO ATENTO CONDICIONES TRANSITO MOMENTO,0,0,0,0,22:45:00
-72.3270841,-37.495022,2641,8,REGION BIO BIO,8301,LOS ANGELES,LA FRONTERA,AVDA ORIENTE,0,"Avda. Oriente & La Frontera, Los Ángeles, Bío Bío, Chile",-37.495022,-72.3270841,1,GEOMETRIC_CENTER,2020,1302626,2020/09/24 00:00:00+00,COLISION LATERAL,COLISION,URBANA,ALCOHOL EN CONDUCTOR,CONDUCCION EN ESTADO DE EBRIEDAD,0,0,0,1,20:00:00
-72.3357611,-37.448366,2642,8,REGION BIO BIO,8301,LOS ANGELES,SOR VICENTA,NIEVES VASQUEZ,0,"Av. Sor Vicenta & Av. Nieves Vásquez, Los Angeles, Los Ángeles, Bío Bío, Chile",-37.448366,-72.3357611,1,GEOMETRIC_CENTER,2020,1302629,2020/09/30 00:00:00+00,COLISION LATERAL,COLISION,URBANA,IMPRUDENCIA DEL CONDUCTOR,CONDUCCION NO ATENTO CONDICIONES TRANSITO MOMENTO,0,1,0,0,20:50:00
-72.6828233,-37.5051834,2643,8,REGION BIO BIO,8306,NACIMIENTO,JULIO HEMMELMANN,JOSE MANUEL BALMACEDA,0,"Avenida Julio Hemmelmann & Jose Zavala Rios, Nacimiento, Bío Bío, Chile",-37.5051834,-72.6828233,1,GEOMETRIC_CENTER,2020,1302709,2020/09/27 00:00:00+00,COLISION LATERAL,COLISION,URBANA,IMPRUDENCIA DEL CONDUCTOR,CONDUCCION NO ATENTO CONDICIONES TRANSITO MOMENTO,0,0,0,1,10:00:00
-72.6740211,-37.5019907,2644,8,REGION BIO BIO,8306,NACIMIENTO,FREIRE,BAQUEDANO,0,"Baquedano & Freire, Nacimiento, Bío Bío, Chile",-37.5019907,-72.6740211,1,GEOMETRIC_CENTER,2020,1302718,2020/09/27 00:00:00+00,COLISION LATERAL,COLISION,URBANA,DESOBEDIENCIA A SEÑALIZACION,SEÑALIZACION DESOBEDECER SEÑAL PARE,0,0,0,1,21:30:00
-73.0953528,-36.7616717,2645,8,REGION BIO BIO,8110,TALCAHUANO,RIO MAPOCHO, ,5190,"Río Mapocho, Talcahuano, Bío Bío, Chile",-36.7616717,-73.0953528,1,GEOMETRIC_CENTER,2020,1302801,2020/09/28 00:00:00+00,CHOQUE FRENTE/LADO,CHOQUE,URBANA,IMPRUDENCIA DEL CONDUCTOR,VIRAJES INDEBIDOS,0,0,0,0,19:10:00
-73.3077669,-37.2449341,2646,8,REGION BIO BIO,8202,ARAUCO,CARLOS CONDELL,CALLE 5,0,"Carlos Condell & Calle 5, Arauco, Bío Bío, Chile",-37.2449341,-73.3077669,1,GEOMETRIC_CENTER,2020,1302809,2020/09/27 00:00:00+00,VOLCADURA,VOLCADURA,URBANA,IMPRUDENCIA DEL CONDUCTOR,CONDUCCION NO ATENTO CONDICIONES TRANSITO MOMENTO,0,0,0,1,17:00:00
-73.0963434,-36.7615316,2647,8,REGION BIO BIO,8110,TALCAHUANO,RIO MAPOCHO, ,626,"Río Mapocho 626, Talcahuano, Bío Bío, Chile",-36.7615316,-73.0963434,1,RANGE_INTERPOLATED,2020,1302840,2020/09/23 00:00:00+00,ATROPELLO,ATROPELLO,URBANA,IMPRUDENCIA DEL CONDUCTOR,CONDUCCION NO ATENTO CONDICIONES TRANSITO MOMENTO,0,0,0,1,17:20:00
-73.0861403,-36.7453448,2648,8,REGION BIO BIO,8110,TALCAHUANO,LOS SAUCOS,VOLCAN CHILLAN,0,"Los Saucos & Volcán Chillán, Talcahuano, Bío Bío, Chile",-36.7453448,-73.0861403,1,GEOMETRIC_CENTER,2020,1302844,2020/09/21 00:00:00+00,COLISION LATERAL,COLISION,URBANA,IMPRUDENCIA DEL CONDUCTOR,NO RESPETAR DERECHO PREFERENTE DE PASO A VEHICULO,0,0,0,0,12:25:00
-73.1174029,-36.7345434,2649,8,REGION BIO BIO,8110,TALCAHUANO,ISLA MOCHA,ISLA DE PASCUA,0,"Isla de Pascua & Isla Mocha, Talcahuano, Bío Bío, Chile",-36.7345434,-73.1174029,1,GEOMETRIC_CENTER,2020,1302845,2020/09/14 00:00:00+00,COLISION LATERAL,COLISION,URBANA,DESOBEDIENCIA A SEÑALIZACION,SEÑALIZACION DESOBEDECER SEÑAL CEDA EL PASO,0,0,0,0,13:00:00
-73.1219082,-36.7083384,2650,8,REGION BIO BIO,8110,TALCAHUANO,CALLE 1, ,602,"C. Uno 602, Talcahuano, Bío Bío, Chile",-36.7083384,-73.1219082,1,RANGE_INTERPOLATED,2020,1302846,2020/09/04 00:00:00+00,CHOQUE FRONTAL,CHOQUE,URBANA,PERDIDA CONTROL VEHICULO,PERDIDA CONTROL VEHICULO,0,1,0,0,23:10:00
-73.4082763,-37.80407,2651,8,REGION BIO BIO,8203,CAÑETE,FRESIA, ,53,"Fresia, Canete, Cañete, Bío Bío, Chile",-37.80407,-73.4082763,1,GEOMETRIC_CENTER,2020,1303065,2020/09/29 00:00:00+00,CHOQUE,CHOQUE,URBANA,IMPRUDENCIA DEL CONDUCTOR,CONDUCCION NO ATENTO CONDICIONES TRANSITO MOMENTO,0,0,0,0,19:00:00
-73.0260316,-36.9234133,2652,8,REGION BIO BIO,8103,CHIGUAYANTE,MANUEL RODRIGUEZ,ANIBAL PINTO,0,"Aníbal Pinto & Avenida Manuel Rodríguez, Chiguayante, Bío Bío, Chile",-36.9234133,-73.0260316,1,GEOMETRIC_CENTER,2020,1303150,2020/08/24 00:00:00+00,COLISION LATERAL,COLISION,URBANA,CAUSAS NO DETERMINADAS,CAUSAS NO DETERMINADAS,0,0,0,0,13:30:00
-73.3964625,-37.7978197,2653,8,REGION BIO BIO,8203,CAÑETE,SEGUNDO DE LINEA,URIBE,0,"Uribe & 2 de Linea, Canete, Cañete, Bío Bío, Chile",-37.7978197,-73.3964625,1,GEOMETRIC_CENTER,2020,1303152,2020/10/04 00:00:00+00,COLISION,COLISION,URBANA,IMPRUDENCIA DEL CONDUCTOR,CONDUCCION NO ATENTO CONDICIONES TRANSITO MOMENTO,0,0,0,1,18:45:00
-72.9808029,-36.7286572,2654,8,REGION BIO BIO,8107,PENCO,CRUCE EL DURAZNO, ,1556,"El Durazno, Penco, Bío Bío, Chile",-36.7286572,-72.9808029,1,GEOMETRIC_CENTER,2020,1303333,2020/09/30 00:00:00+00,CHOQUE FRONTAL,CHOQUE,URBANA,IMPRUDENCIA DEL CONDUCTOR,CONDUCCION NO ATENTO CONDICIONES TRANSITO MOMENTO,0,1,1,1,15:00:00
-73.024909,-36.8124253,2655,8,REGION BIO BIO,8101,CONCEPCION,JOSE MIGUEL GARCIA,GRAL BONILLA,0,"José Miguel García & General Bonilla, Concepción, Bío Bío, Chile",-36.8124253,-73.024909,1,GEOMETRIC_CENTER,2020,1303362,2020/10/01 00:00:00+00,COLISION POR ALCANCE,COLISION,URBANA,VELOCIDAD IMPRUDENTE,VELOCIDAD NO RAZONABLE NI PRUDENTE,0,0,0,0,16:10:00
-73.0400037,-36.8144305,2656,8,REGION BIO BIO,8101,CONCEPCION,MANUEL BULNES,LIENTUR,0,"Lientur & Manuel Bulnes, Concepción, Bío Bío, Chile",-36.8144305,-73.0400037,1,GEOMETRIC_CENTER,2020,1303371,2020/10/02 00:00:00+00,ATROPELLO,ATROPELLO,URBANA,IMPRUDENCIA DEL CONDUCTOR,NO RESPETAR DERECHO PREFERENTE DE PASO A PEATON,0,0,0,1,18:20:00
-73.0122347,-36.8295296,2657,8,REGION BIO BIO,8101,CONCEPCION,LOS LIRIOS,CAP PRADENAS,0,"Unnamed Road, Concepción, Bío Bío, Chile",-36.8295296,-73.0122347,1,GEOMETRIC_CENTER,2020,1303381,2020/10/03 00:00:00+00,COLISION POR ALCANCE,COLISION,URBANA,IMPRUDENCIA DEL CONDUCTOR,CONDUCCION SIN MANTENER DISTANCIA RAZONABLE NI PRUDENTE,0,0,0,0,13:50:00
-73.0371622,-36.8318425,2658,8,REGION BIO BIO,8101,CONCEPCION,VICTORIA, ,1290,"Victoria 1290, Concepción, Bío Bío, Chile",-36.8318425,-73.0371622,1,ROOFTOP,2020,1303383,2020/10/03 00:00:00+00,CHOQUE,CHOQUE,URBANA,PERDIDA CONTROL VEHICULO,PERDIDA CONTROL VEHICULO,0,0,0,0,18:05:00
-73.0468096,-36.8237537,2659,8,REGION BIO BIO,8101,CONCEPCION,TUCAPEL,FREIRE,0,"Tucapel & Freire, Concepción, Bío Bío, Chile",-36.8237537,-73.0468096,1,GEOMETRIC_CENTER,2020,1303425,2020/10/03 00:00:00+00,COLISION PERPENDICULAR,COLISION,URBANA,IMPRUDENCIA DEL CONDUCTOR,CONDUCCION NO ATENTO CONDICIONES TRANSITO MOMENTO,0,1,0,0,13:40:00
-72.6595378,-36.8250072,2660,8,REGION BIO BIO,8104,FLORIDA,IGNACIO SERRANO, ,1150,"Ignacio Serrano 1150, Florida, Bío Bío, Chile",-36.8250072,-72.6595378,1,RANGE_INTERPOLATED,2020,1303435,2020/10/03 00:00:00+00,CHOQUE POSTERIOR,CHOQUE,URBANA,IMPRUDENCIA DEL CONDUCTOR,CONDUCCION NO ATENTO CONDICIONES TRANSITO MOMENTO,0,0,0,0,08:15:00
-73.0554046,-36.8102879,2661,8,REGION BIO BIO,8101,CONCEPCION,JUAN DE DIOS RIVERA,TUCAPEL,0,"Tucapel & Juan de Dios Rivera, Concepción, Bío Bío, Chile",-36.8102879,-73.0554046,1,GEOMETRIC_CENTER,2020,1303436,2020/08/06 00:00:00+00,CHOQUE POSTERIOR/FRENTE,CHOQUE,URBANA,IMPRUDENCIA DEL CONDUCTOR,CONDUCCION NO ATENTO CONDICIONES TRANSITO MOMENTO,0,0,0,0,10:30:00
-72.9560673,-36.6257192,2662,8,REGION BIO BIO,8111,TOME,LATORRE, ,170,"A Latorre 170, Tome, Tomé, Bío Bío, Chile",-36.6257192,-72.9560673,1,RANGE_INTERPOLATED,2020,1303464,2020/10/01 00:00:00+00,COLISION POR ALCANCE,COLISION,URBANA,IMPRUDENCIA DEL CONDUCTOR,CONDUCCION SIN MANTENER DISTANCIA RAZONABLE NI PRUDENTE,0,0,0,0,18:10:00
-73.0384655,-36.7890573,2663,8,REGION BIO BIO,8101,CONCEPCION,ABDON CIFUENTES,PEHUEN,0,"Abdón Cifuentes & Pehuén, Concepción, Bío Bío, Chile",-36.7890573,-73.0384655,1,GEOMETRIC_CENTER,2020,1303518,2020/08/07 00:00:00+00,COLISION FRONTAL,COLISION,URBANA,IMPRUDENCIA DEL CONDUCTOR,CONDUCCION SIN MANTENER DISTANCIA RAZONABLE NI PRUDENTE,0,0,0,0,11:30:00
-73.0525386,-36.8223137,2664,8,REGION BIO BIO,8101,CONCEPCION,ANIBAL PINTO,LAS HERAS,0,"Anibal Pinto & Las Heras, Concepción, Bío Bío, Chile",-36.8223137,-73.0525386,1,GEOMETRIC_CENTER,2020,1303562,2020/08/08 00:00:00+00,COLISION POR ALCANCE,COLISION,URBANA,IMPRUDENCIA DEL CONDUCTOR,CONDUCCION SIN MANTENER DISTANCIA RAZONABLE NI PRUDENTE,0,0,0,1,11:05:00
-73.0440558,-36.7803327,2665,8,REGION BIO BIO,8101,CONCEPCION,SAN SEBASTIAN, ,1145,"Av. San Sebastián 1145, Concepción, Bío Bío, Chile",-36.7803327,-73.0440558,1,ROOFTOP,2020,1303612,2020/08/29 00:00:00+00,VOLCADURA,VOLCADURA,URBANA,CAUSAS NO DETERMINADAS,CAUSAS NO DETERMINADAS,0,0,0,1,12:25:00
-73.1007493,-36.8046756,2666,8,REGION BIO BIO,8112,HUALPEN,COSTANERA, ,470,"Av. Costanera 470, Concepción, Bío Bío, Chile",-36.8046756,-73.1007493,1,RANGE_INTERPOLATED,2020,1303654,2020/09/27 00:00:00+00,COLISION,COLISION,URBANA,CAUSAS NO DETERMINADAS,CAUSAS NO DETERMINADAS,0,0,0,0,18:20:00
-73.1496834,-36.8856289,2667,8,REGION BIO BIO,8108,SAN PEDRO DE LA PAZ,VICENTE HUIDOBRO,BOSQUE MAR,0,"Av Costanera 7488, San Pedro de la Paz, Bío Bío, Chile",-36.8856289,-73.1496834,1,ROOFTOP,2020,1303700,2020/10/07 00:00:00+00,COLISION POR ALCANCE,COLISION,URBANA,IMPRUDENCIA DEL CONDUCTOR,CONDUCCION NO ATENTO CONDICIONES TRANSITO MOMENTO,0,0,0,0,07:30:00
-73.1010132,-36.8336196,2668,8,REGION BIO BIO,8108,SAN PEDRO DE LA PAZ,JORGE ALESSANDRI,LOS PENSAMIENTOS,0,"Los Pensamientos & Avenida Presidente Jorge Alessandri Rodriguez, San Pedro de la Paz, Bío Bío, Chile",-36.8336196,-73.1010132,1,GEOMETRIC_CENTER,2020,1303917,2020/10/08 00:00:00+00,COLISION POR ALCANCE,COLISION,URBANA,IMPRUDENCIA DEL CONDUCTOR,CONDUCCION NO ATENTO CONDICIONES TRANSITO MOMENTO,0,0,0,0,14:20:00
-73.0628371,-36.8321898,2669,8,REGION BIO BIO,8101,CONCEPCION,COSTANERA,LOS CARRERA,0,"Costanera, Concepción, Bío Bío, Chile",-36.8321898,-73.0628371,1,GEOMETRIC_CENTER,2020,1303931,2020/09/24 00:00:00+00,COLISION LATERAL,COLISION,URBANA,IMPRUDENCIA DEL CONDUCTOR,CONDUCCION NO ATENTO CONDICIONES TRANSITO MOMENTO,0,0,0,0,15:00:00
-73.0138908,-36.9527546,2670,8,REGION BIO BIO,8103,CHIGUAYANTE,MANUEL RODRIGUEZ,ITALIA,0,"Italia & Avenida Manuel Rodríguez, Chiguayante, Bío Bío, Chile",-36.9527546,-73.0138908,1,GEOMETRIC_CENTER,2020,1304021,2020/10/01 00:00:00+00,COLISION PERPENDICULAR,COLISION,URBANA,OTRAS CAUSAS,OTRAS CAUSAS,0,0,0,0,08:20:00
-72.6756473,-37.5082293,2671,8,REGION BIO BIO,8306,NACIMIENTO,EL PALQUI,JULIO HEMMELMANN,0,"Av. Julio Hemmelmann & El Palque, Nacimiento, Bío Bío, Chile",-37.5082293,-72.6756473,1,GEOMETRIC_CENTER,2020,1304037,2020/10/01 00:00:00+00,COLISION LATERAL,COLISION,URBANA,DESOBEDIENCIA A SEÑALIZACION,SEÑALIZACION DESOBEDECER SEÑAL PARE,0,0,0,0,13:30:00
-72.6873394,-37.4984727,2672,8,REGION BIO BIO,8306,NACIMIENTO,SAN MARTIN,JULIO HEMMELMANN,0,"Avenida Julio Hemmelmann & San Martín, Nacimiento, Bío Bío, Chile",-37.4984727,-72.6873394,1,GEOMETRIC_CENTER,2020,1304038,2020/10/02 00:00:00+00,COLISION,COLISION,URBANA,IMPRUDENCIA DEL CONDUCTOR,NO RESPETAR DERECHO PREFERENTE DE PASO A VEHICULO,0,1,0,1,18:20:00
-73.0431065,-36.8012121,2673,8,REGION BIO BIO,8101,CONCEPCION,ALONSO DE RIVERA, ,3117,"Alonso de Rivera 3117, Concepción, Bío Bío, Chile",-36.8012121,-73.0431065,1,RANGE_INTERPOLATED,2020,1304091,2020/09/25 00:00:00+00,CHOQUE FRONTAL,CHOQUE,URBANA,IMPRUDENCIA DEL CONDUCTOR,CONDUCCION NO ATENTO CONDICIONES TRANSITO MOMENTO,0,0,0,1,18:00:00
-73.0966348,-36.7866363,2674,8,REGION BIO BIO,8112,HUALPEN,GRECIA,SUECIA,0,"Suecia & Grecia, Hualpén, Bío Bío, Chile",-36.7866363,-73.0966348,1,GEOMETRIC_CENTER,2020,1304161,2020/10/09 00:00:00+00,COLISION,COLISION,URBANA,DESOBEDIENCIA A SEÑALIZACION,SEÑALIZACION DESOBEDECER SEÑAL PARE,0,0,0,0,12:00:00
-73.0367134,-36.8321917,2675,8,REGION BIO BIO,8101,CONCEPCION,EDMUNDO LARENAS, ,419,"Edmundo Larenas 419, Concepción, Bío Bío, Chile",-36.8321917,-73.0367134,1,RANGE_INTERPOLATED,2020,1304122,2020/10/07 00:00:00+00,CHOQUE,CHOQUE,URBANA,IMPRUDENCIA DEL CONDUCTOR,CONDUCCION NO ATENTO CONDICIONES TRANSITO MOMENTO,0,0,0,0,19:00:00
-73.0594034,-36.8264888,2676,8,REGION BIO BIO,8101,CONCEPCION,LOS CARRERA,SERRANO,0,"Avenida los Carrera & Serrano, Concepción, Bío Bío, Chile",-36.8264888,-73.0594034,1,GEOMETRIC_CENTER,2020,1304125,2020/10/07 00:00:00+00,COLISION LATERAL,COLISION,URBANA,IMPRUDENCIA DEL CONDUCTOR,"ADELANTAMIENTO EN CRUCE, CURVA, CUESTA, PUENTE",0,1,0,0,13:15:00
-73.0720513,-36.801125,2677,8,REGION BIO BIO,8112,HUALPEN,COSTANERA,JORGE ALESSANDRI RODRIGUEZ,0,"Av. Jorge Alessandri Rodríguez 2121, Hualpén, Bío Bío, Chile",-36.801125,-73.0720513,1,ROOFTOP,2020,1304126,2020/10/04 00:00:00+00,VOLCADURA,VOLCADURA,URBANA,VELOCIDAD IMPRUDENTE,VELOCIDAD MAYOR QUE MAXIMA PERMITIDA,0,0,0,1,18:30:00
-73.1101299,-36.7867196,2678,8,REGION BIO BIO,8112,HUALPEN,GRAN BRETAÑA,GRECIA,0,"Gran Bretaña & Grecia, Hualpén, Bío Bío, Chile",-36.7867196,-73.1101299,1,GEOMETRIC_CENTER,2020,1304128,2020/10/04 00:00:00+00,VOLCADURA,VOLCADURA,URBANA,PERDIDA CONTROL VEHICULO,PERDIDA CONTROL VEHICULO,0,0,0,1,20:10:00
-73.0528394,-36.8275448,2679,8,REGION BIO BIO,8101,CONCEPCION,BARROS ARANA,AURELIO MANZANO,0,"Barros Arana & Aurelio Manzano, Concepción, Bío Bío, Chile",-36.8275448,-73.0528394,1,GEOMETRIC_CENTER,2020,1304129,2020/10/07 00:00:00+00,COLISION LATERAL,COLISION,URBANA,IMPRUDENCIA DEL CONDUCTOR,ADELANTAMIENTO SIN EL ESPACIO O TIEMPO SUFICIENTE,0,0,0,0,19:45:00
-73.0395477,-36.8184061,2680,8,REGION BIO BIO,8101,CONCEPCION,LOS CARRERA, ,1676,"Av. los Carrera 1676, Concepción, Bío Bío, Chile",-36.8184061,-73.0395477,1,ROOFTOP,2020,1304145,2020/10/09 00:00:00+00,COLISION LATERAL,COLISION,URBANA,IMPRUDENCIA DEL CONDUCTOR,ADELANTAMIENTO SIN EL ESPACIO O TIEMPO SUFICIENTE,0,0,0,1,17:55:00
-73.0299819,-36.8034316,2681,8,REGION BIO BIO,8101,CONCEPCION,CAMILO HENRIQUEZ,ANDALIEN,0,"Camilo Henríquez & Avenida Andalien, Concepción, Bío Bío, Chile",-36.8034316,-73.0299819,1,GEOMETRIC_CENTER,2020,1304148,2020/10/09 00:00:00+00,COLISION,COLISION,URBANA,CAUSAS NO DETERMINADAS,CAUSAS NO DETERMINADAS,0,0,0,0,18:15:00
-73.0575847,-36.8218168,2682,8,REGION BIO BIO,8101,CONCEPCION,LINOYAN,BULNES,0,"Manuel Bulnes & Lincoyán, Concepción, Bío Bío, Chile",-36.8218168,-73.0575847,1,GEOMETRIC_CENTER,2020,1304149,2020/10/10 00:00:00+00,CHOQUE,CHOQUE,URBANA,IMPRUDENCIA DEL CONDUCTOR,CONDUCIR VEHICULO EN RETROCESO,0,0,0,0,13:15:00
-73.0993791,-36.8006668,2683,8,REGION BIO BIO,8112,HUALPEN,RUCALHUE,QUINCHAMALI,0,"Quinchamalí & Avenida Rucalhue, Hualpén, Bío Bío, Chile",-36.8006668,-73.0993791,1,GEOMETRIC_CENTER,2020,1304152,2020/10/09 00:00:00+00,COLISION,COLISION,URBANA,CAUSAS NO DETERMINADAS,CAUSAS NO DETERMINADAS,0,0,1,0,19:10:00
-73.1061479,-36.7833,2684,8,REGION BIO BIO,8112,HUALPEN,PARIS, ,1565,"Paris 1565, Hualpén, Bío Bío, Chile",-36.7833,-73.1061479,1,RANGE_INTERPOLATED,2020,1304166,2020/10/10 00:00:00+00,ATROPELLO,ATROPELLO,URBANA,CAUSAS NO DETERMINADAS,CAUSAS NO DETERMINADAS,0,0,0,1,18:30:00
-72.3493715,-37.4733531,2685,8,REGION BIO BIO,8301,LOS ANGELES,RICARDO VICUÑA, ,284,"Av. Ricardo Vicuña 284, Los Angeles, Los Ángeles, Bío Bío, Chile",-37.4733531,-72.3493715,1,ROOFTOP,2020,1304264,2020/10/02 00:00:00+00,COLISION LATERAL,COLISION,URBANA,IMPRUDENCIA DEL CONDUCTOR,CONDUCCION NO ATENTO CONDICIONES TRANSITO MOMENTO,0,0,0,0,11:24:00
-72.3420944,-37.4883003,2686,8,REGION BIO BIO,8301,LOS ANGELES,LOS CARRERA, ,1420,"Av. Los Carrera 1420, Los Angeles, Los Ángeles, Bío Bío, Chile",-37.4883003,-72.3420944,1,ROOFTOP,2020,1304272,2020/10/02 00:00:00+00,COLISION POR ALCANCE,COLISION,URBANA,IMPRUDENCIA DEL CONDUCTOR,CONDUCCION SIN MANTENER DISTANCIA RAZONABLE NI PRUDENTE,0,0,0,0,14:00:00
-72.348224,-37.4693082,2687,8,REGION BIO BIO,8301,LOS ANGELES,VILLAGRAN,COLO COLO,0,"Villagrán & Colo Colo, Los Angeles, Los Ángeles, Bío Bío, Chile",-37.4693082,-72.348224,1,GEOMETRIC_CENTER,2020,1304305,2020/10/02 00:00:00+00,ATROPELLO,ATROPELLO,URBANA,IMPRUDENCIA DEL CONDUCTOR,CONDUCCION NO ATENTO CONDICIONES TRANSITO MOMENTO,0,0,0,0,17:00:00
-72.3284388,-37.4722925,2688,8,REGION BIO BIO,8301,LOS ANGELES,ALEMANIA,LAS INDUSTRIAS,0,"Av. Gabriela Mistral 1751, Los Angeles, Los Ángeles, Bío Bío, Chile",-37.4722925,-72.3284388,1,ROOFTOP,2020,1304328,2020/10/02 00:00:00+00,CHOQUE LADO/LADO,CHOQUE,URBANA,ALCOHOL EN CONDUCTOR,CONDUCCION EN ESTADO DE EBRIEDAD,0,0,0,0,18:20:00
-72.3547542,-37.4676262,2689,8,REGION BIO BIO,8301,LOS ANGELES,RENGO, ,570,"Rengo 570, Los Angeles, Los Ángeles, Bío Bío, Chile",-37.4676262,-72.3547542,1,ROOFTOP,2020,1304347,2020/10/02 00:00:00+00,COLISION POR ALCANCE,COLISION,URBANA,IMPRUDENCIA DEL CONDUCTOR,CONDUCCION NO ATENTO CONDICIONES TRANSITO MOMENTO,0,0,0,4,20:20:00
-72.3758886,-37.460462,2690,8,REGION BIO BIO,8301,LOS ANGELES,CAMINO INTERIOR LAS TRANCAS,SECTOR LOS ROBLES KM 10,0,"Av. las Trancas, Los Angeles, Los Ángeles, Bío Bío, Chile",-37.460462,-72.3758886,1,GEOMETRIC_CENTER,2020,1304356,2020/10/02 00:00:00+00,ATROPELLO,ATROPELLO,RURAL,OTRAS CAUSAS,OTRAS CAUSAS,1,0,0,0,20:30:00
-72.3687868,-37.4801149,2691,8,REGION BIO BIO,8301,LOS ANGELES,OCTAVIO JARA WOLF,PADRE HURTADO,0,"Av. Padre Hurtado & Av. Octavio Jara Wolff, Los Angeles, Los Ángeles, Bío Bío, Chile",-37.4801149,-72.3687868,1,GEOMETRIC_CENTER,2020,1304362,2020/10/02 00:00:00+00,CHOQUE FRENTE/LADO,CHOQUE,URBANA,IMPRUDENCIA DEL CONDUCTOR,CONDUCCION NO ATENTO CONDICIONES TRANSITO MOMENTO,0,0,0,0,02:40:00
-72.3313278,-37.4882341,2692,8,REGION BIO BIO,8301,LOS ANGELES,TOLPAN,LOS OMAGUACAS,0,"Los Omahuacas & Tolpan, Los Angeles, Los Ángeles, Bío Bío, Chile",-37.4882341,-72.3313278,1,GEOMETRIC_CENTER,2020,1304383,2020/10/03 00:00:00+00,COLISION LATERAL,COLISION,URBANA,DESOBEDIENCIA A SEÑALIZACION,SEÑALIZACION DESOBEDECER SEÑAL PARE,0,0,0,0,18:22:00
-73.03546,-36.8079905,2693,8,REGION BIO BIO,8101,CONCEPCION,PASAJE SEIS, ,838,"Pje. Seis, Concepción, Bío Bío, Chile",-36.8079905,-73.03546,1,GEOMETRIC_CENTER,2020,1310586,2020/11/07 00:00:00+00,CHOQUE,CHOQUE,URBANA,IMPRUDENCIA DEL CONDUCTOR,CONDUCCION NO ATENTO CONDICIONES TRANSITO MOMENTO,0,0,0,0,11:30:00
-73.1006101,-36.7950129,2694,8,REGION BIO BIO,8112,HUALPEN,BREMEN,ATENAS,0,"Bremen & Atenas, Hualpén, Bío Bío, Chile",-36.7950129,-73.1006101,1,GEOMETRIC_CENTER,2020,1304420,2020/10/12 00:00:00+00,COLISION,COLISION,URBANA,IMPRUDENCIA DEL CONDUCTOR,"ADELANTAMIENTO EN CRUCE, CURVA, CUESTA, PUENTE",0,0,0,0,07:50:00
-72.3453653,-37.462966,2695,8,REGION BIO BIO,8301,LOS ANGELES,ESTADOS UNIDOS, ,153,"Estados Unidos 153, Los Angeles, Los Ángeles, Bío Bío, Chile",-37.462966,-72.3453653,1,RANGE_INTERPOLATED,2020,1304422,2020/10/05 00:00:00+00,COLISION PERPENDICULAR,COLISION,URBANA,FALLAS MECANICAS,VEHICULO EN PANNE SIN SEÑALIZACION O DEFICIENTE,0,0,0,0,20:10:00
-72.3615007,-37.4807078,2696,8,REGION BIO BIO,8301,LOS ANGELES,VICUÑA MACKENNA,CAMILO HENRIQUEZ,0,"Camilo Henríquez & Avenida Vicuña Mackenna, Los Angeles, Los Ángeles, Bío Bío, Chile",-37.4807078,-72.3615007,1,GEOMETRIC_CENTER,2020,1304426,2020/10/06 00:00:00+00,COLISION LATERAL,COLISION,URBANA,IMPRUDENCIA DEL CONDUCTOR,NO RESPETAR DERECHO PREFERENTE DE PASO A VEHICULO,0,0,0,1,11:10:00
-72.3482173,-37.4639344,2697,8,REGION BIO BIO,8301,LOS ANGELES,VILLAGRAN,GALVARINO,0,"Villagrán & Galvarino, Los Angeles, Los Ángeles, Bío Bío, Chile",-37.4639344,-72.3482173,1,GEOMETRIC_CENTER,2020,1304436,2020/10/06 00:00:00+00,ATROPELLO,ATROPELLO,URBANA,IMPRUDENCIA DEL CONDUCTOR,CONDUCCION NO ATENTO CONDICIONES TRANSITO MOMENTO,0,1,0,0,21:05:00