X,Y,FID,COD_REG,REGION,CUT,COMUNA,CALLE_UNO,CALLE_DOS,NUMERO,DIR_GEOCOD,LAT,LNG,VAL_COM,TIPO,Año,Idaccident,Fecha,Tipo_Accid,Tipo__CONA,Zona,Causa__CON,Causa,Fallecidos,Graves,Menos_Grav,Leves,Hora
-72.3683669,-37.4801677,2698,8,REGION BIO BIO,8301,LOS ANGELES,VICUÑA MACKENNA,PADRE HURTADO,0,"Av. Vicuña Mackenna & Av. Padre Hurtado, Los Angeles, Los Ángeles, Bío Bío, Chile",-37.4801677,-72.3683669,1,GEOMETRIC_CENTER,2020,1304440,2020/10/07 00:00:00+00,COLISION,COLISION,URBANA,IMPRUDENCIA DEL CONDUCTOR,CONDUCCION NO ATENTO CONDICIONES TRANSITO MOMENTO,0,0,0,0,19:11:00
-72.3665554,-37.4671528,2699,8,REGION BIO BIO,8301,LOS ANGELES,LAS AZALEAS,COSTANERA QUILQUE NORTE,0,"Las Azaleas & Costanera Quilque Norte, Los Angeles, Los Ángeles, Bío Bío, Chile",-37.4671528,-72.3665554,1,GEOMETRIC_CENTER,2020,1304531,2020/10/09 00:00:00+00,COLISION LATERAL,COLISION,URBANA,IMPRUDENCIA DEL CONDUCTOR,CONDUCCION NO ATENTO CONDICIONES TRANSITO MOMENTO,0,0,0,1,09:50:00
-72.3321568,-37.4451465,2700,8,REGION BIO BIO,8301,LOS ANGELES,SOR VICENTA,LAGUNA VERDE,0,"Av. Sor Vicenta & C. Laguna Verde, Los Angeles, Los Ángeles, Bío Bío, Chile",-37.4451465,-72.3321568,1,GEOMETRIC_CENTER,2020,1304533,2020/10/09 00:00:00+00,COLISION POR ALCANCE,COLISION,URBANA,DESOBEDIENCIA A SEÑALIZACION,SEÑALIZACION DESOBEDECER SEÑAL PARE,0,0,0,0,14:50:00
-72.3697894,-37.4744062,2701,8,REGION BIO BIO,8301,LOS ANGELES,PADRE HURTADO,TOMAS DE AQUINO,0,"Avenida Padre Hurtado & Tomas de Aquino, Los Angeles, Los Ángeles, Bío Bío, Chile",-37.4744062,-72.3697894,1,GEOMETRIC_CENTER,2020,1304592,2020/10/11 00:00:00+00,VOLCADURA,VOLCADURA,URBANA,IMPRUDENCIA DEL CONDUCTOR,CONDUCCION NO ATENTO CONDICIONES TRANSITO MOMENTO,0,0,0,0,18:00:00
-72.359072,-37.4689656,2702,8,REGION BIO BIO,8301,LOS ANGELES,COLO COLO,URENDA,0,"Colo Colo & Urenda, Los Angeles, Los Ángeles, Bío Bío, Chile",-37.4689656,-72.359072,1,GEOMETRIC_CENTER,2020,1304601,2020/10/11 00:00:00+00,COLISION LATERAL,COLISION,URBANA,IMPRUDENCIA DEL CONDUCTOR,CONDUCCION NO ATENTO CONDICIONES TRANSITO MOMENTO,0,0,0,0,22:00:00
-72.3709311,-37.4713424,2703,8,REGION BIO BIO,8301,LOS ANGELES,COLO COLO,PADRE HURTADO,0,"Colo Colo & Avenida Padre Hurtado, Los Angeles, Los Ángeles, Bío Bío, Chile",-37.4713424,-72.3709311,1,GEOMETRIC_CENTER,2020,1304624,2020/10/12 00:00:00+00,COLISION,COLISION,URBANA,ALCOHOL EN CONDUCTOR,CONDUCCION EN ESTADO DE EBRIEDAD,0,0,0,1,00:00:00
-72.3642947,-37.4790536,2704,8,REGION BIO BIO,8301,LOS ANGELES,ALCAZAR, ,635,"Alcázar 635, Biobío, Los Ángeles, Bío Bío, Chile",-37.4790536,-72.3642947,1,ROOFTOP,2020,1304628,2020/10/12 00:00:00+00,CHOQUE LADO/POSTERIOR,CHOQUE,URBANA,IMPRUDENCIA DEL CONDUCTOR,CONDUCCION NO ATENTO CONDICIONES TRANSITO MOMENTO,0,0,0,0,13:30:00
-73.3476688,-37.4786122,2705,8,REGION BIO BIO,8205,CURANILAHUE,MANUEL MONTT,ERNESTO RIQUELME,0,"Riquelme & Manuel Montt, Curanilahue, Bío Bío, Chile",-37.4786122,-73.3476688,1,GEOMETRIC_CENTER,2020,1304725,2020/10/11 00:00:00+00,COLISION FRONTAL,COLISION,URBANA,DESOBEDIENCIA A SEÑALIZACION,SEÑALIZACION DESOBEDECER SEÑAL CEDA EL PASO,0,0,0,0,00:10:00
-73.1573151,-37.0938676,2706,8,REGION BIO BIO,8106,LOTA,COUSIÑO,DUARTE,0,"Duarte & Cousiño, Lota, Bío Bío, Chile",-37.0938676,-73.1573151,1,GEOMETRIC_CENTER,2020,1304909,2020/10/03 00:00:00+00,CHOQUE POSTERIOR/FRENTE,CHOQUE,URBANA,ALCOHOL EN CONDUCTOR,CONDUCCION EN ESTADO DE EBRIEDAD,0,0,0,0,09:10:00
-73.0723526,-36.8013406,2707,8,REGION BIO BIO,8112,HUALPEN,JORGE ALESSANDRI RODRIGUEZ,ARTEAGA ALEMPARTE,0,"Av. Jorge Alessandri Rodríguez, Concepción, Hualpén, Bío Bío, Chile",-36.8013406,-73.0723526,1,GEOMETRIC_CENTER,2020,1305087,2020/10/13 00:00:00+00,CHOQUE FRONTAL,CHOQUE,URBANA,PERDIDA CONTROL VEHICULO,PERDIDA CONTROL VEHICULO,0,0,0,0,11:30:00
-73.0853632,-36.7668053,2708,8,REGION BIO BIO,8110,TALCAHUANO,CRISTOBAL COLON, ,7198,"Colón 7198, Talcahuano, Bío Bío, Chile",-36.7668053,-73.0853632,1,RANGE_INTERPOLATED,2020,1305200,2020/10/08 00:00:00+00,COLISION LATERAL,COLISION,URBANA,IMPRUDENCIA DEL CONDUCTOR,VIRAJES INDEBIDOS,0,0,0,1,18:37:00
-73.087744,-36.7604362,2709,8,REGION BIO BIO,8110,TALCAHUANO,CARLOS OLIVER, ,5342,"Carlos Oliver 5342, Talcahuano, Bío Bío, Chile",-36.7604362,-73.087744,1,RANGE_INTERPOLATED,2020,1305210,2020/10/09 00:00:00+00,COLISION FRONTAL,COLISION,URBANA,PERDIDA CONTROL VEHICULO,PERDIDA CONTROL VEHICULO,0,0,0,1,20:03:00
-73.0777695,-36.7809595,2710,8,REGION BIO BIO,8110,TALCAHUANO,PEDRO DE CINTRA, ,3585,"Pedro de Cintra, Talcahuano, Bío Bío, Chile",-36.7809595,-73.0777695,1,GEOMETRIC_CENTER,2020,1305237,2020/10/01 00:00:00+00,COLISION LATERAL,COLISION,URBANA,IMPRUDENCIA DEL CONDUCTOR,CONDUCCION SIN MANTENER DISTANCIA RAZONABLE NI PRUDENTE,0,0,0,0,14:00:00
-73.0468096,-36.8237537,2711,8,REGION BIO BIO,8101,CONCEPCION,TUCAPEL,FREIRE,0,"Tucapel & Freire, Concepción, Bío Bío, Chile",-36.8237537,-73.0468096,1,GEOMETRIC_CENTER,2020,1305268,2020/10/13 00:00:00+00,COLISION PERPENDICULAR,COLISION,URBANA,IMPRUDENCIA DEL CONDUCTOR,CONDUCCION NO ATENTO CONDICIONES TRANSITO MOMENTO,0,0,0,1,09:30:00
-73.0436564,-36.8197164,2712,8,REGION BIO BIO,8101,CONCEPCION,LOS CARRERA,PAICAVI,0,"Los Carrera - Paicaví, Concepción, Bío Bío, Chile",-36.8197164,-73.0436564,1,GEOMETRIC_CENTER,2020,1305271,2020/10/14 00:00:00+00,COLISION LATERAL,COLISION,URBANA,IMPRUDENCIA DEL CONDUCTOR,CONDUCCION NO ATENTO CONDICIONES TRANSITO MOMENTO,0,0,0,0,09:45:00
-73.0557184,-36.8380685,2713,8,REGION BIO BIO,8101,CONCEPCION,PEDRO DE VALDIVIA,ERCILLA,0,"Avenida Pedro de Valdivia & Acceso A Alonso de Ercilla, Concepción, Bío Bío, Chile",-36.8380685,-73.0557184,1,GEOMETRIC_CENTER,2020,1305282,2020/10/15 00:00:00+00,COLISION POR ALCANCE,COLISION,URBANA,IMPRUDENCIA DEL CONDUCTOR,CONDUCCION SIN MANTENER DISTANCIA RAZONABLE NI PRUDENTE,0,0,0,0,09:10:00
-73.0486424,-36.8308144,2714,8,REGION BIO BIO,8101,CONCEPCION,CHACABUCO,CAUPOLICAN,0,"Avenida Chacabuco & Caupolicán, Concepción, Bío Bío, Chile",-36.8308144,-73.0486424,1,GEOMETRIC_CENTER,2020,1305285,2020/10/15 00:00:00+00,CHOQUE POSTERIOR,CHOQUE,URBANA,ALCOHOL EN CONDUCTOR,CONDUCCION EN ESTADO DE EBRIEDAD,0,0,0,1,17:10:00
-73.1527368,-37.0838756,2715,8,REGION BIO BIO,8106,LOTA,FERNANDO MAIRA, ,1,"Fernando Maira Nº 580 – A, Sector La Cantera, Lota, Bío Bío, Chile",-37.0838756,-73.1527368,1,GEOMETRIC_CENTER,2020,1305387,2020/10/15 00:00:00+00,VOLCADURA,VOLCADURA,URBANA,PERDIDA CONTROL VEHICULO,PERDIDA CONTROL VEHICULO,0,4,0,1,18:50:00
-73.1483694,-37.090626,2716,8,REGION BIO BIO,8106,LOTA,CARRETERA FERNANDO MAIRA,21 DE MAYO,0,"21 de Mayo, Lota, Bío Bío, Chile",-37.090626,-73.1483694,1,GEOMETRIC_CENTER,2020,1305388,2020/10/15 00:00:00+00,CHOQUE FRENTE/POSTERIOR,CHOQUE,URBANA,IMPRUDENCIA DEL CONDUCTOR,CONDUCCION NO ATENTO CONDICIONES TRANSITO MOMENTO,0,0,0,2,19:35:00
-73.1527368,-37.0838756,2717,8,REGION BIO BIO,8106,LOTA,FERNANDO MAIRA, ,29,"Fernando Maira Nº 580 – A, Sector La Cantera, Lota, Bío Bío, Chile",-37.0838756,-73.1527368,1,GEOMETRIC_CENTER,2020,1305390,2020/10/17 00:00:00+00,CHOQUE FRONTAL,CHOQUE,URBANA,IMPRUDENCIA DEL CONDUCTOR,CONDUCCION CAMBIAR SORPRESIVAMENTE PISTA CIRCULACION,0,0,0,0,01:50:00
-73.0702027,-36.7931793,2718,8,REGION BIO BIO,8112,HUALPEN,AUTOPISTA CONCEPCION TALCAHUANO,OHIGGINS,0,"Autop. Concepción - Talcahuano 8696, Concepción, Hualpén, Bío Bío, Chile",-36.7931793,-73.0702027,1,ROOFTOP,2020,1305564,2020/10/17 00:00:00+00,COLISION,COLISION,URBANA,IMPRUDENCIA DEL CONDUCTOR,CONDUCCION NO ATENTO CONDICIONES TRANSITO MOMENTO,0,0,0,1,14:45:00
-73.0855736,-36.7989632,2719,8,REGION BIO BIO,8112,HUALPEN,CRISTOBAL COLON, ,9000,"Av Cristóbal Colón 9000, Hualpén, Bío Bío, Chile",-36.7989632,-73.0855736,1,RANGE_INTERPOLATED,2020,1305578,2020/10/18 00:00:00+00,VOLCADURA,VOLCADURA,URBANA,CAUSAS NO DETERMINADAS,CAUSAS NO DETERMINADAS,0,0,0,2,02:05:00
-73.0668726,-36.8251669,2720,8,REGION BIO BIO,8101,CONCEPCION,LASTARRIA, ,1134,"Lastarria 1134, Concepción, Bío Bío, Chile",-36.8251669,-73.0668726,1,RANGE_INTERPOLATED,2020,1305871,2020/10/17 00:00:00+00,CHOQUE LATERAL,CHOQUE,URBANA,IMPRUDENCIA DEL CONDUCTOR,CONDUCCION SIN MANTENER DISTANCIA RAZONABLE NI PRUDENTE,0,0,0,0,15:25:00
-72.9388974,-36.9755647,2721,8,REGION BIO BIO,8105,HUALQUI,COLON,LA CONCEPCION,0,"Plaza De Hualqui - La Concepción, Hualqui, Bío Bío, Chile",-36.9755647,-72.9388974,1,GEOMETRIC_CENTER,2020,1305614,2020/10/14 00:00:00+00,COLISION PERPENDICULAR,COLISION,URBANA,DESOBEDIENCIA A SEÑALIZACION,SEÑALIZACION DESOBEDECER SEÑAL CEDA EL PASO,0,0,1,1,12:40:00
-72.9365136,-36.9754298,2722,8,REGION BIO BIO,8105,HUALQUI,JOSE MIGUEL CARRERA,RAMON FREIRE,0,"Ramon Freire & José Miguel Carrera, Hualqui, Bío Bío, Chile",-36.9754298,-72.9365136,1,GEOMETRIC_CENTER,2020,1305668,2020/10/14 00:00:00+00,COLISION PERPENDICULAR,COLISION,URBANA,DESOBEDIENCIA A SEÑALIZACION,SEÑALIZACION DESOBEDECER SEÑAL PARE,0,0,2,3,21:15:00
-73.3458848,-37.48579,2723,8,REGION BIO BIO,8205,CURANILAHUE,INES DE SUAREZ, ,130,"Inés de Suárez, Curanilahue, Bío Bío, Chile",-37.48579,-73.3458848,1,GEOMETRIC_CENTER,2020,1305769,2020/10/17 00:00:00+00,CHOQUE FRENTE/LADO,CHOQUE,URBANA,ALCOHOL EN CONDUCTOR,CONDUCCION BAJO LA INFLUENCIA DEL ALCOHOL,0,0,0,4,17:35:00
-73.1016968,-36.7465023,2724,8,REGION BIO BIO,8110,TALCAHUANO,DESIDERIO GARCIA, ,495,"Desiderio García 495, Talcahuano, Bío Bío, Chile",-36.7465023,-73.1016968,1,ROOFTOP,2020,1305779,2020/10/18 00:00:00+00,VOLCADURA,VOLCADURA,URBANA,PERDIDA CONTROL VEHICULO,PERDIDA CONTROL VEHICULO,0,0,0,1,12:45:00
-72.9420175,-36.9705258,2725,8,REGION BIO BIO,8105,HUALQUI,CONDELL,LA ARAUCANA,0,"Avenida Araucana & Condell, Hualqui, Bío Bío, Chile",-36.9705258,-72.9420175,1,GEOMETRIC_CENTER,2020,1305821,2020/10/09 00:00:00+00,COLISION FRONTAL,COLISION,URBANA,CAUSAS NO DETERMINADAS,CAUSAS NO DETERMINADAS,0,0,0,0,09:40:00
-73.0881997,-36.7738493,2726,8,REGION BIO BIO,8110,TALCAHUANO,UNO PONIENTE, ,291,"Uno Pte. 291, Talcahuano, Bío Bío, Chile",-36.7738493,-73.0881997,1,RANGE_INTERPOLATED,2020,1305824,2020/10/19 00:00:00+00,CHOQUE POSTERIOR/FRENTE,CHOQUE,URBANA,IMPRUDENCIA DEL CONDUCTOR,CONDUCCION NO ATENTO CONDICIONES TRANSITO MOMENTO,0,0,0,0,22:00:00
-73.0318384,-36.9109028,2727,8,REGION BIO BIO,8103,CHIGUAYANTE,OCHO ORIENTE,BILBAO,0,"Bilbao & Calle 8 Oriente, Chiguayante, Bío Bío, Chile",-36.9109028,-73.0318384,1,GEOMETRIC_CENTER,2020,1305850,2020/10/17 00:00:00+00,COLISION LATERAL,COLISION,URBANA,CAUSAS NO DETERMINADAS,CAUSAS NO DETERMINADAS,0,0,0,0,20:51:00
-73.0884698,-36.7736396,2728,8,REGION BIO BIO,8110,TALCAHUANO,UNO PONIENTE, ,260,"Uno Pte. 260, Talcahuano, Bío Bío, Chile",-36.7736396,-73.0884698,1,RANGE_INTERPOLATED,2020,1305866,2020/10/19 00:00:00+00,CHOQUE,CHOQUE,URBANA,IMPRUDENCIA DEL CONDUCTOR,CONDUCCION SIN MANTENER DISTANCIA RAZONABLE NI PRUDENTE,0,0,0,0,23:23:00
-73.0631045,-36.826609,2729,8,REGION BIO BIO,8101,CONCEPCION,PADRE HURTADO,DESIDERIO SANHUEZA,0,"Avenida Padre Alberto Hurtado & Desiderio Sanhueza, Concepción, Bío Bío, Chile",-36.826609,-73.0631045,1,GEOMETRIC_CENTER,2020,1305868,2020/10/17 00:00:00+00,CHOQUE POSTERIOR,CHOQUE,URBANA,IMPRUDENCIA DEL CONDUCTOR,CONDUCCION SIN MANTENER DISTANCIA RAZONABLE NI PRUDENTE,0,0,0,1,08:54:00
-73.0829052,-36.7979989,2730,8,REGION BIO BIO,8112,HUALPEN,NUEVA IMPERIAL,ARTEAGA ALEMPARTE,0,"Malleco_Nva Imperial, Hualpén, Bío Bío, Chile",-36.7979989,-73.0829052,1,GEOMETRIC_CENTER,2020,1305870,2020/10/19 00:00:00+00,CHOQUE FRENTE/LADO,CHOQUE,URBANA,DESOBEDIENCIA A SEÑALIZACION,SEÑALIZACION DESOBEDECER SEÑAL CEDA EL PASO,0,0,0,1,17:25:00
-73.0236578,-36.9262295,2731,8,REGION BIO BIO,8103,CHIGUAYANTE,21 DE MAYO,PEDRO DE OÑA,0,"Pedro Medina & 21 de Mayo, Chiguayante, Bío Bío, Chile",-36.9262295,-73.0236578,1,GEOMETRIC_CENTER,2020,1306141,2020/10/08 00:00:00+00,COLISION FRONTAL,COLISION,URBANA,IMPRUDENCIA DEL CONDUCTOR,CONDUCCION NO ATENTO CONDICIONES TRANSITO MOMENTO,0,0,0,0,12:30:00
-73.0258146,-36.8043864,2732,8,REGION BIO BIO,8101,CONCEPCION,LAS VIOLETAS,LOS COPIHUES,0,"Los Copihues & Las Violetas, Concepción, Bío Bío, Chile",-36.8043864,-73.0258146,1,GEOMETRIC_CENTER,2020,1306149,2020/10/11 00:00:00+00,CHOQUE FRONTAL,CHOQUE,URBANA,PERDIDA CONTROL VEHICULO,PERDIDA CONTROL VEHICULO,0,0,0,0,12:30:00
-73.0475352,-36.8150542,2733,8,REGION BIO BIO,8101,CONCEPCION,PAICAVI,JOAQUIN PRIETO,0,"Joaquín Prieto & Paicaví, Concepción, Bío Bío, Chile",-36.8150542,-73.0475352,1,GEOMETRIC_CENTER,2020,1306153,2020/09/25 00:00:00+00,VOLCADURA,VOLCADURA,URBANA,CAUSAS NO DETERMINADAS,CAUSAS NO DETERMINADAS,0,1,0,0,20:21:00
-73.028964,-36.802029,2734,8,REGION BIO BIO,8101,CONCEPCION,CAMILO HENRIQUEZ,J M GARCIA,0,"Camilo Henríquez 1090, Concepción, Bío Bío, Chile",-36.802029,-73.028964,1,ROOFTOP,2020,1306163,2020/09/14 00:00:00+00,COLISION LATERAL,COLISION,URBANA,IMPRUDENCIA DEL CONDUCTOR,CONDUCCION NO ATENTO CONDICIONES TRANSITO MOMENTO,0,1,0,0,18:30:00
-73.0489191,-36.8129387,2735,8,REGION BIO BIO,8101,CONCEPCION,PAICAVI,BANDERA,0,"Bandera & Paicaví, Concepción, Bío Bío, Chile",-36.8129387,-73.0489191,1,GEOMETRIC_CENTER,2020,1306167,2020/09/22 00:00:00+00,ATROPELLO,ATROPELLO,URBANA,IMPRUDENCIA DEL PEATON,IMPRUDENCIA DEL PEATON,0,1,0,0,08:50:00
-73.0416395,-36.8054984,2736,8,REGION BIO BIO,8101,CONCEPCION,ALONSO DE RIVERA,LIENTUR,0,"Juan de Dios Rivera 2280, Concepción, Bío Bío, Chile",-36.8054984,-73.0416395,1,ROOFTOP,2020,1306171,2020/09/17 00:00:00+00,COLISION POR ALCANCE,COLISION,URBANA,ALCOHOL EN CONDUCTOR,CONDUCCION EN ESTADO DE EBRIEDAD,0,0,0,0,20:00:00
-73.0431065,-36.8012121,2737,8,REGION BIO BIO,8101,CONCEPCION,ALONSO DE RIVERA, ,2249,"Alonso de Rivera 2249, Concepción, Bío Bío, Chile",-36.8012121,-73.0431065,1,RANGE_INTERPOLATED,2020,1306175,2020/09/17 00:00:00+00,CHOQUE FRONTAL,CHOQUE,URBANA,PERDIDA CONTROL VEHICULO,PERDIDA CONTROL VEHICULO,0,0,0,0,17:30:00
-73.1052488,-36.7783822,2738,8,REGION BIO BIO,8112,HUALPEN,ALEMANIA,LAS GOLONDRINAS,0,"Alemania & Avenida Las Golondrinas, Hualpén, Bío Bío, Chile",-36.7783822,-73.1052488,1,GEOMETRIC_CENTER,2020,1306268,2020/10/21 00:00:00+00,CHOQUE,CHOQUE,URBANA,PERDIDA CONTROL VEHICULO,PERDIDA CONTROL VEHICULO,0,0,0,0,07:30:00
-73.4068943,-37.6058457,2739,8,REGION BIO BIO,8206,LOS ALAMOS,DIEGO PORTALES,LOS FRUTILLARES,0,"Av. Diego Portales Nº 1855, Los Alamos, Bío Bío, Chile",-37.6058457,-73.4068943,1,GEOMETRIC_CENTER,2020,1306377,2020/10/21 00:00:00+00,COLISION POR ALCANCE,COLISION,URBANA,IMPRUDENCIA DEL CONDUCTOR,CONDUCCION NO ATENTO CONDICIONES TRANSITO MOMENTO,0,0,0,0,17:40:00
-73.0195075,-36.9392922,2740,8,REGION BIO BIO,8103,CHIGUAYANTE,MANUEL RODRIGUEZ, ,1932,"Av. Manuel Rodríguez 1932, Chiguayante, Bío Bío, Chile",-36.9392922,-73.0195075,1,ROOFTOP,2020,1306566,2020/10/24 00:00:00+00,CAIDA,CAIDA,URBANA,OTRAS CAUSAS,OTRAS CAUSAS,0,1,0,0,11:25:00
-72.241044,-37.721539,2741,8,REGION BIO BIO,8305,MULCHEN,ANIBAL PINTO, ,777,"Anibal Pinto 777, Mulchen, Mulchén, Bío Bío, Chile",-37.721539,-72.241044,1,ROOFTOP,2020,1306694,2020/10/22 00:00:00+00,CHOQUE,CHOQUE,URBANA,IMPRUDENCIA DEL CONDUCTOR,CONDUCCION NO ATENTO CONDICIONES TRANSITO MOMENTO,0,0,0,0,10:30:00
-73.399111,-37.7998066,2742,8,REGION BIO BIO,8203,CAÑETE,OHIGGINS,DIEGO PORTALES,0,"Arturo Prat 220, Canete, Cañete, Bío Bío, Chile",-37.7998066,-73.399111,1,ROOFTOP,2020,1306854,2020/10/16 00:00:00+00,COLISION,COLISION,URBANA,IMPRUDENCIA DEL CONDUCTOR,CONDUCCION POR IZQUIERDA EJE CALZADA,0,0,0,0,16:30:00
-73.0401425,-36.8354333,2743,8,REGION BIO BIO,8101,CONCEPCION,MICHIMALONCO,HIERBAS BUENAS,0,"Yerbas Buenas & Michimalongo, Concepción, Bío Bío, Chile",-36.8354333,-73.0401425,1,GEOMETRIC_CENTER,2020,1306883,2020/10/18 00:00:00+00,COLISION PERPENDICULAR,COLISION,URBANA,IMPRUDENCIA DEL CONDUCTOR,CONDUCCION NO ATENTO CONDICIONES TRANSITO MOMENTO,0,0,0,1,18:00:00
-73.0523958,-36.8284747,2744,8,REGION BIO BIO,8101,CONCEPCION,OHIGGINS, ,465,"Libertador Gral. Bernardo OHiggins 465, Concepción, Bío Bío, Chile",-36.8284747,-73.0523958,1,ROOFTOP,2020,1306905,2020/10/21 00:00:00+00,CHOQUE LATERAL,CHOQUE,URBANA,IMPRUDENCIA DEL CONDUCTOR,CONDUCCION SIN MANTENER DISTANCIA RAZONABLE NI PRUDENTE,0,0,0,0,17:40:00
-73.0436466,-36.8262952,2745,8,REGION BIO BIO,8101,CONCEPCION,SAN MARTIN,OROMPELLO,0,"San Martín & Orompello, Concepción, Bío Bío, Chile",-36.8262952,-73.0436466,1,GEOMETRIC_CENTER,2020,1306918,2020/10/21 00:00:00+00,COLISION PERPENDICULAR,COLISION,URBANA,IMPRUDENCIA DEL CONDUCTOR,CONDUCCION NO ATENTO CONDICIONES TRANSITO MOMENTO,0,0,0,2,21:20:00
-73.0426159,-36.8678995,2746,8,REGION BIO BIO,8103,CHIGUAYANTE,CAMINO A CHIGUAYANTE,BINIMELIS,0,"Camino A Chiguayante & Pascual Binimelis, Concepción, Chiguayante, Bío Bío, Chile",-36.8678995,-73.0426159,1,GEOMETRIC_CENTER,2020,1306961,2020/10/24 00:00:00+00,CHOQUE LADO/LADO,CHOQUE,URBANA,OTRAS CAUSAS,OTRAS CAUSAS,0,0,0,0,22:35:00
-72.7053902,-37.279833,2747,8,REGION BIO BIO,8304,LAJA,COSTANERA SUR,COLO COLO,0,"Costanera Sur & Colo-Colo, Laja, Bío Bío, Chile",-37.279833,-72.7053902,1,GEOMETRIC_CENTER,2020,1275071,2020/03/27 00:00:00+00,CAIDA,CAIDA,RURAL,IMPRUDENCIA DEL CONDUCTOR,CONDUCCION NO ATENTO CONDICIONES TRANSITO MOMENTO,0,1,0,1,17:00:00
-73.0318384,-36.9109028,2748,8,REGION BIO BIO,8103,CHIGUAYANTE,OCHO ORIENTE,BILBAO,0,"Bilbao & Calle 8 Oriente, Chiguayante, Bío Bío, Chile",-36.9109028,-73.0318384,1,GEOMETRIC_CENTER,2020,1307020,2020/10/26 00:00:00+00,CHOQUE FRONTAL,CHOQUE,URBANA,CAUSAS NO DETERMINADAS,CAUSAS NO DETERMINADAS,0,0,1,1,07:30:00
-73.3114214,-37.2447907,2749,8,REGION BIO BIO,8202,ARAUCO,KORNER,CARLOS CONDELL,0,"Korner & Carlos Condell, Arauco, Bío Bío, Chile",-37.2447907,-73.3114214,1,GEOMETRIC_CENTER,2020,1307041,2020/10/15 00:00:00+00,COLISION POR ALCANCE,COLISION,URBANA,IMPRUDENCIA DEL CONDUCTOR,NO RESPETAR DERECHO PREFERENTE DE PASO A VEHICULO,0,0,0,1,18:50:00
-73.1051259,-36.842539,2750,8,REGION BIO BIO,8108,SAN PEDRO DE LA PAZ,LOS MAÑIOS,LOS ACACIOS,0,"Los Mañíos & Los Acacios, San Pedro de la Paz, Bío Bío, Chile",-36.842539,-73.1051259,1,GEOMETRIC_CENTER,2020,1307097,2020/10/09 00:00:00+00,CHOQUE POSTERIOR/LADO,CHOQUE,URBANA,CAUSAS NO DETERMINADAS,CAUSAS NO DETERMINADAS,0,0,0,0,10:00:00
-73.1037591,-36.8385735,2751,8,REGION BIO BIO,8108,SAN PEDRO DE LA PAZ,PEDRO AGUIRRE CERDA,LOS CEREZOS,0,"Avenida Pedro Aguirre Cerda & Los Cerezos, San Pedro de la Paz, Bío Bío, Chile",-36.8385735,-73.1037591,1,GEOMETRIC_CENTER,2020,1307098,2020/10/13 00:00:00+00,COLISION,COLISION,URBANA,CAUSAS NO DETERMINADAS,CAUSAS NO DETERMINADAS,0,0,0,0,15:30:00
-73.1153707,-36.8380055,2752,8,REGION BIO BIO,8108,SAN PEDRO DE LA PAZ,PEDRO AGUIRRE CERDA,LOS AVELLANOS,0,"Avenida Pedro Aguirre Cerda & Los Avellanos, San Pedro de la Paz, Bío Bío, Chile",-36.8380055,-73.1153707,1,GEOMETRIC_CENTER,2020,1307103,2020/10/25 00:00:00+00,CHOQUE POSTERIOR/FRENTE,CHOQUE,URBANA,CAUSAS NO DETERMINADAS,CAUSAS NO DETERMINADAS,0,0,1,2,16:00:00
-72.3614921,-37.4802319,2753,8,REGION BIO BIO,8301,LOS ANGELES,VICUÑA MACKENNA,LO CIRUELO,0,"Av. Vicuña Mackenna 905, Los Angeles, Los Ángeles, Bío Bío, Chile",-37.4802319,-72.3614921,1,ROOFTOP,2020,1307138,2020/10/14 00:00:00+00,COLISION POR ALCANCE,COLISION,URBANA,IMPRUDENCIA DEL CONDUCTOR,CONDUCCION NO ATENTO CONDICIONES TRANSITO MOMENTO,0,0,0,0,16:45:00
-72.3398899,-37.452286,2754,8,REGION BIO BIO,8301,LOS ANGELES,SOR VICENTA,ORIENTE,0,"Av. Sor Vicenta & Av. Ote., Los Angeles, Los Ángeles, Bío Bío, Chile",-37.452286,-72.3398899,1,GEOMETRIC_CENTER,2020,1307141,2020/10/14 00:00:00+00,COLISION POR ALCANCE,COLISION,URBANA,IMPRUDENCIA DEL CONDUCTOR,CONDUCCION SIN MANTENER DISTANCIA RAZONABLE NI PRUDENTE,0,0,0,0,19:20:00
-72.3688209,-37.4710954,2755,8,REGION BIO BIO,8301,LOS ANGELES,COLO COLO,LEBU,0,"Lebu & Colo Colo, Los Angeles, Los Ángeles, Bío Bío, Chile",-37.4710954,-72.3688209,1,GEOMETRIC_CENTER,2020,1307146,2020/10/15 00:00:00+00,COLISION POR ALCANCE,COLISION,URBANA,IMPRUDENCIA DEL CONDUCTOR,CONDUCCION NO ATENTO CONDICIONES TRANSITO MOMENTO,0,0,0,0,13:50:00
-72.3695628,-37.4768859,2756,8,REGION BIO BIO,8301,LOS ANGELES,PATRICIO LYNCH,PADRE HURTADO,0,"Patricio Lynch & Avenida Padre Hurtado, Los Angeles, Los Ángeles, Bío Bío, Chile",-37.4768859,-72.3695628,1,GEOMETRIC_CENTER,2020,1307156,2020/10/15 00:00:00+00,COLISION,COLISION,URBANA,IMPRUDENCIA DEL CONDUCTOR,CONDUCCION NO ATENTO CONDICIONES TRANSITO MOMENTO,0,0,0,1,17:50:00