X,Y,FID,COD_REG,REGION,CUT,COMUNA,CALLE_UNO,CALLE_DOS,NUMERO,DIR_GEOCOD,LAT,LNG,VAL_COM,TIPO,Año,Idaccident,Fecha,Tipo_Accid,Tipo__CONA,Zona,Causa__CON,Causa,Fallecidos,Graves,Menos_Grav,Leves,Hora
-72.3582007,-37.4809254,2757,8,REGION BIO BIO,8301,LOS ANGELES,VICUÑA MACKENNA,BLANCO ENCALADA,0,"Blanco Encalada & Avenida Vicuña Mackenna, Los Angeles, Los Ángeles, Bío Bío, Chile",-37.4809254,-72.3582007,1,GEOMETRIC_CENTER,2020,1307164,2020/10/16 00:00:00+00,COLISION LATERAL,COLISION,URBANA,IMPRUDENCIA DEL CONDUCTOR,CONDUCCION NO ATENTO CONDICIONES TRANSITO MOMENTO,0,0,0,1,21:15:00
-72.3324866,-37.455733,2758,8,REGION BIO BIO,8301,LOS ANGELES,ALMTE LATORRE,ATENAS,0,"Avenida Almirante Latorre & Atenas, Los Angeles, Los Ángeles, Bío Bío, Chile",-37.455733,-72.3324866,1,GEOMETRIC_CENTER,2020,1307167,2020/10/16 00:00:00+00,COLISION PERPENDICULAR,COLISION,URBANA,IMPRUDENCIA DEL CONDUCTOR,CONDUCCION NO ATENTO CONDICIONES TRANSITO MOMENTO,0,0,0,0,17:00:00
-72.371888,-37.4660162,2759,8,REGION BIO BIO,8301,LOS ANGELES,PADRE HURTADO,GALVARINO,0,"Galvarino & Avenida Padre Hurtado, Los Angeles, Los Ángeles, Bío Bío, Chile",-37.4660162,-72.371888,1,GEOMETRIC_CENTER,2020,1307194,2020/10/18 00:00:00+00,COLISION,COLISION,URBANA,IMPRUDENCIA DEL CONDUCTOR,CONDUCCION NO ATENTO CONDICIONES TRANSITO MOMENTO,0,0,0,0,16:00:00
-72.3710043,-37.4744465,2760,8,REGION BIO BIO,8301,LOS ANGELES,TOMAS DE AQUINO, ,1523,"Tomas de Aquino 1523, Los Ángeles, Bío Bío, Chile",-37.4744465,-72.3710043,1,ROOFTOP,2020,1307210,2020/10/18 00:00:00+00,CHOQUE FRENTE/POSTERIOR,CHOQUE,URBANA,IMPRUDENCIA DEL CONDUCTOR,CONDUCCION NO ATENTO CONDICIONES TRANSITO MOMENTO,0,0,0,0,21:50:00
-72.3482163,-37.4646667,2761,8,REGION BIO BIO,8301,LOS ANGELES,VILLAGRAN,ARGENTINA,0,"Argentina & Villagrán, Los Angeles, Los Ángeles, Bío Bío, Chile",-37.4646667,-72.3482163,1,GEOMETRIC_CENTER,2020,1307226,2020/10/19 00:00:00+00,CHOQUE POSTERIOR/FRENTE,CHOQUE,URBANA,IMPRUDENCIA DEL CONDUCTOR,CONDUCCION NO ATENTO CONDICIONES TRANSITO MOMENTO,0,0,0,0,18:18:00
-72.3482163,-37.4646667,2762,8,REGION BIO BIO,8301,LOS ANGELES,VILLAGRAN,ORIENTE,0,"Villagrán, Los Angeles, Los Ángeles, Bío Bío, Chile",-37.4646667,-72.3482163,1,GEOMETRIC_CENTER,2020,1307228,2020/10/19 00:00:00+00,COLISION POR ALCANCE,COLISION,URBANA,IMPRUDENCIA DEL CONDUCTOR,CONDUCCION NO ATENTO CONDICIONES TRANSITO MOMENTO,0,0,0,0,11:45:00
-71.9499036,-37.2951038,2763,8,REGION BIO BIO,8312,TUCAPEL,LINARES, ,1127,"Tucapel, Bío Bío, Chile",-37.2951038,-71.9499036,1,APPROXIMATE,2020,1307248,2020/10/20 00:00:00+00,COLISION LATERAL,COLISION,URBANA,IMPRUDENCIA DEL CONDUCTOR,CONDUCCION NO ATENTO CONDICIONES TRANSITO MOMENTO,0,1,0,1,14:55:00
-72.3450224,-37.485665,2764,8,REGION BIO BIO,8301,LOS ANGELES,LOS CARRERA,RIO BIO BIO,0,"Avenida Los Carrera & Río Bío Bío, Los Angeles, Los Ángeles, Bío Bío, Chile",-37.485665,-72.3450224,1,GEOMETRIC_CENTER,2020,1307256,2020/10/21 00:00:00+00,COLISION LATERAL,COLISION,URBANA,IMPRUDENCIA DEL CONDUCTOR,CONDUCCION NO ATENTO CONDICIONES TRANSITO MOMENTO,0,0,0,0,15:00:00
-72.3287162,-37.4855877,2765,8,REGION BIO BIO,8301,LOS ANGELES,LIMA,ORIENTE,0,"Lima 1235, Los Angeles, Los Ángeles, Bío Bío, Chile",-37.4855877,-72.3287162,1,ROOFTOP,2020,1307258,2020/10/21 00:00:00+00,COLISION LATERAL,COLISION,URBANA,IMPRUDENCIA DEL CONDUCTOR,CONDUCCION NO ATENTO CONDICIONES TRANSITO MOMENTO,0,0,0,0,21:30:00
-72.325392,-37.5057084,2766,8,REGION BIO BIO,8301,LOS ANGELES,LAS INDUSTRIAS, ,45,"Av Las Industrias 45, Los Ángeles, Bío Bío, Chile",-37.5057084,-72.325392,1,RANGE_INTERPOLATED,2020,1307274,2020/10/23 00:00:00+00,CHOQUE FRENTE/POSTERIOR,CHOQUE,URBANA,IMPRUDENCIA DEL CONDUCTOR,CONDUCCION NO ATENTO CONDICIONES TRANSITO MOMENTO,0,0,0,2,08:22:00
-73.0451883,-36.8242819,2767,8,REGION BIO BIO,8101,CONCEPCION,BARROS ARANA, ,1081,"Barros Arana 1081, Concepción, Bío Bío, Chile",-36.8242819,-73.0451883,1,ROOFTOP,2020,1307478,2020/10/26 00:00:00+00,CHOQUE,CHOQUE,URBANA,IMPRUDENCIA DEL CONDUCTOR,CONDUCIR VEHICULO EN RETROCESO,0,0,0,0,19:30:00
-72.3326241,-37.4458105,2768,8,REGION BIO BIO,8301,LOS ANGELES,SOR VICENTA, ,2575,"Av. Sor Vicenta 2575, Los Angeles, Los Ángeles, Bío Bío, Chile",-37.4458105,-72.3326241,1,ROOFTOP,2020,1307279,2020/10/23 00:00:00+00,CHOQUE FRENTE/LADO,CHOQUE,URBANA,IMPRUDENCIA DEL CONDUCTOR,CONDUCCION NO ATENTO CONDICIONES TRANSITO MOMENTO,0,0,0,0,15:40:00
-73.1185848,-36.7324743,2769,8,REGION BIO BIO,8110,TALCAHUANO,JUAN ANTONIO RIOS,ISLA DE PASCUA,0,"Isla de Pascua & Juan Antonio Ríos, Talcahuano, Bío Bío, Chile",-36.7324743,-73.1185848,1,GEOMETRIC_CENTER,2020,1307335,2020/10/27 00:00:00+00,COLISION LATERAL,COLISION,URBANA,DESOBEDIENCIA A SEÑALIZACION,SEÑALIZACION DESOBEDECER SEÑAL CEDA EL PASO,0,0,0,0,11:40:00
-72.3567107,-37.4790605,2770,8,REGION BIO BIO,8301,LOS ANGELES,LORD COCHRANE, ,599,"Lord Cochrane 599, Los Angeles, Los Ángeles, Bío Bío, Chile",-37.4790605,-72.3567107,1,ROOFTOP,2020,1307338,2020/10/24 00:00:00+00,CHOQUE FRENTE/POSTERIOR,CHOQUE,URBANA,ALCOHOL EN CONDUCTOR,CONDUCCION EN ESTADO DE EBRIEDAD,0,0,0,0,23:15:00
-72.351095,-37.4725152,2771,8,REGION BIO BIO,8301,LOS ANGELES,RICARDO VICUÑA,OHIGGINS,0,"Avenida Ricardo Vicuña & Bernardo OHiggins, Los Angeles, Los Ángeles, Bío Bío, Chile",-37.4725152,-72.351095,1,GEOMETRIC_CENTER,2020,1307342,2020/10/25 00:00:00+00,COLISION LATERAL,COLISION,URBANA,IMPRUDENCIA DEL CONDUCTOR,CONDUCCION NO ATENTO CONDICIONES TRANSITO MOMENTO,0,0,0,2,15:00:00
-72.3591472,-37.4720441,2772,8,REGION BIO BIO,8301,LOS ANGELES,RICARDO VICUÑA,URENDA,0,"Avenida Ricardo Vicuña & Urenda, Los Angeles, Los Ángeles, Bío Bío, Chile",-37.4720441,-72.3591472,1,GEOMETRIC_CENTER,2020,1307358,2020/10/25 00:00:00+00,CHOQUE FRENTE/POSTERIOR,CHOQUE,URBANA,IMPRUDENCIA DEL CONDUCTOR,CONDUCCION NO ATENTO CONDICIONES TRANSITO MOMENTO,0,0,0,0,17:00:00
-73.0876269,-36.7648415,2773,8,REGION BIO BIO,8110,TALCAHUANO,LAGO LLANQUIHUE,LAS HORTENSIAS,0,"Las Hortensias & Lago Llanquihue, Talcahuano, Bío Bío, Chile",-36.7648415,-73.0876269,1,GEOMETRIC_CENTER,2020,1307369,2020/10/27 00:00:00+00,COLISION LATERAL,COLISION,URBANA,DESOBEDIENCIA A SEÑALIZACION,SEÑALIZACION DESOBEDECER SEÑAL PARE,0,0,0,0,18:30:00
-72.3480099,-37.4607422,2774,8,REGION BIO BIO,8301,LOS ANGELES,OROMPELLO,VILLAGRAN,0,"Orompello & Villagrán, Los Angeles, Los Ángeles, Bío Bío, Chile",-37.4607422,-72.3480099,1,GEOMETRIC_CENTER,2020,1307372,2020/10/25 00:00:00+00,COLISION,COLISION,URBANA,IMPRUDENCIA DEL CONDUCTOR,CONDUCCION NO ATENTO CONDICIONES TRANSITO MOMENTO,0,0,0,1,12:00:00
-73.1408282,-36.8443187,2775,8,REGION BIO BIO,8108,SAN PEDRO DE LA PAZ,MICHAIHUE,RENE SCHNEIDER,0,"René Schneider & Avenida Michaihue, San Pedro de la Paz, Bío Bío, Chile",-36.8443187,-73.1408282,1,GEOMETRIC_CENTER,2020,1307442,2020/10/13 00:00:00+00,COLISION FRONTAL,COLISION,URBANA,IMPRUDENCIA DEL CONDUCTOR,CONDUCCION NO ATENTO CONDICIONES TRANSITO MOMENTO,0,0,0,0,08:15:00
-73.051584,-36.8234449,2776,8,REGION BIO BIO,8101,CONCEPCION,ANIBAL PINTO, ,780,"Anibal Pinto 780, Concepción, Bío Bío, Chile",-36.8234449,-73.051584,1,RANGE_INTERPOLATED,2020,1307456,2020/10/22 00:00:00+00,CHOQUE,CHOQUE,URBANA,IMPRUDENCIA DEL CONDUCTOR,CONDUCCION NO ATENTO CONDICIONES TRANSITO MOMENTO,0,0,0,0,14:30:00
-73.0651458,-36.8321223,2777,8,REGION BIO BIO,8101,CONCEPCION,COSTANERA,CENTRAL NORTE,0,"Av. Costanera & Central Nte., Concepción, Bío Bío, Chile",-36.8321223,-73.0651458,1,GEOMETRIC_CENTER,2020,1307465,2020/10/22 00:00:00+00,CHOQUE POSTERIOR,CHOQUE,URBANA,IMPRUDENCIA DEL CONDUCTOR,CONDUCCION NO ATENTO CONDICIONES TRANSITO MOMENTO,0,0,0,0,15:40:00
-73.0455154,-36.8258008,2778,8,REGION BIO BIO,8101,CONCEPCION,TUCAPEL,OHIGGINS,0,"Tucapel & Libertador General Bernardo OHiggins, Concepción, Bío Bío, Chile",-36.8258008,-73.0455154,1,GEOMETRIC_CENTER,2020,1307471,2020/10/26 00:00:00+00,CHOQUE POSTERIOR,CHOQUE,URBANA,IMPRUDENCIA DEL CONDUCTOR,CONDUCCION NO ATENTO CONDICIONES TRANSITO MOMENTO,0,0,0,1,09:30:00
-73.0608019,-36.8269433,2779,8,REGION BIO BIO,8101,CONCEPCION,LOS CARRERA,ARTURO PRAT,0,"Avenida los Carrera & Arturo Prat, Concepción, Bío Bío, Chile",-36.8269433,-73.0608019,1,GEOMETRIC_CENTER,2020,1307483,2020/10/27 00:00:00+00,COLISION PERPENDICULAR,COLISION,URBANA,DESOBEDIENCIA A SEÑALIZACION,SEÑALIZACION DESOBEDECER LUZ ROJA DE SEMAFORO,0,0,0,1,11:40:00
-73.0594034,-36.8264888,2780,8,REGION BIO BIO,8101,CONCEPCION,LOS CARRERA,SERRANO,0,"Avenida los Carrera & Serrano, Concepción, Bío Bío, Chile",-36.8264888,-73.0594034,1,GEOMETRIC_CENTER,2020,1307512,2020/10/20 00:00:00+00,COLISION LATERAL,COLISION,URBANA,IMPRUDENCIA DEL CONDUCTOR,ADELANTAMIENTO SOBREPASANDO LINEA CONTINUA,0,0,0,0,08:50:00
-73.0500093,-36.8212047,2781,8,REGION BIO BIO,8101,CONCEPCION,LAS HERAS,CASTELLON,0,"Castellón & Las Heras, Concepción, Bío Bío, Chile",-36.8212047,-73.0500093,1,GEOMETRIC_CENTER,2020,1307559,2020/10/23 00:00:00+00,COLISION,COLISION,URBANA,DESOBEDIENCIA A SEÑALIZACION,SEÑALIZACION DESOBEDECER SEÑAL PARE,0,0,0,1,18:30:00
-73.0980742,-36.7919011,2782,8,REGION BIO BIO,8112,HUALPEN,PATRIA NUEVA, ,925,"Patria Nva 925, Hualpén, Bío Bío, Chile",-36.7919011,-73.0980742,1,RANGE_INTERPOLATED,2020,1307604,2020/10/25 00:00:00+00,CHOQUE FRENTE/POSTERIOR,CHOQUE,URBANA,CAUSAS NO DETERMINADAS,CAUSAS NO DETERMINADAS,0,0,0,0,19:20:00
-73.1488728,-36.8286201,2783,8,REGION BIO BIO,8108,SAN PEDRO DE LA PAZ,EL SOL, ,1585,"El Sol 1585, San Pedro de la Paz, Región Metropolitana, Chile",-36.8286201,-73.1488728,1,RANGE_INTERPOLATED,2020,1307617,2020/10/17 00:00:00+00,CHOQUE FRENTE/LADO,CHOQUE,URBANA,IMPRUDENCIA DEL CONDUCTOR,CONDUCCION NO ATENTO CONDICIONES TRANSITO MOMENTO,0,0,0,0,02:00:00
-73.146645,-36.8347429,2784,8,REGION BIO BIO,8108,SAN PEDRO DE LA PAZ,MIGUEL BRAYER,ELIAS,0,"Miguel Brayer & Pasaje Elías, San Pedro de la Paz, Bío Bío, Chile",-36.8347429,-73.146645,1,GEOMETRIC_CENTER,2020,1307670,2020/10/20 00:00:00+00,CHOQUE FRONTAL,CHOQUE,URBANA,IMPRUDENCIA DEL CONDUCTOR,CONDUCCION NO ATENTO CONDICIONES TRANSITO MOMENTO,0,0,0,0,02:00:00
-73.089808,-36.8427317,2785,8,REGION BIO BIO,8108,SAN PEDRO DE LA PAZ,COSTANERA,VENUS,0,"Costanera 80, San Pedro de la Paz, Bío Bío, Chile",-36.8427317,-73.089808,1,ROOFTOP,2020,1307699,2020/10/12 00:00:00+00,CHOQUE FRONTAL,CHOQUE,URBANA,ALCOHOL EN CONDUCTOR,CONDUCCION EN ESTADO DE EBRIEDAD,0,0,0,1,06:15:00
-73.096041,-36.7496143,2786,8,REGION BIO BIO,8110,TALCAHUANO,LAS HORTENSIAS, ,5636,"Las Hortensias 5636, Talcahuano, Bío Bío, Chile",-36.7496143,-73.096041,1,RANGE_INTERPOLATED,2020,1307829,2020/10/22 00:00:00+00,CHOQUE FRENTE/POSTERIOR,CHOQUE,URBANA,IMPRUDENCIA DEL CONDUCTOR,CONDUCCION SIN MANTENER DISTANCIA RAZONABLE NI PRUDENTE,0,0,0,0,13:30:00
-73.0993898,-36.7957801,2787,8,REGION BIO BIO,8112,HUALPEN,BREMEN, ,875,"Bremen 875, Hualpén, Bío Bío, Chile",-36.7957801,-73.0993898,1,ROOFTOP,2020,1307845,2020/10/27 00:00:00+00,CHOQUE FRONTAL,CHOQUE,URBANA,PERDIDA CONTROL VEHICULO,PERDIDA CONTROL VEHICULO,0,0,0,0,04:10:00
-73.1084855,-36.7955855,2788,8,REGION BIO BIO,8112,HUALPEN,PASAJE DOS, ,616,"Pje. Dos, Hualpén, Bío Bío, Chile",-36.7955855,-73.1084855,1,GEOMETRIC_CENTER,2020,1307858,2020/10/27 00:00:00+00,CHOQUE POSTERIOR/LADO,CHOQUE,URBANA,IMPRUDENCIA DEL CONDUCTOR,CONDUCIR VEHICULO EN RETROCESO,0,0,0,0,09:30:00
-73.1443672,-36.8464977,2789,8,REGION BIO BIO,8108,SAN PEDRO DE LA PAZ,GALVARINO,CAMILO HENRIQUEZ,0,"Calle Galvarino & Camilo Henríquez, San Pedro de la Paz, Bío Bío, Chile",-36.8464977,-73.1443672,1,GEOMETRIC_CENTER,2020,1307864,2020/10/26 00:00:00+00,CHOQUE POSTERIOR/FRENTE,CHOQUE,URBANA,IMPRUDENCIA DEL CONDUCTOR,CONDUCCION NO ATENTO CONDICIONES TRANSITO MOMENTO,0,0,0,0,15:10:00
-73.085192,-36.8170922,2790,8,REGION BIO BIO,8112,HUALPEN,COSTANERA,PUENTE JUAN PABLO II,0,"Puente Juan Pablo II - Río Bío Bío, Coronel, Concepción, Bío Bío, Chile",-36.8170922,-73.085192,1,GEOMETRIC_CENTER,2020,1307876,2020/10/27 00:00:00+00,VOLCADURA,VOLCADURA,URBANA,PERDIDA CONTROL VEHICULO,PERDIDA CONTROL VEHICULO,0,1,0,0,19:10:00
-73.107437,-36.7335721,2791,8,REGION BIO BIO,8110,TALCAHUANO,COLON, ,2400,"Colón 2400, Talcahuano, Bío Bío, Chile",-36.7335721,-73.107437,1,ROOFTOP,2020,1307877,2020/10/20 00:00:00+00,COLISION LATERAL,COLISION,URBANA,DESOBEDIENCIA A SEÑALIZACION,SEÑALIZACION DESOBEDECER LUZ ROJA DE SEMAFORO,0,0,0,2,17:30:00
-72.5289352,-37.5846373,2792,8,REGION BIO BIO,8307,NEGRETE,ALBERTO MOLLER, ,310,"Alberto Moller 310, Negrete, Bío Bío, Chile",-37.5846373,-72.5289352,1,RANGE_INTERPOLATED,2020,1276705,2020/04/03 00:00:00+00,COLISION,COLISION,URBANA,IMPRUDENCIA DEL CONDUCTOR,CONDUCCION NO ATENTO CONDICIONES TRANSITO MOMENTO,0,0,0,3,21:10:00
-73.0928821,-36.8528702,2793,8,REGION BIO BIO,8108,SAN PEDRO DE LA PAZ,CAMINO EL VENADO, ,1380,"Cam. El Venado 1380, San Pedro de la Paz, Región Metropolitana, Chile",-36.8528702,-73.0928821,1,RANGE_INTERPOLATED,2020,1307923,2020/10/29 00:00:00+00,COLISION,COLISION,URBANA,CAUSAS NO DETERMINADAS,CAUSAS NO DETERMINADAS,0,0,0,0,16:00:00
-73.1186598,-36.8372377,2794,8,REGION BIO BIO,8108,SAN PEDRO DE LA PAZ,PEDRO AGUIRRE CERDA,DIAGONAL BIO BIO,0,"Avenida Diagonal Bio Bio & Pedro Aguirre Cerda, San Pedro de la Paz, Bío Bío, Chile",-36.8372377,-73.1186598,1,GEOMETRIC_CENTER,2020,1307930,2020/10/28 00:00:00+00,ATROPELLO,ATROPELLO,URBANA,IMPRUDENCIA DEL CONDUCTOR,CONDUCCION NO ATENTO CONDICIONES TRANSITO MOMENTO,0,1,0,1,17:00:00
-73.1390225,-36.8541666,2795,8,REGION BIO BIO,8108,SAN PEDRO DE LA PAZ,PASAJE DIECISEIS,TUCAPEL,0,"Pasaje Dieciséis & Tucapel, San Pedro de la Paz, Bío Bío, Chile",-36.8541666,-73.1390225,1,GEOMETRIC_CENTER,2020,1307932,2020/10/29 00:00:00+00,ATROPELLO,ATROPELLO,URBANA,IMPRUDENCIA DEL CONDUCTOR,CONDUCCION NO ATENTO CONDICIONES TRANSITO MOMENTO,0,0,0,1,17:10:00
-73.1421779,-36.8538404,2796,8,REGION BIO BIO,8108,SAN PEDRO DE LA PAZ,TUCAPEL,LAUTARO,0,"Tucapel & Lautaro, San Pedro de la Paz, Bío Bío, Chile",-36.8538404,-73.1421779,1,GEOMETRIC_CENTER,2020,1307968,2020/10/30 00:00:00+00,COLISION LATERAL,COLISION,URBANA,IMPRUDENCIA DEL CONDUCTOR,CONDUCCION NO ATENTO CONDICIONES TRANSITO MOMENTO,0,0,0,0,01:45:00
-73.0511119,-36.825419,2797,8,REGION BIO BIO,8101,CONCEPCION,FREIRE, ,649,"Freire 649, Concepción, Bío Bío, Chile",-36.825419,-73.0511119,1,ROOFTOP,2020,1307975,2020/10/28 00:00:00+00,ATROPELLO,ATROPELLO,URBANA,IMPRUDENCIA DEL PEATON,PEATON CRUZA CALZADA FORMA SORPRESIVA O DESCUIDADA,0,1,0,0,16:00:00
-73.0441764,-36.8237417,2798,8,REGION BIO BIO,8101,CONCEPCION,BARROS ARANA, ,1169,"Barros Arana 1169, Concepción, Bío Bío, Chile",-36.8237417,-73.0441764,1,RANGE_INTERPOLATED,2020,1307978,2020/10/28 00:00:00+00,OTRO TIPO,OTRO TIPO,URBANA,IMPRUDENCIA DEL PASAJERO,IMPRUDENCIA DEL PASAJERO,0,0,0,0,11:10:00
-73.0529948,-36.8289288,2799,8,REGION BIO BIO,8101,CONCEPCION,LINCOYAN,OHIGGINS,0,"Lincoyán & Libertador Gral. Bernardo OHiggins, Concepción, Bío Bío, Chile",-36.8289288,-73.0529948,1,GEOMETRIC_CENTER,2020,1307982,2020/10/28 00:00:00+00,COLISION PERPENDICULAR,COLISION,URBANA,ALCOHOL EN CONDUCTOR,CONDUCCION EN ESTADO DE EBRIEDAD,0,0,0,4,22:50:00
-73.0543169,-36.8344896,2800,8,REGION BIO BIO,8101,CONCEPCION,VICTOR LAMAS,SERRANO,0,"Serrano & Víctor Lamas, Concepción, Bío Bío, Chile",-36.8344896,-73.0543169,1,GEOMETRIC_CENTER,2020,1307988,2020/10/29 00:00:00+00,CHOQUE POSTERIOR,CHOQUE,URBANA,IMPRUDENCIA DEL CONDUCTOR,CONDUCCION SIN MANTENER DISTANCIA RAZONABLE NI PRUDENTE,0,0,0,0,14:50:00
-73.0365615,-36.8253129,2801,8,REGION BIO BIO,8101,CONCEPCION,ROSSEVELT, ,1550,"Roosevelt 1550, Concepción, Bío Bío, Chile",-36.8253129,-73.0365615,1,ROOFTOP,2020,1308000,2020/10/31 00:00:00+00,CHOQUE FRONTAL,CHOQUE,URBANA,PERDIDA CONTROL VEHICULO,PERDIDA CONTROL VEHICULO,0,0,0,3,02:10:00
-73.0430493,-36.8221087,2802,8,REGION BIO BIO,8101,CONCEPCION,FREIRE,PAICAVI,0,"Freire & Paicaví, Concepción, Bío Bío, Chile",-36.8221087,-73.0430493,1,GEOMETRIC_CENTER,2020,1308003,2020/10/31 00:00:00+00,COLISION PERPENDICULAR,COLISION,URBANA,IMPRUDENCIA DEL CONDUCTOR,CONDUCCION NO ATENTO CONDICIONES TRANSITO MOMENTO,0,0,0,0,20:34:00
-73.1527368,-37.0838756,2803,8,REGION BIO BIO,8106,LOTA,MIRAMAR,FERNANDO MAIRA,0,"Fernando Maira Nº 580 – A, Sector La Cantera, Lota, Bío Bío, Chile",-37.0838756,-73.1527368,1,GEOMETRIC_CENTER,2020,1308237,2020/10/18 00:00:00+00,CHOQUE FRONTAL,CHOQUE,URBANA,ALCOHOL EN CONDUCTOR,CONDUCCION EN ESTADO DE EBRIEDAD,0,0,0,0,19:00:00
-72.243708,-37.7169286,2804,8,REGION BIO BIO,8305,MULCHEN,GANA,CAMPILLO,0,"Campillo & Gana, Mulchen, Mulchén, Bío Bío, Chile",-37.7169286,-72.243708,1,GEOMETRIC_CENTER,2020,1308238,2020/10/31 00:00:00+00,COLISION,COLISION,URBANA,DESOBEDIENCIA A SEÑALIZACION,SEÑALIZACION DESOBEDECER SEÑAL CEDA EL PASO,0,0,0,4,16:50:00
-73.1012783,-36.8387625,2805,8,REGION BIO BIO,8108,SAN PEDRO DE LA PAZ,PEDRO AGUIRRE CERDA,LOS CANELOS,0,"Avenida Pedro Aguirre Cerda & Los Canelos, San Pedro de la Paz, Bío Bío, Chile",-36.8387625,-73.1012783,1,GEOMETRIC_CENTER,2020,1324903,2020/12/04 00:00:00+00,COLISION LATERAL,COLISION,URBANA,CAUSAS NO DETERMINADAS,CAUSAS NO DETERMINADAS,0,0,0,0,19:50:00
-73.0978929,-36.8436684,2806,8,REGION BIO BIO,8108,SAN PEDRO DE LA PAZ,MICHILAMONCO, ,1300,"Av. Michimalonco 1300, San Pedro de la Paz, Región Metropolitana, Chile",-36.8436684,-73.0978929,1,GEOMETRIC_CENTER,2020,1324988,2020/12/24 00:00:00+00,COLISION LATERAL,COLISION,URBANA,CAUSAS NO DETERMINADAS,CAUSAS NO DETERMINADAS,0,0,0,0,14:50:00
-73.0662363,-36.872171,2807,8,REGION BIO BIO,8108,SAN PEDRO DE LA PAZ,ERNESTO PINTO LAGARRIGUE, ,3529,"Calle Ing. Ernesto Pinto Lagarrigue 3529, San Pedro de la Paz, Bío Bío, Chile",-36.872171,-73.0662363,1,RANGE_INTERPOLATED,2020,1325002,2020/12/27 00:00:00+00,COLISION LATERAL,COLISION,URBANA,CAUSAS NO DETERMINADAS,CAUSAS NO DETERMINADAS,0,0,0,1,14:00:00
-73.1552729,-37.078627,2808,8,REGION BIO BIO,8106,LOTA,VISTA HERMOSA, ,13,"Vista Hermosa 13, Lota, Bío Bío, Chile",-37.078627,-73.1552729,1,RANGE_INTERPOLATED,2020,1308444,2020/10/30 00:00:00+00,CHOQUE FRONTAL,CHOQUE,URBANA,ALCOHOL EN CONDUCTOR,CONDUCCION EN ESTADO DE EBRIEDAD,0,0,1,0,02:40:00
-73.1276177,-36.7215014,2809,8,REGION BIO BIO,8110,TALCAHUANO,ALMTE LATORRE,TUMBES,0,"Almte. Latorre, Talcahuano, Bío Bío, Chile",-36.7215014,-73.1276177,1,GEOMETRIC_CENTER,2020,1319884,2020/12/20 00:00:00+00,COLISION LATERAL,COLISION,URBANA,DESOBEDIENCIA A SEÑALIZACION,SEÑALIZACION DESOBEDECER LUZ ROJA DE SEMAFORO,0,0,0,0,20:40:00
-72.4380466,-37.0829129,2810,8,REGION BIO BIO,8303,CABRERO,RAMON FREIRE,JOSE MARIA ECHEVERRIA,0,"José María Echeverría, Monte Aguila, Cabrero, Bío Bío, Chile",-37.0829129,-72.4380466,1,GEOMETRIC_CENTER,2020,1321853,2020/12/22 00:00:00+00,COLISION LATERAL,COLISION,URBANA,IMPRUDENCIA DEL CONDUCTOR,CONDUCCION NO ATENTO CONDICIONES TRANSITO MOMENTO,0,0,1,2,20:30:00
-73.0720513,-36.801125,2811,8,REGION BIO BIO,8112,HUALPEN,COSTANERA,JORGE ALESSANDRI RODRIGUEZ,0,"Av. Jorge Alessandri Rodríguez 2121, Hualpén, Bío Bío, Chile",-36.801125,-73.0720513,1,ROOFTOP,2020,1308610,2020/10/14 00:00:00+00,CHOQUE POSTERIOR,CHOQUE,URBANA,IMPRUDENCIA DEL CONDUCTOR,CONDUCCION NO ATENTO CONDICIONES TRANSITO MOMENTO,0,0,0,0,14:00:00
-73.027521,-36.810789,2812,8,REGION BIO BIO,8101,CONCEPCION,CALETERA BONILLA,TEGUALDA,0,"Cam. a Penco, Concepción, Bío Bío, Chile",-36.810789,-73.027521,1,GEOMETRIC_CENTER,2020,1322937,2020/12/21 00:00:00+00,COLISION LATERAL,COLISION,URBANA,IMPRUDENCIA DEL CONDUCTOR,"ADELANTAMIENTO EN CRUCE, CURVA, CUESTA, PUENTE",0,0,0,0,19:10:00
-73.084968,-36.800512,2813,8,REGION BIO BIO,8112,HUALPEN,CRISTOBAL COLON, ,8956,"Av Cristóbal Colón 8956, Concepción, Hualpén, Bío Bío, Chile",-36.800512,-73.084968,1,ROOFTOP,2020,1308613,2020/10/15 00:00:00+00,COLISION LATERAL,COLISION,URBANA,IMPRUDENCIA DEL CONDUCTOR,CONDUCCION NO ATENTO CONDICIONES TRANSITO MOMENTO,0,0,0,0,15:50:00
-72.940173,-36.970987,2814,8,REGION BIO BIO,8105,HUALQUI,DIEGO PORTALES,BULNES,0,"Av. Araucana 181, Hualqui, Bío Bío, Chile",-36.970987,-72.940173,1,ROOFTOP,2020,1323578,2020/03/07 00:00:00+00,CHOQUE FRENTE/FRENTE,CHOQUE,URBANA,ALCOHOL EN CONDUCTOR,CONDUCCION EN ESTADO DE EBRIEDAD,0,0,0,0,19:50:00