X,Y,FID,COD_REG,REGION,CUT,COMUNA,CALLE_UNO,CALLE_DOS,NUMERO,DIR_GEOCOD,LAT,LNG,VAL_COM,TIPO,Año,Idaccident,Fecha,Tipo_Accid,Tipo__CONA,Zona,Causa__CON,Causa,Fallecidos,Graves,Menos_Grav,Leves,Hora
-73.0266122,-36.8030974,2815,8,REGION BIO BIO,8101,CONCEPCION,CALLE UNO,LAS DALIAS,0,"Calle Uno & Las Dalias, Concepción, Bío Bío, Chile",-36.8030974,-73.0266122,1,GEOMETRIC_CENTER,2020,1308627,2020/10/23 00:00:00+00,COLISION LATERAL,COLISION,URBANA,IMPRUDENCIA DEL CONDUCTOR,CONDUCCION NO ATENTO CONDICIONES TRANSITO MOMENTO,0,0,0,2,10:29:00
-73.0846234,-36.7849016,2816,8,REGION BIO BIO,8110,TALCAHUANO,SANTA MARIA, ,3177,"Arteaga Alemparte 943, Hualpén, Talcahuano, Bío Bío, Chile",-36.7849016,-73.0846234,3,ROOFTOP,2020,1267445,2020/02/20 00:00:00+00,COLISION POR ALCANCE,COLISION,URBANA,IMPRUDENCIA DEL CONDUCTOR,CONDUCCION SIN MANTENER DISTANCIA RAZONABLE NI PRUDENTE,0,0,0,0,13:00:00
-73.3375109,-37.4806024,2817,8,REGION BIO BIO,8205,CURANILAHUE,ARTURO PRAT, ,300,"Av. Arturo Prat 300, Curanilahue, Bío Bío, Chile",-37.4806024,-73.3375109,1,RANGE_INTERPOLATED,2020,1308673,2020/10/27 00:00:00+00,OTRO TIPO,OTRO TIPO,URBANA,IMPRUDENCIA DEL CONDUCTOR,CONDUCCION NO ATENTO CONDICIONES TRANSITO MOMENTO,0,0,0,0,12:30:00
-73.0504885,-36.8526764,2818,8,REGION BIO BIO,8101,CONCEPCION,PEDRO DE VALDIVIA,INGLESA,0,"Inglesa & Avenida Pedro de Valdivia, Concepción, Bío Bío, Chile",-36.8526764,-73.0504885,3,GEOMETRIC_CENTER,2020,1290223,2020/07/16 00:00:00+00,COLISION LATERAL,COLISION,URBANA,IMPRUDENCIA DEL CONDUCTOR,VIRAJES INDEBIDOS,0,0,0,0,22:50:00
-73.0848872,-36.7507856,2819,8,REGION BIO BIO,8110,TALCAHUANO,CLAUDIO GAY,JUAN GUILLERMO SOSA,0,"Claudio Gay & Juan Guillermo Sosa, Talcahuano, Bío Bío, Chile",-36.7507856,-73.0848872,1,GEOMETRIC_CENTER,2020,1308713,2020/10/30 00:00:00+00,COLISION LATERAL,COLISION,URBANA,IMPRUDENCIA DEL CONDUCTOR,NO RESPETAR DERECHO PREFERENTE DE PASO A VEHICULO,0,0,0,0,17:30:00
-72.9924735,-36.7460171,2820,8,REGION BIO BIO,8107,PENCO,MAITEN, ,200,"El Maitén 200, Penco, Bío Bío, Chile",-36.7460171,-72.9924735,1,ROOFTOP,2020,1277106,2020/04/07 00:00:00+00,ATROPELLO,ATROPELLO,URBANA,CAUSAS NO DETERMINADAS,CAUSAS NO DETERMINADAS,0,0,0,2,15:35:00
-73.086834,-36.7926749,2821,8,REGION BIO BIO,8112,HUALPEN,CRISTOBAL COLON,CARAMPANGUE,0,"Av. Cristóbal Colón & C. Carampangue, Hualpén, Bío Bío, Chile",-36.7926749,-73.086834,1,GEOMETRIC_CENTER,2020,1309137,2020/11/02 00:00:00+00,CHOQUE LADO/LADO,CHOQUE,URBANA,IMPRUDENCIA DEL CONDUCTOR,CONDUCCION NO ATENTO CONDICIONES TRANSITO MOMENTO,0,0,0,0,16:30:00
-73.320741,-37.247951,2822,8,REGION BIO BIO,8202,ARAUCO,ARTURO PRAT,LORD COCHRANE,0,"Av. Arturo Prat 489, Arauco, Arauco, Bío Bío, Chile",-37.247951,-73.320741,1,GEOMETRIC_CENTER,2020,1282490,2020/05/08 00:00:00+00,COLISION LATERAL,COLISION,URBANA,IMPRUDENCIA DEL CONDUCTOR,CONDUCCION NO ATENTO CONDICIONES TRANSITO MOMENTO,0,0,0,0,19:00:00
-73.1092087,-36.7807728,2823,8,REGION BIO BIO,8112,HUALPEN,YUGOSLAVIA,SUIZA,0,"Suiza & Yugoslavia, Hualpén, Bío Bío, Chile",-36.7807728,-73.1092087,1,GEOMETRIC_CENTER,2020,1309241,2020/11/03 00:00:00+00,COLISION,COLISION,URBANA,IMPRUDENCIA DEL CONDUCTOR,CONDUCCION CAMBIAR SORPRESIVAMENTE PISTA CIRCULACION,0,0,0,0,12:40:00
-73.3449918,-37.4768419,2824,8,REGION BIO BIO,8205,CURANILAHUE,LOS LEONES,ARTURO PRAT,0,"Avenida Arturo Prat & Los Leones, Curanilahue, Bío Bío, Chile",-37.4768419,-73.3449918,1,GEOMETRIC_CENTER,2020,1309286,2020/11/02 00:00:00+00,COLISION,COLISION,URBANA,IMPRUDENCIA DEL CONDUCTOR,CONDUCCION NO ATENTO CONDICIONES TRANSITO MOMENTO,0,1,0,0,15:30:00
-73.0599109,-36.7985462,2825,8,REGION BIO BIO,8101,CONCEPCION,PAICAVI,ALONSO RIVERA,0,"Avenida Alonso de Ribera & Paicaví, Concepción, Bío Bío, Chile",-36.7985462,-73.0599109,1,GEOMETRIC_CENTER,2020,1309345,2020/11/02 00:00:00+00,OTRO TIPO,OTRO TIPO,URBANA,IMPRUDENCIA DEL CONDUCTOR,CARGA ESCURRE A LA CALZADA,0,0,0,0,16:00:00
-73.0565259,-36.8447301,2826,8,REGION BIO BIO,8101,CONCEPCION,COSTANERA,SGTO ALDEA,0,"Av. Costanera & Sgto. Aldea, Concepción, Bío Bío, Chile",-36.8447301,-73.0565259,1,GEOMETRIC_CENTER,2020,1309357,2020/11/02 00:00:00+00,COLISION LATERAL,COLISION,URBANA,IMPRUDENCIA DEL CONDUCTOR,VIRAJES INDEBIDOS,0,0,0,3,20:30:00
-73.026659,-36.9444486,2827,8,REGION BIO BIO,8103,CHIGUAYANTE,LOS RADALES, ,2175,"Los Radales 2175, Chiguayante, Bío Bío, Chile",-36.9444486,-73.026659,1,RANGE_INTERPOLATED,2020,1309849,2020/10/29 00:00:00+00,COLISION LATERAL,COLISION,URBANA,CAUSAS NO DETERMINADAS,CAUSAS NO DETERMINADAS,0,0,0,0,12:40:00
-72.9895711,-36.7272829,2828,8,REGION BIO BIO,8107,PENCO,ARTURO PRAT, ,5,"Arturo Prat 5, Penco, Bío Bío, Chile",-36.7272829,-72.9895711,1,RANGE_INTERPOLATED,2020,1309985,2020/10/27 00:00:00+00,ATROPELLO,ATROPELLO,URBANA,IMPRUDENCIA DEL PEATON,PEATON CRUZA CALZADA FORMA SORPRESIVA O DESCUIDADA,0,1,0,0,16:45:00
-72.6815292,-37.4997697,2829,8,REGION BIO BIO,8306,NACIMIENTO,SAN MARTIN,PEDRO AGUIRRE CERDA,0,"San Martín 1096, Nacimiento, Bío Bío, Chile",-37.4997697,-72.6815292,1,ROOFTOP,2020,1309687,2020/10/26 00:00:00+00,CHOQUE,CHOQUE,URBANA,CAUSAS NO DETERMINADAS,CAUSAS NO DETERMINADAS,0,0,0,0,01:40:00
-72.6890025,-37.494494,2830,8,REGION BIO BIO,8306,NACIMIENTO,LAS ROSAS,LAS LILAS,0,"Las Lilas & Las Rozas, Nacimiento, Bío Bío, Chile",-37.494494,-72.6890025,1,GEOMETRIC_CENTER,2020,1309689,2020/10/27 00:00:00+00,COLISION LATERAL,COLISION,URBANA,IMPRUDENCIA DEL CONDUCTOR,NO RESPETAR DERECHO PREFERENTE DE PASO A VEHICULO,0,0,0,2,13:10:00
-73.1468464,-36.8449927,2831,8,REGION BIO BIO,8108,SAN PEDRO DE LA PAZ,MICHAIHUE,FRESIA,0,"Fresia & Avenida Michaihue, San Pedro de la Paz, Bío Bío, Chile",-36.8449927,-73.1468464,1,GEOMETRIC_CENTER,2020,1309712,2020/11/02 00:00:00+00,COLISION POR ALCANCE,COLISION,URBANA,IMPRUDENCIA DEL CONDUCTOR,CONDUCCION NO ATENTO CONDICIONES TRANSITO MOMENTO,0,0,0,0,06:45:00
-73.1527368,-37.0838756,2832,8,REGION BIO BIO,8106,LOTA,FERNANDO MAIRA, ,50,"Fernando Maira Nº 580 – A, Sector La Cantera, Lota, Bío Bío, Chile",-37.0838756,-73.1527368,1,GEOMETRIC_CENTER,2020,1309812,2020/11/01 00:00:00+00,CHOQUE FRONTAL,CHOQUE,URBANA,PERDIDA CONTROL VEHICULO,PERDIDA CONTROL VEHICULO,0,0,0,0,04:30:00
-72.9387031,-36.9732953,2833,8,REGION BIO BIO,8105,HUALQUI,LA CONCEPCION,OHIGGINS,0,"La Concepción & Bernardo OHiggins, Hualqui, Bío Bío, Chile",-36.9732953,-72.9387031,1,GEOMETRIC_CENTER,2020,1309836,2020/10/20 00:00:00+00,COLISION PERPENDICULAR,COLISION,URBANA,CAUSAS NO DETERMINADAS,CAUSAS NO DETERMINADAS,0,0,0,0,22:40:00
-73.0209496,-36.9352408,2834,8,REGION BIO BIO,8103,CHIGUAYANTE,MANUEL RODRIGUEZ,PROGRESO,0,"Progreso & Avenida Manuel Rodríguez, Chiguayante, Bío Bío, Chile",-36.9352408,-73.0209496,1,GEOMETRIC_CENTER,2020,1309841,2020/10/28 00:00:00+00,COLISION PERPENDICULAR,COLISION,URBANA,IMPRUDENCIA DEL CONDUCTOR,CONDUCCION NO ATENTO CONDICIONES TRANSITO MOMENTO,0,0,0,1,21:15:00
-73.0536483,-36.8051551,2835,8,REGION BIO BIO,8101,CONCEPCION,PAICAVI, ,2258,"Paicaví 2258, Concepción, Bío Bío, Chile",-36.8051551,-73.0536483,1,ROOFTOP,2020,1309910,2020/10/28 00:00:00+00,ATROPELLO,ATROPELLO,URBANA,PERDIDA CONTROL VEHICULO,PERDIDA CONTROL VEHICULO,0,0,0,1,13:15:00
-73.0366656,-36.7923086,2836,8,REGION BIO BIO,8101,CONCEPCION,CAMPOS DEPORTIVOS, ,138,"Av. Campos Deportivos 138, Concepción, Bío Bío, Chile",-36.7923086,-73.0366656,1,RANGE_INTERPOLATED,2020,1309912,2020/10/25 00:00:00+00,COLISION FRONTAL,COLISION,URBANA,CAUSAS NO DETERMINADAS,CAUSAS NO DETERMINADAS,0,0,0,1,11:55:00
-73.0370248,-36.792621,2837,8,REGION BIO BIO,8101,CONCEPCION,ANDALIEN,CAMPOS DEPORTIVOS,0,"Av. Campos Deportivos & Av. Andalien, Concepción, Bío Bío, Chile",-36.792621,-73.0370248,1,GEOMETRIC_CENTER,2020,1309915,2020/10/28 00:00:00+00,CHOQUE POSTERIOR,CHOQUE,URBANA,CAUSAS NO DETERMINADAS,CAUSAS NO DETERMINADAS,0,0,0,0,10:00:00
-73.0520227,-36.8075431,2838,8,REGION BIO BIO,8101,CONCEPCION,HUGO MONTRIOU, ,1325,"Hugo Montriou 1325, Concepción, Bío Bío, Chile",-36.8075431,-73.0520227,1,ROOFTOP,2020,1309919,2020/10/26 00:00:00+00,CHOQUE FRENTE/POSTERIOR,CHOQUE,URBANA,CAUSAS NO DETERMINADAS,CAUSAS NO DETERMINADAS,0,0,0,0,11:48:00
-73.0173901,-36.9532201,2839,8,REGION BIO BIO,8103,CHIGUAYANTE,CUARTO CENTENARIO,GUILLERMO COX,0,"Chiguayante, Bío Bío, Chile",-36.9532201,-73.0173901,1,APPROXIMATE,2020,1309924,2020/10/28 00:00:00+00,CHOQUE POSTERIOR/FRENTE,CHOQUE,URBANA,CAUSAS NO DETERMINADAS,CAUSAS NO DETERMINADAS,0,0,0,1,13:40:00
-72.6616121,-36.8249751,2840,8,REGION BIO BIO,8104,FLORIDA,IGNACIO SERRANO, ,625,"Ignacio Serrano 625, Florida, Bío Bío, Chile",-36.8249751,-72.6616121,1,RANGE_INTERPOLATED,2020,1310007,2020/10/29 00:00:00+00,CHOQUE FRENTE/POSTERIOR,CHOQUE,URBANA,IMPRUDENCIA DEL CONDUCTOR,CONDUCCION NO ATENTO CONDICIONES TRANSITO MOMENTO,0,0,0,0,09:20:00
-72.396039,-37.0370824,2841,8,REGION BIO BIO,8303,CABRERO,GABRIELA MISTRAL,LOS COPIHUES,0,"Gabriela Mistral & Calle los Copihues, Cabrero, Bío Bío, Chile",-37.0370824,-72.396039,1,GEOMETRIC_CENTER,2020,1310138,2020/11/03 00:00:00+00,COLISION LATERAL,COLISION,URBANA,IMPRUDENCIA DEL CONDUCTOR,CONDUCCION NO ATENTO CONDICIONES TRANSITO MOMENTO,0,0,0,3,19:30:00
-73.3033064,-37.2506168,2842,8,REGION BIO BIO,8202,ARAUCO,VOLCAN LLAIMA, ,35,"Volcán Llaima, Arauco, Bío Bío, Chile",-37.2506168,-73.3033064,1,GEOMETRIC_CENTER,2020,1310350,2020/11/05 00:00:00+00,CHOQUE LATERAL,CHOQUE,URBANA,IMPRUDENCIA DEL CONDUCTOR,CONDUCCION NO ATENTO CONDICIONES TRANSITO MOMENTO,0,0,0,0,08:00:00
-73.0636663,-36.8298222,2843,8,REGION BIO BIO,8101,CONCEPCION,CARERERA PONIENTE,ZAÑARTU,0,"Avenida los Carrera - Poniente 301, Concepción, Bío Bío, Chile",-36.8298222,-73.0636663,1,ROOFTOP,2020,1310435,2020/11/04 00:00:00+00,COLISION PERPENDICULAR,COLISION,URBANA,IMPRUDENCIA DEL CONDUCTOR,NO RESPETAR DERECHO PREFERENTE DE PASO A VEHICULO,0,0,0,1,19:30:00
-73.0430493,-36.8221087,2844,8,REGION BIO BIO,8101,CONCEPCION,FREIRE,PAICAVI,0,"Freire & Paicaví, Concepción, Bío Bío, Chile",-36.8221087,-73.0430493,1,GEOMETRIC_CENTER,2020,1310467,2020/11/05 00:00:00+00,COLISION PERPENDICULAR,COLISION,URBANA,IMPRUDENCIA DEL CONDUCTOR,CONDUCCION NO ATENTO CONDICIONES TRANSITO MOMENTO,0,0,0,4,08:05:00
-73.0296251,-36.8100751,2845,8,REGION BIO BIO,8101,CONCEPCION,PEDRO LAGOS, ,160,"Pedro Lagos 160, Concepción, Bío Bío, Chile",-36.8100751,-73.0296251,1,RANGE_INTERPOLATED,2020,1310477,2020/11/06 00:00:00+00,CHOQUE LATERAL,CHOQUE,URBANA,IMPRUDENCIA DEL CONDUCTOR,CONDUCCION NO ATENTO CONDICIONES TRANSITO MOMENTO,0,0,0,0,11:30:00
-73.0555386,-36.8299196,2846,8,REGION BIO BIO,8101,CONCEPCION,SALAS,OHIGGINS,0,"Obispo Hipólito Salas & Libertador General Bernardo OHiggins, Concepción, Bío Bío, Chile",-36.8299196,-73.0555386,1,GEOMETRIC_CENTER,2020,1310482,2020/11/06 00:00:00+00,ATROPELLO,ATROPELLO,URBANA,IMPRUDENCIA DEL CONDUCTOR,NO RESPETAR DERECHO PREFERENTE DE PASO A PEATON,0,0,0,1,13:15:00
-73.0362156,-36.8191544,2847,8,REGION BIO BIO,8101,CONCEPCION,FREIRE, ,1827,"Freire 1827, Concepción, Bío Bío, Chile",-36.8191544,-73.0362156,1,ROOFTOP,2020,1310526,2020/11/06 00:00:00+00,COLISION LATERAL,COLISION,URBANA,IMPRUDENCIA DEL CONDUCTOR,CONDUCCION CAMBIAR SORPRESIVAMENTE PISTA CIRCULACION,0,0,0,0,15:00:00
-73.0467537,-36.8280705,2848,8,REGION BIO BIO,8101,CONCEPCION,COLO COLO, ,252,"Colo Colo 252, Concepción, Bío Bío, Chile",-36.8280705,-73.0467537,1,ROOFTOP,2020,1310618,2020/11/09 00:00:00+00,CHOQUE,CHOQUE,URBANA,IMPRUDENCIA DEL CONDUCTOR,CONDUCCION NO ATENTO CONDICIONES TRANSITO MOMENTO,0,0,0,0,14:22:00
-73.0508421,-36.8267498,2849,8,REGION BIO BIO,8101,CONCEPCION,CAUPOLICAN,BARROS ARANA,0,"Barros Arana & Caupolicán, Concepción, Bío Bío, Chile",-36.8267498,-73.0508421,1,GEOMETRIC_CENTER,2020,1310607,2020/11/09 00:00:00+00,COLISION PERPENDICULAR,COLISION,URBANA,IMPRUDENCIA DEL CONDUCTOR,CONDUCCION NO ATENTO CONDICIONES TRANSITO MOMENTO,0,0,0,0,11:50:00
-73.0468096,-36.8237537,2850,8,REGION BIO BIO,8101,CONCEPCION,FREIRE,TUCAPEL,0,"Tucapel & Freire, Concepción, Bío Bío, Chile",-36.8237537,-73.0468096,1,GEOMETRIC_CENTER,2020,1310611,2020/11/09 00:00:00+00,COLISION LATERAL,COLISION,URBANA,IMPRUDENCIA DEL CONDUCTOR,CONDUCCION NO ATENTO CONDICIONES TRANSITO MOMENTO,0,0,0,0,13:30:00
-73.0070034,-36.8193594,2851,8,REGION BIO BIO,8101,CONCEPCION,GRAL BONILLA, ,1850,"Av. Gral. Oscar Bonilla 1850, Concepción, Bío Bío, Chile",-36.8193594,-73.0070034,1,ROOFTOP,2020,1310627,2020/11/10 00:00:00+00,COLISION POR ALCANCE,COLISION,URBANA,VELOCIDAD IMPRUDENTE,VELOCIDAD NO RAZONABLE NI PRUDENTE,0,0,0,0,11:34:00
-73.017616,-36.9294723,2852,8,REGION BIO BIO,8103,CHIGUAYANTE,OHIGGINS,PINARES,0,"Pinares & Avenida OHiggins, Chiguayante, Bío Bío, Chile",-36.9294723,-73.017616,1,GEOMETRIC_CENTER,2020,1310783,2020/11/11 00:00:00+00,COLISION PERPENDICULAR,COLISION,URBANA,OTRAS CAUSAS,OTRAS CAUSAS,0,0,0,0,18:00:00
-72.9568538,-36.6166791,2853,8,REGION BIO BIO,8111,TOME,MARIANO EGAÑA,NOGUEIRA,0,"Mariano Egaña & Nogueira, Tome, Tomé, Bío Bío, Chile",-36.6166791,-72.9568538,1,GEOMETRIC_CENTER,2020,1310972,2020/11/11 00:00:00+00,CHOQUE FRENTE/POSTERIOR,CHOQUE,URBANA,IMPRUDENCIA DEL CONDUCTOR,CONDUCCION NO ATENTO CONDICIONES TRANSITO MOMENTO,0,0,0,0,22:40:00
-73.0598003,-36.8367012,2854,8,REGION BIO BIO,8101,CONCEPCION,COSTANERA,ESMERALDA,0,"Costanera & Esmeralda, Concepción, Bío Bío, Chile",-36.8367012,-73.0598003,1,GEOMETRIC_CENTER,2020,1311046,2020/11/12 00:00:00+00,COLISION LATERAL,COLISION,URBANA,DESOBEDIENCIA A SEÑALIZACION,SEÑALIZACION DESOBEDECER LUZ INTERMITENTE SEMAFORO,0,1,0,3,10:05:00
-73.0543088,-36.8243923,2855,8,REGION BIO BIO,8101,CONCEPCION,RENGO,LOS CARRERA,0,"Rengo & Avenida los Carrera, Concepción, Bío Bío, Chile",-36.8243923,-73.0543088,1,GEOMETRIC_CENTER,2020,1311048,2020/11/13 00:00:00+00,COLISION PERPENDICULAR,COLISION,URBANA,DESOBEDIENCIA A SEÑALIZACION,SEÑALIZACION DESOBEDECER LUZ INTERMITENTE SEMAFORO,0,0,0,2,10:20:00
-73.0580545,-36.8310504,2856,8,REGION BIO BIO,8101,CONCEPCION,OHIGGINS,ARTURO PRAT,0,"Libertador General Bernardo OHiggins & Arturo Prat, Concepción, Bío Bío, Chile",-36.8310504,-73.0580545,1,GEOMETRIC_CENTER,2020,1311049,2020/11/13 00:00:00+00,COLISION LATERAL,COLISION,URBANA,IMPRUDENCIA DEL CONDUCTOR,VIRAJES INDEBIDOS,0,0,0,0,17:00:00
-73.1171425,-36.8461269,2857,8,REGION BIO BIO,8108,SAN PEDRO DE LA PAZ,LOS MAÑIOS,BENJAMIN SUBERCASEUX,0,"Av. Laguna Grande 950, San Pedro de la Paz, Bío Bío, Chile",-36.8461269,-73.1171425,1,ROOFTOP,2020,1311062,2020/11/09 00:00:00+00,COLISION LATERAL,COLISION,URBANA,IMPRUDENCIA DEL CONDUCTOR,CONDUCCION NO ATENTO CONDICIONES TRANSITO MOMENTO,0,0,0,0,18:00:00
-72.3367883,-37.4596638,2858,8,REGION BIO BIO,8301,LOS ANGELES,LAUCA, ,565,"Lauca 565, Los Angeles, Los Ángeles, Bío Bío, Chile",-37.4596638,-72.3367883,1,RANGE_INTERPOLATED,2020,1275256,2020/03/23 00:00:00+00,CHOQUE FRENTE/POSTERIOR,CHOQUE,URBANA,IMPRUDENCIA DEL CONDUCTOR,CONDUCCION NO ATENTO CONDICIONES TRANSITO MOMENTO,0,0,0,0,15:30:00
-73.1492221,-36.9025882,2859,8,REGION BIO BIO,8108,SAN PEDRO DE LA PAZ,ÑUBLE,LARQUI,0,"Larqui & Ñuble, San Pedro de la Paz, Bío Bío, Chile",-36.9025882,-73.1492221,1,GEOMETRIC_CENTER,2020,1311066,2020/11/09 00:00:00+00,COLISION LATERAL,COLISION,URBANA,IMPRUDENCIA DEL CONDUCTOR,CONDUCCION NO ATENTO CONDICIONES TRANSITO MOMENTO,0,0,0,1,19:45:00
-73.1368339,-36.8799782,2860,8,REGION BIO BIO,8108,SAN PEDRO DE LA PAZ,JAVIERA CARRERA,LOS OLIVOS,0,"Javiera Carrera & Los Olivos, San Pedro de la Paz, Bío Bío, Chile",-36.8799782,-73.1368339,1,GEOMETRIC_CENTER,2020,1311067,2020/10/12 00:00:00+00,COLISION LATERAL,COLISION,URBANA,IMPRUDENCIA DEL CONDUCTOR,CONDUCCION NO ATENTO CONDICIONES TRANSITO MOMENTO,0,0,0,1,11:15:00
-73.1394991,-36.8441364,2861,8,REGION BIO BIO,8108,SAN PEDRO DE LA PAZ,MICHAIHUE,MANUEL RODRIGUEZ,0,"Avenida Michaihue & Manuel Rodríguez, San Pedro de la Paz, Bío Bío, Chile",-36.8441364,-73.1394991,1,GEOMETRIC_CENTER,2020,1311078,2020/11/13 00:00:00+00,ATROPELLO,ATROPELLO,URBANA,IMPRUDENCIA DEL CONDUCTOR,CONDUCCION NO ATENTO CONDICIONES TRANSITO MOMENTO,0,0,0,1,21:40:00
-72.3474695,-37.4833876,2862,8,REGION BIO BIO,8301,LOS ANGELES,LOS CARRERA,MARIA AUXILIADORA,0,"Avenida Los Carrera & María Auxiliadora, Los Angeles, Los Ángeles, Bío Bío, Chile",-37.4833876,-72.3474695,1,GEOMETRIC_CENTER,2020,1311115,2020/11/01 00:00:00+00,CHOQUE FRONTAL,CHOQUE,URBANA,IMPRUDENCIA DEL CONDUCTOR,CONDUCCION NO ATENTO CONDICIONES TRANSITO MOMENTO,0,0,0,0,07:20:00
-72.3516715,-37.4605915,2863,8,REGION BIO BIO,8301,LOS ANGELES,OROMPELLO,VALDIVIA,0,"Orompello & Valdivia, Los Angeles, Los Ángeles, Bío Bío, Chile",-37.4605915,-72.3516715,1,GEOMETRIC_CENTER,2020,1311126,2020/11/02 00:00:00+00,CHOQUE POSTERIOR,CHOQUE,URBANA,IMPRUDENCIA DEL CONDUCTOR,CONDUCCION NO ATENTO CONDICIONES TRANSITO MOMENTO,0,0,0,0,18:20:00
-72.3384452,-37.4833845,2864,8,REGION BIO BIO,8301,LOS ANGELES,JORGE INOSTROZA,SALVADOR REYES,0,"Salvador Reyes & Jorge Inostroza, Los Angeles, Los Ángeles, Bío Bío, Chile",-37.4833845,-72.3384452,1,GEOMETRIC_CENTER,2020,1311162,2020/11/04 00:00:00+00,VOLCADURA,VOLCADURA,URBANA,IMPRUDENCIA DEL CONDUCTOR,CONDUCCION NO ATENTO CONDICIONES TRANSITO MOMENTO,0,1,0,3,12:25:00
-72.3263262,-37.4578279,2865,8,REGION BIO BIO,8301,LOS ANGELES,LAS INDUSTRIAS, ,510,"Av Las Industrias 510, Los Angeles, Los Ángeles, Bío Bío, Chile",-37.4578279,-72.3263262,1,ROOFTOP,2020,1311173,2020/11/04 00:00:00+00,CHOQUE POSTERIOR/FRENTE,CHOQUE,RURAL,IMPRUDENCIA DEL CONDUCTOR,CONDUCCION NO ATENTO CONDICIONES TRANSITO MOMENTO,0,0,0,4,17:10:00
-72.3683669,-37.4801677,2866,8,REGION BIO BIO,8301,LOS ANGELES,PADRE HURTADO,VICUÑA MACKENNA,0,"Av. Vicuña Mackenna & Av. Padre Hurtado, Los Angeles, Los Ángeles, Bío Bío, Chile",-37.4801677,-72.3683669,1,GEOMETRIC_CENTER,2020,1311200,2020/11/07 00:00:00+00,COLISION LATERAL,COLISION,URBANA,IMPRUDENCIA DEL CONDUCTOR,CONDUCCION NO ATENTO CONDICIONES TRANSITO MOMENTO,0,0,0,1,00:15:00
-72.3775132,-37.4624696,2867,8,REGION BIO BIO,8301,LOS ANGELES,ESTANISLAO ANGUITA, ,1904,"Av. Estanislao Anguita 1904, Los Angeles, Los Ángeles, Bío Bío, Chile",-37.4624696,-72.3775132,1,RANGE_INTERPOLATED,2020,1311204,2020/11/07 00:00:00+00,CHOQUE,CHOQUE,URBANA,IMPRUDENCIA DEL CONDUCTOR,CONDUCCION NO ATENTO CONDICIONES TRANSITO MOMENTO,0,0,0,0,00:30:00
-72.3611699,-37.4692055,2868,8,REGION BIO BIO,8301,LOS ANGELES,CAMINO LAS RANCHAS, ,7,"Los Ángeles, Bío Bío, Chile",-37.4692055,-72.3611699,1,APPROXIMATE,2020,1311250,2020/11/07 00:00:00+00,CHOQUE FRONTAL,CHOQUE,RURAL,IMPRUDENCIA DEL CONDUCTOR,CONDUCCION NO ATENTO CONDICIONES TRANSITO MOMENTO,0,1,0,0,19:39:00
-72.3758905,-37.4666489,2869,8,REGION BIO BIO,8301,LOS ANGELES,GALVARINO,ESTANISLAO ANGUITA,0,"Avenida Estanislao Anguita & Galvarino, Los Angeles, Los Ángeles, Bío Bío, Chile",-37.4666489,-72.3758905,1,GEOMETRIC_CENTER,2020,1311210,2020/11/07 00:00:00+00,COLISION LATERAL,COLISION,URBANA,IMPRUDENCIA DEL CONDUCTOR,CONDUCCION NO ATENTO CONDICIONES TRANSITO MOMENTO,0,0,0,0,15:50:00
-73.1404886,-37.0381028,2870,8,REGION BIO BIO,8102,CORONEL,SOTOMAYOR,TUCAPEL,0,"Sotomayor & Tucapel, Coronel, Bío Bío, Chile",-37.0381028,-73.1404886,1,GEOMETRIC_CENTER,2020,1311219,2020/11/02 00:00:00+00,COLISION LATERAL,COLISION,URBANA,IMPRUDENCIA DEL CONDUCTOR,CONDUCCION NO ATENTO CONDICIONES TRANSITO MOMENTO,0,0,0,2,14:10:00
-72.3639175,-37.4766421,2871,8,REGION BIO BIO,8301,LOS ANGELES,LYNCH,CAMILO HENRIQUEZ,0,"Patricio Lynch 1024, Biobío, Los Ángeles, Bío Bío, Chile",-37.4766421,-72.3639175,1,ROOFTOP,2020,1311227,2020/11/07 00:00:00+00,COLISION POR ALCANCE,COLISION,URBANA,IMPRUDENCIA DEL CONDUCTOR,CONDUCCION NO ATENTO CONDICIONES TRANSITO MOMENTO,0,0,0,0,17:45:00
-72.3632858,-37.4691073,2872,8,REGION BIO BIO,8301,LOS ANGELES,COLO COLO, ,1020,"Colo Colo 1020, Los Angeles, Los Ángeles, Bío Bío, Chile",-37.4691073,-72.3632858,1,RANGE_INTERPOLATED,2020,1311264,2020/11/07 00:00:00+00,COLISION LATERAL,COLISION,URBANA,IMPRUDENCIA DEL CONDUCTOR,CONDUCCION NO ATENTO CONDICIONES TRANSITO MOMENTO,0,0,0,1,11:30:00
-72.3363505,-37.4852556,2873,8,REGION BIO BIO,8301,LOS ANGELES,FRANCISCO ENCINA,ANDRES BELLO,0,"Avenida Francisco Encina & Andrés Bello, Los Angeles, Los Ángeles, Bío Bío, Chile",-37.4852556,-72.3363505,1,GEOMETRIC_CENTER,2020,1311298,2020/11/09 00:00:00+00,COLISION FRONTAL,COLISION,URBANA,IMPRUDENCIA DEL CONDUCTOR,CONDUCCION NO ATENTO CONDICIONES TRANSITO MOMENTO,0,0,0,0,11:30:00