X,Y,FID,COD_REG,REGION,CUT,COMUNA,CALLE_UNO,CALLE_DOS,NUMERO,DIR_GEOCOD,LAT,LNG,VAL_COM,TIPO,Año,Idaccident,Fecha,Tipo_Accid,Tipo__CONA,Zona,Causa__CON,Causa,Fallecidos,Graves,Menos_Grav,Leves,Hora
-72.3325174,-37.4638957,2874,8,REGION BIO BIO,8301,LOS ANGELES,MONTE CEA,ALEMANIA,0,"C. 72 664, Los Ángeles, Bío Bío, Chile",-37.4638957,-72.3325174,1,ROOFTOP,2020,1311342,2020/11/10 00:00:00+00,ATROPELLO,ATROPELLO,URBANA,IMPRUDENCIA DEL CONDUCTOR,CONDUCCION NO ATENTO CONDICIONES TRANSITO MOMENTO,0,0,0,0,08:35:00
-72.3420906,-37.4626059,2875,8,REGION BIO BIO,8301,LOS ANGELES,ARGENTINA, ,211,"Argentina 211, Los Angeles, Los Ángeles, Bío Bío, Chile",-37.4626059,-72.3420906,1,RANGE_INTERPOLATED,2020,1311367,2020/11/10 00:00:00+00,CHOQUE POSTERIOR,CHOQUE,URBANA,IMPRUDENCIA DEL CONDUCTOR,CONDUCCION NO ATENTO CONDICIONES TRANSITO MOMENTO,0,0,0,0,14:30:00
-72.3416311,-37.4871364,2876,8,REGION BIO BIO,8301,LOS ANGELES,FRANCISCO ENCINA, ,170,"Av. Francisco Encina 170, Los Angeles, Los Ángeles, Bío Bío, Chile",-37.4871364,-72.3416311,1,ROOFTOP,2020,1311373,2020/11/10 00:00:00+00,ATROPELLO,ATROPELLO,URBANA,IMPRUDENCIA DEL CONDUCTOR,NO RESPETAR DERECHO PREFERENTE DE PASO A PEATON,1,0,0,0,19:30:00
-72.3646691,-37.4774107,2877,8,REGION BIO BIO,8301,LOS ANGELES,CONDELL,MAX JARA,0,"Carlos Condell & Max Jara, Los Angeles, Los Ángeles, Bío Bío, Chile",-37.4774107,-72.3646691,1,GEOMETRIC_CENTER,2020,1311390,2020/11/10 00:00:00+00,CHOQUE LATERAL,CHOQUE,URBANA,IMPRUDENCIA DEL CONDUCTOR,CONDUCCION NO ATENTO CONDICIONES TRANSITO MOMENTO,0,0,0,1,23:30:00
-72.3436908,-37.4554333,2878,8,REGION BIO BIO,8301,LOS ANGELES,SOR VICENTA,MARCONI,0,"Avenida Sor Vicenta & Guillermo Marconi, Los Angeles, Los Ángeles, Bío Bío, Chile",-37.4554333,-72.3436908,1,GEOMETRIC_CENTER,2020,1311455,2020/11/12 00:00:00+00,ATROPELLO,ATROPELLO,URBANA,IMPRUDENCIA DEL CONDUCTOR,CONDUCCION NO ATENTO CONDICIONES TRANSITO MOMENTO,0,0,0,1,13:00:00
-73.1398779,-36.7101972,2879,8,REGION BIO BIO,8110,TALCAHUANO,BAHIA SAN VICENTE, ,1273,"Bahía San Vicente 1273, Talcahuano, Bío Bío, Chile",-36.7101972,-73.1398779,1,RANGE_INTERPOLATED,2020,1311607,2020/11/08 00:00:00+00,CHOQUE FRONTAL,CHOQUE,URBANA,ALCOHOL EN CONDUCTOR,CONDUCCION EN ESTADO DE EBRIEDAD,0,0,0,2,00:48:00
-72.3712176,-37.4618447,2880,8,REGION BIO BIO,8301,LOS ANGELES,LAGO COLBUN,LAGO CHAPO,0,"Lago Chapo & Lago Colbún, Los Angeles, Los Ángeles, Bío Bío, Chile",-37.4618447,-72.3712176,1,GEOMETRIC_CENTER,2020,1311614,2020/11/13 00:00:00+00,COLISION LATERAL,COLISION,URBANA,IMPRUDENCIA DEL CONDUCTOR,CONDUCCION NO ATENTO CONDICIONES TRANSITO MOMENTO,0,0,0,0,08:30:00
-72.3718951,-37.4631401,2881,8,REGION BIO BIO,8301,LOS ANGELES,BOMBERO RIOSECO, ,1573,"Bombero Francisco Rioseco 1573, Los Angeles, Los Ángeles, Bío Bío, Chile",-37.4631401,-72.3718951,1,RANGE_INTERPOLATED,2020,1311620,2020/11/13 00:00:00+00,CHOQUE POSTERIOR/FRENTE,CHOQUE,URBANA,IMPRUDENCIA DEL CONDUCTOR,CONDUCCION NO ATENTO CONDICIONES TRANSITO MOMENTO,0,0,0,0,02:45:00
-72.3494947,-37.4662012,2882,8,REGION BIO BIO,8301,LOS ANGELES,ALMAGRO,TUCAPEL,0,"Avenida Tucapel & Almagro, Los Angeles, Los Ángeles, Bío Bío, Chile",-37.4662012,-72.3494947,1,GEOMETRIC_CENTER,2020,1311623,2020/11/13 00:00:00+00,ATROPELLO,ATROPELLO,URBANA,IMPRUDENCIA DEL CONDUCTOR,CONDUCCION NO ATENTO CONDICIONES TRANSITO MOMENTO,0,0,0,0,15:45:00
-72.3482173,-37.4639344,2883,8,REGION BIO BIO,8301,LOS ANGELES,VILLAGRAN,GALVARINO,0,"Villagrán & Galvarino, Los Angeles, Los Ángeles, Bío Bío, Chile",-37.4639344,-72.3482173,1,GEOMETRIC_CENTER,2020,1311628,2020/11/15 00:00:00+00,COLISION POR ALCANCE,COLISION,URBANA,ALCOHOL EN CONDUCTOR,CONDUCCION EN ESTADO DE EBRIEDAD,0,0,0,0,15:00:00
-72.3841085,-37.4672931,2884,8,REGION BIO BIO,8301,LOS ANGELES,AGUAS CALIENTES,ALBERTO POBLETE,0,"Aguas Calientes & Profesor Alberto Poblete, Los Ángeles, Bío Bío, Chile",-37.4672931,-72.3841085,1,GEOMETRIC_CENTER,2020,1311655,2020/11/16 00:00:00+00,ATROPELLO,ATROPELLO,URBANA,IMPRUDENCIA DEL CONDUCTOR,CONDUCCION NO ATENTO CONDICIONES TRANSITO MOMENTO,0,0,0,0,20:15:00
-72.3482054,-37.4650668,2885,8,REGION BIO BIO,8301,LOS ANGELES,VILLAGRAN,LIENTUR,0,"Villagrán & Lientur, Los Angeles, Los Ángeles, Bío Bío, Chile",-37.4650668,-72.3482054,1,GEOMETRIC_CENTER,2020,1311657,2020/11/16 00:00:00+00,CHOQUE LATERAL,CHOQUE,URBANA,IMPRUDENCIA DEL CONDUCTOR,CONDUCCION NO ATENTO CONDICIONES TRANSITO MOMENTO,0,0,0,0,15:00:00
-72.3452993,-37.457272,2886,8,REGION BIO BIO,8301,LOS ANGELES,VILLAGRAN,COSTANERA,0,"Villagrán 1425, Los Angeles, Los Ángeles, Bío Bío, Chile",-37.457272,-72.3452993,1,ROOFTOP,2020,1311697,2020/11/16 00:00:00+00,CHOQUE FRENTE/LADO,CHOQUE,URBANA,IMPRUDENCIA DEL CONDUCTOR,CONDUCCION NO ATENTO CONDICIONES TRANSITO MOMENTO,0,0,0,0,17:45:00
-72.3285418,-37.4843314,2887,8,REGION BIO BIO,8301,LOS ANGELES,FRANCISCO ENCINA,PUERTO PRINCIPE,0,"Pto Príncipe & Avenida Francisco Encina, Los Ángeles, Bío Bío, Chile",-37.4843314,-72.3285418,1,GEOMETRIC_CENTER,2020,1311700,2020/11/16 00:00:00+00,COLISION PERPENDICULAR,COLISION,URBANA,IMPRUDENCIA DEL CONDUCTOR,CONDUCCION NO ATENTO CONDICIONES TRANSITO MOMENTO,0,0,0,1,18:10:00
-73.6567409,-37.612605,2888,8,REGION BIO BIO,8201,LEBU,CORNELIO SAAVEDRA, ,890,"C. Saavedra 890, Lebu, Bío Bío, Chile",-37.612605,-73.6567409,1,ROOFTOP,2020,1311735,2020/11/16 00:00:00+00,CHOQUE FRENTE/POSTERIOR,CHOQUE,URBANA,PERDIDA CONTROL VEHICULO,PERDIDA CONTROL VEHICULO,0,0,0,0,01:00:00
-73.3424772,-37.4782202,2889,8,REGION BIO BIO,8205,CURANILAHUE,PRAT,ALMTE LATORRE,0,"Av. Arturo Prat & Almte. Latorre, Curanilahue, Bío Bío, Chile",-37.4782202,-73.3424772,1,GEOMETRIC_CENTER,2020,1311727,2020/11/10 00:00:00+00,COLISION LATERAL,COLISION,URBANA,CAUSAS NO DETERMINADAS,CAUSAS NO DETERMINADAS,0,0,0,0,17:50:00
-73.3443173,-37.4818778,2890,8,REGION BIO BIO,8205,CURANILAHUE,IGNACIO SERRANO,PRAT,0,"Ignacio Serrano 402, Curanilahue, Bío Bío, Chile",-37.4818778,-73.3443173,1,ROOFTOP,2020,1311730,2020/11/11 00:00:00+00,CHOQUE POSTERIOR,CHOQUE,URBANA,ALCOHOL EN CONDUCTOR,CONDUCCION EN ESTADO DE EBRIEDAD,0,0,0,0,22:05:00
-73.6564192,-37.6115013,2891,8,REGION BIO BIO,8201,LEBU,ELEUTERIO RAMIREZ,CORNELIO SAAVEDRA,0,"Cornelio Saavedra 754, Lebu, Bío Bío, Chile",-37.6115013,-73.6564192,1,ROOFTOP,2020,1311731,2020/11/12 00:00:00+00,ATROPELLO,ATROPELLO,URBANA,IMPRUDENCIA DEL PEATON,PEATON CRUZA CALZADA FUERA PASO PEATONES,0,0,0,1,20:50:00
-73.6461141,-37.6082973,2892,8,REGION BIO BIO,8201,LEBU,CARLOS CONDELL,LATORRE,0,"Carlos Condell, Lebu, Bío Bío, Chile",-37.6082973,-73.6461141,1,GEOMETRIC_CENTER,2020,1311739,2020/11/16 00:00:00+00,COLISION LATERAL,COLISION,URBANA,IMPRUDENCIA DEL CONDUCTOR,"ADELANTAMIENTO EN CRUCE, CURVA, CUESTA, PUENTE",0,0,1,1,16:20:00
-73.0581418,-36.8284641,2893,8,REGION BIO BIO,8101,CONCEPCION,SERRANO,FREIRE,0,"Freire & Serrano, Concepción, Bío Bío, Chile",-36.8284641,-73.0581418,1,GEOMETRIC_CENTER,2020,1317251,2020/12/09 00:00:00+00,COLISION PERPENDICULAR,COLISION,URBANA,IMPRUDENCIA DEL CONDUCTOR,CONDUCCION NO ATENTO CONDICIONES TRANSITO MOMENTO,0,0,0,0,11:00:00
-73.1482981,-36.8450536,2894,8,REGION BIO BIO,8108,SAN PEDRO DE LA PAZ,CENTRAL,MICHAIHUE,0,"Central & Avenida Michaihue, San Pedro de la Paz, Bío Bío, Chile",-36.8450536,-73.1482981,1,GEOMETRIC_CENTER,2020,1312107,2020/11/18 00:00:00+00,COLISION FRONTAL,COLISION,URBANA,IMPRUDENCIA DEL CONDUCTOR,CONDUCCION NO ATENTO CONDICIONES TRANSITO MOMENTO,0,0,0,0,12:30:00
-73.3587065,-37.4661533,2895,8,REGION BIO BIO,8205,CURANILAHUE,OHIGGINS, ,5,"Av. Bernardo OHiggins, Curanilahue, Bío Bío, Chile",-37.4661533,-73.3587065,1,GEOMETRIC_CENTER,2020,1312147,2020/11/16 00:00:00+00,COLISION LATERAL,COLISION,URBANA,IMPRUDENCIA DEL CONDUCTOR,ADELANTAMIENTO SOBREPASANDO LINEA CONTINUA,0,0,0,0,21:15:00
-72.4032966,-37.035437,2896,8,REGION BIO BIO,8303,CABRERO,ANIBAL PINTO,MEMBRILLAR,0,"Membrillar & Anibal Pinto, Cabrero, Bío Bío, Chile",-37.035437,-72.4032966,1,GEOMETRIC_CENTER,2020,1312151,2020/11/16 00:00:00+00,COLISION POR ALCANCE,COLISION,URBANA,IMPRUDENCIA DEL CONDUCTOR,CONDUCCION NO ATENTO CONDICIONES TRANSITO MOMENTO,0,0,0,0,21:23:00
-73.112117,-36.8000857,2897,8,REGION BIO BIO,8112,HUALPEN,COSTANERA,GRAN BRETAÑA,0,"C. la Roda, Hualpén, Bío Bío, Chile",-36.8000857,-73.112117,1,GEOMETRIC_CENTER,2020,1312189,2020/11/12 00:00:00+00,COLISION,COLISION,URBANA,IMPRUDENCIA DEL CONDUCTOR,CONDUCCION CAMBIAR SORPRESIVAMENTE PISTA CIRCULACION,0,0,0,0,14:20:00
-73.0905075,-36.8073748,2898,8,REGION BIO BIO,8112,HUALPEN,COSTANERA, ,9781,"Av. Costanera 9781, Hualpén, Bío Bío, Chile",-36.8073748,-73.0905075,1,ROOFTOP,2020,1312195,2020/11/12 00:00:00+00,COLISION,COLISION,URBANA,IMPRUDENCIA DEL CONDUCTOR,CONDUCCION SIN MANTENER DISTANCIA RAZONABLE NI PRUDENTE,0,0,0,1,11:00:00
-73.0961116,-36.780441,2899,8,REGION BIO BIO,8112,HUALPEN,LAS GOLONDRINAS,SUECIA,0,"Suecia & Avenida Las Golondrinas, Hualpén, Bío Bío, Chile",-36.780441,-73.0961116,1,GEOMETRIC_CENTER,2020,1312221,2020/11/13 00:00:00+00,COLISION,COLISION,URBANA,DESOBEDIENCIA A SEÑALIZACION,SEÑALIZACION DESOBEDECER LUZ ROJA DE SEMAFORO,0,0,0,2,15:15:00
-72.3484638,-37.4815325,2900,8,REGION BIO BIO,8301,LOS ANGELES,VICUÑA MACKENNA,LOS CARRERA,0,"Av. Los Carrera & Av. Vicuña Mackenna, Los Angeles, Los Ángeles, Bío Bío, Chile",-37.4815325,-72.3484638,1,GEOMETRIC_CENTER,2020,1312310,2020/11/06 00:00:00+00,COLISION LATERAL,COLISION,URBANA,IMPRUDENCIA DEL CONDUCTOR,CONDUCCION NO ATENTO CONDICIONES TRANSITO MOMENTO,0,0,0,0,16:10:00
-73.118848,-36.7419451,2901,8,REGION BIO BIO,8110,TALCAHUANO,GRAN BRETAÑA,COSTANERA,0,"Gran Bretaña 1725, Talcahuano, Bío Bío, Chile",-36.7419451,-73.118848,1,ROOFTOP,2020,1312313,2020/11/18 00:00:00+00,CHOQUE,CHOQUE,URBANA,ALCOHOL EN CONDUCTOR,CONDUCCION BAJO LA INFLUENCIA DEL ALCOHOL,0,0,0,1,22:40:00
-73.1246219,-36.8245267,2902,8,REGION BIO BIO,8108,SAN PEDRO DE LA PAZ,COSTANERA, ,8905,"Costanera, San Pedro de la Paz, Bío Bío, Chile",-36.8245267,-73.1246219,1,GEOMETRIC_CENTER,2020,1312442,2020/11/20 00:00:00+00,COLISION LATERAL,COLISION,URBANA,IMPRUDENCIA DEL CONDUCTOR,CONDUCCION NO ATENTO CONDICIONES TRANSITO MOMENTO,0,1,0,0,17:20:00
-73.1021746,-36.8439876,2903,8,REGION BIO BIO,8108,SAN PEDRO DE LA PAZ,LOS AROMOS,JUAN RUIZ,0,"Juan Ruiz & Avenida Los Aromos, San Pedro de la Paz, Bío Bío, Chile",-36.8439876,-73.1021746,1,GEOMETRIC_CENTER,2020,1312444,2020/11/20 00:00:00+00,ATROPELLO,ATROPELLO,URBANA,IMPRUDENCIA DEL CONDUCTOR,CONDUCCION NO ATENTO CONDICIONES TRANSITO MOMENTO,0,0,0,1,19:10:00
-73.1144944,-36.7758617,2904,8,REGION BIO BIO,8110,TALCAHUANO,GRAN BRETAÑA, ,5690,"Gran Bretaña 5690, Talcahuano, Bío Bío, Chile",-36.7758617,-73.1144944,1,ROOFTOP,2020,1312621,2020/11/18 00:00:00+00,CHOQUE FRONTAL,CHOQUE,URBANA,ALCOHOL EN CONDUCTOR,CONDUCCION EN ESTADO DE EBRIEDAD,0,0,0,1,22:40:00
-73.0934016,-36.7637267,2905,8,REGION BIO BIO,8110,TALCAHUANO,RIO PETROHUE,RIO TIRUA,0,"Río Petrohué & Río Tirúa, Talcahuano, Bío Bío, Chile",-36.7637267,-73.0934016,1,GEOMETRIC_CENTER,2020,1312632,2020/11/06 00:00:00+00,COLISION LATERAL,COLISION,URBANA,DESOBEDIENCIA A SEÑALIZACION,SEÑALIZACION DESOBEDECER SEÑAL CEDA EL PASO,0,0,0,2,20:25:00
-73.0947058,-36.7600136,2906,8,REGION BIO BIO,8110,TALCAHUANO,RIO MAULE, ,5053,"Río Maule 5053, Talcahuano, Bío Bío, Chile",-36.7600136,-73.0947058,1,RANGE_INTERPOLATED,2020,1312694,2020/11/22 00:00:00+00,CHOQUE FRONTAL,CHOQUE,URBANA,PERDIDA CONTROL VEHICULO,PERDIDA CONTROL VEHICULO,0,0,0,0,08:00:00
-73.1152832,-36.7667222,2907,8,REGION BIO BIO,8110,TALCAHUANO,GRAN BRETAÑA, ,4661,"Gran Bretaña 4661, Talcahuano, Bío Bío, Chile",-36.7667222,-73.1152832,1,RANGE_INTERPOLATED,2020,1312724,2020/11/06 00:00:00+00,COLISION LATERAL,COLISION,URBANA,IMPRUDENCIA DEL CONDUCTOR,VIRAJES INDEBIDOS,0,1,0,0,13:40:00
-73.0335181,-36.8155411,2908,8,REGION BIO BIO,8101,CONCEPCION,LOS CARRERA,SARMIENTO,0,"Avenida los Carrera & Sarmiento, Concepción, Bío Bío, Chile",-36.8155411,-73.0335181,1,GEOMETRIC_CENTER,2020,1312864,2020/11/17 00:00:00+00,COLISION PERPENDICULAR,COLISION,URBANA,IMPRUDENCIA DEL CONDUCTOR,CONDUCCION NO ATENTO CONDICIONES TRANSITO MOMENTO,0,0,0,0,13:00:00
-73.0538789,-36.8315023,2909,8,REGION BIO BIO,8101,CONCEPCION,COCHRANE, ,231,"Cochrane 231, Concepción, Bío Bío, Chile",-36.8315023,-73.0538789,1,ROOFTOP,2020,1312866,2020/11/18 00:00:00+00,CHOQUE LATERAL,CHOQUE,URBANA,IMPRUDENCIA DEL CONDUCTOR,CONDUCCION NO ATENTO CONDICIONES TRANSITO MOMENTO,0,0,0,0,20:15:00
-73.0070034,-36.8193594,2910,8,REGION BIO BIO,8101,CONCEPCION,GRAL BONILLA, ,1850,"Av. Gral. Oscar Bonilla 1850, Concepción, Bío Bío, Chile",-36.8193594,-73.0070034,1,ROOFTOP,2020,1312869,2020/11/20 00:00:00+00,CHOQUE,CHOQUE,URBANA,IMPRUDENCIA DEL CONDUCTOR,CONDUCCION NO ATENTO CONDICIONES TRANSITO MOMENTO,0,0,0,0,07:45:00
-73.0216916,-36.9252459,2911,8,REGION BIO BIO,8103,CHIGUAYANTE,OHIGGINS,PEDRO MEDINA,0,"Av. OHiggins 2, Chiguayante, Bío Bío, Chile",-36.9252459,-73.0216916,1,ROOFTOP,2020,1312908,2020/11/20 00:00:00+00,CHOQUE FRENTE/POSTERIOR,CHOQUE,URBANA,CAUSAS NO DETERMINADAS,CAUSAS NO DETERMINADAS,0,0,0,1,13:15:00
-73.031575,-36.9077193,2912,8,REGION BIO BIO,8103,CHIGUAYANTE,OCHO ORIENTE,CALLE TRES,0,"C. 3 & Calle 8 Ote., Chiguayante, Bío Bío, Chile",-36.9077193,-73.031575,1,GEOMETRIC_CENTER,2020,1312964,2020/11/18 00:00:00+00,OTRO TIPO,OTRO TIPO,URBANA,IMPRUDENCIA DEL CONDUCTOR,CARGA ESCURRE A LA CALZADA,0,1,0,0,14:30:00
-72.2387235,-37.7246799,2913,8,REGION BIO BIO,8305,MULCHEN,ECKERS,MISION,0,"C. Eckers & C. Mision, Mulchen, Mulchén, Bío Bío, Chile",-37.7246799,-72.2387235,1,GEOMETRIC_CENTER,2020,1313123,2020/11/07 00:00:00+00,CHOQUE,CHOQUE,URBANA,VELOCIDAD IMPRUDENTE,VELOCIDAD NO RAZONABLE NI PRUDENTE,0,0,0,1,18:30:00
-73.1380115,-36.7190272,2914,8,REGION BIO BIO,8110,TALCAHUANO,LOS LOBOS, ,1542,"Los Lobos 1542, Talcahuano, Bío Bío, Chile",-36.7190272,-73.1380115,1,RANGE_INTERPOLATED,2020,1313166,2020/11/14 00:00:00+00,COLISION LATERAL,COLISION,URBANA,ALCOHOL EN CONDUCTOR,CONDUCCION EN ESTADO DE EBRIEDAD,0,0,0,0,14:40:00
-73.1138456,-36.7718496,2915,8,REGION BIO BIO,8110,TALCAHUANO,GRAN BRETAÑA, ,5271,"Gran Bretaña 5271, Talcahuano, Bío Bío, Chile",-36.7718496,-73.1138456,1,GEOMETRIC_CENTER,2020,1313169,2020/11/15 00:00:00+00,CHOQUE FRONTAL,CHOQUE,URBANA,PERDIDA CONTROL VEHICULO,PERDIDA CONTROL VEHICULO,0,1,0,0,05:35:00
-73.4650798,-37.6277739,2916,8,REGION BIO BIO,8206,LOS ALAMOS,DIEGO PORTALES, ,851,"Los Alamos, Bío Bío, Chile",-37.6277739,-73.4650798,1,APPROXIMATE,2020,1313170,2020/11/23 00:00:00+00,COLISION POR ALCANCE,COLISION,URBANA,IMPRUDENCIA DEL CONDUCTOR,CONDUCCION CAMBIAR SORPRESIVAMENTE PISTA CIRCULACION,0,0,0,0,13:00:00
-73.0354842,-36.8164823,2917,8,REGION BIO BIO,8101,CONCEPCION,VILUMILLA,LOS CARRERA,0,"Avenida los Carrera & Vilumilla, Concepción, Bío Bío, Chile",-36.8164823,-73.0354842,1,GEOMETRIC_CENTER,2020,1313177,2020/11/20 00:00:00+00,COLISION PERPENDICULAR,COLISION,URBANA,DESOBEDIENCIA A SEÑALIZACION,SEÑALIZACION DESOBEDECER LUZ INTERMITENTE SEMAFORO,0,0,0,4,13:50:00
-73.0710541,-36.8275269,2918,8,REGION BIO BIO,8101,CONCEPCION,COSTANERA,BALMACEDA,0,"Parque Costanera Concepción - Av. Costanera 8000, Concepción, Bío Bío, Chile",-36.8275269,-73.0710541,1,ROOFTOP,2020,1313191,2020/11/23 00:00:00+00,COLISION LATERAL,COLISION,URBANA,IMPRUDENCIA DEL CONDUCTOR,ADELANTAMIENTO SIN EL ESPACIO O TIEMPO SUFICIENTE,0,0,0,0,11:40:00
-72.9349948,-36.5477174,2919,8,REGION BIO BIO,8111,TOME,DANIEL VERA, ,816,"Av. Daniel Vera 816, Dichato, Tomé, Bío Bío, Chile",-36.5477174,-72.9349948,1,ROOFTOP,2020,1313201,2020/11/20 00:00:00+00,CHOQUE,CHOQUE,URBANA,IMPRUDENCIA DEL CONDUCTOR,CONDUCIR VEHICULO EN RETROCESO,0,0,0,0,10:46:00
-73.1416654,-36.8285024,2920,8,REGION BIO BIO,8108,SAN PEDRO DE LA PAZ,GALVARINO,VENUS,0,"Avenida Venus & Galvarino, San Pedro de la Paz, Bío Bío, Chile",-36.8285024,-73.1416654,1,GEOMETRIC_CENTER,2020,1313204,2020/11/21 00:00:00+00,COLISION LATERAL,COLISION,URBANA,IMPRUDENCIA DEL CONDUCTOR,CONDUCCION NO ATENTO CONDICIONES TRANSITO MOMENTO,0,0,0,0,19:30:00
-73.0266224,-36.8183221,2921,8,REGION BIO BIO,8101,CONCEPCION,BERNARDINO CORRAL, ,196,"Bernardino Corral 196, Concepción, Bío Bío, Chile",-36.8183221,-73.0266224,1,ROOFTOP,2020,1313218,2020/11/23 00:00:00+00,OTRO TIPO,OTRO TIPO,URBANA,IMPRUDENCIA DEL CONDUCTOR,CONDUCCION NO ATENTO CONDICIONES TRANSITO MOMENTO,0,0,0,0,16:30:00
-73.056535,-36.8285085,2922,8,REGION BIO BIO,8101,CONCEPCION,SALAS, ,541,"Obispo Hipólito Salas 541, Concepción, Bío Bío, Chile",-36.8285085,-73.056535,1,ROOFTOP,2020,1313222,2020/11/24 00:00:00+00,CHOQUE LATERAL,CHOQUE,URBANA,IMPRUDENCIA DEL CONDUCTOR,CONDUCCION NO ATENTO CONDICIONES TRANSITO MOMENTO,0,0,0,0,10:20:00
-73.0468096,-36.8237537,2923,8,REGION BIO BIO,8101,CONCEPCION,TUCAPEL,FREIRE,0,"Tucapel & Freire, Concepción, Bío Bío, Chile",-36.8237537,-73.0468096,1,GEOMETRIC_CENTER,2020,1313263,2020/11/24 00:00:00+00,ATROPELLO,ATROPELLO,URBANA,IMPRUDENCIA DEL CONDUCTOR,NO RESPETAR DERECHO PREFERENTE DE PASO A PEATON,0,0,0,1,15:25:00
-73.0568018,-36.8304464,2924,8,REGION BIO BIO,8101,CONCEPCION,OHIGGINS,SERRANO,0,"Serrano & Libertador General Bernardo OHiggins, Concepción, Bío Bío, Chile",-36.8304464,-73.0568018,1,GEOMETRIC_CENTER,2020,1313268,2020/11/25 00:00:00+00,CHOQUE POSTERIOR,CHOQUE,URBANA,IMPRUDENCIA DEL CONDUCTOR,CONDUCCION NO ATENTO CONDICIONES TRANSITO MOMENTO,0,0,0,0,11:50:00
-73.0459905,-36.8187923,2925,8,REGION BIO BIO,8101,CONCEPCION,ELEUTERIO RAMIREZ,PADRE HURTADO,0,"Concepción, Región del Biobío, Chile",-36.8187923,-73.0459905,1,GEOMETRIC_CENTER,2020,1317026,2020/12/04 00:00:00+00,COLISION LATERAL,COLISION,URBANA,IMPRUDENCIA DEL CONDUCTOR,ADELANTAMIENTO SOBREPASANDO LINEA CONTINUA,0,0,0,0,19:00:00
-73.1099531,-36.7866757,2926,8,REGION BIO BIO,8112,HUALPEN,AVENIDA DOS,CALLE DOS,0,"Hualpén, Bío Bío, Chile",-36.7866757,-73.1099531,1,APPROXIMATE,2020,1313337,2020/11/21 00:00:00+00,ATROPELLO,ATROPELLO,URBANA,DESOBEDIENCIA A SEÑALIZACION,SEÑALIZACION DESOBEDECER SEÑAL CEDA EL PASO,0,0,1,0,20:15:00
-72.2350297,-37.7285701,2927,8,REGION BIO BIO,8305,MULCHEN,CONDELL,LOS COIGUES,0,"Los Coigues & Condell, Mulchen, Mulchén, Bío Bío, Chile",-37.7285701,-72.2350297,1,GEOMETRIC_CENTER,2020,1313363,2020/11/22 00:00:00+00,CHOQUE,CHOQUE,URBANA,ALCOHOL EN CONDUCTOR,CONDUCCION EN ESTADO DE EBRIEDAD,0,0,0,0,22:30:00
-73.1734169,-36.8093285,2928,8,REGION BIO BIO,8112,HUALPEN,COSTANERA,CAMINO A DESEMBOCADURA,0,"Río Calle Calle, Hualpén, Talcahuano, Bío Bío, Chile",-36.8093285,-73.1734169,1,GEOMETRIC_CENTER,2020,1313369,2020/11/23 00:00:00+00,CHOQUE,CHOQUE,URBANA,CAUSAS NO DETERMINADAS,CAUSAS NO DETERMINADAS,0,1,0,0,13:00:00
-73.1076571,-36.8381514,2929,8,REGION BIO BIO,8108,SAN PEDRO DE LA PAZ,PEDRO AGUIRRE CERDA,LAS GARZAS,0,"Av Pedro Aguirre Cerda - Av San Pedro, San Pedro de la Paz, Bío Bío, Chile",-36.8381514,-73.1076571,1,GEOMETRIC_CENTER,2020,1313426,2020/11/23 00:00:00+00,ATROPELLO,ATROPELLO,URBANA,IMPRUDENCIA DEL CONDUCTOR,CONDUCCION NO ATENTO CONDICIONES TRANSITO MOMENTO,0,0,0,1,19:40:00
-72.6457708,-37.5090574,2930,8,REGION BIO BIO,8306,NACIMIENTO,LOS ALAMOS, ,640,"Los Alamos 640, Nacimiento, Negrete, Bío Bío, Chile",-37.5090574,-72.6457708,1,RANGE_INTERPOLATED,2020,1313428,2020/11/11 00:00:00+00,CHOQUE,CHOQUE,URBANA,ALCOHOL EN CONDUCTOR,CONDUCCION EN ESTADO DE EBRIEDAD,0,0,0,0,00:44:00
-73.1466366,-36.8490546,2931,8,REGION BIO BIO,8108,SAN PEDRO DE LA PAZ,FRESIA,LONCOMILLA,0,"Fresia & Loncomilla, San Pedro de la Paz, Bío Bío, Chile",-36.8490546,-73.1466366,1,GEOMETRIC_CENTER,2020,1313430,2020/11/24 00:00:00+00,COLISION LATERAL,COLISION,URBANA,IMPRUDENCIA DEL CONDUCTOR,CONDUCCION NO ATENTO CONDICIONES TRANSITO MOMENTO,0,0,0,0,19:00:00
-72.6865488,-37.5064603,2932,8,REGION BIO BIO,8306,NACIMIENTO,INGO YUNGUE,BARTOLOME SEPULVEDA,0,"Bartolomé Sepúlveda & Ingo Yungue, Nacimiento, Bío Bío, Chile",-37.5064603,-72.6865488,1,GEOMETRIC_CENTER,2020,1313431,2020/11/12 00:00:00+00,COLISION,COLISION,URBANA,DESOBEDIENCIA A SEÑALIZACION,SEÑALIZACION DESOBEDECER SEÑAL CEDA EL PASO,0,0,0,2,22:40:00
-73.3424772,-37.4782202,2933,8,REGION BIO BIO,8205,CURANILAHUE,ARTURO PRAT,ALMTE LATORRE,0,"Av. Arturo Prat & Almte. Latorre, Curanilahue, Bío Bío, Chile",-37.4782202,-73.3424772,1,GEOMETRIC_CENTER,2020,1313607,2020/11/24 00:00:00+00,COLISION LATERAL,COLISION,URBANA,CAUSAS NO DETERMINADAS,CAUSAS NO DETERMINADAS,0,0,0,0,22:50:00