X,Y,FID,COD_REG,REGION,CUT,COMUNA,CALLE_UNO,CALLE_DOS,NUMERO,DIR_GEOCOD,LAT,LNG,VAL_COM,TIPO,Año,Idaccident,Fecha,Tipo_Accid,Tipo__CONA,Zona,Causa__CON,Causa,Fallecidos,Graves,Menos_Grav,Leves,Hora
-72.6693171,-37.5022086,2934,8,REGION BIO BIO,8306,NACIMIENTO,JORGE MONTT, ,547,"Jorge Montt 450, Nacimiento, Bío Bío, Chile",-37.5022086,-72.6693171,1,ROOFTOP,2020,1313643,2020/11/20 00:00:00+00,CHOQUE,CHOQUE,URBANA,FALLAS MECANICAS,FALLAS MECANICAS FRENOS,0,0,0,0,18:00:00
-72.6591896,-37.5091029,2935,8,REGION BIO BIO,8306,NACIMIENTO,CAUPOLICAN,HERNAN MERINO,0,"Caupolicán & Hernán Merino, Nacimiento, Bío Bío, Chile",-37.5091029,-72.6591896,1,GEOMETRIC_CENTER,2020,1313646,2020/11/23 00:00:00+00,COLISION LATERAL,COLISION,URBANA,IMPRUDENCIA DEL CONDUCTOR,CONDUCCION NO ATENTO CONDICIONES TRANSITO MOMENTO,0,0,0,1,16:25:00
-73.0231756,-36.9306518,2936,8,REGION BIO BIO,8103,CHIGUAYANTE,MANUEL RODRIGUEZ,FRAGATA LAUTARO,0,"Fragata Lautaro & Avenida Manuel Rodríguez, Chiguayante, Bío Bío, Chile",-36.9306518,-73.0231756,1,GEOMETRIC_CENTER,2020,1313731,2020/11/27 00:00:00+00,COLISION POR ALCANCE,COLISION,URBANA,OTRAS CAUSAS,OTRAS CAUSAS,0,0,0,0,14:25:00
-73.0254509,-36.9199605,2937,8,REGION BIO BIO,8103,CHIGUAYANTE,OHIGGINS, ,3307,"Av. OHiggins 3307, Chiguayante, Bío Bío, Chile",-36.9199605,-73.0254509,1,ROOFTOP,2020,1313745,2020/11/26 00:00:00+00,CHOQUE FRENTE/POSTERIOR,CHOQUE,URBANA,OTRAS CAUSAS,OTRAS CAUSAS,0,1,0,1,18:30:00
-73.1556308,-37.0907198,2938,8,REGION BIO BIO,8106,LOTA,CARRERA, ,702,"Carrera 702, Lota, Bío Bío, Chile",-37.0907198,-73.1556308,1,RANGE_INTERPOLATED,2020,1313878,2020/11/12 00:00:00+00,CHOQUE FRENTE/LADO,CHOQUE,URBANA,IMPRUDENCIA DEL CONDUCTOR,CONDUCCION NO ATENTO CONDICIONES TRANSITO MOMENTO,0,0,0,0,19:25:00
-73.0455419,-36.8232329,2939,8,REGION BIO BIO,8101,CONCEPCION,FREIRE,OROMPELLO,0,"Freire & Orompello, Concepción, Bío Bío, Chile",-36.8232329,-73.0455419,1,GEOMETRIC_CENTER,2020,1314034,2020/11/27 00:00:00+00,COLISION POR ALCANCE,COLISION,URBANA,VELOCIDAD IMPRUDENTE,VELOCIDAD NO RAZONABLE NI PRUDENTE,0,0,0,0,11:45:00
-73.0651458,-36.8321223,2940,8,REGION BIO BIO,8101,CONCEPCION,COSTANERA,CENTRAL NORTE,0,"Av. Costanera & Central Nte., Concepción, Bío Bío, Chile",-36.8321223,-73.0651458,1,GEOMETRIC_CENTER,2020,1314083,2020/11/29 00:00:00+00,COLISION PERPENDICULAR,COLISION,URBANA,DESOBEDIENCIA A SEÑALIZACION,SEÑALIZACION DESOBEDECER LUZ ROJA DE SEMAFORO,0,0,0,0,13:50:00
-73.0924731,-36.795937,2941,8,REGION BIO BIO,8112,HUALPEN,RAMUNTCHO, ,429,"Ramuntcho 429, Hualpén, Bío Bío, Chile",-36.795937,-73.0924731,1,ROOFTOP,2020,1314135,2020/11/25 00:00:00+00,CHOQUE,CHOQUE,URBANA,PERDIDA CONTROL VEHICULO,PERDIDA CONTROL VEHICULO,0,0,0,0,08:20:00
-73.0747207,-36.8027361,2942,8,REGION BIO BIO,8112,HUALPEN,JORGE ALESSANDRI RODRIGUEZ,O-60,0,"Avenida Presidente Jorge Alessandri Rodriguez 1669, Concepción, Hualpén, Bío Bío, Chile",-36.8027361,-73.0747207,1,GEOMETRIC_CENTER,2020,1314182,2020/11/28 00:00:00+00,COLISION,COLISION,URBANA,IMPRUDENCIA DEL CONDUCTOR,CONDUCCION CAMBIAR SORPRESIVAMENTE PISTA CIRCULACION,0,0,0,0,14:36:00
-72.999642,-36.7425141,2943,8,REGION BIO BIO,8107,PENCO,ROBERTO OVALLE, ,50,"Roberto Ovalle 50, Penco, Bío Bío, Chile",-36.7425141,-72.999642,1,ROOFTOP,2020,1321270,2020/12/15 00:00:00+00,CHOQUE LATERAL,CHOQUE,URBANA,IMPRUDENCIA DEL CONDUCTOR,CONDUCCION NO ATENTO CONDICIONES TRANSITO MOMENTO,0,0,0,1,19:45:00
-73.1114608,-36.7891142,2944,8,REGION BIO BIO,8112,HUALPEN,GIBRALTAR, ,3445,"Gibraltar 3445, Hualpén, Bío Bío, Chile",-36.7891142,-73.1114608,1,RANGE_INTERPOLATED,2020,1314408,2020/11/28 00:00:00+00,CHOQUE,CHOQUE,URBANA,ALCOHOL EN CONDUCTOR,CONDUCCION EN ESTADO DE EBRIEDAD,0,0,0,1,00:13:00
-73.0884663,-36.7734269,2945,8,REGION BIO BIO,8110,TALCAHUANO,PASAJE 1, ,218,"Uno Pte. 218, Talcahuano, Bío Bío, Chile",-36.7734269,-73.0884663,1,RANGE_INTERPOLATED,2020,1314546,2020/11/17 00:00:00+00,CHOQUE FRONTAL,CHOQUE,URBANA,ALCOHOL EN CONDUCTOR,CONDUCCION EN ESTADO DE EBRIEDAD,0,0,0,1,21:20:00
-72.9988878,-36.7386119,2946,8,REGION BIO BIO,8107,PENCO,FREIRE, ,215,"Freire 215, Penco, Bío Bío, Chile",-36.7386119,-72.9988878,1,RANGE_INTERPOLATED,2020,1314569,2020/11/14 00:00:00+00,CHOQUE LATERAL,CHOQUE,URBANA,IMPRUDENCIA DEL CONDUCTOR,CONDUCCION NO ATENTO CONDICIONES TRANSITO MOMENTO,0,1,1,0,20:15:00
-73.0920315,-36.757417,2947,8,REGION BIO BIO,8110,TALCAHUANO,LAS HORTENSIAS, ,4994,"Las Hortensias 4994, Talcahuano, Bío Bío, Chile",-36.757417,-73.0920315,1,ROOFTOP,2020,1314619,2020/11/11 00:00:00+00,COLISION LATERAL,COLISION,URBANA,DESOBEDIENCIA A SEÑALIZACION,SEÑALIZACION DESOBEDECER LUZ ROJA DE SEMAFORO,0,0,0,2,11:00:00
-73.1080065,-36.7255556,2948,8,REGION BIO BIO,8110,TALCAHUANO,COCHRANE, ,51,"Cochrane 51, Talcahuano, Bío Bío, Chile",-36.7255556,-73.1080065,1,ROOFTOP,2020,1314705,2020/11/27 00:00:00+00,CHOQUE POSTERIOR/LADO,CHOQUE,URBANA,IMPRUDENCIA DEL CONDUCTOR,CONDUCCION NO ATENTO CONDICIONES TRANSITO MOMENTO,0,0,0,0,13:30:00
-73.0551483,-36.8402526,2949,8,REGION BIO BIO,8101,CONCEPCION,ARRAU MENDEZ, ,480,"Arrau Méndez 480, Concepción, Bío Bío, Chile",-36.8402526,-73.0551483,1,RANGE_INTERPOLATED,2020,1314851,2020/11/03 00:00:00+00,OTRO TIPO,OTRO TIPO,URBANA,IMPRUDENCIA DEL CONDUCTOR,CONDUCCION NO ATENTO CONDICIONES TRANSITO MOMENTO,0,0,0,0,13:15:00
-73.0856174,-36.7987522,2950,8,REGION BIO BIO,8112,HUALPEN,CRISTOBAL COLON,LOS COPIHUES,0,"Cristobal Colon - Av Los Copihues, Hualpén, Bío Bío, Chile",-36.7987522,-73.0856174,1,GEOMETRIC_CENTER,2020,1314914,2020/12/01 00:00:00+00,COLISION,COLISION,URBANA,IMPRUDENCIA DEL CONDUCTOR,CONDUCCION CAMBIAR SORPRESIVAMENTE PISTA CIRCULACION,0,0,0,0,13:35:00
-73.0961499,-36.7771233,2951,8,REGION BIO BIO,8110,TALCAHUANO,PUEBLO HUNDIDO,ATACAMA,0,"Atacama & Pueblo Hundido, Talcahuano, Bío Bío, Chile",-36.7771233,-73.0961499,1,GEOMETRIC_CENTER,2020,1314977,2020/11/04 00:00:00+00,COLISION LATERAL,COLISION,URBANA,IMPRUDENCIA DEL CONDUCTOR,NO RESPETAR DERECHO PREFERENTE DE PASO A VEHICULO,0,0,0,1,19:00:00
-73.1550765,-37.0934827,2952,8,REGION BIO BIO,8106,LOTA,GALVARINO,SERRANO,0,"Galvarino & Serrano, Lota, Bío Bío, Chile",-37.0934827,-73.1550765,1,GEOMETRIC_CENTER,2020,1315081,2020/11/28 00:00:00+00,COLISION LATERAL,COLISION,URBANA,ALCOHOL EN CONDUCTOR,CONDUCCION EN ESTADO DE EBRIEDAD,0,0,0,2,18:45:00
-73.4601506,-37.625148,2953,8,REGION BIO BIO,8206,LOS ALAMOS,PEDRI EYHERAMENDY,INDEPENDENCIA,0,"Pedro Eyheramendy N° 579, Los Alamos, Bío Bío, Chile",-37.625148,-73.4601506,1,GEOMETRIC_CENTER,2020,1315279,2020/11/29 00:00:00+00,COLISION FRONTAL,COLISION,URBANA,IMPRUDENCIA DEL CONDUCTOR,CONDUCCION NO ATENTO CONDICIONES TRANSITO MOMENTO,0,0,0,0,17:30:00
-73.1129284,-36.7135764,2954,8,REGION BIO BIO,8110,TALCAHUANO,CRISTOBAL COLON, ,385,"Colón 385, Talcahuano, Bío Bío, Chile",-36.7135764,-73.1129284,1,RANGE_INTERPOLATED,2020,1315502,2020/11/06 00:00:00+00,VOLCADURA,VOLCADURA,URBANA,PERDIDA CONTROL VEHICULO,PERDIDA CONTROL VEHICULO,0,0,0,1,11:30:00
-73.0664635,-36.7918699,2955,8,REGION BIO BIO,8110,TALCAHUANO,JORGE ALESSANDRI PALMA, ,3177,"Av. Pdte. Jorge Alessandri Rodriguez 3177, Talcahuano, Bío Bío, Chile",-36.7918699,-73.0664635,1,ROOFTOP,2020,1315514,2020/11/06 00:00:00+00,CHOQUE POSTERIOR/LADO,CHOQUE,URBANA,IMPRUDENCIA DEL CONDUCTOR,CONDUCCION NO ATENTO CONDICIONES TRANSITO MOMENTO,0,0,0,0,15:30:00
-73.0367247,-36.816985,2956,8,REGION BIO BIO,8101,CONCEPCION,PELANTARO,LOS CARRERA,0,"Avenida los Carrera & Pelantaro, Concepción, Bío Bío, Chile",-36.816985,-73.0367247,1,GEOMETRIC_CENTER,2020,1315637,2020/12/01 00:00:00+00,COLISION LATERAL,COLISION,URBANA,IMPRUDENCIA DEL CONDUCTOR,VIRAJES INDEBIDOS,0,0,0,0,07:25:00
-73.0921368,-36.7769486,2957,8,REGION BIO BIO,8110,TALCAHUANO,8 PONIENTE, ,6633,"Ocho Pte. 6633, Talcahuano, Bío Bío, Chile",-36.7769486,-73.0921368,1,RANGE_INTERPOLATED,2020,1315656,2020/11/20 00:00:00+00,VOLCADURA,VOLCADURA,URBANA,PERDIDA CONTROL VEHICULO,PERDIDA CONTROL VEHICULO,0,0,0,1,09:30:00
-73.0543088,-36.8243923,2958,8,REGION BIO BIO,8101,CONCEPCION,RENGO,LOS CARRERA,0,"Rengo & Avenida los Carrera, Concepción, Bío Bío, Chile",-36.8243923,-73.0543088,1,GEOMETRIC_CENTER,2020,1315657,2020/12/02 00:00:00+00,ATROPELLO,ATROPELLO,URBANA,IMPRUDENCIA DEL CONDUCTOR,NO RESPETAR DERECHO PREFERENTE DE PASO A PEATON,0,0,0,1,18:10:00
-72.3326241,-37.4458105,2959,8,REGION BIO BIO,8301,LOS ANGELES,SOR VICENTA, ,2575,"Av. Sor Vicenta 2575, Los Angeles, Los Ángeles, Bío Bío, Chile",-37.4458105,-72.3326241,1,ROOFTOP,2020,1315659,2020/11/18 00:00:00+00,COLISION POR ALCANCE,COLISION,URBANA,IMPRUDENCIA DEL CONDUCTOR,CONDUCCION NO ATENTO CONDICIONES TRANSITO MOMENTO,0,0,0,0,15:15:00
-72.3466826,-37.4576393,2960,8,REGION BIO BIO,8301,LOS ANGELES,CHORRILLOS,ALMAGRO,0,"Chorrillos & Almagro, Los Angeles, Los Ángeles, Bío Bío, Chile",-37.4576393,-72.3466826,1,GEOMETRIC_CENTER,2020,1315672,2020/11/19 00:00:00+00,COLISION LATERAL,COLISION,URBANA,IMPRUDENCIA DEL CONDUCTOR,CONDUCCION NO ATENTO CONDICIONES TRANSITO MOMENTO,0,0,0,0,08:10:00
-72.7092405,-37.2798605,2961,8,REGION BIO BIO,8304,LAJA,COSTANERA NORTE,GABRIELA MISTRAL,0,"Juegos Infantiles Costanera Norte, Laja, Bío Bío, Chile",-37.2798605,-72.7092405,1,GEOMETRIC_CENTER,2020,1315691,2020/11/25 00:00:00+00,COLISION LATERAL,COLISION,URBANA,VELOCIDAD IMPRUDENTE,VELOCIDAD NO RAZONABLE NI PRUDENTE,0,0,0,0,19:00:00
-72.4058886,-37.0321054,2962,8,REGION BIO BIO,8303,CABRERO,ARTURO PRAT,LAS PERLAS,0,"Las Perlas & Arturo Prat, Cabrero, Bío Bío, Chile",-37.0321054,-72.4058886,1,GEOMETRIC_CENTER,2020,1315710,2020/11/28 00:00:00+00,COLISION LATERAL,COLISION,URBANA,ALCOHOL EN CONDUCTOR,CONDUCCION EN ESTADO DE EBRIEDAD,0,0,0,0,21:20:00
-73.0119845,-36.8221924,2963,8,REGION BIO BIO,8101,CONCEPCION,COLLAO, ,1202,"Collao 1202, Concepción, Bío Bío, Chile",-36.8221924,-73.0119845,1,ROOFTOP,2020,1315720,2020/11/26 00:00:00+00,CHOQUE POSTERIOR,CHOQUE,URBANA,IMPRUDENCIA DEL CONDUCTOR,CONDUCCION SIN MANTENER DISTANCIA RAZONABLE NI PRUDENTE,0,0,0,0,10:45:00
-72.3710233,-37.4600889,2964,8,REGION BIO BIO,8301,LOS ANGELES,MARIA DOLORES,OROMPELLO,0,"Orompello & Camino María Dolores, Los Angeles, Los Ángeles, Bío Bío, Chile",-37.4600889,-72.3710233,1,GEOMETRIC_CENTER,2020,1315727,2020/11/20 00:00:00+00,COLISION POR ALCANCE,COLISION,URBANA,IMPRUDENCIA DEL CONDUCTOR,CONDUCCION NO ATENTO CONDICIONES TRANSITO MOMENTO,0,0,0,0,10:42:00
-72.7075078,-37.2802223,2965,8,REGION BIO BIO,8304,LAJA,COSTANERA SUR,FRESIA,0,"Fresia & Costanera Sur, Laja, Bío Bío, Chile",-37.2802223,-72.7075078,1,GEOMETRIC_CENTER,2020,1315731,2020/11/29 00:00:00+00,COLISION LATERAL,COLISION,URBANA,IMPRUDENCIA DEL CONDUCTOR,CONDUCCION NO ATENTO CONDICIONES TRANSITO MOMENTO,0,0,0,0,18:25:00
-72.3507693,-37.4708332,2966,8,REGION BIO BIO,8301,LOS ANGELES,COLON, ,257,"Colón 257, Los Angeles, Los Ángeles, Bío Bío, Chile",-37.4708332,-72.3507693,1,ROOFTOP,2020,1315747,2020/11/20 00:00:00+00,CHOQUE FRENTE/LADO,CHOQUE,URBANA,IMPRUDENCIA DEL CONDUCTOR,CONDUCCION NO ATENTO CONDICIONES TRANSITO MOMENTO,0,0,0,0,14:30:00
-73.0392469,-36.8280367,2967,8,REGION BIO BIO,8101,CONCEPCION,EDMUNDO LARENAS,VICTOR LAMAS,0,"Edmundo Larenas & Víctor Lamas, Concepción, Bío Bío, Chile",-36.8280367,-73.0392469,1,GEOMETRIC_CENTER,2020,1315754,2020/12/03 00:00:00+00,CHOQUE LATERAL,CHOQUE,URBANA,IMPRUDENCIA DEL CONDUCTOR,CONDUCCION NO ATENTO CONDICIONES TRANSITO MOMENTO,0,0,0,0,18:30:00
-73.2290156,-38.0124727,2968,8,REGION BIO BIO,8204,CONTULMO,LOS NOTROS,GUACOLDA,0,"Notros & Guacolda, Contulmo, Bío Bío, Chile",-38.0124727,-73.2290156,1,GEOMETRIC_CENTER,2020,1315769,2020/11/22 00:00:00+00,COLISION,COLISION,URBANA,ALCOHOL EN CONDUCTOR,CONDUCCION EN ESTADO DE EBRIEDAD,0,0,0,0,22:30:00
-73.0889537,-36.7600809,2969,8,REGION BIO BIO,8110,TALCAHUANO,MONSEÑOR ALARCON,CRISTOBAL COLON,0,"Gómez Carreño & Mons Alarcón, Talcahuano, Bío Bío, Chile",-36.7600809,-73.0889537,1,GEOMETRIC_CENTER,2020,1315781,2020/11/23 00:00:00+00,COLISION LATERAL,COLISION,URBANA,DESOBEDIENCIA A SEÑALIZACION,SEÑALIZACION DESOBEDECER LUZ ROJA DE SEMAFORO,0,0,0,0,13:00:00
-72.348248,-37.4702825,2970,8,REGION BIO BIO,8301,LOS ANGELES,VILLAGRAN,LAUTARO,0,"Villagrán & Lautaro, Los Angeles, Los Ángeles, Bío Bío, Chile",-37.4702825,-72.348248,1,GEOMETRIC_CENTER,2020,1315782,2020/11/20 00:00:00+00,COLISION,COLISION,URBANA,IMPRUDENCIA DEL CONDUCTOR,CONDUCCION NO ATENTO CONDICIONES TRANSITO MOMENTO,0,0,0,0,19:20:00
-72.3440726,-37.4867652,2971,8,REGION BIO BIO,8301,LOS ANGELES,LOS CARRERA, ,1313,"Av. Los Carrera 1313, Los Angeles, Los Ángeles, Bío Bío, Chile",-37.4867652,-72.3440726,1,ROOFTOP,2020,1315786,2020/11/20 00:00:00+00,COLISION,COLISION,URBANA,IMPRUDENCIA DEL CONDUCTOR,CONDUCCION NO ATENTO CONDICIONES TRANSITO MOMENTO,0,0,1,2,22:50:00
-72.3270113,-37.4408543,2972,8,REGION BIO BIO,8301,LOS ANGELES,LAS INDUSTRIAS,CAMINO CERRO COLORADO,0,"Cam. Cerro Colorado & Av Las Industrias, Los Ángeles, Bío Bío, Chile",-37.4408543,-72.3270113,1,GEOMETRIC_CENTER,2020,1315788,2020/11/21 00:00:00+00,COLISION,COLISION,URBANA,IMPRUDENCIA DEL CONDUCTOR,CONDUCCION NO ATENTO CONDICIONES TRANSITO MOMENTO,0,0,0,0,18:30:00
-73.0952958,-36.7467854,2973,8,REGION BIO BIO,8110,TALCAHUANO,CRISTOABL COLON, ,1798,"Colón 3578, Talcahuano, Bío Bío, Chile",-36.7467854,-73.0952958,1,ROOFTOP,2020,1315794,2020/11/27 00:00:00+00,CHOQUE FRENTE/POSTERIOR,CHOQUE,URBANA,IMPRUDENCIA DEL CONDUCTOR,CONDUCCION SIN MANTENER DISTANCIA RAZONABLE NI PRUDENTE,0,0,0,2,08:00:00
-72.3759014,-37.4640973,2974,8,REGION BIO BIO,8301,LOS ANGELES,BOBERO RIOSECO,LAGO VILLARRICA,0,"Bombero Francisco Rioseco & Lago Villarrica, Los Angeles, Los Ángeles, Bío Bío, Chile",-37.4640973,-72.3759014,1,GEOMETRIC_CENTER,2020,1315796,2020/11/17 00:00:00+00,COLISION LATERAL,COLISION,URBANA,IMPRUDENCIA DEL CONDUCTOR,CONDUCCION NO ATENTO CONDICIONES TRANSITO MOMENTO,0,1,0,0,20:00:00
-71.9410444,-37.2364458,2975,8,REGION BIO BIO,8312,TUCAPEL,OHIGGINS, ,636,"Ohiggins, Huepil, Tucapel, Bío Bío, Chile",-37.2364458,-71.9410444,1,GEOMETRIC_CENTER,2020,1315803,2020/11/19 00:00:00+00,VOLCADURA,VOLCADURA,URBANA,IMPRUDENCIA DEL CONDUCTOR,CONDUCCION NO ATENTO CONDICIONES TRANSITO MOMENTO,0,0,0,1,00:00:00
-72.3582007,-37.4809254,2976,8,REGION BIO BIO,8301,LOS ANGELES,VICUÑA MACKENNA,BLANCO ENCALADA,0,"Blanco Encalada & Avenida Vicuña Mackenna, Los Angeles, Los Ángeles, Bío Bío, Chile",-37.4809254,-72.3582007,1,GEOMETRIC_CENTER,2020,1315844,2020/11/23 00:00:00+00,COLISION,COLISION,URBANA,IMPRUDENCIA DEL CONDUCTOR,CONDUCCION NO ATENTO CONDICIONES TRANSITO MOMENTO,0,0,1,0,12:00:00
-72.325392,-37.5057084,2977,8,REGION BIO BIO,8301,LOS ANGELES,LAS INDUSTRIAS, ,5,"Av Las Industrias 5, Los Ángeles, Bío Bío, Chile",-37.5057084,-72.325392,1,RANGE_INTERPOLATED,2020,1315848,2020/11/23 00:00:00+00,COLISION,COLISION,URBANA,IMPRUDENCIA DEL CONDUCTOR,CONDUCCION NO ATENTO CONDICIONES TRANSITO MOMENTO,0,0,0,0,15:25:00
-72.3758886,-37.460462,2978,8,REGION BIO BIO,8301,LOS ANGELES,CAMINO LAS TRANCAS, ,5,"Av. las Trancas, Los Angeles, Los Ángeles, Bío Bío, Chile",-37.460462,-72.3758886,1,GEOMETRIC_CENTER,2020,1315866,2020/11/23 00:00:00+00,IMPACTO CON ANIMAL,OTRO TIPO,URBANA,IMPRUDENCIA DEL CONDUCTOR,CONDUCCION NO ATENTO CONDICIONES TRANSITO MOMENTO,0,0,0,0,21:50:00
-72.3510012,-37.4839066,2979,8,REGION BIO BIO,8301,LOS ANGELES,LAS QUINTAS,OHIGGINS,0,"Las Quintas & Bernardo OHiggins, Los Angeles, Los Ángeles, Bío Bío, Chile",-37.4839066,-72.3510012,1,GEOMETRIC_CENTER,2020,1315894,2020/11/23 00:00:00+00,COLISION PERPENDICULAR,COLISION,URBANA,IMPRUDENCIA DEL CONDUCTOR,CONDUCCION NO ATENTO CONDICIONES TRANSITO MOMENTO,0,1,0,0,21:40:00
-72.3502339,-37.4852487,2980,8,REGION BIO BIO,8301,LOS ANGELES,CAMINO PUENTE PERALES, ,1,"Los Perales, Los Angeles, Los Ángeles, Bío Bío, Chile",-37.4852487,-72.3502339,1,GEOMETRIC_CENTER,2020,1315932,2020/11/25 00:00:00+00,VOLCADURA,VOLCADURA,RURAL,IMPRUDENCIA DEL CONDUCTOR,CONDUCCION NO ATENTO CONDICIONES TRANSITO MOMENTO,0,0,0,1,18:00:00
-72.3794245,-37.4833033,2981,8,REGION BIO BIO,8301,LOS ANGELES,OCTAVIO JARA WOLF, ,2051,"Av. Octavio Jara Wolff 2051, Los Ángeles, Bío Bío, Chile",-37.4833033,-72.3794245,1,RANGE_INTERPOLATED,2020,1315957,2020/11/25 00:00:00+00,COLISION POR ALCANCE,COLISION,URBANA,IMPRUDENCIA DEL CONDUCTOR,CONDUCCION NO ATENTO CONDICIONES TRANSITO MOMENTO,0,0,0,2,20:30:00
-72.3568551,-37.4760092,2982,8,REGION BIO BIO,8301,LOS ANGELES,CONDOMINIO EL PORVENIR, ,15,"Libertad 638, Los Angeles, Los Ángeles, Bío Bío, Chile",-37.4760092,-72.3568551,1,ROOFTOP,2020,1315972,2020/11/26 00:00:00+00,COLISION,COLISION,URBANA,IMPRUDENCIA DEL CONDUCTOR,CONDUCCION NO ATENTO CONDICIONES TRANSITO MOMENTO,0,0,0,0,10:15:00
-71.9782653,-37.4679498,2983,8,REGION BIO BIO,8309,QUILLECO,CAUPOLICAN,LIENTUR,0,"Quilleco, Bío Bío, Chile",-37.4679498,-71.9782653,1,APPROXIMATE,2020,1315974,2020/11/26 00:00:00+00,COLISION LATERAL,COLISION,URBANA,IMPRUDENCIA DEL CONDUCTOR,CONDUCCION NO ATENTO CONDICIONES TRANSITO MOMENTO,0,0,0,1,18:00:00
-72.3536912,-37.4637562,2984,8,REGION BIO BIO,8301,LOS ANGELES,GALVARINO,MENDOZA,0,"Mendoza & Galvarino, Los Angeles, Los Ángeles, Bío Bío, Chile",-37.4637562,-72.3536912,1,GEOMETRIC_CENTER,2020,1315975,2020/11/27 00:00:00+00,COLISION LATERAL,COLISION,URBANA,IMPRUDENCIA DEL CONDUCTOR,CONDUCCION NO ATENTO CONDICIONES TRANSITO MOMENTO,0,0,0,2,05:50:00
-72.3595096,-37.4764299,2985,8,REGION BIO BIO,8301,LOS ANGELES,JOSE MIGUEL INFANTE,PATRICIO LYNCH,0,"Patricio Lynch & Jose Miguel Infante, Los Angeles, Los Ángeles, Bío Bío, Chile",-37.4764299,-72.3595096,1,GEOMETRIC_CENTER,2020,1315978,2020/11/27 00:00:00+00,COLISION FRONTAL,COLISION,URBANA,IMPRUDENCIA DEL CONDUCTOR,CONDUCCION NO ATENTO CONDICIONES TRANSITO MOMENTO,0,0,0,0,08:00:00
-72.3612251,-37.4629159,2986,8,REGION BIO BIO,8301,LOS ANGELES,SECTOR SUCUMAN, ,12,"Los Angeles, Los Ángeles, Bío Bío, Chile",-37.4629159,-72.3612251,1,APPROXIMATE,2020,1315982,2020/11/27 00:00:00+00,CHOQUE FRONTAL,CHOQUE,RURAL,IMPRUDENCIA DEL CONDUCTOR,CONDUCCION NO ATENTO CONDICIONES TRANSITO MOMENTO,0,0,0,0,09:00:00
-73.1193238,-36.8434758,2987,8,REGION BIO BIO,8108,SAN PEDRO DE LA PAZ,LAGUNA GRANDE, ,630,"Av. Laguna Grande 630, San Pedro de la Paz, Bío Bío, Chile",-36.8434758,-73.1193238,1,ROOFTOP,2020,1316014,2020/11/07 00:00:00+00,CHOQUE FRONTAL,CHOQUE,RURAL,CAUSAS NO DETERMINADAS,CAUSAS NO DETERMINADAS,0,0,0,0,14:15:00
-73.1012783,-36.8387625,2988,8,REGION BIO BIO,8108,SAN PEDRO DE LA PAZ,LOS CANELOS,PEDRO AGUIRRE CERDA,0,"Avenida Pedro Aguirre Cerda & Los Canelos, San Pedro de la Paz, Bío Bío, Chile",-36.8387625,-73.1012783,1,GEOMETRIC_CENTER,2020,1316017,2020/11/25 00:00:00+00,ATROPELLO,ATROPELLO,URBANA,CAUSAS NO DETERMINADAS,CAUSAS NO DETERMINADAS,0,1,0,0,11:15:00
-73.0912393,-36.8391099,2989,8,REGION BIO BIO,8108,SAN PEDRO DE LA PAZ,PEDRO AGUIRRE CERDA, ,817,"Av. Pedro Aguirre Cerda 817, San Pedro de la Paz, Región Metropolitana, Chile",-36.8391099,-73.0912393,1,ROOFTOP,2020,1316018,2020/11/23 00:00:00+00,COLISION POR ALCANCE,COLISION,URBANA,CAUSAS NO DETERMINADAS,CAUSAS NO DETERMINADAS,0,0,0,1,08:35:00
-73.1061114,-36.8001115,2990,8,REGION BIO BIO,8112,HUALPEN,ATENAS,GRAN BRETAÑA,0,"Gran Bretaña & Atenas, Hualpén, Bío Bío, Chile",-36.8001115,-73.1061114,1,GEOMETRIC_CENTER,2020,1316067,2020/12/01 00:00:00+00,CHOQUE,CHOQUE,URBANA,PERDIDA CONTROL VEHICULO,PERDIDA CONTROL VEHICULO,0,0,0,0,13:35:00
-72.3405592,-37.4619036,2991,8,REGION BIO BIO,8301,LOS ANGELES,MARCONI,ARGENTINA,0,"Guillermo Marconi & Argentina, Los Angeles, Los Ángeles, Bío Bío, Chile",-37.4619036,-72.3405592,1,GEOMETRIC_CENTER,2020,1316100,2020/11/27 00:00:00+00,COLISION LATERAL,COLISION,URBANA,IMPRUDENCIA DEL CONDUCTOR,CONDUCCION NO ATENTO CONDICIONES TRANSITO MOMENTO,0,0,0,1,13:45:00
-72.3683669,-37.4801677,2992,8,REGION BIO BIO,8301,LOS ANGELES,VICUÑA MACKENNA,PADRE HURTADO,0,"Av. Vicuña Mackenna & Av. Padre Hurtado, Los Angeles, Los Ángeles, Bío Bío, Chile",-37.4801677,-72.3683669,1,GEOMETRIC_CENTER,2020,1316103,2020/11/27 00:00:00+00,COLISION LATERAL,COLISION,URBANA,IMPRUDENCIA DEL CONDUCTOR,CONDUCCION NO ATENTO CONDICIONES TRANSITO MOMENTO,0,0,0,0,20:15:00