X,Y,FID,COD_REG,REGION,CUT,COMUNA,CALLE_UNO,CALLE_DOS,NUMERO,DIR_GEOCOD,LAT,LNG,VAL_COM,TIPO,Año,Idaccident,Fecha,Tipo_Accid,Tipo__CONA,Zona,Causa__CON,Causa,Fallecidos,Graves,Menos_Grav,Leves,Hora
-72.374572,-37.4606514,2993,8,REGION BIO BIO,8301,LOS ANGELES,LAS TRANCAS,LAGO LLEU LLEU,0,"Lago Lleu Lleu & Avenida las Trancas, Los Angeles, Los Ángeles, Bío Bío, Chile",-37.4606514,-72.374572,1,GEOMETRIC_CENTER,2020,1316109,2020/11/30 00:00:00+00,IMPACTO CON ANIMAL,OTRO TIPO,URBANA,IMPRUDENCIA DEL CONDUCTOR,CONDUCCION NO ATENTO CONDICIONES TRANSITO MOMENTO,0,0,0,1,01:50:00
-72.3385869,-37.4203394,2994,8,REGION BIO BIO,8301,LOS ANGELES,LAS INDUSTRIAS, ,7060,"Av Las Industrias 7060, Los Ángeles, Bío Bío, Chile",-37.4203394,-72.3385869,1,RANGE_INTERPOLATED,2020,1316111,2020/11/30 00:00:00+00,CHOQUE FRONTAL,CHOQUE,URBANA,IMPRUDENCIA DEL CONDUCTOR,CONDUCCION NO ATENTO CONDICIONES TRANSITO MOMENTO,0,0,0,0,22:45:00
-72.3523928,-37.4703888,2995,8,REGION BIO BIO,8301,LOS ANGELES,LAUTARO,VALDIVIA,0,"Valdivia & Lautaro, Los Angeles, Los Ángeles, Bío Bío, Chile",-37.4703888,-72.3523928,1,GEOMETRIC_CENTER,2020,1316115,2020/12/01 00:00:00+00,CHOQUE POSTERIOR,CHOQUE,URBANA,IMPRUDENCIA DEL CONDUCTOR,CONDUCCION NO ATENTO CONDICIONES TRANSITO MOMENTO,0,0,0,0,09:50:00
-72.3624166,-37.4723682,2996,8,REGION BIO BIO,8301,LOS ANGELES,RICARDO VICUÑA,ALCAZAR,0,"Avenida Ricardo Vicuña & Alcázar, Los Angeles, Los Ángeles, Bío Bío, Chile",-37.4723682,-72.3624166,1,GEOMETRIC_CENTER,2020,1316119,2020/12/01 00:00:00+00,COLISION LATERAL,COLISION,URBANA,IMPRUDENCIA DEL CONDUCTOR,CONDUCCION NO ATENTO CONDICIONES TRANSITO MOMENTO,0,2,0,3,18:00:00
-72.3523928,-37.4703888,2997,8,REGION BIO BIO,8301,LOS ANGELES,LAUTARO,VALDIVIA,0,"Valdivia & Lautaro, Los Angeles, Los Ángeles, Bío Bío, Chile",-37.4703888,-72.3523928,1,GEOMETRIC_CENTER,2020,1316120,2020/12/01 00:00:00+00,CHOQUE POSTERIOR/FRENTE,CHOQUE,URBANA,IMPRUDENCIA DEL CONDUCTOR,CONDUCCION NO ATENTO CONDICIONES TRANSITO MOMENTO,0,0,0,0,18:20:00
-72.3505636,-37.4638337,2998,8,REGION BIO BIO,8301,LOS ANGELES,GALVARINO,COLON,0,"Colón & Galvarino, Los Angeles, Los Ángeles, Bío Bío, Chile",-37.4638337,-72.3505636,1,GEOMETRIC_CENTER,2020,1316123,2020/12/01 00:00:00+00,COLISION LATERAL,COLISION,URBANA,IMPRUDENCIA DEL CONDUCTOR,CONDUCCION NO ATENTO CONDICIONES TRANSITO MOMENTO,0,0,0,0,23:45:00
-72.3644367,-37.4698979,2999,8,REGION BIO BIO,8301,LOS ANGELES,COLO COLO, ,1051,"Colo Colo 1051, Los Angeles, Los Ángeles, Bío Bío, Chile",-37.4698979,-72.3644367,1,ROOFTOP,2020,1316129,2020/12/02 00:00:00+00,ATROPELLO,ATROPELLO,URBANA,IMPRUDENCIA DEL CONDUCTOR,CONDUCCION NO ATENTO CONDICIONES TRANSITO MOMENTO,0,0,0,1,11:30:00
-72.3329481,-37.467639,3000,8,REGION BIO BIO,8301,LOS ANGELES,ALEMANIA, ,1129,"Av. Alemania 1129, Los Angeles, Los Ángeles, Bío Bío, Chile",-37.467639,-72.3329481,1,RANGE_INTERPOLATED,2020,1316130,2020/12/02 00:00:00+00,COLISION LATERAL,COLISION,URBANA,IMPRUDENCIA DEL CONDUCTOR,CONDUCCION NO ATENTO CONDICIONES TRANSITO MOMENTO,0,1,0,1,08:35:00
-72.3507406,-37.4675338,3001,8,REGION BIO BIO,8301,LOS ANGELES,RENGO,COLON,0,"Colón & Rengo, Los Angeles, Los Ángeles, Bío Bío, Chile",-37.4675338,-72.3507406,1,GEOMETRIC_CENTER,2020,1316131,2020/12/03 00:00:00+00,CHOQUE LADO/POSTERIOR,CHOQUE,URBANA,IMPRUDENCIA DEL CONDUCTOR,CONDUCCION NO ATENTO CONDICIONES TRANSITO MOMENTO,0,0,0,0,14:20:00
-72.3323699,-37.4512095,3002,8,REGION BIO BIO,8301,LOS ANGELES,LEONARDO DAVINCI,ATENAS,0,"Atenas & Leonardo Da Vinci, Los Ángeles, Bío Bío, Chile",-37.4512095,-72.3323699,1,GEOMETRIC_CENTER,2020,1316132,2020/12/03 00:00:00+00,COLISION,COLISION,URBANA,IMPRUDENCIA DEL CONDUCTOR,CONDUCCION NO ATENTO CONDICIONES TRANSITO MOMENTO,0,0,0,0,14:40:00
-72.3399201,-37.4632982,3003,8,REGION BIO BIO,8301,LOS ANGELES,COSTANERA QUILQUE SUR,GUILLERMO MARCONI,0,"Guillermo Marconi & Costanera Quilque Sur, Los Angeles, Los Ángeles, Bío Bío, Chile",-37.4632982,-72.3399201,1,GEOMETRIC_CENTER,2020,1316133,2020/12/03 00:00:00+00,COLISION,COLISION,URBANA,IMPRUDENCIA DEL CONDUCTOR,CONDUCCION NO ATENTO CONDICIONES TRANSITO MOMENTO,0,0,0,0,18:20:00
-72.3431937,-37.4868916,3004,8,REGION BIO BIO,8301,LOS ANGELES,LOS CARRERA, ,1360,"Av. Los Carrera 1360, Los Angeles, Los Ángeles, Bío Bío, Chile",-37.4868916,-72.3431937,1,RANGE_INTERPOLATED,2020,1316134,2020/12/03 00:00:00+00,CHOQUE POSTERIOR/FRENTE,CHOQUE,URBANA,IMPRUDENCIA DEL CONDUCTOR,CONDUCCION NO ATENTO CONDICIONES TRANSITO MOMENTO,0,0,0,0,17:45:00
-72.3673508,-37.4764971,3005,8,REGION BIO BIO,8301,LOS ANGELES,COMPAÑIA DE JESUS,LYNCH,0,"Compañía de Jesús & Patricio Lynch, Los Angeles, Los Ángeles, Bío Bío, Chile",-37.4764971,-72.3673508,1,GEOMETRIC_CENTER,2020,1316138,2020/12/04 00:00:00+00,COLISION LATERAL,COLISION,URBANA,IMPRUDENCIA DEL CONDUCTOR,CONDUCCION NO ATENTO CONDICIONES TRANSITO MOMENTO,0,0,0,0,08:20:00
-72.9559458,-36.6311717,3006,8,REGION BIO BIO,8111,TOME,LATORRE, ,651,"A Latorre 651, Tome, Tomé, Bío Bío, Chile",-36.6311717,-72.9559458,1,RANGE_INTERPOLATED,2020,1316894,2020/12/07 00:00:00+00,COLISION PERPENDICULAR,COLISION,URBANA,IMPRUDENCIA DEL CONDUCTOR,NO RESPETAR DERECHO PREFERENTE DE PASO A PEATON,0,1,0,0,09:30:00
-72.9639791,-36.6050126,3007,8,REGION BIO BIO,8111,TOME,MAULE,GORBEA,0,"Maule & Gorbea, Tome, Tomé, Bío Bío, Chile",-36.6050126,-72.9639791,1,GEOMETRIC_CENTER,2020,1316518,2020/12/05 00:00:00+00,COLISION PERPENDICULAR,COLISION,URBANA,IMPRUDENCIA DEL CONDUCTOR,CONDUCCION NO ATENTO CONDICIONES TRANSITO MOMENTO,0,0,0,0,02:25:00
-73.0609204,-36.8190539,3008,8,REGION BIO BIO,8101,CONCEPCION,MANUEL RODRIGUEZ,ANGOL,0,"Angol & Manuel Rodríguez, Concepción, Bío Bío, Chile",-36.8190539,-73.0609204,1,GEOMETRIC_CENTER,2020,1316614,2020/10/21 00:00:00+00,COLISION FRONTAL,COLISION,URBANA,IMPRUDENCIA DEL CONDUCTOR,CONDUCCION NO ATENTO CONDICIONES TRANSITO MOMENTO,0,0,0,0,21:57:00
-73.070584,-36.801182,3009,8,REGION BIO BIO,8101,CONCEPCION,JORGE ALESSANDRI, ,804,"Av. Pdte. Jorge Alessandri Rodriguez 804, Concepción, Bío Bío, Chile",-36.801182,-73.070584,1,ROOFTOP,2020,1316615,2020/10/20 00:00:00+00,COLISION POR ALCANCE,COLISION,URBANA,IMPRUDENCIA DEL CONDUCTOR,CONDUCCION NO ATENTO CONDICIONES TRANSITO MOMENTO,0,0,0,0,17:50:00
-73.0416395,-36.8054984,3010,8,REGION BIO BIO,8101,CONCEPCION,ALONSO DE RIVERA,LIENTUR,0,"Juan de Dios Rivera 2280, Concepción, Bío Bío, Chile",-36.8054984,-73.0416395,1,ROOFTOP,2020,1316616,2020/10/19 00:00:00+00,COLISION LATERAL,COLISION,URBANA,IMPRUDENCIA DEL CONDUCTOR,CONDUCCION NO ATENTO CONDICIONES TRANSITO MOMENTO,0,0,0,1,16:30:00
-73.0545559,-36.8041087,3011,8,REGION BIO BIO,8101,CONCEPCION,PAICAVI,EL CARMEN,0,"El Carmen & Paicaví, Concepción, Bío Bío, Chile",-36.8041087,-73.0545559,1,GEOMETRIC_CENTER,2020,1316618,2020/10/17 00:00:00+00,COLISION LATERAL,COLISION,URBANA,IMPRUDENCIA DEL CONDUCTOR,CONDUCCION NO ATENTO CONDICIONES TRANSITO MOMENTO,0,0,0,1,19:20:00
-73.0365151,-36.8918814,3012,8,REGION BIO BIO,8103,CHIGUAYANTE,COSTANERA, ,1311,"Av. Costanera, Chiguayante, Bío Bío, Chile",-36.8918814,-73.0365151,1,GEOMETRIC_CENTER,2020,1316619,2020/11/02 00:00:00+00,COLISION LATERAL,COLISION,URBANA,CAUSAS NO DETERMINADAS,CAUSAS NO DETERMINADAS,0,0,0,0,20:15:00
-73.0620531,-36.8198109,3013,8,REGION BIO BIO,8101,CONCEPCION,MANUEL RODRIGUEZ,SALAS,0,"Obispo Hipólito Salas & Manuel Rodríguez, Concepción, Bío Bío, Chile",-36.8198109,-73.0620531,1,GEOMETRIC_CENTER,2020,1316625,2020/10/31 00:00:00+00,COLISION LATERAL,COLISION,URBANA,CAUSAS NO DETERMINADAS,CAUSAS NO DETERMINADAS,0,0,0,0,13:30:00
-73.0309463,-36.8049991,3014,8,REGION BIO BIO,8101,CONCEPCION,CAMILO HENRIQUEZ,BELLAVISTA,0,"Camilo Henríquez & Bellavista, Concepción, Bío Bío, Chile",-36.8049991,-73.0309463,1,GEOMETRIC_CENTER,2020,1316628,2020/10/30 00:00:00+00,COLISION POR ALCANCE,COLISION,URBANA,CAUSAS NO DETERMINADAS,CAUSAS NO DETERMINADAS,0,0,0,1,18:45:00
-73.0354842,-36.8164823,3015,8,REGION BIO BIO,8101,CONCEPCION,LOS CARRERA,VILUMILLA,0,"Avenida los Carrera & Vilumilla, Concepción, Bío Bío, Chile",-36.8164823,-73.0354842,1,GEOMETRIC_CENTER,2020,1316636,2020/11/15 00:00:00+00,COLISION POR ALCANCE,COLISION,URBANA,CAUSAS NO DETERMINADAS,CAUSAS NO DETERMINADAS,0,1,0,0,21:50:00
-73.0531926,-36.8137794,3016,8,REGION BIO BIO,8101,CONCEPCION,TUCAPEL,VICUÑA MACKENNA,0,"Vicuña Mackenna & Tucapel, Concepción, Bío Bío, Chile",-36.8137794,-73.0531926,1,GEOMETRIC_CENTER,2020,1316638,2020/11/12 00:00:00+00,COLISION PERPENDICULAR,COLISION,URBANA,CAUSAS NO DETERMINADAS,CAUSAS NO DETERMINADAS,0,1,0,1,15:45:00
-72.9345451,-36.9734896,3017,8,REGION BIO BIO,8105,HUALQUI,OHIGGINS, ,635,"Bernardo OHiggins 635, Hualqui, Bío Bío, Chile",-36.9734896,-72.9345451,1,RANGE_INTERPOLATED,2020,1316760,2020/10/21 00:00:00+00,CHOQUE LADO/LADO,CHOQUE,URBANA,CAUSAS NO DETERMINADAS,CAUSAS NO DETERMINADAS,0,0,0,0,11:00:00
-72.7156438,-37.2792432,3018,8,REGION BIO BIO,8304,LAJA,BALMACEDA,LUIS CRUZ MARTINEZ,0,"Balmaceda, Laja, Bío Bío, Chile",-37.2792432,-72.7156438,1,GEOMETRIC_CENTER,2020,1274941,2020/03/17 00:00:00+00,ATROPELLO,ATROPELLO,URBANA,IMPRUDENCIA DEL CONDUCTOR,CONDUCCION NO ATENTO CONDICIONES TRANSITO MOMENTO,0,0,2,0,17:40:00
-73.0524492,-36.8326414,3019,8,REGION BIO BIO,8101,CONCEPCION,CHACABUCO, ,282,"Av. Chacabuco 282, Concepción, Bío Bío, Chile",-36.8326414,-73.0524492,1,ROOFTOP,2020,1289280,2020/07/03 00:00:00+00,CHOQUE LATERAL,CHOQUE,URBANA,IMPRUDENCIA DEL CONDUCTOR,CONDUCCION NO ATENTO CONDICIONES TRANSITO MOMENTO,0,0,0,0,16:30:00
-72.7104678,-37.284865,3020,8,REGION BIO BIO,8304,LAJA,GABRIELA MISTRAL,COSTANERA SUR,0,"Laja, Bío Bío, Chile",-37.284865,-72.7104678,1,APPROXIMATE,2020,1305019,2020/10/09 00:00:00+00,VOLCADURA,VOLCADURA,URBANA,IMPRUDENCIA DEL CONDUCTOR,CONDUCCION NO ATENTO CONDICIONES TRANSITO MOMENTO,0,0,0,1,15:20:00
-73.0606348,-36.8290785,3021,8,REGION BIO BIO,8101,CONCEPCION,ARTURO PRAT, ,651,"Arturo Prat 651, Concepción, Bío Bío, Chile",-36.8290785,-73.0606348,1,ROOFTOP,2020,1313167,2020/11/20 00:00:00+00,CHOQUE,CHOQUE,URBANA,IMPRUDENCIA DEL CONDUCTOR,CONDUCCION NO ATENTO CONDICIONES TRANSITO MOMENTO,0,0,0,0,15:00:00
-73.3468467,-37.4733935,3022,8,REGION BIO BIO,8205,CURANILAHUE,OHIGGINS,SALVADOR ALLENDE,0,"Salvador Allende & Avenida Bernardo OHiggins, Curanilahue, Bío Bío, Chile",-37.4733935,-73.3468467,1,GEOMETRIC_CENTER,2020,1316872,2020/12/07 00:00:00+00,CHOQUE FRONTAL,CHOQUE,URBANA,ALCOHOL EN CONDUCTOR,CONDUCCION EN ESTADO DE EBRIEDAD,0,0,0,1,00:05:00
-73.1392013,-36.8496684,3023,8,REGION BIO BIO,8108,SAN PEDRO DE LA PAZ,LAS MARGARITAS, ,3783,"Las Margaritas 3783, San Pedro de la Paz, Bío Bío, Chile",-36.8496684,-73.1392013,1,ROOFTOP,2020,1316955,2020/12/01 00:00:00+00,CHOQUE LADO/POSTERIOR,CHOQUE,URBANA,IMPRUDENCIA DEL CONDUCTOR,CONDUCCION NO ATENTO CONDICIONES TRANSITO MOMENTO,0,0,0,0,19:10:00
-73.0664635,-36.7918699,3024,8,REGION BIO BIO,8110,TALCAHUANO,JORGE ALESSANDRI PALMA, ,3177,"Av. Pdte. Jorge Alessandri Rodriguez 3177, Talcahuano, Bío Bío, Chile",-36.7918699,-73.0664635,1,ROOFTOP,2020,1316964,2020/12/05 00:00:00+00,VOLCADURA,VOLCADURA,URBANA,PERDIDA CONTROL VEHICULO,PERDIDA CONTROL VEHICULO,0,1,0,0,22:35:00
-73.0543088,-36.8243923,3025,8,REGION BIO BIO,8101,CONCEPCION,RENGO,LOS CARRERA,0,"Rengo & Avenida los Carrera, Concepción, Bío Bío, Chile",-36.8243923,-73.0543088,1,GEOMETRIC_CENTER,2020,1317032,2020/12/04 00:00:00+00,COLISION LATERAL,COLISION,URBANA,IMPRUDENCIA DEL CONDUCTOR,CONDUCCION CAMBIAR SORPRESIVAMENTE PISTA CIRCULACION,0,0,0,0,16:35:00
-73.0664635,-36.7918699,3026,8,REGION BIO BIO,8110,TALCAHUANO,JORGE ALESSANDRI PALMA, ,3177,"Av. Pdte. Jorge Alessandri Rodriguez 3177, Talcahuano, Bío Bío, Chile",-36.7918699,-73.0664635,1,ROOFTOP,2020,1317105,2020/12/04 00:00:00+00,COLISION LATERAL,COLISION,URBANA,IMPRUDENCIA DEL CONDUCTOR,NO RESPETAR DERECHO PREFERENTE DE PASO A VEHICULO,0,0,0,0,20:00:00
-72.9890604,-36.7316619,3027,8,REGION BIO BIO,8107,PENCO,LOS OLIVOS,TOLTEN,0,"Los Olivos & Toltén, Penco, Bío Bío, Chile",-36.7316619,-72.9890604,1,GEOMETRIC_CENTER,2020,1317143,2020/12/07 00:00:00+00,COLISION POR ALCANCE,COLISION,URBANA,IMPRUDENCIA DEL CONDUCTOR,CONDUCCION SIN MANTENER DISTANCIA RAZONABLE NI PRUDENTE,0,0,0,0,08:00:00
-73.0569215,-36.8253368,3028,8,REGION BIO BIO,8101,CONCEPCION,LOS CARRERA,ANGOL,0,"Angol & Avenida los Carrera, Concepción, Bío Bío, Chile",-36.8253368,-73.0569215,1,GEOMETRIC_CENTER,2020,1317242,2020/12/07 00:00:00+00,CHOQUE POSTERIOR,CHOQUE,URBANA,IMPRUDENCIA DEL CONDUCTOR,CONDUCCION SIN MANTENER DISTANCIA RAZONABLE NI PRUDENTE,0,0,0,0,08:00:00
-73.1065415,-36.7867099,3029,8,REGION BIO BIO,8112,HUALPEN,GRECIA,IRLANDA,0,"Irlanda & Grecia, Hualpén, Bío Bío, Chile",-36.7867099,-73.1065415,1,GEOMETRIC_CENTER,2020,1317292,2020/12/08 00:00:00+00,COLISION,COLISION,URBANA,IMPRUDENCIA DEL CONDUCTOR,CONDUCIR VEHICULO EN RETROCESO,0,0,0,1,22:30:00
-73.0961116,-36.780441,3030,8,REGION BIO BIO,8112,HUALPEN,LAS GOLONDRINAS,SUECIA,0,"Suecia & Avenida Las Golondrinas, Hualpén, Bío Bío, Chile",-36.780441,-73.0961116,1,GEOMETRIC_CENTER,2020,1317296,2020/12/09 00:00:00+00,COLISION,COLISION,URBANA,DESOBEDIENCIA A SEÑALIZACION,SEÑALIZACION DESOBEDECER LUZ ROJA DE SEMAFORO,0,0,0,0,09:00:00
-73.14336,-37.0307778,3031,8,REGION BIO BIO,8102,CORONEL,CARVALLO,BILBAO,0,"Bilbao & Carvallo, Coronel, Bío Bío, Chile",-37.0307778,-73.14336,1,GEOMETRIC_CENTER,2020,1317415,2020/11/21 00:00:00+00,COLISION,COLISION,URBANA,IMPRUDENCIA DEL CONDUCTOR,CONDUCCION NO ATENTO CONDICIONES TRANSITO MOMENTO,0,0,0,1,15:40:00
-73.0789689,-36.8342115,3032,8,REGION BIO BIO,8108,SAN PEDRO DE LA PAZ,PUENTE LLACOLEN,PEDRO AGUIRRE CERDA,0,"Puente Llacolen - Puente Llacolen, Concepción, Bío Bío, Chile",-36.8342115,-73.0789689,1,GEOMETRIC_CENTER,2020,1317422,2020/11/25 00:00:00+00,COLISION POR ALCANCE,COLISION,URBANA,CAUSAS NO DETERMINADAS,CAUSAS NO DETERMINADAS,0,0,0,0,19:30:00
-72.7266014,-37.2595571,3033,8,REGION BIO BIO,8310,SAN ROSENDO,ALMTE LATORRE,PASAJE 4,0,"Almte. Latorre, San Rosendo, Bío Bío, Chile",-37.2595571,-72.7266014,1,GEOMETRIC_CENTER,2020,1317454,2020/12/04 00:00:00+00,ATROPELLO,ATROPELLO,URBANA,IMPRUDENCIA DEL PEATON,PEATON CRUZA CALZADA FORMA SORPRESIVA O DESCUIDADA,0,0,0,1,14:20:00
-72.0244215,-37.6643135,3034,8,REGION BIO BIO,8311,SANTA BARBARA,FEDERICO PUGA,PORTALES,0,"Av. Federico Puga - Diego Portales, Santa Bárbara, Bío Bío, Chile",-37.6643135,-72.0244215,1,GEOMETRIC_CENTER,2020,1317540,2020/12/06 00:00:00+00,COLISION LATERAL,COLISION,URBANA,ALCOHOL EN CONDUCTOR,CONDUCCION EN ESTADO DE EBRIEDAD,0,0,0,1,16:20:00
-73.1180205,-36.7623074,3035,8,REGION BIO BIO,8110,TALCAHUANO,GRAN BRETAÑA, ,159,"Gran Bretaña, Talcahuano, Bío Bío, Chile",-36.7623074,-73.1180205,1,GEOMETRIC_CENTER,2020,1317561,2020/12/02 00:00:00+00,COLISION LATERAL,COLISION,URBANA,IMPRUDENCIA DEL CONDUCTOR,CONDUCCION CAMBIAR SORPRESIVAMENTE PISTA CIRCULACION,0,0,0,0,19:42:00
-73.0859319,-36.7657485,3036,8,REGION BIO BIO,8110,TALCAHUANO,LAS HORTENSIAS,PUENTE PERALES,0,"Puente Perales Talcahuano - Unnamed Road, Talcahuano, Bío Bío, Chile",-36.7657485,-73.0859319,1,GEOMETRIC_CENTER,2020,1317597,2020/12/09 00:00:00+00,COLISION LATERAL,COLISION,URBANA,IMPRUDENCIA DEL CONDUCTOR,ADELANTAMIENTO SIN EL ESPACIO O TIEMPO SUFICIENTE,0,0,0,0,09:00:00
-73.0321862,-36.7956575,3037,8,REGION BIO BIO,8101,CONCEPCION,PASAJE CUATRO, ,10,"Pje. Cuatro 10, Concepción, Bío Bío, Chile",-36.7956575,-73.0321862,1,RANGE_INTERPOLATED,2020,1317608,2020/12/08 00:00:00+00,CHOQUE LATERAL,CHOQUE,URBANA,IMPRUDENCIA DEL CONDUCTOR,CONDUCCION NO ATENTO CONDICIONES TRANSITO MOMENTO,0,0,0,0,19:20:00
-73.0508421,-36.8267498,3038,8,REGION BIO BIO,8101,CONCEPCION,BARROS ARANA,CAUPOLICAN,0,"Barros Arana & Caupolicán, Concepción, Bío Bío, Chile",-36.8267498,-73.0508421,1,GEOMETRIC_CENTER,2020,1317610,2020/12/10 00:00:00+00,COLISION,COLISION,URBANA,IMPRUDENCIA DEL CONDUCTOR,CONDUCCION NO ATENTO CONDICIONES TRANSITO MOMENTO,0,0,0,2,12:30:00
-73.0289087,-36.9175452,3039,8,REGION BIO BIO,8103,CHIGUAYANTE,FERNANDO URRA,MIGUEL GRAU,0,"Miguel Grau & Doctor Fernando Urra, Chiguayante, Bío Bío, Chile",-36.9175452,-73.0289087,1,GEOMETRIC_CENTER,2020,1317677,2020/12/02 00:00:00+00,COLISION PERPENDICULAR,COLISION,URBANA,DESOBEDIENCIA A SEÑALIZACION,SEÑALIZACION DESOBEDECER SEÑAL PARE,0,0,0,0,16:20:00
-73.2278953,-38.0136041,3040,8,REGION BIO BIO,8204,CONTULMO,LOS TILOS,LLEU LLEU,0,"Los Tilos & Lleulleu, Contulmo, Bío Bío, Chile",-38.0136041,-73.2278953,1,GEOMETRIC_CENTER,2020,1317787,2020/12/04 00:00:00+00,COLISION,COLISION,URBANA,ALCOHOL EN CONDUCTOR,CONDUCCION EN ESTADO DE EBRIEDAD,0,0,0,2,18:30:00
-73.3506109,-37.4724128,3041,8,REGION BIO BIO,8205,CURANILAHUE,OHIGGINS, ,111,"Av. Bernardo OHiggins 111, Curanilahue, Bío Bío, Chile",-37.4724128,-73.3506109,1,RANGE_INTERPOLATED,2020,1317803,2020/12/09 00:00:00+00,CHOQUE FRONTAL,CHOQUE,URBANA,CAUSAS NO DETERMINADAS,CAUSAS NO DETERMINADAS,0,0,0,0,23:10:00
-73.0915947,-36.8096243,3042,8,REGION BIO BIO,8112,HUALPEN,GRAN BRETAÑA,COSTANERA,0,"Avenida Costanera 9200 Hualpén, Concepción, Hualpén, Bío Bío, Chile",-36.8096243,-73.0915947,1,GEOMETRIC_CENTER,2020,1318177,2020/12/14 00:00:00+00,COLISION,COLISION,URBANA,IMPRUDENCIA DEL CONDUCTOR,CONDUCCION CAMBIAR SORPRESIVAMENTE PISTA CIRCULACION,0,0,0,0,14:00:00
-73.3834295,-37.7395752,3043,8,REGION BIO BIO,8203,CAÑETE,JOSE MIGUEL CARRERA,CHACABUCO,0,"Puente Quelen Quelen, Canete, Cañete, Bío Bío, Chile",-37.7395752,-73.3834295,1,GEOMETRIC_CENTER,2020,1318138,2020/12/12 00:00:00+00,CHOQUE,CHOQUE,URBANA,IMPRUDENCIA DEL CONDUCTOR,CONDUCCION NO ATENTO CONDICIONES TRANSITO MOMENTO,0,0,0,0,22:00:00
-73.0825166,-36.8024875,3044,8,REGION BIO BIO,8112,HUALPEN,CRISTOBAL COLON,PUERTO SAAVEDRA,0,"Avenida Cristóbal Colón & Pto Saavedra, Hualpén, Bío Bío, Chile",-36.8024875,-73.0825166,1,GEOMETRIC_CENTER,2020,1318163,2020/12/14 00:00:00+00,CHOQUE FRENTE/LADO,CHOQUE,URBANA,DESOBEDIENCIA A SEÑALIZACION,SEÑALIZACION DESOBEDECER LUZ ROJA DE SEMAFORO,0,0,0,0,20:00:00
-73.0886684,-36.7602625,3045,8,REGION BIO BIO,8110,TALCAHUANO,GOMEZ CARREÑO, ,5305,"Gómez Carreño 5305, Talcahuano, Bío Bío, Chile",-36.7602625,-73.0886684,1,RANGE_INTERPOLATED,2020,1275400,2020/04/04 00:00:00+00,COLISION LATERAL,COLISION,URBANA,IMPRUDENCIA DEL CONDUCTOR,CONDUCCION CAMBIAR SORPRESIVAMENTE PISTA CIRCULACION,0,0,0,0,17:00:00
-73.138835,-36.8429012,3046,8,REGION BIO BIO,8108,SAN PEDRO DE LA PAZ,NUEVA TRES, ,644,"Nueva 3 644, San Pedro de la Paz, Bío Bío, Chile",-36.8429012,-73.138835,1,ROOFTOP,2020,1318317,2020/12/10 00:00:00+00,CHOQUE LADO/POSTERIOR,CHOQUE,URBANA,ALCOHOL EN CONDUCTOR,CONDUCCION EN ESTADO DE EBRIEDAD,0,0,0,0,02:08:00
-73.1402817,-36.8840407,3047,8,REGION BIO BIO,8108,SAN PEDRO DE LA PAZ,PORTAL SAN PEDRO, ,6950,"Av. Portal de San Pedro 6950, San Pedro de la Paz, Bío Bío, Chile",-36.8840407,-73.1402817,1,ROOFTOP,2020,1318327,2020/12/04 00:00:00+00,CHOQUE POSTERIOR/FRENTE,CHOQUE,URBANA,CAUSAS NO DETERMINADAS,CAUSAS NO DETERMINADAS,0,0,0,0,11:30:00
-73.1076571,-36.8381514,3048,8,REGION BIO BIO,8108,SAN PEDRO DE LA PAZ,PEDRO AGUIRRE CERDA,LOS PENSAMIENTOS,0,"Av Pedro Aguirre Cerda - Av San Pedro, San Pedro de la Paz, Bío Bío, Chile",-36.8381514,-73.1076571,1,GEOMETRIC_CENTER,2020,1318333,2020/12/11 00:00:00+00,COLISION POR ALCANCE,COLISION,URBANA,IMPRUDENCIA DEL CONDUCTOR,CONDUCCION NO ATENTO CONDICIONES TRANSITO MOMENTO,0,0,0,1,14:00:00
-73.1400046,-36.8833706,3049,8,REGION BIO BIO,8108,SAN PEDRO DE LA PAZ,LOS PARQUES,PORTAL SAN PEDRO,0,"Av. Portal de San Pedro & Av. Los Parques, San Pedro de la Paz, Bío Bío, Chile",-36.8833706,-73.1400046,1,GEOMETRIC_CENTER,2020,1318334,2020/12/11 00:00:00+00,COLISION LATERAL,COLISION,URBANA,IMPRUDENCIA DEL CONDUCTOR,CONDUCCION NO ATENTO CONDICIONES TRANSITO MOMENTO,0,0,0,0,15:00:00
-73.1394991,-36.8441364,3050,8,REGION BIO BIO,8108,SAN PEDRO DE LA PAZ,MANUEL RODRIGUEZ,MICHAIHUE,0,"Avenida Michaihue & Manuel Rodríguez, San Pedro de la Paz, Bío Bío, Chile",-36.8441364,-73.1394991,1,GEOMETRIC_CENTER,2020,1318335,2020/12/12 00:00:00+00,COLISION LATERAL,COLISION,URBANA,IMPRUDENCIA DEL CONDUCTOR,CONDUCCION NO ATENTO CONDICIONES TRANSITO MOMENTO,0,0,0,0,19:55:00
-73.0410829,-36.8277511,3051,8,REGION BIO BIO,8101,CONCEPCION,ONGOLMO,CHACABUCO,0,"Avenida Chacabuco & Ongolmo, Concepción, Bío Bío, Chile",-36.8277511,-73.0410829,1,GEOMETRIC_CENTER,2020,1318357,2020/12/11 00:00:00+00,CHOQUE POSTERIOR,CHOQUE,URBANA,IMPRUDENCIA DEL CONDUCTOR,CONDUCCION SIN MANTENER DISTANCIA RAZONABLE NI PRUDENTE,0,0,0,0,17:15:00