X,Y,FID,COD_REG,REGION,CUT,COMUNA,CALLE_UNO,CALLE_DOS,NUMERO,DIR_GEOCOD,LAT,LNG,VAL_COM,TIPO,Año,Idaccident,Fecha,Tipo_Accid,Tipo__CONA,Zona,Causa__CON,Causa,Fallecidos,Graves,Menos_Grav,Leves,Hora
-73.0448855,-36.8268039,3052,8,REGION BIO BIO,8101,CONCEPCION,TUCAPEL,SAN MARTIN,0,"Tucapel & San Martín, Concepción, Bío Bío, Chile",-36.8268039,-73.0448855,1,GEOMETRIC_CENTER,2020,1318376,2020/12/12 00:00:00+00,COLISION PERPENDICULAR,COLISION,URBANA,ALCOHOL EN CONDUCTOR,CONDUCCION EN ESTADO DE EBRIEDAD,0,0,0,0,04:30:00
-73.018394,-36.8215543,3053,8,REGION BIO BIO,8101,CONCEPCION,LOS LIRIOS,ARTURO PEREZ CANTO,0,"Arturo Pérez Canto & Los Lirios, Concepción, Bío Bío, Chile",-36.8215543,-73.018394,1,GEOMETRIC_CENTER,2020,1318378,2020/12/09 00:00:00+00,CAIDA,CAIDA,URBANA,IMPRUDENCIA DEL PASAJERO,PASAJERO SUBE O DESCIENDE DE VEHICULO MOVIMIENTO,0,0,0,1,11:20:00
-73.045005,-36.824623,3054,8,REGION BIO BIO,8101,CONCEPCION,BARORS ARANA, ,1080,"Barros Arana 1080, Concepción, Bío Bío, Chile",-36.824623,-73.045005,1,ROOFTOP,2020,1318383,2020/12/14 00:00:00+00,CHOQUE,CHOQUE,URBANA,FALLAS MECANICAS,FALLAS MECANICAS DIRECCION,0,0,0,0,12:44:00
-73.0331621,-36.8172851,3055,8,REGION BIO BIO,8101,CONCEPCION,FRESIA,JUAN BOSCO,0,"Fresia & Avenida San Juan Bosco, Concepción, Bío Bío, Chile",-36.8172851,-73.0331621,1,GEOMETRIC_CENTER,2020,1318398,2020/12/14 00:00:00+00,COLISION LATERAL,COLISION,URBANA,IMPRUDENCIA DEL CONDUCTOR,VIRAJES INDEBIDOS,0,0,0,0,13:45:00
-73.0401509,-36.8265445,3056,8,REGION BIO BIO,8101,CONCEPCION,PAICAVI,PLAZA PERU,0,"Plaza Perú & Paicaví, Concepción, Bío Bío, Chile",-36.8265445,-73.0401509,1,GEOMETRIC_CENTER,2020,1318409,2020/12/15 00:00:00+00,COLISION LATERAL,COLISION,URBANA,IMPRUDENCIA DEL CONDUCTOR,ADELANTAMIENTO SIN EL ESPACIO O TIEMPO SUFICIENTE,0,0,0,0,15:00:00
-73.3236639,-37.4895758,3057,8,REGION BIO BIO,8205,CURANILAHUE,TUCAPEL, ,1580,"Tucapel 1580, Curanilahue, Bío Bío, Chile",-37.4895758,-73.3236639,1,RANGE_INTERPOLATED,2020,1318523,2020/12/13 00:00:00+00,CHOQUE FRONTAL,CHOQUE,URBANA,PERDIDA CONTROL VEHICULO,PERDIDA CONTROL VEHICULO,0,0,0,2,20:00:00
-73.1455419,-36.8512148,3058,8,REGION BIO BIO,8108,SAN PEDRO DE LA PAZ,GALVARINO,GUACOLDA,0,"Calle Galvarino & Guacolda, San Pedro de la Paz, Bío Bío, Chile",-36.8512148,-73.1455419,1,GEOMETRIC_CENTER,2020,1318650,2020/12/15 00:00:00+00,COLISION LATERAL,COLISION,URBANA,IMPRUDENCIA DEL CONDUCTOR,CONDUCCION NO ATENTO CONDICIONES TRANSITO MOMENTO,0,0,0,0,15:50:00
-73.0989622,-36.7413655,3059,8,REGION BIO BIO,8110,TALCAHUANO,CRISTOBAL COLON, ,3178,"Colón 3178, Talcahuano, Bío Bío, Chile",-36.7413655,-73.0989622,1,ROOFTOP,2020,1318698,2020/12/16 00:00:00+00,COLISION LATERAL,COLISION,URBANA,IMPRUDENCIA DEL CONDUCTOR,VIRAJES INDEBIDOS,0,0,0,0,18:00:00
-72.9970187,-36.7394696,3060,8,REGION BIO BIO,8107,PENCO,HERAS, ,218,"Las Heras 218, Penco, Bío Bío, Chile",-36.7394696,-72.9970187,1,RANGE_INTERPOLATED,2020,1318762,2020/12/06 00:00:00+00,CHOQUE LATERAL,CHOQUE,URBANA,IMPRUDENCIA DEL CONDUCTOR,CONDUCCION NO ATENTO CONDICIONES TRANSITO MOMENTO,0,0,0,0,19:45:00
-73.0523958,-36.8284747,3061,8,REGION BIO BIO,8101,CONCEPCION,OHIGGINS, ,465,"Libertador Gral. Bernardo OHiggins 465, Concepción, Bío Bío, Chile",-36.8284747,-73.0523958,1,ROOFTOP,2020,1318771,2020/12/15 00:00:00+00,COLISION POR ALCANCE,COLISION,URBANA,IMPRUDENCIA DEL CONDUCTOR,CONDUCCION NO ATENTO CONDICIONES TRANSITO MOMENTO,0,0,0,0,17:55:00
-73.0710541,-36.8275269,3062,8,REGION BIO BIO,8101,CONCEPCION,COSTANERA,ALEMANIA,0,"Parque Costanera Concepción - Av. Costanera 8000, Concepción, Bío Bío, Chile",-36.8275269,-73.0710541,1,ROOFTOP,2020,1318781,2020/12/15 00:00:00+00,COLISION POR ALCANCE,COLISION,URBANA,IMPRUDENCIA DEL CONDUCTOR,CONDUCCION SIN MANTENER DISTANCIA RAZONABLE NI PRUDENTE,0,0,0,0,13:18:00
-73.1132791,-36.7128065,3063,8,REGION BIO BIO,8110,TALCAHUANO,BLANCO ENCALADA, ,298,"Blanco Encalada 298, Talcahuano, Bío Bío, Chile",-36.7128065,-73.1132791,1,ROOFTOP,2020,1318787,2020/12/12 00:00:00+00,COLISION LATERAL,COLISION,URBANA,IMPRUDENCIA DEL CONDUCTOR,VIRAJES INDEBIDOS,0,0,0,1,13:30:00
-73.0430613,-36.8217128,3064,8,REGION BIO BIO,8101,CONCEPCION,PAICAVI, ,630,"Paicaví 630, Concepción, Bío Bío, Chile",-36.8217128,-73.0430613,1,ROOFTOP,2020,1318789,2020/12/16 00:00:00+00,COLISION POR ALCANCE,COLISION,URBANA,IMPRUDENCIA DEL CONDUCTOR,CONDUCCION SIN MANTENER DISTANCIA RAZONABLE NI PRUDENTE,0,0,0,0,16:25:00
-73.0835817,-36.7477719,3065,8,REGION BIO BIO,8110,TALCAHUANO,CLAUDIO GAY, ,4101,"Av. Claudio Gay Ote. 4101, Talcahuano, Bío Bío, Chile",-36.7477719,-73.0835817,1,ROOFTOP,2020,1318848,2020/12/09 00:00:00+00,CHOQUE FRONTAL,CHOQUE,URBANA,PERDIDA CONTROL VEHICULO,PERDIDA CONTROL VEHICULO,0,0,0,0,15:40:00
-73.0335502,-36.7964971,3066,8,REGION BIO BIO,8101,CONCEPCION,PASAJE UNO PONIENTE,ANDALIEN,0,"Uno Pte. & Av. Andalien, Concepción, Bío Bío, Chile",-36.7964971,-73.0335502,1,GEOMETRIC_CENTER,2020,1318891,2020/11/04 00:00:00+00,CHOQUE POSTERIOR/FRENTE,CHOQUE,URBANA,CAUSAS NO DETERMINADAS,CAUSAS NO DETERMINADAS,0,0,0,0,11:28:00
-73.0243528,-36.8078131,3067,8,REGION BIO BIO,8101,CONCEPCION,COMODORO PARRAGUEZ,MANUTARA,0,"Manutara & Comodoro Parraguez, Concepción, Bío Bío, Chile",-36.8078131,-73.0243528,1,GEOMETRIC_CENTER,2020,1318900,2020/11/04 00:00:00+00,COLISION POR ALCANCE,COLISION,URBANA,CAUSAS NO DETERMINADAS,CAUSAS NO DETERMINADAS,0,0,0,3,19:20:00
-73.043247,-36.8098267,3068,8,REGION BIO BIO,8101,CONCEPCION,CALLE TRES, ,143,"C. Tres 143, Concepción, Bío Bío, Chile",-36.8098267,-73.043247,1,RANGE_INTERPOLATED,2020,1318936,2020/11/14 00:00:00+00,CHOQUE POSTERIOR/FRENTE,CHOQUE,URBANA,CAUSAS NO DETERMINADAS,CAUSAS NO DETERMINADAS,0,0,0,0,22:26:00
-73.105468,-36.7941066,3069,8,REGION BIO BIO,8112,HUALPEN,ALEMANIA,POSTDAM,0,"Alemania & Postdam, Hualpén, Bío Bío, Chile",-36.7941066,-73.105468,1,GEOMETRIC_CENTER,2020,1319023,2020/12/16 00:00:00+00,COLISION,COLISION,URBANA,DESOBEDIENCIA A SEÑALIZACION,SEÑALIZACION DESOBEDECER SEÑAL CEDA EL PASO,0,2,0,1,14:35:00
-72.948646,-36.6095669,3070,8,REGION BIO BIO,8111,TOME,VARIENTE HINRICHSEN, ,2163,"Variante Hinrichsen 2163, Tome, Tomé, Bío Bío, Chile",-36.6095669,-72.948646,1,ROOFTOP,2020,1319034,2020/12/15 00:00:00+00,COLISION FRONTAL,COLISION,URBANA,ALCOHOL EN CONDUCTOR,CONDUCCION EN ESTADO DE EBRIEDAD,0,1,0,0,20:20:00
-73.0780449,-36.8084633,3071,8,REGION BIO BIO,8101,CONCEPCION,VEINTIUNO DE MAYO, ,3225,"Av. 21 de Mayo 3225, Concepción, Bío Bío, Chile",-36.8084633,-73.0780449,1,ROOFTOP,2020,1319111,2020/12/18 00:00:00+00,CHOQUE POSTERIOR/LADO,CHOQUE,URBANA,CAUSAS NO DETERMINADAS,CAUSAS NO DETERMINADAS,0,0,0,0,18:00:00
-73.0278472,-36.912638,3072,8,REGION BIO BIO,8103,CHIGUAYANTE,SANTA CRUZ,INDEPENDENCIA,0,"Arturo Prat 80, Chiguayante, Bío Bío, Chile",-36.912638,-73.0278472,1,ROOFTOP,2020,1319465,2020/12/01 00:00:00+00,CHOQUE LADO/FRENTE,CHOQUE,URBANA,CAUSAS NO DETERMINADAS,CAUSAS NO DETERMINADAS,0,0,0,0,12:00:00
-73.0179533,-36.9304993,3073,8,REGION BIO BIO,8103,CHIGUAYANTE,21 DE MAYO, ,325,"21 de Mayo 325, Chiguayante, Bío Bío, Chile",-36.9304993,-73.0179533,1,RANGE_INTERPOLATED,2020,1319470,2020/12/01 00:00:00+00,ATROPELLO,ATROPELLO,URBANA,CAUSAS NO DETERMINADAS,CAUSAS NO DETERMINADAS,0,0,0,1,09:40:00
-73.0598864,-36.830254,3074,8,REGION BIO BIO,8101,CONCEPCION,LOS PRESIDENTES,BICENTENARIO,0,"Plaza Bicentenario - Arturo Prat 501, Concepción, Bío Bío, Chile",-36.830254,-73.0598864,1,ROOFTOP,2020,1319574,2020/12/04 00:00:00+00,CHOQUE,CHOQUE,URBANA,ALCOHOL EN CONDUCTOR,CONDUCCION BAJO LA INFLUENCIA DEL ALCOHOL,0,0,0,0,05:33:00
-73.0868623,-36.7806582,3075,8,REGION BIO BIO,8110,TALCAHUANO,COLON,SAN MIGUEL,0,"Avenida Cristóbal Colón & San Miguel, Talcahuano, Bío Bío, Chile",-36.7806582,-73.0868623,1,GEOMETRIC_CENTER,2020,1319699,2020/12/07 00:00:00+00,CHOQUE LADO/POSTERIOR,CHOQUE,URBANA,OTRAS CAUSAS,OTRAS CAUSAS,0,0,0,0,17:36:00
-73.057486,-36.8071903,3076,8,REGION BIO BIO,8101,CONCEPCION,TUCAPEL, ,2191,"Tucapel 2191, Concepción, Bío Bío, Chile",-36.8071903,-73.057486,1,RANGE_INTERPOLATED,2020,1319706,2020/12/07 00:00:00+00,CHOQUE FRENTE/POSTERIOR,CHOQUE,URBANA,OTRAS CAUSAS,OTRAS CAUSAS,0,0,0,0,22:28:00
-73.119374,-36.738288,3077,8,REGION BIO BIO,8110,TALCAHUANO,ISLA DE PASCUA,JUAN ANTONIO,0,"Calle Juan Antonio Ríos 1315, Talcahuano, Bío Bío, Chile",-36.738288,-73.119374,1,ROOFTOP,2020,1319759,2020/12/21 00:00:00+00,COLISION LATERAL,COLISION,URBANA,DESOBEDIENCIA A SEÑALIZACION,SEÑALIZACION DESOBEDECER SEÑAL CEDA EL PASO,0,0,0,0,15:35:00
-73.0443904,-36.8201352,3078,8,REGION BIO BIO,8101,CONCEPCION,ALONSO DE RIVERA,LA POLVORA,0,"Concepción, Región del Biobío, Chile",-36.8201352,-73.0443904,1,APPROXIMATE,2020,1319763,2020/12/11 00:00:00+00,COLISION,COLISION,URBANA,IMPRUDENCIA DEL CONDUCTOR,CONDUCCION NO ATENTO CONDICIONES TRANSITO MOMENTO,0,0,0,0,09:20:00
-73.0487359,-36.7992381,3079,8,REGION BIO BIO,8101,CONCEPCION,VICTOR DOMINGO SILVA,ABDON CIFUENTES,0,"Abdón Cifuentes & Víctor Domingo Silva, Concepción, Bío Bío, Chile",-36.7992381,-73.0487359,1,GEOMETRIC_CENTER,2020,1319777,2020/11/03 00:00:00+00,CHOQUE,CHOQUE,URBANA,IMPRUDENCIA DEL CONDUCTOR,CONDUCCION NO ATENTO CONDICIONES TRANSITO MOMENTO,0,0,0,0,20:30:00
-73.0998619,-36.7450622,3080,8,REGION BIO BIO,8110,TALCAHUANO,CARLOS DITTBORN, ,205,"Carlos Dittborn 205, Talcahuano, Bío Bío, Chile",-36.7450622,-73.0998619,1,RANGE_INTERPOLATED,2020,1319790,2020/12/21 00:00:00+00,COLISION POR ALCANCE,COLISION,URBANA,IMPRUDENCIA DEL CONDUCTOR,CONDUCCION SIN MANTENER DISTANCIA RAZONABLE NI PRUDENTE,0,0,0,0,19:00:00
-73.0395552,-36.8700595,3081,8,REGION BIO BIO,8103,CHIGUAYANTE,ANTILHUE,NAHUELBUTA,0,"Antilhue, Concepción, Chiguayante, Bío Bío, Chile",-36.8700595,-73.0395552,1,GEOMETRIC_CENTER,2020,1319797,2020/12/10 00:00:00+00,CHOQUE FRONTAL,CHOQUE,URBANA,CAUSAS NO DETERMINADAS,CAUSAS NO DETERMINADAS,0,0,0,0,15:50:00
-73.0726289,-36.8028037,3082,8,REGION BIO BIO,8101,CONCEPCION,PAICAVI,JORGE ALESSANDRI,0,"Humedal Paicavi - Jorge Alessandri 3000, Concepción, Bío Bío, Chile",-36.8028037,-73.0726289,1,ROOFTOP,2020,1319810,2020/12/10 00:00:00+00,CHOQUE,CHOQUE,URBANA,IMPRUDENCIA DEL CONDUCTOR,"ADELANTAMIENTO EN CRUCE, CURVA, CUESTA, PUENTE",0,0,0,0,09:30:00
-73.0711126,-36.8003555,3083,8,REGION BIO BIO,8112,HUALPEN,JORGE ALESSANDRI RODRIGUEZ,JUAN PABLO II,0,"Av. Jorge Alessandri Rodríguez 2047, Concepción, Hualpén, Bío Bío, Chile",-36.8003555,-73.0711126,1,ROOFTOP,2020,1319824,2020/12/18 00:00:00+00,CHOQUE FRENTE/POSTERIOR,CHOQUE,URBANA,IMPRUDENCIA DEL CONDUCTOR,CONDUCCION SIN MANTENER DISTANCIA RAZONABLE NI PRUDENTE,0,0,0,0,20:30:00
-73.0444729,-36.7895567,3084,8,REGION BIO BIO,8101,CONCEPCION,AABDON CIFUENTES,MAGALLANES,0,"Abdón Cifuentes & Magallanes, Concepción, Bío Bío, Chile",-36.7895567,-73.0444729,1,GEOMETRIC_CENTER,2020,1319827,2020/12/14 00:00:00+00,CHOQUE,CHOQUE,URBANA,IMPRUDENCIA DEL CONDUCTOR,CONDUCCION NO ATENTO CONDICIONES TRANSITO MOMENTO,0,0,0,0,09:00:00
-73.080493,-36.8040229,3085,8,REGION BIO BIO,8112,HUALPEN,CRISTOBAL COLON, ,9765,"Av. Cristóbal Colón 9765, Hualpén, Bío Bío, Chile",-36.8040229,-73.080493,1,ROOFTOP,2020,1319840,2020/12/18 00:00:00+00,CHOQUE,CHOQUE,URBANA,PERDIDA CONTROL VEHICULO,PERDIDA CONTROL VEHICULO,0,0,0,0,17:10:00
-73.105172,-36.7984179,3086,8,REGION BIO BIO,8112,HUALPEN,CHIPRE, ,1087,"Chipre 1087, Hualpén, Bío Bío, Chile",-36.7984179,-73.105172,1,ROOFTOP,2020,1319850,2020/12/19 00:00:00+00,CHOQUE FRENTE/POSTERIOR,CHOQUE,URBANA,PERDIDA CONTROL VEHICULO,PERDIDA CONTROL VEHICULO,0,0,0,0,19:00:00
-73.087673,-36.7837414,3087,8,REGION BIO BIO,8112,HUALPEN,CRISTOBAL COLON, ,7510,"Av. Cristóbal Colón 7510, Hualpén, Bío Bío, Chile",-36.7837414,-73.087673,1,ROOFTOP,2020,1319868,2020/12/20 00:00:00+00,COLISION,COLISION,URBANA,IMPRUDENCIA DEL CONDUCTOR,CONDUCCION NO ATENTO CONDICIONES TRANSITO MOMENTO,0,0,0,0,14:50:00
-73.0321082,-36.7988455,3088,8,REGION BIO BIO,8101,CONCEPCION,ANDALIEN,PARQUE CENTRAL,0,"Avenida Andalien & Parque Central, Concepción, Bío Bío, Chile",-36.7988455,-73.0321082,1,GEOMETRIC_CENTER,2020,1319878,2020/12/16 00:00:00+00,CHOQUE,CHOQUE,URBANA,OTRAS CAUSAS,OTRAS CAUSAS,0,0,0,0,13:50:00
-73.033815,-36.8087669,3089,8,REGION BIO BIO,8101,CONCEPCION,CAMILO HENRIQUEZ,ALONSO DE RIVERA,0,"Camilo Henríquez 2565, Concepción, Bío Bío, Chile",-36.8087669,-73.033815,1,ROOFTOP,2020,1319898,2020/12/16 00:00:00+00,COLISION,COLISION,URBANA,IMPRUDENCIA DEL CONDUCTOR,CONDUCCION NO ATENTO CONDICIONES TRANSITO MOMENTO,0,0,0,0,12:00:00
-73.0481999,-36.813999,3090,8,REGION BIO BIO,8101,CONCEPCION,PAICAVI,MANUEL RODRIGUEZ,0,"Manuel Rodríguez & Paicaví, Concepción, Bío Bío, Chile",-36.813999,-73.0481999,1,GEOMETRIC_CENTER,2020,1319908,2020/12/18 00:00:00+00,COLISION,COLISION,URBANA,IMPRUDENCIA DEL CONDUCTOR,CONDUCCION NO ATENTO CONDICIONES TRANSITO MOMENTO,0,0,0,0,12:15:00
-73.0256151,-36.9250059,3091,8,REGION BIO BIO,8103,CHIGUAYANTE,MANUEL RODRIGUEZ,CHIGUAY,0,"Chiguay & Avenida Manuel Rodríguez, Chiguayante, Bío Bío, Chile",-36.9250059,-73.0256151,1,GEOMETRIC_CENTER,2020,1319927,2020/12/12 00:00:00+00,CHOQUE FRONTAL,CHOQUE,URBANA,ALCOHOL EN CONDUCTOR,CONDUCCION EN ESTADO DE EBRIEDAD,0,0,0,1,01:05:00
-73.0133095,-36.954699,3092,8,REGION BIO BIO,8103,CHIGUAYANTE,MANUEL RODRIGUEZ,LOS ANDES,0,"Los Andes & Avenida Manuel Rodríguez, Chiguayante, Bío Bío, Chile",-36.954699,-73.0133095,1,GEOMETRIC_CENTER,2020,1319951,2020/12/15 00:00:00+00,COLISION POR ALCANCE,COLISION,URBANA,CAUSAS NO DETERMINADAS,CAUSAS NO DETERMINADAS,0,0,0,0,13:00:00
-73.0400037,-36.8144305,3093,8,REGION BIO BIO,8101,CONCEPCION,MANUEL BULNES,LIENTUR,0,"Lientur & Manuel Bulnes, Concepción, Bío Bío, Chile",-36.8144305,-73.0400037,1,GEOMETRIC_CENTER,2020,1319983,2020/11/23 00:00:00+00,CHOQUE POSTERIOR/FRENTE,CHOQUE,URBANA,CAUSAS NO DETERMINADAS,CAUSAS NO DETERMINADAS,0,0,0,0,08:10:00
-73.0628371,-36.8321898,3094,8,REGION BIO BIO,8101,CONCEPCION,COSTANERA,LOS CARRERA,0,"Costanera, Concepción, Bío Bío, Chile",-36.8321898,-73.0628371,1,GEOMETRIC_CENTER,2020,1319986,2020/11/23 00:00:00+00,CHOQUE LATERAL,CHOQUE,URBANA,CAUSAS NO DETERMINADAS,CAUSAS NO DETERMINADAS,0,0,0,0,03:20:00
-73.041697,-36.8744034,3095,8,REGION BIO BIO,8103,CHIGUAYANTE,COSTANERA,VILLUCO,0,"Av. Costanera, Chiguayante, Bío Bío, Chile",-36.8744034,-73.041697,1,GEOMETRIC_CENTER,2020,1319994,2020/12/16 00:00:00+00,CHOQUE FRONTAL,CHOQUE,URBANA,PERDIDA CONTROL VEHICULO,PERDIDA CONTROL VEHICULO,0,0,0,0,12:15:00
-73.024909,-36.8124253,3096,8,REGION BIO BIO,8101,CONCEPCION,GRAL BONILLA,JOSE MIGUEL GARCIA,0,"José Miguel García & General Bonilla, Concepción, Bío Bío, Chile",-36.8124253,-73.024909,1,GEOMETRIC_CENTER,2020,1320017,2020/11/19 00:00:00+00,COLISION LATERAL,COLISION,URBANA,CAUSAS NO DETERMINADAS,CAUSAS NO DETERMINADAS,0,0,0,0,14:30:00
-73.0554046,-36.8102879,3097,8,REGION BIO BIO,8101,CONCEPCION,JUAN DE DIOS RIVERA,TUCAPEL,0,"Tucapel & Juan de Dios Rivera, Concepción, Bío Bío, Chile",-36.8102879,-73.0554046,1,GEOMETRIC_CENTER,2020,1320030,2020/11/30 00:00:00+00,COLISION LATERAL,COLISION,URBANA,CAUSAS NO DETERMINADAS,CAUSAS NO DETERMINADAS,0,0,0,0,07:50:00
-73.0488183,-36.8104546,3098,8,REGION BIO BIO,8101,CONCEPCION,BRASIL,JANEQUEO,0,"Brasil & Janequeo, Concepción, Bío Bío, Chile",-36.8104546,-73.0488183,1,GEOMETRIC_CENTER,2020,1320067,2020/12/18 00:00:00+00,COLISION,COLISION,URBANA,IMPRUDENCIA DEL CONDUCTOR,CONDUCCION NO ATENTO CONDICIONES TRANSITO MOMENTO,0,0,0,0,20:55:00
-72.2406908,-37.7232166,3099,8,REGION BIO BIO,8305,MULCHEN,UNZUETA, ,820,"Unzueta 820, Mulchen, Negrete, Bío Bío, Chile",-37.7232166,-72.2406908,1,RANGE_INTERPOLATED,2020,1320079,2020/12/16 00:00:00+00,COLISION,COLISION,URBANA,ALCOHOL EN CONDUCTOR,CONDUCCION EN ESTADO DE EBRIEDAD,0,0,0,0,16:40:00
-73.053493,-36.8082983,3100,8,REGION BIO BIO,8101,CONCEPCION,MONTRIU,ONGOLMO,0,"Ongolmo & Hugo Montriou, Concepción, Bío Bío, Chile",-36.8082983,-73.053493,1,GEOMETRIC_CENTER,2020,1320083,2020/12/22 00:00:00+00,COLISION,COLISION,URBANA,OTRAS CAUSAS,OTRAS CAUSAS,0,0,0,0,07:50:00
-73.0355238,-36.8031175,3101,8,REGION BIO BIO,8101,CONCEPCION,BALMACEDA, ,150,"Balmaceda 150, Concepción, Bío Bío, Chile",-36.8031175,-73.0355238,1,ROOFTOP,2020,1320096,2020/12/22 00:00:00+00,CHOQUE,CHOQUE,URBANA,IMPRUDENCIA DEL CONDUCTOR,CONDUCCION NO ATENTO CONDICIONES TRANSITO MOMENTO,0,0,0,0,18:45:00
-73.0521311,-36.8153593,3102,8,REGION BIO BIO,8101,CONCEPCION,MANUEL RODRIGUEZ,TUCAPEL,0,"Tucapel & Manuel Rodríguez, Concepción, Bío Bío, Chile",-36.8153593,-73.0521311,1,GEOMETRIC_CENTER,2020,1320100,2020/12/22 00:00:00+00,COLISION,COLISION,URBANA,IMPRUDENCIA DEL CONDUCTOR,CONDUCCION NO ATENTO CONDICIONES TRANSITO MOMENTO,0,0,0,0,14:00:00
-73.1527368,-37.0838756,3103,8,REGION BIO BIO,8106,LOTA,FERNANDO MAIRA,VISTA HERMOSA,0,"Fernando Maira Nº 580 – A, Sector La Cantera, Lota, Bío Bío, Chile",-37.0838756,-73.1527368,1,GEOMETRIC_CENTER,2020,1320124,2020/12/15 00:00:00+00,ATROPELLO,ATROPELLO,URBANA,ALCOHOL EN PEATON,EBRIEDAD DEL PEATON,0,1,0,0,19:50:00
-73.3146364,-37.2428838,3104,8,REGION BIO BIO,8202,ARAUCO,BLANCO,OHIGGINS,0,"Blanco & OHiggins, Arauco, Bío Bío, Chile",-37.2428838,-73.3146364,1,GEOMETRIC_CENTER,2020,1320239,2020/11/25 00:00:00+00,CHOQUE FRONTAL,CHOQUE,URBANA,IMPRUDENCIA DEL CONDUCTOR,CONDUCIR VEHICULO EN RETROCESO,0,0,0,0,18:00:00
-72.706924,-37.2801605,3105,8,REGION BIO BIO,8304,LAJA,COSTANERA NORTE, ,223,"Costanera Sur, Laja, Bío Bío, Chile",-37.2801605,-72.706924,1,GEOMETRIC_CENTER,2020,1320547,2020/12/15 00:00:00+00,COLISION FRONTAL,COLISION,URBANA,IMPRUDENCIA DEL CONDUCTOR,CONDUCCION CAMBIAR SORPRESIVAMENTE PISTA CIRCULACION,0,1,0,0,17:35:00
-73.3364598,-37.246021,3106,8,REGION BIO BIO,8202,ARAUCO,GRACIELA PUCHEU NEIRA,OMAR GAYOSO SANTIBAÑEZ,0,"Omar Gayoso Santibañez & Graciela Pucheu Neira, Arauco, Bío Bío, Chile",-37.246021,-73.3364598,1,GEOMETRIC_CENTER,2020,1320287,2020/12/04 00:00:00+00,CHOQUE FRONTAL,CHOQUE,URBANA,CAUSAS NO DETERMINADAS,CAUSAS NO DETERMINADAS,0,0,0,0,04:30:00
-73.0937327,-36.7538894,3107,8,REGION BIO BIO,8110,TALCAHUANO,LAS HORTENSIAS, ,122,"Las Hortensias 122, Talcahuano, Bío Bío, Chile",-36.7538894,-73.0937327,1,ROOFTOP,2020,1320459,2020/12/09 00:00:00+00,COLISION LATERAL,COLISION,URBANA,IMPRUDENCIA DEL CONDUCTOR,ADELANTAMIENTO SIN EL ESPACIO O TIEMPO SUFICIENTE,0,0,0,0,10:00:00
-72.3269746,-37.4698022,3108,8,REGION BIO BIO,8301,LOS ANGELES,LAS INDUSTRIAS, ,505,"Av Las Industrias 505, Los Ángeles, Bío Bío, Chile",-37.4698022,-72.3269746,1,RANGE_INTERPOLATED,2020,1275544,2020/03/29 00:00:00+00,IMPACTO CON ANIMAL,OTRO TIPO,URBANA,DEFICIENCIAS VIALES,ANIMALES SUELTOS VIA PUBLICA,0,0,0,0,02:26:00
-72.7113945,-37.2862582,3109,8,REGION BIO BIO,8304,LAJA,PEDRO DE VALDIVIA,LOS RIOS,0,"Avenida Los Ríos Laja, Biobío, Laja, Bío Bío, Chile",-37.2862582,-72.7113945,1,GEOMETRIC_CENTER,2020,1320552,2020/12/16 00:00:00+00,COLISION,COLISION,URBANA,IMPRUDENCIA DEL CONDUCTOR,NO RESPETAR DERECHO PREFERENTE DE PASO A VEHICULO,0,0,0,1,13:20:00
-73.0185694,-36.9405959,3110,8,REGION BIO BIO,8103,CHIGUAYANTE,MANUEL RODRIGUEZ,MANQUIMAVIDA,0,"Manquimávida & Avenida Manuel Rodríguez, Chiguayante, Bío Bío, Chile",-36.9405959,-73.0185694,1,GEOMETRIC_CENTER,2020,1320612,2020/12/20 00:00:00+00,CHOQUE FRENTE/POSTERIOR,CHOQUE,URBANA,ALCOHOL EN CONDUCTOR,CONDUCCION EN ESTADO DE EBRIEDAD,0,0,0,0,21:15:00
-72.3591472,-37.4720441,3111,8,REGION BIO BIO,8301,LOS ANGELES,JOSE MIGUEL INFANTE,RICARDO VICUÑA,0,"Av. Ricardo Vicuña & Jose Miguel Infante, Los Angeles, Los Ángeles, Bío Bío, Chile",-37.4720441,-72.3591472,1,GEOMETRIC_CENTER,2020,1320711,2020/12/07 00:00:00+00,COLISION POR ALCANCE,COLISION,URBANA,IMPRUDENCIA DEL CONDUCTOR,CONDUCCION SIN MANTENER DISTANCIA RAZONABLE NI PRUDENTE,0,0,0,0,14:30:00
-72.3514486,-37.4823527,3112,8,REGION BIO BIO,8301,LOS ANGELES,SAN BERNARDINO,TOMAS DE AQUINO,0,"Bernardo OHiggins 756, Los Angeles, Los Ángeles, Bío Bío, Chile",-37.4823527,-72.3514486,1,ROOFTOP,2020,1320719,2020/12/07 00:00:00+00,VOLCADURA,VOLCADURA,URBANA,IMPRUDENCIA DEL CONDUCTOR,CONDUCCION NO ATENTO CONDICIONES TRANSITO MOMENTO,0,0,0,0,19:05:00