X,Y,FID,COD_REG,REGION,CUT,COMUNA,CALLE_UNO,CALLE_DOS,NUMERO,DIR_GEOCOD,LAT,LNG,VAL_COM,TIPO,Año,Idaccident,Fecha,Tipo_Accid,Tipo__CONA,Zona,Causa__CON,Causa,Fallecidos,Graves,Menos_Grav,Leves,Hora
-72.3282633,-37.4841966,3113,8,REGION BIO BIO,8301,LOS ANGELES,FRANCISCO ENCINA, ,1420,"Av. Francisco Encina 1420, Los Ángeles, Bío Bío, Chile",-37.4841966,-72.3282633,1,RANGE_INTERPOLATED,2020,1320723,2020/12/09 00:00:00+00,COLISION LATERAL,COLISION,URBANA,IMPRUDENCIA DEL CONDUCTOR,CONDUCCION NO ATENTO CONDICIONES TRANSITO MOMENTO,0,0,0,0,10:30:00
-72.3471987,-37.4710082,3114,8,REGION BIO BIO,8301,LOS ANGELES,RENGO,JOSE MANSO DE VELASCO,0,"José Manso de Velasco 221, oficina 606, Los Angeles, Los Ángeles, Bío Bío, Chile",-37.4710082,-72.3471987,1,ROOFTOP,2020,1320728,2020/12/09 00:00:00+00,COLISION LATERAL,COLISION,URBANA,IMPRUDENCIA DEL CONDUCTOR,CONDUCCION NO ATENTO CONDICIONES TRANSITO MOMENTO,0,0,0,0,12:30:00
-72.3697615,-37.4740652,3115,8,REGION BIO BIO,8301,LOS ANGELES,PADRE HURTADO,LAS TRANCAS,0,"Av. Padre Hurtado 258, Los Angeles, Los Ángeles, Bío Bío, Chile",-37.4740652,-72.3697615,1,ROOFTOP,2020,1320760,2020/12/10 00:00:00+00,COLISION LATERAL,COLISION,URBANA,IMPRUDENCIA DEL CONDUCTOR,CONDUCCION NO ATENTO CONDICIONES TRANSITO MOMENTO,0,0,0,0,10:50:00
-72.3624166,-37.4723682,3116,8,REGION BIO BIO,8301,LOS ANGELES,RICARDO VICUÑA,ALCAZAR,0,"Avenida Ricardo Vicuña & Alcázar, Los Angeles, Los Ángeles, Bío Bío, Chile",-37.4723682,-72.3624166,1,GEOMETRIC_CENTER,2020,1320768,2020/12/10 00:00:00+00,COLISION POR ALCANCE,COLISION,URBANA,IMPRUDENCIA DEL CONDUCTOR,CONDUCCION NO ATENTO CONDICIONES TRANSITO MOMENTO,0,0,0,0,15:20:00
-72.3807846,-37.4691501,3117,8,REGION BIO BIO,8301,LOS ANGELES,LOS CARDOS,NAHUELBUTA,0,"Los Cardos & Avenida Nahuelbuta, Los Ángeles, Bío Bío, Chile",-37.4691501,-72.3807846,1,GEOMETRIC_CENTER,2020,1320787,2020/12/06 00:00:00+00,COLISION LATERAL,COLISION,URBANA,IMPRUDENCIA DEL CONDUCTOR,CONDUCCION NO ATENTO CONDICIONES TRANSITO MOMENTO,0,0,0,0,14:50:00
-72.3481875,-37.46622,3118,8,REGION BIO BIO,8301,LOS ANGELES,VILLAGRAN,TUCAPEL,0,"Avenida Tucapel & Villagrán, Los Angeles, Los Ángeles, Bío Bío, Chile",-37.46622,-72.3481875,1,GEOMETRIC_CENTER,2020,1320788,2020/12/10 00:00:00+00,COLISION LATERAL,COLISION,URBANA,IMPRUDENCIA DEL CONDUCTOR,CONDUCCION NO ATENTO CONDICIONES TRANSITO MOMENTO,0,0,0,0,19:30:00
-72.3502611,-37.4605394,3119,8,REGION BIO BIO,8301,LOS ANGELES,OROMPELLO,COLON,0,"Orompello & Colón, Los Angeles, Los Ángeles, Bío Bío, Chile",-37.4605394,-72.3502611,1,GEOMETRIC_CENTER,2020,1320794,2020/12/11 00:00:00+00,COLISION FRONTAL,COLISION,URBANA,IMPRUDENCIA DEL CONDUCTOR,CONDUCCION NO ATENTO CONDICIONES TRANSITO MOMENTO,0,0,0,0,16:45:00
-72.3550077,-37.4810797,3120,8,REGION BIO BIO,8301,LOS ANGELES,VICUÑA MACKENNA,MANUEL RODRIGUEZ,0,"Avenida Vicuña Mackenna & Manuel Rodríguez, Los Angeles, Los Ángeles, Bío Bío, Chile",-37.4810797,-72.3550077,1,GEOMETRIC_CENTER,2020,1320811,2020/12/12 00:00:00+00,CHOQUE FRENTE/POSTERIOR,CHOQUE,URBANA,IMPRUDENCIA DEL CONDUCTOR,CONDUCCION NO ATENTO CONDICIONES TRANSITO MOMENTO,0,0,0,0,00:05:00
-72.325392,-37.5057084,3121,8,REGION BIO BIO,8301,LOS ANGELES,LAS INDUSTRIAS, ,35,"Av Las Industrias 35, Los Ángeles, Bío Bío, Chile",-37.5057084,-72.325392,1,RANGE_INTERPOLATED,2020,1320823,2020/12/14 00:00:00+00,COLISION POR ALCANCE,COLISION,URBANA,IMPRUDENCIA DEL CONDUCTOR,CONDUCCION NO ATENTO CONDICIONES TRANSITO MOMENTO,0,0,0,1,17:40:00
-72.3667295,-37.4607576,3122,8,REGION BIO BIO,8301,LOS ANGELES,OROMPELLO,DON VICTOR,0,"Orompello & Don Víctor, Los Angeles, Los Ángeles, Bío Bío, Chile",-37.4607576,-72.3667295,1,GEOMETRIC_CENTER,2020,1320825,2020/12/14 00:00:00+00,COLISION LATERAL,COLISION,URBANA,IMPRUDENCIA DEL CONDUCTOR,CONDUCCION NO ATENTO CONDICIONES TRANSITO MOMENTO,0,0,0,0,19:35:00
-72.3482262,-37.4628277,3123,8,REGION BIO BIO,8301,LOS ANGELES,JANEQUEO,VILLAGRAN,0,"Janequeo & Villagrán, Los Angeles, Los Ángeles, Bío Bío, Chile",-37.4628277,-72.3482262,1,GEOMETRIC_CENTER,2020,1320827,2020/12/15 00:00:00+00,CHOQUE,CHOQUE,URBANA,IMPRUDENCIA DEL CONDUCTOR,CONDUCCION NO ATENTO CONDICIONES TRANSITO MOMENTO,0,0,0,0,17:00:00
-72.3291868,-37.4843619,3124,8,REGION BIO BIO,8301,LOS ANGELES,FRANCISCO ENCINA,PUERTO ALEGRE,0,"Avenida Francisco Encina & Pto Alegre, Los Ángeles, Bío Bío, Chile",-37.4843619,-72.3291868,1,GEOMETRIC_CENTER,2020,1320835,2020/12/15 00:00:00+00,COLISION FRONTAL,COLISION,URBANA,IMPRUDENCIA DEL CONDUCTOR,CONDUCCION NO ATENTO CONDICIONES TRANSITO MOMENTO,0,0,0,1,21:00:00
-72.3852212,-37.4655858,3125,8,REGION BIO BIO,8301,LOS ANGELES,AURELIO VALENZUELA,PROFE LUZ ALCAZAR,0,"Prof.ª Luz Alcazar & Prof. Aurelio Valenzuela, Los Ángeles, Bío Bío, Chile",-37.4655858,-72.3852212,1,GEOMETRIC_CENTER,2020,1320837,2020/12/17 00:00:00+00,COLISION LATERAL,COLISION,URBANA,IMPRUDENCIA DEL CONDUCTOR,CONDUCCION NO ATENTO CONDICIONES TRANSITO MOMENTO,0,0,0,0,21:20:00
-72.3665778,-37.4607513,3126,8,REGION BIO BIO,8301,LOS ANGELES,OROMPELLO,LOS ALELIES,0,"Orompello & Los Alelies, Los Angeles, Los Ángeles, Bío Bío, Chile",-37.4607513,-72.3665778,1,GEOMETRIC_CENTER,2020,1320839,2020/12/18 00:00:00+00,COLISION LATERAL,COLISION,URBANA,IMPRUDENCIA DEL CONDUCTOR,CONDUCCION NO ATENTO CONDICIONES TRANSITO MOMENTO,0,0,0,0,17:30:00
-73.0581917,-36.8258622,3127,8,REGION BIO BIO,8101,CONCEPCION,LOS CARRERA,HIPOLITO SLAS,0,"Obispo Hipólito Salas & Avenida los Carrera, Concepción, Bío Bío, Chile",-36.8258622,-73.0581917,1,GEOMETRIC_CENTER,2020,1320917,2020/12/23 00:00:00+00,ATROPELLO,ATROPELLO,URBANA,CAUSAS NO DETERMINADAS,CAUSAS NO DETERMINADAS,0,1,0,0,17:30:00
-73.0640296,-36.8066069,3128,8,REGION BIO BIO,8101,CONCEPCION,PASAJE OCHO,ANIBAL PINTO,0,"Pasaje Ocho & Anibal Pinto, Concepción, Bío Bío, Chile",-36.8066069,-73.0640296,1,GEOMETRIC_CENTER,2020,1320953,2020/12/25 00:00:00+00,CHOQUE,CHOQUE,URBANA,ALCOHOL EN CONDUCTOR,CONDUCCION BAJO LA INFLUENCIA DEL ALCOHOL,0,1,0,0,18:56:00
-73.1619739,-36.9997302,3129,8,REGION BIO BIO,8102,CORONEL,MANUEL MONTT,LOS CHIFLONES,0,"Los Chiflones & Avenida Manuel Montt, Coronel, Bío Bío, Chile",-36.9997302,-73.1619739,1,GEOMETRIC_CENTER,2020,1320962,2020/12/11 00:00:00+00,COLISION POR ALCANCE,COLISION,URBANA,IMPRUDENCIA DEL CONDUCTOR,CONDUCCION NO ATENTO CONDICIONES TRANSITO MOMENTO,0,0,0,0,17:00:00
-73.1605787,-37.0026541,3130,8,REGION BIO BIO,8102,CORONEL,MANUEL MONTT,LOS HARNEROS,0,"Avenida Manuel Montt & Los Harneros, Coronel, Bío Bío, Chile",-37.0026541,-73.1605787,1,GEOMETRIC_CENTER,2020,1321000,2020/12/18 00:00:00+00,CHOQUE,CHOQUE,URBANA,IMPRUDENCIA DEL CONDUCTOR,CONDUCCION NO ATENTO CONDICIONES TRANSITO MOMENTO,0,0,0,1,15:15:00
-73.1137246,-36.7816882,3131,8,REGION BIO BIO,8112,HUALPEN,YUGOSLAVIA,GIBRALTAR,0,"Gibraltar & Yugoslavia, Hualpén, Bío Bío, Chile",-36.7816882,-73.1137246,1,GEOMETRIC_CENTER,2020,1321062,2020/12/20 00:00:00+00,COLISION,COLISION,URBANA,DESOBEDIENCIA A SEÑALIZACION,SEÑALIZACION DESOBEDECER SEÑAL PARE,0,0,0,0,05:55:00
-73.1120217,-36.7767578,3132,8,REGION BIO BIO,8112,HUALPEN,GRAN BRETAÑA,LAS GOLONDRINAS,0,"Gran Bretaña & Avenida Las Golondrinas, Hualpén, Bío Bío, Chile",-36.7767578,-73.1120217,1,GEOMETRIC_CENTER,2020,1321104,2020/12/22 00:00:00+00,COLISION,COLISION,URBANA,DESOBEDIENCIA A SEÑALIZACION,SEÑALIZACION DESOBEDECER LUZ ROJA DE SEMAFORO,0,1,0,2,02:35:00
-72.6733042,-37.5037511,3133,8,REGION BIO BIO,8306,NACIMIENTO,ANIBAL PINTO, ,637,"Anibal Pinto 637, Nacimiento, Bío Bío, Chile",-37.5037511,-72.6733042,1,RANGE_INTERPOLATED,2020,1321117,2020/12/02 00:00:00+00,CHOQUE,CHOQUE,URBANA,ALCOHOL EN CONDUCTOR,CONDUCCION EN ESTADO DE EBRIEDAD,0,0,0,0,23:43:00
-72.6675184,-37.5012745,3134,8,REGION BIO BIO,8306,NACIMIENTO,ESTACION, ,300,"Av. Estacion 300, Nacimiento, Bío Bío, Chile",-37.5012745,-72.6675184,1,RANGE_INTERPOLATED,2020,1321137,2020/12/06 00:00:00+00,CHOQUE,CHOQUE,URBANA,ALCOHOL EN CONDUCTOR,CONDUCCION EN ESTADO DE EBRIEDAD,0,0,0,1,09:08:00
-72.6686957,-37.5090991,3135,8,REGION BIO BIO,8306,NACIMIENTO,JULIO HEMMELMANN, ,165,"Av. Julio Hemmelmann 165, Nacimiento, Bío Bío, Chile",-37.5090991,-72.6686957,1,RANGE_INTERPOLATED,2020,1321162,2020/12/13 00:00:00+00,CHOQUE,CHOQUE,URBANA,ALCOHOL EN CONDUCTOR,CONDUCCION EN ESTADO DE EBRIEDAD,0,0,0,0,03:00:00
-73.118738,-36.7868063,3136,8,REGION BIO BIO,8112,HUALPEN,COSTANERA,FINLANDIA,0,"Avenida Costanera & Finlandia, Hualpén, Bío Bío, Chile",-36.7868063,-73.118738,1,GEOMETRIC_CENTER,2020,1321166,2020/12/23 00:00:00+00,COLISION,COLISION,URBANA,IMPRUDENCIA DEL CONDUCTOR,CONDUCCION NO ATENTO CONDICIONES TRANSITO MOMENTO,0,1,0,1,15:30:00
-73.112117,-36.8000857,3137,8,REGION BIO BIO,8112,HUALPEN,COSTANERA,GRAN BRETAÑA,0,"C. la Roda, Hualpén, Bío Bío, Chile",-36.8000857,-73.112117,1,GEOMETRIC_CENTER,2020,1321190,2020/12/26 00:00:00+00,CHOQUE FRENTE/POSTERIOR,CHOQUE,URBANA,IMPRUDENCIA DEL CONDUCTOR,CONDUCCION NO ATENTO CONDICIONES TRANSITO MOMENTO,0,0,0,0,20:53:00
-73.0825166,-36.8024875,3138,8,REGION BIO BIO,8112,HUALPEN,CRISTOBAL COLON,PUERTO SAAVEDRA,0,"Avenida Cristóbal Colón & Pto Saavedra, Hualpén, Bío Bío, Chile",-36.8024875,-73.0825166,1,GEOMETRIC_CENTER,2020,1321231,2020/12/26 00:00:00+00,COLISION,COLISION,URBANA,DESOBEDIENCIA A SEÑALIZACION,SEÑALIZACION DESOBEDECER LUZ ROJA DE SEMAFORO,0,0,0,2,15:20:00
-72.6797209,-37.4997593,3139,8,REGION BIO BIO,8306,NACIMIENTO,SAN MARTIN,GLEISNER,0,"San Martín 1001, Nacimiento, Bío Bío, Chile",-37.4997593,-72.6797209,1,ROOFTOP,2020,1321237,2020/12/13 00:00:00+00,VOLCADURA,VOLCADURA,URBANA,ALCOHOL EN CONDUCTOR,CONDUCCION EN ESTADO DE EBRIEDAD,0,0,0,0,03:15:00
-73.0916288,-36.7813992,3140,8,REGION BIO BIO,8110,TALCAHUANO,LAS GOLONDRINAS, ,428,"Av. Las Golondrinas 428, Talcahuano, Bío Bío, Chile",-36.7813992,-73.0916288,1,RANGE_INTERPOLATED,2020,1321295,2020/12/27 00:00:00+00,CHOQUE FRONTAL,CHOQUE,URBANA,ALCOHOL EN CONDUCTOR,CONDUCCION EN ESTADO DE EBRIEDAD,0,0,0,0,08:30:00
-73.0976831,-36.7747182,3141,8,REGION BIO BIO,8110,TALCAHUANO,LA LIGUA, ,7022,"La Ligua 7022, Talcahuano, Bío Bío, Chile",-36.7747182,-73.0976831,1,RANGE_INTERPOLATED,2020,1321309,2020/12/25 00:00:00+00,ATROPELLO,ATROPELLO,URBANA,IMPRUDENCIA DEL PEATON,PEATON CRUZA CALZADA FORMA SORPRESIVA O DESCUIDADA,0,0,0,1,16:20:00
-72.9928999,-36.7363876,3142,8,REGION BIO BIO,8107,PENCO,EL ROBLE, ,168,"El Roble 168, Penco, Bío Bío, Chile",-36.7363876,-72.9928999,1,RANGE_INTERPOLATED,2020,1321377,2020/12/19 00:00:00+00,CHOQUE LATERAL,CHOQUE,URBANA,IMPRUDENCIA DEL CONDUCTOR,CONDUCCION NO ATENTO CONDICIONES TRANSITO MOMENTO,0,0,0,0,20:37:00
-73.1139874,-36.7939336,3143,8,REGION BIO BIO,8112,HUALPEN,PASAJE DIECISEIS,CALLE NUEVE,0,"C. Nueve & Pje. Dieciséis, Hualpén, Bío Bío, Chile",-36.7939336,-73.1139874,1,GEOMETRIC_CENTER,2020,1321382,2020/12/27 00:00:00+00,COLISION,COLISION,URBANA,IMPRUDENCIA DEL CONDUCTOR,NO RESPETAR DERECHO PREFERENTE DE PASO A PEATON,0,0,0,1,20:30:00
-73.063156,-36.8349005,3144,8,REGION BIO BIO,8101,CONCEPCION,PUENTE CHACABUCO,COSTANERA,0,"Avenida Costanera & Puente Chacabuco, Concepción, Bío Bío, Chile",-36.8349005,-73.063156,1,GEOMETRIC_CENTER,2020,1321388,2020/12/28 00:00:00+00,CHOQUE,CHOQUE,URBANA,IMPRUDENCIA DEL CONDUCTOR,CONDUCCION NO ATENTO CONDICIONES TRANSITO MOMENTO,0,0,0,0,08:46:00
-73.0487224,-36.8232637,3145,8,REGION BIO BIO,8101,CONCEPCION,CASTELLON,MAIPU,0,"Castellón & Maipú, Concepción, Bío Bío, Chile",-36.8232637,-73.0487224,1,GEOMETRIC_CENTER,2020,1321391,2020/12/28 00:00:00+00,CHOQUE,CHOQUE,URBANA,IMPRUDENCIA DEL CONDUCTOR,CONDUCIR VEHICULO EN RETROCESO,0,0,0,0,12:00:00
-73.085192,-36.8170922,3146,8,REGION BIO BIO,8112,HUALPEN,COSTANERA,PUENTE JUAN PABLO II,0,"Puente Juan Pablo II - Río Bío Bío, Coronel, Concepción, Bío Bío, Chile",-36.8170922,-73.085192,1,GEOMETRIC_CENTER,2020,1321429,2020/12/28 00:00:00+00,CHOQUE FRENTE/POSTERIOR,CHOQUE,URBANA,IMPRUDENCIA DEL CONDUCTOR,CONDUCCION NO ATENTO CONDICIONES TRANSITO MOMENTO,0,0,0,0,07:15:00
-73.0252356,-36.8034467,3147,8,REGION BIO BIO,8101,CONCEPCION,RUTA 150,PASAJE 7,0,"Ruta 150 & Pasaje 7, Concepción, Bío Bío, Chile",-36.8034467,-73.0252356,1,GEOMETRIC_CENTER,2020,1321634,2020/12/28 00:00:00+00,CHOQUE,CHOQUE,URBANA,IMPRUDENCIA DEL CONDUCTOR,CONDUCCION NO ATENTO CONDICIONES TRANSITO MOMENTO,0,0,0,0,20:10:00
-73.1339209,-36.8377266,3148,8,REGION BIO BIO,8108,SAN PEDRO DE LA PAZ,SEGUNDA LONGITUDINAL,DANIEL BELMAR,0,"Daniel Belmar & Segunda Longitudinal, San Pedro de la Paz, Bío Bío, Chile",-36.8377266,-73.1339209,1,GEOMETRIC_CENTER,2020,1321743,2020/12/23 00:00:00+00,COLISION POR ALCANCE,COLISION,URBANA,IMPRUDENCIA DEL CONDUCTOR,CONDUCCION NO ATENTO CONDICIONES TRANSITO MOMENTO,0,0,0,0,08:00:00
-72.5616122,-37.1005039,3149,8,REGION BIO BIO,8313,YUMBEL,OHIGGINS, ,620,"OHiggins 620, Yumbel, Bío Bío, Chile",-37.1005039,-72.5616122,1,ROOFTOP,2020,1321854,2020/12/24 00:00:00+00,CHOQUE FRENTE/POSTERIOR,CHOQUE,URBANA,IMPRUDENCIA DEL CONDUCTOR,CONDUCCION NO ATENTO CONDICIONES TRANSITO MOMENTO,0,0,0,0,10:30:00
-72.403303,-37.036268,3150,8,REGION BIO BIO,8303,CABRERO,VIAL,ANIBAL PINTO,0,"Avenida Vial & Anibal Pinto, Cabrero, Bío Bío, Chile",-37.036268,-72.403303,1,GEOMETRIC_CENTER,2020,1321855,2020/12/24 00:00:00+00,ATROPELLO,ATROPELLO,URBANA,IMPRUDENCIA DEL CONDUCTOR,NO RESPETAR DERECHO PREFERENTE DE PASO A PEATON,0,0,0,1,12:45:00
-73.1118692,-36.7773071,3151,8,REGION BIO BIO,8112,HUALPEN,NORUEGA, ,1841,"Noruega 1841, Hualpén, Talcahuano, Bío Bío, Chile",-36.7773071,-73.1118692,1,ROOFTOP,2020,1322053,2020/12/29 00:00:00+00,CHOQUE,CHOQUE,URBANA,CAUSAS NO DETERMINADAS,CAUSAS NO DETERMINADAS,0,0,0,0,09:05:00
-72.3490321,-37.4604933,3152,8,REGION BIO BIO,8301,LOS ANGELES,ALMAGRO,OROMPELLO,0,"Orompello & Almagro, Los Angeles, Los Ángeles, Bío Bío, Chile",-37.4604933,-72.3490321,1,GEOMETRIC_CENTER,2020,1322083,2020/12/19 00:00:00+00,CHOQUE LATERAL,CHOQUE,URBANA,IMPRUDENCIA DEL CONDUCTOR,CONDUCCION NO ATENTO CONDICIONES TRANSITO MOMENTO,0,1,0,0,23:40:00
-72.3523928,-37.4703888,3153,8,REGION BIO BIO,8301,LOS ANGELES,LAUTARO,VALDIVIA,0,"Valdivia & Lautaro, Los Angeles, Los Ángeles, Bío Bío, Chile",-37.4703888,-72.3523928,1,GEOMETRIC_CENTER,2020,1322090,2020/12/20 00:00:00+00,COLISION FRONTAL,COLISION,URBANA,IMPRUDENCIA DEL CONDUCTOR,CONDUCCION NO ATENTO CONDICIONES TRANSITO MOMENTO,0,0,0,1,20:50:00
-72.3481164,-37.4821585,3154,8,REGION BIO BIO,8301,LOS ANGELES,LOS CARRERA,MARIA NOVOA,0,"Avenida Los Carrera & Maria Novoa, Los Angeles, Los Ángeles, Bío Bío, Chile",-37.4821585,-72.3481164,1,GEOMETRIC_CENTER,2020,1322120,2020/12/22 00:00:00+00,COLISION LATERAL,COLISION,URBANA,IMPRUDENCIA DEL CONDUCTOR,CONDUCCION NO ATENTO CONDICIONES TRANSITO MOMENTO,0,0,0,0,18:05:00
-72.3612251,-37.4629159,3155,8,REGION BIO BIO,8301,LOS ANGELES,SOTOMAYOR,SANTIAGO,0,"Los Angeles, Los Ángeles, Bío Bío, Chile",-37.4629159,-72.3612251,1,APPROXIMATE,2020,1322152,2020/12/23 00:00:00+00,CHOQUE FRONTAL,CHOQUE,URBANA,IMPRUDENCIA DEL CONDUCTOR,CONDUCCION NO ATENTO CONDICIONES TRANSITO MOMENTO,0,0,0,0,14:50:00
-72.353686,-37.4662145,3156,8,REGION BIO BIO,8301,LOS ANGELES,TUCAPEL,MENDOZA,0,"Mendoza & Avenida Tucapel, Los Angeles, Los Ángeles, Bío Bío, Chile",-37.4662145,-72.353686,1,GEOMETRIC_CENTER,2020,1322164,2020/12/24 00:00:00+00,COLISION,COLISION,URBANA,IMPRUDENCIA DEL CONDUCTOR,CONDUCCION NO ATENTO CONDICIONES TRANSITO MOMENTO,0,1,0,0,07:50:00
-72.3372723,-37.4670025,3157,8,REGION BIO BIO,8301,LOS ANGELES,COLO COLO,GENARO REYES,0,"Colo Colo & Genaro Reyes, Los Angeles, Los Ángeles, Bío Bío, Chile",-37.4670025,-72.3372723,1,GEOMETRIC_CENTER,2020,1322170,2020/01/24 00:00:00+00,ATROPELLO,ATROPELLO,URBANA,IMPRUDENCIA DEL CONDUCTOR,CONDUCCION NO ATENTO CONDICIONES TRANSITO MOMENTO,0,0,0,0,12:30:00
-72.3612405,-37.4606822,3158,8,REGION BIO BIO,8301,LOS ANGELES,LOS ANGELES,OROMPELLO,0,"Orompello & Avenida Los Angeles, Los Angeles, Los Ángeles, Bío Bío, Chile",-37.4606822,-72.3612405,1,GEOMETRIC_CENTER,2020,1322240,2020/12/25 00:00:00+00,COLISION LATERAL,COLISION,URBANA,IMPRUDENCIA DEL CONDUCTOR,CONDUCCION NO ATENTO CONDICIONES TRANSITO MOMENTO,0,0,0,0,03:05:00
-73.0514764,-36.8098122,3159,8,REGION BIO BIO,8101,CONCEPCION,EJERCITO, ,1261,"Ejército 1261, Concepción, Bío Bío, Chile",-36.8098122,-73.0514764,1,RANGE_INTERPOLATED,2020,1322249,2020/12/29 00:00:00+00,CHOQUE,CHOQUE,URBANA,IMPRUDENCIA DEL CONDUCTOR,CONDUCCION NO ATENTO CONDICIONES TRANSITO MOMENTO,0,0,0,0,14:00:00
-73.0577018,-36.8290963,3160,8,REGION BIO BIO,8101,CONCEPCION,PADRE HURTADO,LAS HERAS,0,"Serrano 540, Concepción, Bío Bío, Chile",-36.8290963,-73.0577018,1,ROOFTOP,2020,1322264,2020/12/29 00:00:00+00,COLISION,COLISION,URBANA,IMPRUDENCIA DEL CONDUCTOR,CONDUCCION NO ATENTO CONDICIONES TRANSITO MOMENTO,0,0,0,1,19:35:00
-72.3637959,-37.4670958,3161,8,REGION BIO BIO,8301,LOS ANGELES,COSTANERA QUILQUE NORTE,LAS MARGARITAS,0,"Las Margaritas & Costanera Quilque Norte, Los Angeles, Los Ángeles, Bío Bío, Chile",-37.4670958,-72.3637959,1,GEOMETRIC_CENTER,2020,1322294,2020/12/26 00:00:00+00,ATROPELLO,ATROPELLO,URBANA,IMPRUDENCIA DEL CONDUCTOR,CONDUCCION NO ATENTO CONDICIONES TRANSITO MOMENTO,0,0,0,0,13:00:00
-72.3385869,-37.4203394,3162,8,REGION BIO BIO,8301,LOS ANGELES,LAS INDUSTRIAS, ,6800,"Av Las Industrias 6800, Los Ángeles, Bío Bío, Chile",-37.4203394,-72.3385869,1,RANGE_INTERPOLATED,2020,1322353,2020/12/29 00:00:00+00,COLISION LATERAL,COLISION,URBANA,IMPRUDENCIA DEL CONDUCTOR,CONDUCCION NO ATENTO CONDICIONES TRANSITO MOMENTO,0,0,0,0,05:20:00
-73.0633856,-36.8254952,3163,8,REGION BIO BIO,8101,CONCEPCION,PADRE ALBERTO HURTADO,ROZAS,0,"Av. Padre Alberto Hurtado & Rozas, Concepción, Bío Bío, Chile",-36.8254952,-73.0633856,1,GEOMETRIC_CENTER,2020,1322295,2020/12/30 00:00:00+00,COLISION,COLISION,URBANA,CAUSAS NO DETERMINADAS,CAUSAS NO DETERMINADAS,0,0,0,0,14:45:00
-72.3618653,-37.4618394,3164,8,REGION BIO BIO,8301,LOS ANGELES,OROMPELLO,LUIS CASTILLO,0,"Regidor Luis Santander, Los Angeles, Los Ángeles, Bío Bío, Chile",-37.4618394,-72.3618653,1,GEOMETRIC_CENTER,2020,1322363,2020/12/30 00:00:00+00,COLISION,COLISION,URBANA,IMPRUDENCIA DEL CONDUCTOR,CONDUCCION NO ATENTO CONDICIONES TRANSITO MOMENTO,0,0,0,1,08:40:00
-72.3482805,-37.472695,3165,8,REGION BIO BIO,8301,LOS ANGELES,LOS CARRERA,RICARDO VICUÑA,0,"Av. Los Carrera & Av. Ricardo Vicuña, Los Angeles, Los Ángeles, Bío Bío, Chile",-37.472695,-72.3482805,1,GEOMETRIC_CENTER,2020,1322326,2020/12/29 00:00:00+00,COLISION PERPENDICULAR,COLISION,URBANA,IMPRUDENCIA DEL CONDUCTOR,CONDUCCION NO ATENTO CONDICIONES TRANSITO MOMENTO,0,0,0,0,11:55:00
-73.1498747,-37.0975081,3166,8,REGION BIO BIO,8106,LOTA,FERNANDO MAIRA,CURVA PABLITO,0,"Laja 101-199, Lota, Bío Bío, Chile",-37.0975081,-73.1498747,1,ROOFTOP,2020,1323127,2020/12/29 00:00:00+00,CHOQUE LATERAL,CHOQUE,URBANA,PERDIDA CONTROL VEHICULO,PERDIDA CONTROL VEHICULO,0,0,0,0,12:10:00
-72.3614921,-37.4802319,3167,8,REGION BIO BIO,8301,LOS ANGELES,VICUÑA MACKENNA, ,0,"Av. Vicuña Mackenna 905, Los Angeles, Los Ángeles, Bío Bío, Chile",-37.4802319,-72.3614921,1,ROOFTOP,2020,1322344,2020/12/07 00:00:00+00,CHOQUE,CHOQUE,URBANA,OTRAS CAUSAS,OTRAS CAUSAS,0,0,0,0,11:15:00
-72.3611368,-37.4692009,3168,8,REGION BIO BIO,8301,LOS ANGELES,LOS ANGELES,COLO COLO,0,"Avenida Los Angeles & Colo Colo, Los Angeles, Los Ángeles, Bío Bío, Chile",-37.4692009,-72.3611368,1,GEOMETRIC_CENTER,2020,1322366,2020/12/30 00:00:00+00,CHOQUE POSTERIOR/FRENTE,CHOQUE,URBANA,IMPRUDENCIA DEL CONDUCTOR,CONDUCCION NO ATENTO CONDICIONES TRANSITO MOMENTO,0,0,0,0,19:40:00
-73.5833821,-37.1492823,3169,8,REGION BIO BIO,8202,ARAUCO,PRINCIPAL,PUNTA LAVAPIE,0,"Punta Lavapie, Arauco, Bío Bío, Chile",-37.1492823,-73.5833821,1,APPROXIMATE,2020,1322437,2020/12/21 00:00:00+00,CHOQUE FRONTAL,CHOQUE,URBANA,PERDIDA CONTROL VEHICULO,PERDIDA CONTROL VEHICULO,0,0,0,0,09:10:00
-71.6743032,-37.328954,3170,8,REGION BIO BIO,8302,ANTUCO,CAMINO INTERIOR,FUNDO SANTA CRISTINA,0,"Antuco, Bío Bío, Chile",-37.328954,-71.6743032,1,APPROXIMATE,2020,1322519,2020/12/28 00:00:00+00,COLISION LATERAL,COLISION,RURAL,IMPRUDENCIA DEL CONDUCTOR,CONDUCCION NO ATENTO CONDICIONES TRANSITO MOMENTO,0,0,0,2,10:15:00
-73.1372597,-36.8522378,3171,8,REGION BIO BIO,8108,SAN PEDRO DE LA PAZ,PASAJE DOCE, ,3440,"Pje. Doce 3440, San Pedro de la Paz, RM, Chile",-36.8522378,-73.1372597,1,ROOFTOP,2020,1322546,2020/12/29 00:00:00+00,CHOQUE POSTERIOR/LADO,CHOQUE,URBANA,IMPRUDENCIA DEL CONDUCTOR,CONDUCCION NO ATENTO CONDICIONES TRANSITO MOMENTO,0,0,0,0,20:00:00