X,Y,FID,COD_REG,REGION,CUT,COMUNA,CALLE_UNO,CALLE_DOS,NUMERO,DIR_GEOCOD,LAT,LNG,VAL_COM,TIPO,Año,Idaccident,Fecha,Tipo_Accid,Tipo__CONA,Zona,Causa__CON,Causa,Fallecidos,Graves,Menos_Grav,Leves,Hora
-73.1137246,-36.7816882,3172,8,REGION BIO BIO,8112,HUALPEN,YUGOSLAVIA,GIBRALTAR,0,"Gibraltar & Yugoslavia, Hualpén, Bío Bío, Chile",-36.7816882,-73.1137246,1,GEOMETRIC_CENTER,2020,1322561,2020/12/30 00:00:00+00,COLISION,COLISION,URBANA,DESOBEDIENCIA A SEÑALIZACION,SEÑALIZACION DESOBEDECER SEÑAL PARE,0,1,0,0,05:55:00
-73.1586108,-37.006705,3173,8,REGION BIO BIO,8102,CORONEL,MANUEL MONTT,HEROES DE LA CONCEPCION,0,"Avenida Manuel Montt & Heroes de la Concepción, Coronel, Bío Bío, Chile",-37.006705,-73.1586108,1,GEOMETRIC_CENTER,2020,1322595,2020/12/17 00:00:00+00,CHOQUE LATERAL,CHOQUE,URBANA,IMPRUDENCIA DEL CONDUCTOR,CONDUCCION NO ATENTO CONDICIONES TRANSITO MOMENTO,0,0,0,0,12:30:00
-73.0492998,-36.824775,3174,8,REGION BIO BIO,8101,CONCEPCION,FREIRE,COLO COLO,0,"Freire & Colo Colo, Concepción, Bío Bío, Chile",-36.824775,-73.0492998,1,GEOMETRIC_CENTER,2020,1322597,2020/12/17 00:00:00+00,COLISION LATERAL,COLISION,URBANA,IMPRUDENCIA DEL CONDUCTOR,CONDUCCION CAMBIAR SORPRESIVAMENTE PISTA CIRCULACION,0,0,0,0,17:50:00
-73.0552162,-36.8277759,3175,8,REGION BIO BIO,8101,CONCEPCION,ANGOL, ,556,"Angol 556, Concepción, Bío Bío, Chile",-36.8277759,-73.0552162,1,ROOFTOP,2020,1322603,2020/12/18 00:00:00+00,COLISION PERPENDICULAR,COLISION,URBANA,IMPRUDENCIA DEL CONDUCTOR,CONDUCIR VEHICULO EN RETROCESO,0,0,0,0,11:30:00
-73.0528123,-36.8436936,3176,8,REGION BIO BIO,8101,CONCEPCION,SARGENTO ALDEA,PEDRO DE VALDIVIA,0,"Av. Pedro de Valdivia & Sgto. Aldea, Concepción, Bío Bío, Chile",-36.8436936,-73.0528123,1,GEOMETRIC_CENTER,2020,1322614,2020/12/18 00:00:00+00,ATROPELLO,ATROPELLO,URBANA,IMPRUDENCIA DEL CONDUCTOR,NO RESPETAR DERECHO PREFERENTE DE PASO A PEATON,0,1,0,0,14:00:00
-73.0061817,-36.8287084,3177,8,REGION BIO BIO,8101,CONCEPCION,CAMINO NONGUEN,CALLE UNO,0,"C. 1 & Cam. Nonguén, Concepción, Bío Bío, Chile",-36.8287084,-73.0061817,1,GEOMETRIC_CENTER,2020,1322616,2020/12/18 00:00:00+00,COLISION PERPENDICULAR,COLISION,URBANA,ALCOHOL EN CONDUCTOR,CONDUCCION EN ESTADO DE EBRIEDAD,0,0,0,1,16:40:00
-73.0494048,-36.8221863,3178,8,REGION BIO BIO,8101,CONCEPCION,LOS CARRERA,CASTELLON,0,"Avenida los Carrera & Castellón, Concepción, Bío Bío, Chile",-36.8221863,-73.0494048,1,GEOMETRIC_CENTER,2020,1322622,2020/12/19 00:00:00+00,COLISION PERPENDICULAR,COLISION,URBANA,IMPRUDENCIA DEL CONDUCTOR,CONDUCCION NO ATENTO CONDICIONES TRANSITO MOMENTO,0,0,0,0,12:30:00
-72.3612251,-37.4629159,3179,8,REGION BIO BIO,8301,LOS ANGELES,LOS ANGELES, ,313,"Los Angeles, Los Ángeles, Bío Bío, Chile",-37.4629159,-72.3612251,1,APPROXIMATE,2020,1322660,2020/12/31 00:00:00+00,CHOQUE FRONTAL,CHOQUE,URBANA,IMPRUDENCIA DEL CONDUCTOR,CONDUCCION NO ATENTO CONDICIONES TRANSITO MOMENTO,0,0,0,0,00:45:00
-73.0185694,-36.9405959,3180,8,REGION BIO BIO,8103,CHIGUAYANTE,MANUEL RODRIGUEZ,MANQUIMAVIDA,0,"Manquimávida & Avenida Manuel Rodríguez, Chiguayante, Bío Bío, Chile",-36.9405959,-73.0185694,1,GEOMETRIC_CENTER,2020,1322882,2020/12/20 00:00:00+00,CHOQUE FRENTE/POSTERIOR,CHOQUE,URBANA,ALCOHOL EN CONDUCTOR,CONDUCCION EN ESTADO DE EBRIEDAD,0,0,0,0,23:25:00
-73.0417691,-36.8189691,3181,8,REGION BIO BIO,8101,CONCEPCION,LAUTARO,LOS CARRERA,0,"Lautaro & Avenida los Carrera, Concepción, Bío Bío, Chile",-36.8189691,-73.0417691,1,GEOMETRIC_CENTER,2020,1322929,2020/12/21 00:00:00+00,COLISION PERPENDICULAR,COLISION,URBANA,DESOBEDIENCIA A SEÑALIZACION,SEÑALIZACION DESOBEDECER LUZ INTERMITENTE SEMAFORO,0,0,0,2,10:45:00
-73.0936229,-36.7426166,3182,8,REGION BIO BIO,8110,TALCAHUANO,HIGUERAS,IQUIQUE,0,"Higueras & Iquique, Talcahuano, Bío Bío, Chile",-36.7426166,-73.0936229,1,GEOMETRIC_CENTER,2020,1322940,2020/12/30 00:00:00+00,COLISION LATERAL,COLISION,URBANA,IMPRUDENCIA DEL CONDUCTOR,NO RESPETAR DERECHO PREFERENTE DE PASO A VEHICULO,0,1,0,0,14:00:00
-73.0222046,-36.9323468,3183,8,REGION BIO BIO,8103,CHIGUAYANTE,MANUEL RODRIGUEZ,CALLE NUEVA,0,"C. Nueva & Av. Manuel Rodríguez, Chiguayante, Bío Bío, Chile",-36.9323468,-73.0222046,1,GEOMETRIC_CENTER,2020,1322955,2020/12/06 00:00:00+00,COLISION POR ALCANCE,COLISION,URBANA,CAUSAS NO DETERMINADAS,CAUSAS NO DETERMINADAS,0,0,0,0,19:35:00
-73.0481127,-36.8216544,3184,8,REGION BIO BIO,8101,CONCEPCION,TUCAPEL,LOS CARRERA,0,"Tucapel & Avenida los Carrera, Concepción, Bío Bío, Chile",-36.8216544,-73.0481127,1,GEOMETRIC_CENTER,2020,1322969,2020/12/22 00:00:00+00,COLISION PERPENDICULAR,COLISION,URBANA,DESOBEDIENCIA A SEÑALIZACION,SEÑALIZACION DESOBEDECER LUZ ROJA DE SEMAFORO,0,0,0,0,12:50:00
-73.025961,-36.9242444,3185,8,REGION BIO BIO,8103,CHIGUAYANTE,MANUEL RODRIGUEZ,LUIS ACEVEDO,0,"Luis Acevedo & Avenida Manuel Rodríguez, Chiguayante, Bío Bío, Chile",-36.9242444,-73.025961,1,GEOMETRIC_CENTER,2020,1323001,2020/12/22 00:00:00+00,COLISION LATERAL,COLISION,URBANA,CAUSAS NO DETERMINADAS,CAUSAS NO DETERMINADAS,0,0,0,0,18:40:00
-73.0379937,-36.8175127,3186,8,REGION BIO BIO,8101,CONCEPCION,LOS CARRERA,LIENTUR,0,"Lientur & Avenida los Carrera, Concepción, Bío Bío, Chile",-36.8175127,-73.0379937,1,GEOMETRIC_CENTER,2020,1323028,2020/12/24 00:00:00+00,CHOQUE POSTERIOR,CHOQUE,URBANA,IMPRUDENCIA DEL CONDUCTOR,CONDUCCION SIN MANTENER DISTANCIA RAZONABLE NI PRUDENTE,0,0,0,0,11:45:00
-73.0279577,-36.9199148,3187,8,REGION BIO BIO,8103,CHIGUAYANTE,EMILIO ROJAS,MIGUEL GRAU,0,"Miguel Grau & Emilio Rojas, Chiguayante, Bío Bío, Chile",-36.9199148,-73.0279577,1,GEOMETRIC_CENTER,2020,1323031,2020/12/28 00:00:00+00,CHOQUE POSTERIOR/FRENTE,CHOQUE,URBANA,CAUSAS NO DETERMINADAS,CAUSAS NO DETERMINADAS,0,0,0,0,21:15:00
-73.0423048,-36.8282607,3188,8,REGION BIO BIO,8101,CONCEPCION,OROMPELLO,CHACABUCO,0,"Avenida Chacabuco & Orompello, Concepción, Bío Bío, Chile",-36.8282607,-73.0423048,1,GEOMETRIC_CENTER,2020,1323035,2020/12/24 00:00:00+00,COLISION PERPENDICULAR,COLISION,URBANA,DESOBEDIENCIA A SEÑALIZACION,SEÑALIZACION DESOBEDECER LUZ ROJA DE SEMAFORO,0,0,0,2,11:45:00
-73.0403965,-36.8267644,3189,8,REGION BIO BIO,8101,CONCEPCION,DIAGONAL PEDRO AGUIRRE CERDA,PLAZA PERU,0,"Diag. Pedro Aguirre Cerda & Pl. Perú, Concepción, Bío Bío, Chile",-36.8267644,-73.0403965,1,GEOMETRIC_CENTER,2020,1323042,2020/12/25 00:00:00+00,CHOQUE FRONTAL,CHOQUE,URBANA,ALCOHOL EN CONDUCTOR,CONDUCCION EN ESTADO DE EBRIEDAD,0,0,0,0,20:50:00
-73.0365151,-36.8918814,3190,8,REGION BIO BIO,8103,CHIGUAYANTE,COSTANERA, ,1945,"Av. Costanera, Chiguayante, Bío Bío, Chile",-36.8918814,-73.0365151,1,GEOMETRIC_CENTER,2020,1323044,2020/12/30 00:00:00+00,COLISION PERPENDICULAR,COLISION,URBANA,IMPRUDENCIA DEL CONDUCTOR,VIRAJES INDEBIDOS,0,0,0,1,14:00:00
-73.0670897,-36.7965501,3191,8,REGION BIO BIO,8110,TALCAHUANO,JORGE ALESSANDRI PALMA, ,5001,"Av. Pdte. Jorge Alessandri Rodriguez, Talcahuano, Bío Bío, Chile",-36.7965501,-73.0670897,1,GEOMETRIC_CENTER,2020,1323045,2020/12/27 00:00:00+00,VOLCADURA,VOLCADURA,URBANA,PERDIDA CONTROL VEHICULO,PERDIDA CONTROL VEHICULO,0,1,0,0,20:35:00
-73.0051421,-36.8360177,3192,8,REGION BIO BIO,8101,CONCEPCION,EL ESTANQUE, ,22,"Estanque 22, Concepción, Bío Bío, Chile",-36.8360177,-73.0051421,1,RANGE_INTERPOLATED,2020,1323046,2020/12/26 00:00:00+00,CHOQUE POSTERIOR,CHOQUE,URBANA,IMPRUDENCIA DEL CONDUCTOR,CONDUCCION NO ATENTO CONDICIONES TRANSITO MOMENTO,0,0,0,0,18:57:00
-73.0916712,-36.7548823,3193,8,REGION BIO BIO,8110,TALCAHUANO,GOMEZ CARREÑO,BUZO SOBONE,0,"Gómez Carreño 4763, Talcahuano, Bío Bío, Chile",-36.7548823,-73.0916712,1,ROOFTOP,2020,1323050,2020/12/28 00:00:00+00,COLISION LATERAL,COLISION,URBANA,DESOBEDIENCIA A SEÑALIZACION,SEÑALIZACION DESOBEDECER SEÑAL CEDA EL PASO,0,1,0,0,11:45:00
-73.014676,-36.9434227,3194,8,REGION BIO BIO,8103,CHIGUAYANTE,COQUIMBO, ,240,"Coquimbo 240, Chiguayante, Bío Bío, Chile",-36.9434227,-73.014676,1,RANGE_INTERPOLATED,2020,1323063,2020/12/28 00:00:00+00,CHOQUE LADO/LADO,CHOQUE,URBANA,ALCOHOL EN CONDUCTOR,CONDUCCION EN ESTADO DE EBRIEDAD,0,0,0,0,00:05:00
-73.0918954,-36.757391,3195,8,REGION BIO BIO,8110,TALCAHUANO,LAS HORTENSIAS,LAS AMAPOLAS,0,"Las Hortensias & Las Amapolas, Talcahuano, Bío Bío, Chile",-36.757391,-73.0918954,1,GEOMETRIC_CENTER,2020,1323072,2020/12/28 00:00:00+00,COLISION LATERAL,COLISION,URBANA,DESOBEDIENCIA A SEÑALIZACION,SEÑALIZACION DESOBEDECER LUZ ROJA DE SEMAFORO,0,0,0,1,14:00:00
-73.120802,-36.7235583,3196,8,REGION BIO BIO,8110,TALCAHUANO,ESPAÑA, ,499,"España 499, Talcahuano, Bío Bío, Chile",-36.7235583,-73.120802,1,RANGE_INTERPOLATED,2020,1323075,2020/12/28 00:00:00+00,COLISION LATERAL,COLISION,URBANA,IMPRUDENCIA DEL CONDUCTOR,VIRAJES INDEBIDOS,0,0,0,1,18:40:00
-73.0558619,-36.8328543,3197,8,REGION BIO BIO,8101,CONCEPCION,COCHRANE, ,66,"Cochrane 66, Concepción, Bío Bío, Chile",-36.8328543,-73.0558619,1,ROOFTOP,2020,1323125,2020/12/31 00:00:00+00,COLISION POR ALCANCE,COLISION,URBANA,IMPRUDENCIA DEL CONDUCTOR,CONDUCCION SIN MANTENER DISTANCIA RAZONABLE NI PRUDENTE,0,0,0,0,12:35:00
-73.0667282,-36.7720839,3198,8,REGION BIO BIO,8110,TALCAHUANO,CALLE I,CALLE B,0,"C. I & C. B, Talcahuano, Bío Bío, Chile",-36.7720839,-73.0667282,1,GEOMETRIC_CENTER,2020,1323133,2020/12/30 00:00:00+00,COLISION LATERAL,COLISION,URBANA,DESOBEDIENCIA A SEÑALIZACION,SEÑALIZACION DESOBEDECER SEÑAL PARE,0,0,0,1,21:50:00
-73.0916288,-36.7813992,3199,8,REGION BIO BIO,8110,TALCAHUANO,LAS GOLONDRINAS, ,428,"Av. Las Golondrinas 428, Talcahuano, Bío Bío, Chile",-36.7813992,-73.0916288,1,RANGE_INTERPOLATED,2020,1323163,2020/12/27 00:00:00+00,CHOQUE FRENTE/POSTERIOR,CHOQUE,URBANA,ALCOHOL EN CONDUCTOR,CONDUCCION EN ESTADO DE EBRIEDAD,0,0,0,0,09:00:00
-73.031581,-36.9254556,3200,8,REGION BIO BIO,8103,CHIGUAYANTE,LUIS ACEVEDO, ,399,"Luis Acevedo 399, Chiguayante, Bío Bío, Chile",-36.9254556,-73.031581,1,RANGE_INTERPOLATED,2020,1323170,2020/12/31 00:00:00+00,ATROPELLO,ATROPELLO,URBANA,CAUSAS NO DETERMINADAS,CAUSAS NO DETERMINADAS,0,0,1,1,11:55:00
-72.9328736,-36.969697,3201,8,REGION BIO BIO,8105,HUALQUI,LOS ACACIOS,EL AGUILA,0,"Los Acacios, Hualqui, Bío Bío, Chile",-36.969697,-72.9328736,1,GEOMETRIC_CENTER,2020,1323180,2020/12/04 00:00:00+00,COLISION LATERAL,COLISION,URBANA,CAUSAS NO DETERMINADAS,CAUSAS NO DETERMINADAS,0,1,0,0,12:40:00
-73.1592601,-36.9933467,3202,8,REGION BIO BIO,8102,CORONEL,OSCAR LIZAMA, ,1068,"Oscar Lizama 1068, Coronel, Bío Bío, Chile",-36.9933467,-73.1592601,1,RANGE_INTERPOLATED,2020,1323409,2020/12/20 00:00:00+00,ATROPELLO,ATROPELLO,URBANA,IMPRUDENCIA DEL PEATON,PEATON CRUZA CALZADA FORMA SORPRESIVA O DESCUIDADA,0,0,1,0,17:30:00
-72.9325642,-36.9753433,3203,8,REGION BIO BIO,8105,HUALQUI,RAMON FREIRE,SERRANO,0,"Ramon Freire & Ignacio Serrano, Hualqui, Bío Bío, Chile",-36.9753433,-72.9325642,1,GEOMETRIC_CENTER,2020,1323496,2020/01/19 00:00:00+00,CHOQUE FRONTAL,CHOQUE,URBANA,PERDIDA CONTROL VEHICULO,PERDIDA CONTROL VEHICULO,0,0,0,0,06:45:00
-72.9538994,-36.9623248,3204,8,REGION BIO BIO,8105,HUALQUI,LA ARAUCANA,LA CUESTA,0,"La Cuesta, Hualqui, Bío Bío, Chile",-36.9623248,-72.9538994,1,GEOMETRIC_CENTER,2020,1323501,2020/01/16 00:00:00+00,VOLCADURA,VOLCADURA,URBANA,PERDIDA CONTROL VEHICULO,PERDIDA CONTROL VEHICULO,0,0,0,1,11:50:00
-72.9396153,-36.9745468,3205,8,REGION BIO BIO,8105,HUALQUI,LA CONCEPCION,DIEGO PORTALES,0,"Portales 236, Hualqui, Bío Bío, Chile",-36.9745468,-72.9396153,1,ROOFTOP,2020,1323508,2020/01/01 00:00:00+00,COLISION PERPENDICULAR,COLISION,URBANA,DESOBEDIENCIA A SEÑALIZACION,SEÑALIZACION DESOBEDECER SEÑAL CEDA EL PASO,0,0,0,0,20:25:00
-72.9353704,-36.9658282,3206,8,REGION BIO BIO,8105,HUALQUI,MAQUEUTO, ,2,"Maqueuto, Hualqui, Bío Bío, Chile",-36.9658282,-72.9353704,1,GEOMETRIC_CENTER,2020,1323519,2020/01/01 00:00:00+00,COLISION FRONTAL,COLISION,RURAL,ALCOHOL EN CONDUCTOR,CONDUCCION EN ESTADO DE EBRIEDAD,0,0,0,1,04:40:00
-72.9405057,-36.975353,3207,8,REGION BIO BIO,8105,HUALQUI,PATRICIO LYNCH,RAMON FREIRE,0,"Ramon Freire & Patricio Lynch, Hualqui, Bío Bío, Chile",-36.975353,-72.9405057,1,GEOMETRIC_CENTER,2020,1323525,2020/01/25 00:00:00+00,COLISION LATERAL,COLISION,URBANA,CAUSAS NO DETERMINADAS,CAUSAS NO DETERMINADAS,0,0,0,0,23:00:00
-73.0979328,-36.8639343,3208,8,REGION BIO BIO,8108,SAN PEDRO DE LA PAZ,GEORGE KNGHT,WILLIAMS,0,"Av. William Condon & Av. George Knight, San Pedro de la Paz, Bío Bío, Chile",-36.8639343,-73.0979328,1,GEOMETRIC_CENTER,2020,1323561,2020/12/28 00:00:00+00,ATROPELLO,ATROPELLO,URBANA,IMPRUDENCIA DEL CONDUCTOR,NO RESPETAR DERECHO PREFERENTE DE PASO A PEATON,0,0,0,1,10:00:00
-73.3178224,-37.248037,3209,8,REGION BIO BIO,8202,ARAUCO,COVADONGA,CAUPOLICAN,0,"Caupolicán & Covadonga, Arauco, Bío Bío, Chile",-37.248037,-73.3178224,1,GEOMETRIC_CENTER,2020,1323568,2020/12/30 00:00:00+00,COLISION LATERAL,COLISION,URBANA,IMPRUDENCIA DEL CONDUCTOR,CONDUCCION NO ATENTO CONDICIONES TRANSITO MOMENTO,0,0,0,1,20:35:00
-72.9409217,-36.9804629,3210,8,REGION BIO BIO,8105,HUALQUI,PATRICIO LYNCH, ,257,"Patricio Lynch 257, Hualqui, Bío Bío, Chile",-36.9804629,-72.9409217,1,RANGE_INTERPOLATED,2020,1323627,2020/03/17 00:00:00+00,CHOQUE FRENTE/POSTERIOR,CHOQUE,URBANA,CAUSAS NO DETERMINADAS,CAUSAS NO DETERMINADAS,0,0,0,2,14:50:00
-72.9368437,-36.9737875,3211,8,REGION BIO BIO,8105,HUALQUI,CHILE, ,447,"Hualqui, Bío Bío, Chile",-36.9737875,-72.9368437,1,APPROXIMATE,2020,1323726,2020/03/21 00:00:00+00,COLISION PERPENDICULAR,COLISION,URBANA,OTRAS CAUSAS,OTRAS CAUSAS,0,0,0,0,18:00:00
-72.9538994,-36.9623248,3212,8,REGION BIO BIO,8105,HUALQUI,LA ARAUCANA,LA CUESTA,0,"La Cuesta, Hualqui, Bío Bío, Chile",-36.9623248,-72.9538994,1,GEOMETRIC_CENTER,2020,1323781,2020/04/02 00:00:00+00,CHOQUE FRONTAL,CHOQUE,URBANA,ALCOHOL EN CONDUCTOR,CONDUCCION EN ESTADO DE EBRIEDAD,0,0,0,0,21:20:00
-72.934377,-36.9709546,3213,8,REGION BIO BIO,8105,HUALQUI,BOMBERO PERRET, ,135,"Bombero Perret 135, Hualqui, Bío Bío, Chile",-36.9709546,-72.934377,1,RANGE_INTERPOLATED,2020,1323799,2020/04/19 00:00:00+00,COLISION POR ALCANCE,COLISION,URBANA,ALCOHOL EN CONDUCTOR,CONDUCCION EN ESTADO DE EBRIEDAD,0,1,0,1,20:40:00
-73.1449619,-37.0315468,3214,8,REGION BIO BIO,8102,CORONEL,MANUEL MONTT,SAN FRANCISCO,0,"Av. Manuel Montt 925, Coronel, Bío Bío, Chile",-37.0315468,-73.1449619,1,ROOFTOP,2020,1283770,2020/05/16 00:00:00+00,CHOQUE FRONTAL,CHOQUE,URBANA,ALCOHOL EN CONDUCTOR,CONDUCCION EN ESTADO DE EBRIEDAD,0,0,0,1,21:50:00
-73.1076571,-36.8381514,3215,8,REGION BIO BIO,8108,SAN PEDRO DE LA PAZ,PEDRO AGUIRRE CERDA,LOS CLAVELES,0,"Av Pedro Aguirre Cerda - Av San Pedro, San Pedro de la Paz, Bío Bío, Chile",-36.8381514,-73.1076571,1,GEOMETRIC_CENTER,2020,1307698,2020/10/24 00:00:00+00,COLISION LATERAL,COLISION,URBANA,IMPRUDENCIA DEL CONDUCTOR,CONDUCCION NO ATENTO CONDICIONES TRANSITO MOMENTO,0,0,0,0,14:30:00
-73.0927057,-36.7505918,3216,8,REGION BIO BIO,8110,TALCAHUANO,CRISTOABL COLON, ,3817,"Gómez Carreño 3817, Talcahuano, Bío Bío, Chile",-36.7505918,-73.0927057,1,ROOFTOP,2020,1318871,2020/12/15 00:00:00+00,COLISION LATERAL,COLISION,URBANA,IMPRUDENCIA DEL CONDUCTOR,CONDUCCION SIN MANTENER DISTANCIA RAZONABLE NI PRUDENTE,0,1,0,1,10:20:00
-72.3482511,-37.4805579,3217,8,REGION BIO BIO,8301,LOS ANGELES,LOS CARRERA, ,670,"Av. Los Carrera 670, Los Angeles, Los Ángeles, Bío Bío, Chile",-37.4805579,-72.3482511,1,RANGE_INTERPOLATED,2020,1259116,2020/01/24 00:00:00+00,COLISION POR ALCANCE,COLISION,URBANA,IMPRUDENCIA DEL CONDUCTOR,CONDUCCION NO ATENTO CONDICIONES TRANSITO MOMENTO,0,0,0,1,22:00:00
-73.0411017,-36.8251994,3218,8,REGION BIO BIO,8101,CONCEPCION,PAICAVI, ,301,"Paicaví 301, Concepción, Bío Bío, Chile",-36.8251994,-73.0411017,1,RANGE_INTERPOLATED,2020,1322285,2020/12/23 00:00:00+00,COLISION,COLISION,URBANA,CAUSAS NO DETERMINADAS,CAUSAS NO DETERMINADAS,0,0,0,0,12:45:00
-73.0436564,-36.8197164,3219,8,REGION BIO BIO,8101,CONCEPCION,PAICAVI,LOS CARRERA,0,"Los Carrera - Paicaví, Concepción, Bío Bío, Chile",-36.8197164,-73.0436564,1,GEOMETRIC_CENTER,2020,1259624,2020/01/24 00:00:00+00,COLISION PERPENDICULAR,COLISION,URBANA,DEFICIENCIAS VIALES,SEÑALIZACION SEMAFORO MAL ESTADO O DEFICIENTE,0,0,0,3,11:50:00
-73.0905779,-36.7541525,3220,8,REGION BIO BIO,8110,TALCAHUANO,CALLE 1, ,63,"C. Uno 63, Talcahuano, Bío Bío, Chile",-36.7541525,-73.0905779,1,ROOFTOP,2020,1296294,2020/08/19 00:00:00+00,CHOQUE FRENTE/LADO,CHOQUE,URBANA,PERDIDA CONTROL VEHICULO,PERDIDA CONTROL VEHICULO,0,0,0,0,13:00:00
-72.8923008,-36.7920111,3221,8,REGION BIO BIO,8101,CONCEPCION,LAS PATAGUAS, ,900,"Las Pataguas, Penco, Bío Bío, Chile",-36.7920111,-72.8923008,2,APPROXIMATE,2020,1276842,2020/04/13 00:00:00+00,VOLCADURA,VOLCADURA,URBANA,PERDIDA CONTROL VEHICULO,PERDIDA CONTROL VEHICULO,0,0,1,6,17:00:00
-73.0523494,-36.7768158,3222,8,REGION BIO BIO,8101,CONCEPCION,TIERRAS COLORADAS, ,450,"Av. Tierras Coloradas, Concepción, Bío Bío, Chile",-36.7768158,-73.0523494,2,GEOMETRIC_CENTER,2020,1282033,2020/05/14 00:00:00+00,COLISION LATERAL,COLISION,URBANA,IMPRUDENCIA DEL CONDUCTOR,CONDUCCION NO ATENTO CONDICIONES TRANSITO MOMENTO,0,0,0,0,08:30:00
-73.1155917,-36.7758021,3223,8,REGION BIO BIO,8112,HUALPEN,COSTANERA,CAMINO LENGA,0,"Av. Costanera & Cam. A Lenga, Hualpén, Bío Bío, Chile",-36.7758021,-73.1155917,2,GEOMETRIC_CENTER,2020,1286481,2020/06/23 00:00:00+00,CHOQUE FRENTE/POSTERIOR,CHOQUE,URBANA,IMPRUDENCIA DEL CONDUCTOR,CONDUCCION NO ATENTO CONDICIONES TRANSITO MOMENTO,0,0,0,1,13:55:00
-73.0515564,-36.8542589,3224,8,REGION BIO BIO,8103,CHIGUAYANTE,COSTANERA, ,6000,"Av. Costanera 6000, Concepción, Bío Bío, Chile",-36.8542589,-73.0515564,1,RANGE_INTERPOLATED,2020,1255189,2020/01/06 00:00:00+00,CHOQUE FRENTE/POSTERIOR,CHOQUE,URBANA,IMPRUDENCIA DEL CONDUCTOR,CONDUCCION NO ATENTO CONDICIONES TRANSITO MOMENTO,1,1,0,5,17:45:00
-73.0285553,-36.8041943,3225,8,REGION BIO BIO,8101,CONCEPCION,SANTA CLARA, ,329,"Sta. Clara 329, Concepción, Bío Bío, Chile",-36.8041943,-73.0285553,1,ROOFTOP,2020,1260704,2020/01/02 00:00:00+00,CHOQUE LADO/LADO,CHOQUE,URBANA,OTRAS CAUSAS,OTRAS CAUSAS,0,0,0,0,16:38:00
-73.085192,-36.8170922,3226,8,REGION BIO BIO,8112,HUALPEN,COSTANERA,JUAN PABLO II,0,"Puente Juan Pablo II - Río Bío Bío, Coronel, Concepción, Bío Bío, Chile",-36.8170922,-73.085192,1,GEOMETRIC_CENTER,2020,1257562,2020/01/14 00:00:00+00,CHOQUE,CHOQUE,URBANA,PERDIDA CONTROL VEHICULO,PERDIDA CONTROL VEHICULO,0,0,0,1,07:45:00
-73.1242932,-36.7727499,3227,8,REGION BIO BIO,8112,HUALPEN,LENGA,CAMINO A LENGA,0,"Cam. A Lenga, Hualpén, Bío Bío, Chile",-36.7727499,-73.1242932,2,GEOMETRIC_CENTER,2020,1307927,2020/10/30 00:00:00+00,COLISION,COLISION,URBANA,IMPRUDENCIA DEL CONDUCTOR,CONDUCCION NO ATENTO CONDICIONES TRANSITO MOMENTO,0,0,0,0,16:00:00
-72.4380466,-37.0829129,3228,8,REGION BIO BIO,8303,CABRERO,JOSE MARIA ECHEVERRIA, ,57,"José María Echeverría, Monte Aguila, Cabrero, Bío Bío, Chile",-37.0829129,-72.4380466,1,GEOMETRIC_CENTER,2020,1257801,2020/01/11 00:00:00+00,CHOQUE FRONTAL,CHOQUE,URBANA,ALCOHOL EN CONDUCTOR,CONDUCCION EN ESTADO DE EBRIEDAD,0,0,0,0,23:55:00
-72.3264248,-37.4659196,3229,8,REGION BIO BIO,8301,LOS ANGELES,LAS INDUSTRIAS, ,8325,"Av Las Industrias 8325, Los Ángeles, Bío Bío, Chile",-37.4659196,-72.3264248,1,RANGE_INTERPOLATED,2020,1256294,2020/01/05 00:00:00+00,CHOQUE FRONTAL,CHOQUE,URBANA,PERDIDA CONTROL VEHICULO,PERDIDA CONTROL VEHICULO,0,1,0,0,02:50:00
-72.4338406,-37.0830562,3230,8,REGION BIO BIO,8303,CABRERO,INES DE SUAREZ, ,19,"Ines de Suárez, Monte Aguila, Cabrero, Bío Bío, Chile",-37.0830562,-72.4338406,1,GEOMETRIC_CENTER,2020,1257830,2020/01/18 00:00:00+00,COLISION LATERAL,COLISION,URBANA,ALCOHOL EN CONDUCTOR,CONDUCCION EN ESTADO DE EBRIEDAD,0,0,0,2,23:47:00
-72.9576261,-36.619007,3231,8,REGION BIO BIO,8111,TOME,IGNACIO SERRANO,MANUEL MONTT,0,"Manuel Montt & Ignacio Serrano, Tome, Tomé, Bío Bío, Chile",-36.619007,-72.9576261,1,GEOMETRIC_CENTER,2020,1316840,2020/12/07 00:00:00+00,ATROPELLO,ATROPELLO,URBANA,IMPRUDENCIA DEL PEATON,PEATON CRUZA CALZADA FORMA SORPRESIVA O DESCUIDADA,0,0,0,1,14:45:00
-73.0856174,-36.7987522,3232,8,REGION BIO BIO,8112,HUALPEN,OHIGGINS,CRISTOBAL COLON,0,"Cristobal Colon - Av Los Copihues, Hualpén, Bío Bío, Chile",-36.7987522,-73.0856174,1,GEOMETRIC_CENTER,2020,1256510,2020/01/08 00:00:00+00,CHOQUE,CHOQUE,URBANA,PERDIDA CONTROL VEHICULO,PERDIDA CONTROL VEHICULO,0,0,0,1,09:20:00