X,Y,FID,COD_REG,REGION,CUT,COMUNA,CALLE_UNO,CALLE_DOS,NUMERO,DIR_GEOCOD,LAT,LNG,VAL_COM,TIPO,Año,Idaccident,Fecha,Tipo_Accid,Tipo__CONA,Zona,Causa__CON,Causa,Fallecidos,Graves,Menos_Grav,Leves,Hora
-73.1242932,-36.7727499,3233,8,REGION BIO BIO,8112,HUALPEN,CAMINO A LENGA,LENGA,0,"Cam. A Lenga, Hualpén, Bío Bío, Chile",-36.7727499,-73.1242932,2,GEOMETRIC_CENTER,2020,1322338,2020/12/30 00:00:00+00,COLISION,COLISION,URBANA,IMPRUDENCIA DEL CONDUCTOR,CONDUCCION NO ATENTO CONDICIONES TRANSITO MOMENTO,0,0,0,0,19:30:00
-73.0983411,-36.7797954,3234,8,REGION BIO BIO,8112,HUALPEN,LAS GOLONDRINAS,HOLANDA,0,"Holanda & Avenida Las Golondrinas, Talcahuano, Bío Bío, Chile",-36.7797954,-73.0983411,2,GEOMETRIC_CENTER,2020,1322640,2020/12/31 00:00:00+00,COLISION,COLISION,URBANA,DESOBEDIENCIA A SEÑALIZACION,SEÑALIZACION DESOBEDECER LUZ ROJA DE SEMAFORO,0,0,0,1,21:30:00
-73.0603516,-36.8265843,3235,8,REGION BIO BIO,8101,CONCEPCION,LOS CARRERA, ,41,"Av. los Carrera 41, Concepción, Bío Bío, Chile",-36.8265843,-73.0603516,1,ROOFTOP,2020,1254258,2020/01/07 00:00:00+00,CHOQUE POSTERIOR,CHOQUE,URBANA,FALLAS MECANICAS,FALLAS MECANICAS FRENOS,0,0,0,1,10:30:00
-73.0828806,-36.771452,3236,8,REGION BIO BIO,8110,TALCAHUANO,AUTOPISTA, ,330,"Autopista, Talcahuano, Bío Bío, Chile",-36.771452,-73.0828806,1,GEOMETRIC_CENTER,2020,1323111,2020/12/30 00:00:00+00,CHOQUE POSTERIOR,CHOQUE,URBANA,IMPRUDENCIA DEL CONDUCTOR,CONDUCCION SIN MANTENER DISTANCIA RAZONABLE NI PRUDENTE,0,0,0,0,13:50:00
-71.9557384,-37.294333,3237,8,REGION BIO BIO,8312,TUCAPEL,LOS ALERCES, ,25,"Los Alerces, Tucapel, Bío Bío, Chile",-37.294333,-71.9557384,1,GEOMETRIC_CENTER,2020,1257034,2020/01/12 00:00:00+00,CHOQUE FRONTAL,CHOQUE,URBANA,IMPRUDENCIA DEL CONDUCTOR,CONDUCCION NO ATENTO CONDICIONES TRANSITO MOMENTO,0,0,0,0,04:00:00
-73.1088836,-36.7405943,3238,8,REGION BIO BIO,8110,TALCAHUANO,ALTO HORNO, ,777,"Alto Horno 777, Talcahuano, Bío Bío, Chile",-36.7405943,-73.1088836,1,ROOFTOP,2020,1258987,2020/01/25 00:00:00+00,ATROPELLO,ATROPELLO,URBANA,IMPRUDENCIA DEL PEATON,PEATON CRUZA CALZADA FUERA PASO PEATONES,0,1,0,0,14:50:00
-73.0808785,-36.8046975,3239,8,REGION BIO BIO,8112,HUALPEN,CRISTOBAL COLON, ,9878,"Av. Cristóbal Colón 9878, Hualpén, Talcahuano, Bío Bío, Chile",-36.8046975,-73.0808785,1,ROOFTOP,2020,1263036,2020/02/08 00:00:00+00,COLISION,COLISION,URBANA,CAUSAS NO DETERMINADAS,CAUSAS NO DETERMINADAS,0,1,0,0,04:40:00
-73.0259901,-36.932165,3240,8,REGION BIO BIO,8103,CHIGUAYANTE,BERGANTIN AGUILA, ,256,"Bergantín Aguila 256, Chiguayante, Bío Bío, Chile",-36.932165,-73.0259901,1,RANGE_INTERPOLATED,2020,1263350,2020/02/01 00:00:00+00,ATROPELLO,ATROPELLO,URBANA,CAUSAS NO DETERMINADAS,CAUSAS NO DETERMINADAS,0,0,0,1,19:50:00
-73.0664635,-36.7918699,3241,8,REGION BIO BIO,8110,TALCAHUANO,JORGE ALESSANDRI PALMA, ,3177,"Av. Pdte. Jorge Alessandri Rodriguez 3177, Talcahuano, Bío Bío, Chile",-36.7918699,-73.0664635,1,ROOFTOP,2020,1255544,2020/01/05 00:00:00+00,COLISION,COLISION,URBANA,IMPRUDENCIA DEL CONDUCTOR,CONDUCCION NO ATENTO CONDICIONES TRANSITO MOMENTO,0,0,0,0,17:00:00
-73.0387564,-36.7886401,3242,8,REGION BIO BIO,8101,CONCEPCION,ABDON CIFUENTES, ,1268,"Abdón Cifuentes 1268, Concepción, Bío Bío, Chile",-36.7886401,-73.0387564,1,ROOFTOP,2020,1277687,2020/04/23 00:00:00+00,CHOQUE FRONTAL,CHOQUE,URBANA,PERDIDA CONTROL VEHICULO,PERDIDA CONTROL VEHICULO,0,0,1,0,08:30:00
-72.9556229,-36.6260525,3243,8,REGION BIO BIO,8111,TOME,LATORRE, ,250,"A Latorre 250, Tome, Tomé, Bío Bío, Chile",-36.6260525,-72.9556229,1,ROOFTOP,2020,1257684,2020/01/15 00:00:00+00,CHOQUE FRENTE/POSTERIOR,CHOQUE,URBANA,IMPRUDENCIA DEL CONDUCTOR,NO RESPETAR DERECHO PREFERENTE DE PASO A PEATON,0,0,1,1,14:25:00
-73.086454,-36.7845133,3244,8,REGION BIO BIO,8112,HUALPEN,CRISTOBAL COLON, ,7601,"Av. Cristóbal Colón 7601, Hualpén, Bío Bío, Chile",-36.7845133,-73.086454,1,ROOFTOP,2020,1258339,2020/01/19 00:00:00+00,COLISION,COLISION,URBANA,IMPRUDENCIA DEL CONDUCTOR,VIRAJES INDEBIDOS,0,0,0,1,08:15:00
-72.957639,-36.6362578,3245,8,REGION BIO BIO,8111,TOME,EDUARDO DELANO,LADOMAR,0,"Eduardo Delano, Tomé, Bío Bío, Chile",-36.6362578,-72.957639,1,GEOMETRIC_CENTER,2020,1269667,2020/03/04 00:00:00+00,COLISION LATERAL,COLISION,URBANA,IMPRUDENCIA DEL CONDUCTOR,CONDUCCION NO ATENTO CONDICIONES TRANSITO MOMENTO,0,0,0,1,15:15:00
-73.0179586,-36.9135082,3246,8,REGION BIO BIO,8103,CHIGUAYANTE,ARTURO PRAT, ,1094,"Arturo Prat 1094, Chiguayante, Bío Bío, Chile",-36.9135082,-73.0179586,1,RANGE_INTERPOLATED,2020,1267144,2020/02/18 00:00:00+00,CHOQUE FRONTAL,CHOQUE,URBANA,PERDIDA CONTROL VEHICULO,PERDIDA CONTROL VEHICULO,0,0,0,0,03:50:00
-73.1193175,-36.7413494,3247,8,REGION BIO BIO,8110,TALCAHUANO,GRAN BRETAÑA, ,1725,"Gran Bretaña 1725, Talcahuano, Bío Bío, Chile",-36.7413494,-73.1193175,1,ROOFTOP,2020,1270744,2020/03/11 00:00:00+00,VOLCADURA,VOLCADURA,URBANA,PERDIDA CONTROL VEHICULO,PERDIDA CONTROL VEHICULO,0,1,0,0,08:00:00
-72.347242,-37.4700937,3248,8,REGION BIO BIO,8301,LOS ANGELES,ALEMANIA, ,100,"Av. Alemania 100, Los Angeles, Los Ángeles, Bío Bío, Chile",-37.4700937,-72.347242,1,ROOFTOP,2020,1277765,2020/04/24 00:00:00+00,COLISION LATERAL,COLISION,URBANA,IMPRUDENCIA DEL CONDUCTOR,CONDUCCION NO ATENTO CONDICIONES TRANSITO MOMENTO,0,0,0,1,13:40:00
-72.3551717,-37.4637115,3249,8,REGION BIO BIO,8301,LOS ANGELES,ERCILLA,GALVARINO,0,"Galvarino & Ercilla, Los Angeles, Los Ángeles, Bío Bío, Chile",-37.4637115,-72.3551717,1,GEOMETRIC_CENTER,2020,1274800,2020/03/15 00:00:00+00,COLISION LATERAL,COLISION,URBANA,IMPRUDENCIA DEL CONDUCTOR,CONDUCCION NO ATENTO CONDICIONES TRANSITO MOMENTO,0,0,0,0,12:30:00
-72.3692656,-37.4734792,3250,8,REGION BIO BIO,8301,LOS ANGELES,CAMINO SAN ANTONIO, ,35,"Pje. San Antonio 35, Los Angeles, Los Ángeles, Bío Bío, Chile",-37.4734792,-72.3692656,1,RANGE_INTERPOLATED,2020,1270898,2020/02/22 00:00:00+00,COLISION POR ALCANCE,COLISION,URBANA,ALCOHOL EN CONDUCTOR,CONDUCCION BAJO LA INFLUENCIA DEL ALCOHOL,0,0,0,0,23:30:00
-73.1435083,-36.8972835,3251,8,REGION BIO BIO,8108,SAN PEDRO DE LA PAZ,PABLO NERUDA,JOSE DONOSO,0,"José Donoso 65, San Pedro de la Paz, Coronel, Bío Bío, Chile",-36.8972835,-73.1435083,1,ROOFTOP,2020,1274474,2020/03/30 00:00:00+00,CHOQUE FRENTE/LADO,CHOQUE,URBANA,ALCOHOL EN CONDUCTOR,CONDUCCION EN ESTADO DE EBRIEDAD,0,0,0,0,15:50:00
-72.9996628,-36.8329685,3252,8,REGION BIO BIO,8101,CONCEPCION,LAS AZUCENAS,44499,0,"Las Azucenas, Concepción, Bío Bío, Chile",-36.8329685,-72.9996628,1,GEOMETRIC_CENTER,2020,1325223,2020/12/31 00:00:00+00,CHOQUE,CHOQUE,URBANA,IMPRUDENCIA DEL CONDUCTOR,CONDUCCION NO ATENTO CONDICIONES TRANSITO MOMENTO,0,0,0,0,15:55:00
-73.0780449,-36.8084633,3253,8,REGION BIO BIO,8101,CONCEPCION,21 DE MAYO, ,3225,"Av. 21 de Mayo 3225, Concepción, Bío Bío, Chile",-36.8084633,-73.0780449,1,ROOFTOP,2020,1276810,2020/04/06 00:00:00+00,CHOQUE,CHOQUE,URBANA,IMPRUDENCIA DEL CONDUCTOR,CONDUCCION NO ATENTO CONDICIONES TRANSITO MOMENTO,0,0,0,0,13:30:00
-73.1203195,-36.76044,3254,8,REGION BIO BIO,8110,TALCAHUANO,GRAN BRETAÑA, ,1940,"Gran Bretaña 1940, Talcahuano, Bío Bío, Chile",-36.76044,-73.1203195,1,ROOFTOP,2020,1277414,2020/04/21 00:00:00+00,OTRO TIPO,OTRO TIPO,URBANA,OTRAS CAUSAS,OTRAS CAUSAS,0,0,0,0,10:00:00
-73.0592235,-36.7821036,3255,8,REGION BIO BIO,8101,CONCEPCION,JORGE ALESSANDRI, ,277,"Av. Pdte. Jorge Alessandri Rodriguez 277, Concepción, Talcahuano, Bío Bío, Chile",-36.7821036,-73.0592235,2,ROOFTOP,2020,1274724,2020/03/19 00:00:00+00,CHOQUE LATERAL,CHOQUE,URBANA,IMPRUDENCIA DEL CONDUCTOR,CONDUCCION NO ATENTO CONDICIONES TRANSITO MOMENTO,0,0,2,0,19:20:00
-73.0207161,-36.9476129,3256,8,REGION BIO BIO,8103,CHIGUAYANTE,ESPERANZA, ,346,"Esperanza 346, Chiguayante, Bío Bío, Chile",-36.9476129,-73.0207161,1,ROOFTOP,2020,1280689,2020/04/29 00:00:00+00,CHOQUE LADO/LADO,CHOQUE,URBANA,OTRAS CAUSAS,OTRAS CAUSAS,0,0,0,1,19:20:00
-72.9582251,-36.6196117,3257,8,REGION BIO BIO,8111,TOME,MAIPU, ,940,"Maipú 940, Tome, Tomé, Bío Bío, Chile",-36.6196117,-72.9582251,1,ROOFTOP,2020,1277420,2020/04/21 00:00:00+00,ATROPELLO,ATROPELLO,URBANA,IMPRUDENCIA DEL PEATON,PEATON CRUZA CALZADA FORMA SORPRESIVA O DESCUIDADA,0,1,0,0,10:45:00
-72.2421004,-37.7209937,3258,8,REGION BIO BIO,8305,MULCHEN,ANIBAL PINTO, ,662,"Anibal Pinto 662, Mulchen, Negrete, Bío Bío, Chile",-37.7209937,-72.2421004,1,RANGE_INTERPOLATED,2020,1277561,2020/04/22 00:00:00+00,CHOQUE POSTERIOR/FRENTE,CHOQUE,URBANA,ALCOHOL EN CONDUCTOR,CONDUCCION EN ESTADO DE EBRIEDAD,0,0,0,0,11:00:00
-73.0975586,-36.7432898,3259,8,REGION BIO BIO,8110,TALCAHUANO,IQUIQUE,CRISTOBAL COLON,0,"Colon - Iquique, Talcahuano, Bío Bío, Chile",-36.7432898,-73.0975586,1,GEOMETRIC_CENTER,2020,1277951,2020/04/20 00:00:00+00,COLISION LATERAL,COLISION,URBANA,DESOBEDIENCIA A SEÑALIZACION,SEÑALIZACION DESOBEDECER LUZ ROJA DE SEMAFORO,0,0,0,0,18:30:00
-73.1520412,-37.0921752,3260,8,REGION BIO BIO,8106,LOTA,FERNANDO MAIRA,RENE SCHNEIDER,0,"René Schneider, Lota, Bío Bío, Chile",-37.0921752,-73.1520412,1,GEOMETRIC_CENTER,2020,1278754,2020/04/30 00:00:00+00,COLISION LATERAL,COLISION,URBANA,DESOBEDIENCIA A SEÑALIZACION,SEÑALIZACION DESOBEDECER SEÑAL PARE,0,0,0,0,06:45:00
-73.1530378,-37.082748,3261,8,REGION BIO BIO,8106,LOTA,BANNEN,CHACABUCO,0,"Lota, Bío Bío, Chile",-37.082748,-73.1530378,1,APPROXIMATE,2020,1282474,2020/05/24 00:00:00+00,CHOQUE FRONTAL,CHOQUE,URBANA,ALCOHOL EN CONDUCTOR,CONDUCCION EN ESTADO DE EBRIEDAD,0,0,0,0,23:05:00
-73.155313,-37.0905895,3262,8,REGION BIO BIO,8106,LOTA,MONSALVES,SERRANO,0,"Caupolicán 451, Lota, Bío Bío, Chile",-37.0905895,-73.155313,1,ROOFTOP,2020,1260615,2020/01/27 00:00:00+00,ATROPELLO,ATROPELLO,URBANA,IMPRUDENCIA DEL CONDUCTOR,CONDUCCION NO ATENTO CONDICIONES TRANSITO MOMENTO,0,0,0,1,20:20:00
-73.0261077,-36.9153127,3263,8,REGION BIO BIO,8103,CHIGUAYANTE,RENE SCHNEIDER, ,275,"René Schneider 275, Chiguayante, Bío Bío, Chile",-36.9153127,-73.0261077,1,RANGE_INTERPOLATED,2020,1258575,2020/01/13 00:00:00+00,COLISION FRONTAL,COLISION,URBANA,OTRAS CAUSAS,OTRAS CAUSAS,0,0,0,0,20:20:00
-72.9924887,-36.7397297,3264,8,REGION BIO BIO,8107,PENCO,MAIPU, ,360,"Maipú 360, Penco, Bío Bío, Chile",-36.7397297,-72.9924887,1,ROOFTOP,2020,1288519,2020/07/01 00:00:00+00,ATROPELLO,ATROPELLO,URBANA,IMPRUDENCIA DEL CONDUCTOR,CONDUCIR VEHICULO EN RETROCESO,0,0,0,1,13:20:00
-72.9330338,-36.9744397,3265,8,REGION BIO BIO,8105,HUALQUI,DIEGO PORTALES,PEDRO DE VALDIVIA,0,"Portales - Pedro De Valdivia, Hualqui, Bío Bío, Chile",-36.9744397,-72.9330338,1,GEOMETRIC_CENTER,2020,1288561,2020/06/18 00:00:00+00,COLISION PERPENDICULAR,COLISION,URBANA,CAUSAS NO DETERMINADAS,CAUSAS NO DETERMINADAS,0,0,0,0,18:35:00
-73.0638648,-36.7921689,3266,8,REGION BIO BIO,8101,CONCEPCION,JORGE ALESSANDRI,21 DE MAYO,0,"Av. Pdte. Jorge Alessandri Rodriguez, Concepción, Bío Bío, Chile",-36.7921689,-73.0638648,2,GEOMETRIC_CENTER,2020,1285767,2020/06/16 00:00:00+00,COLISION POR ALCANCE,COLISION,URBANA,IMPRUDENCIA DEL CONDUCTOR,CONDUCCION SIN MANTENER DISTANCIA RAZONABLE NI PRUDENTE,0,0,0,0,18:30:00
-73.1276177,-36.7215014,3267,8,REGION BIO BIO,8110,TALCAHUANO,LATORRE, ,83,"Almte. Latorre, Talcahuano, Bío Bío, Chile",-36.7215014,-73.1276177,1,GEOMETRIC_CENTER,2020,1277904,2020/04/08 00:00:00+00,CHOQUE LATERAL,CHOQUE,URBANA,IMPRUDENCIA DEL CONDUCTOR,CONDUCCION NO ATENTO CONDICIONES TRANSITO MOMENTO,0,0,0,0,21:00:00
-73.1171426,-36.7394393,3268,8,REGION BIO BIO,8110,TALCAHUANO,GRAN BRETAÑA, ,1204,"Gran Bretaña 1204, Talcahuano, Bío Bío, Chile",-36.7394393,-73.1171426,1,RANGE_INTERPOLATED,2020,1292165,2020/07/17 00:00:00+00,COLISION LATERAL,COLISION,URBANA,IMPRUDENCIA DEL CONDUCTOR,CONDUCCION CAMBIAR SORPRESIVAMENTE PISTA CIRCULACION,0,0,0,1,07:35:00
-73.3171317,-37.2455354,3269,8,REGION BIO BIO,8202,ARAUCO,CARLOS CONDELL, ,406,"Carlos Condell 406, Arauco, Bío Bío, Chile",-37.2455354,-73.3171317,1,ROOFTOP,2020,1260662,2020/01/30 00:00:00+00,COLISION,COLISION,URBANA,CAUSAS NO DETERMINADAS,CAUSAS NO DETERMINADAS,0,0,0,0,20:55:00
-72.7170403,-37.2773226,3270,8,REGION BIO BIO,8304,LAJA,BALMACEDA, ,546,"Balmaceda 546, Laja, Bío Bío, Chile",-37.2773226,-72.7170403,1,ROOFTOP,2020,1295489,2020/08/21 00:00:00+00,COLISION LATERAL,COLISION,URBANA,IMPRUDENCIA DEL CONDUCTOR,CONDUCCION NO ATENTO CONDICIONES TRANSITO MOMENTO,0,0,0,0,17:30:00
-73.1157262,-36.7757509,3271,8,REGION BIO BIO,8112,HUALPEN,CAMINO A RAMUNTCHO,COSTANERA,0,"Cam. Ramuntcho & Av. Costanera, Hualpén, Bío Bío, Chile",-36.7757509,-73.1157262,2,GEOMETRIC_CENTER,2020,1291674,2020/07/29 00:00:00+00,COLISION,COLISION,URBANA,CAUSAS NO DETERMINADAS,CAUSAS NO DETERMINADAS,0,0,0,0,18:30:00
-73.1198248,-36.8370079,3272,8,REGION BIO BIO,8108,SAN PEDRO DE LA PAZ,PEDRO AGUIRRE CERDA,ENTRADA PUENTE LLACOLEN,0,"Pedro Aguirre Cerda, San Pedro de la Paz, Bío Bío, Chile",-36.8370079,-73.1198248,1,GEOMETRIC_CENTER,2020,1255446,2020/01/08 00:00:00+00,CHOQUE POSTERIOR,CHOQUE,URBANA,IMPRUDENCIA DEL CONDUCTOR,CONDUCCION SIN MANTENER DISTANCIA RAZONABLE NI PRUDENTE,0,0,0,1,07:45:00
-73.1527368,-37.0838756,3273,8,REGION BIO BIO,8106,LOTA,FERNANDO MAIRA,LOS HEROES,0,"Fernando Maira Nº 580 – A, Sector La Cantera, Lota, Bío Bío, Chile",-37.0838756,-73.1527368,1,GEOMETRIC_CENTER,2020,1292505,2020/07/30 00:00:00+00,COLISION LATERAL,COLISION,URBANA,IMPRUDENCIA DEL CONDUCTOR,VIRAJES INDEBIDOS,0,0,0,0,20:45:00
-73.0531443,-36.8435627,3274,8,REGION BIO BIO,8101,CONCEPCION,PEDRO DE VALDIVIA, ,802,"Av. Pedro de Valdivia 802, Concepción, Bío Bío, Chile",-36.8435627,-73.0531443,1,RANGE_INTERPOLATED,2020,1258355,2020/01/17 00:00:00+00,ATROPELLO,ATROPELLO,URBANA,IMPRUDENCIA DEL PEATON,PEATON CRUZA CALZADA FUERA PASO PEATONES,0,0,1,0,16:10:00
-73.0854727,-36.7978282,3275,8,REGION BIO BIO,8112,HUALPEN,CRISTOBAL COLON, ,8831,"Av. Cristóbal Colón 8831, Hualpén, Bío Bío, Chile",-36.7978282,-73.0854727,1,ROOFTOP,2020,1295253,2020/08/18 00:00:00+00,COLISION,COLISION,URBANA,PERDIDA CONTROL VEHICULO,PERDIDA CONTROL VEHICULO,0,0,0,0,20:15:00
-73.1110942,-36.7332101,3276,8,REGION BIO BIO,8110,TALCAHUANO,HUALPEN, ,106,"Hualpén, Talcahuano, Bío Bío, Chile",-36.7332101,-73.1110942,1,GEOMETRIC_CENTER,2020,1259020,2020/01/15 00:00:00+00,CHOQUE FRONTAL,CHOQUE,URBANA,IMPRUDENCIA DEL CONDUCTOR,CONDUCCION NO ATENTO CONDICIONES TRANSITO MOMENTO,0,0,0,0,16:30:00
-73.6514907,-37.6080479,3277,8,REGION BIO BIO,8201,LEBU,MANUEL BAQUEDANO,JUAN ANTONIO RIOS,0,"Lebu, Bío Bío, Chile",-37.6080479,-73.6514907,1,APPROXIMATE,2020,1299641,2020/09/13 00:00:00+00,CHOQUE LATERAL,CHOQUE,URBANA,IMPRUDENCIA DEL CONDUCTOR,CONDUCCION NO ATENTO CONDICIONES TRANSITO MOMENTO,0,0,0,0,18:50:00
-72.7138684,-37.2818087,3278,8,REGION BIO BIO,8304,LAJA,BALMACEDA, ,151,"Balmaceda 151, Laja, Bío Bío, Chile",-37.2818087,-72.7138684,1,ROOFTOP,2020,1275015,2020/03/26 00:00:00+00,CHOQUE LATERAL,CHOQUE,URBANA,IMPRUDENCIA DEL CONDUCTOR,CONDUCCION NO ATENTO CONDICIONES TRANSITO MOMENTO,0,0,0,0,12:40:00
-73.1138456,-36.7718496,3279,8,REGION BIO BIO,8110,TALCAHUANO,GRAN BRETAÑA, ,5271,"Gran Bretaña 5271, Talcahuano, Bío Bío, Chile",-36.7718496,-73.1138456,1,GEOMETRIC_CENTER,2020,1300620,2020/09/16 00:00:00+00,IMPACTO CON ANIMAL,OTRO TIPO,URBANA,DEFICIENCIAS VIALES,ANIMALES SUELTOS VIA PUBLICA,0,0,0,0,20:40:00
-73.108306,-36.7438977,3280,8,REGION BIO BIO,8110,TALCAHUANO,EL OLIVO,EL QUILLAY,0,"Quillay 487, Talcahuano, Bío Bío, Chile",-36.7438977,-73.108306,1,ROOFTOP,2020,1259042,2020/01/16 00:00:00+00,CHOQUE POSTERIOR/LADO,CHOQUE,URBANA,IMPRUDENCIA DEL CONDUCTOR,CONDUCCION NO ATENTO CONDICIONES TRANSITO MOMENTO,0,0,0,0,19:12:00
-73.1182498,-36.8449113,3281,8,REGION BIO BIO,8108,SAN PEDRO DE LA PAZ,LAGUNA GRANDE, ,115,"Av. Laguna Grande, San Pedro de la Paz, Bío Bío, Chile",-36.8449113,-73.1182498,1,GEOMETRIC_CENTER,2020,1307100,2020/02/16 00:00:00+00,CHOQUE POSTERIOR/POSTERIOR,CHOQUE,URBANA,CAUSAS NO DETERMINADAS,CAUSAS NO DETERMINADAS,0,0,0,0,11:40:00
-72.7104678,-37.284865,3282,8,REGION BIO BIO,8304,LAJA,EL AROMO, ,10,"Laja, Bío Bío, Chile",-37.284865,-72.7104678,1,APPROXIMATE,2020,1276762,2020/04/13 00:00:00+00,IMPACTO CON ANIMAL,OTRO TIPO,URBANA,DEFICIENCIAS VIALES,ANIMALES SUELTOS VIA PUBLICA,0,0,0,0,12:15:00
-73.0032143,-36.8206318,3283,8,REGION BIO BIO,8101,CONCEPCION,GRAL BONILLA, ,2010,"Av. Gral. Oscar Bonilla 2010, Concepción, Bío Bío, Chile",-36.8206318,-73.0032143,1,ROOFTOP,2020,1253931,2020/01/03 00:00:00+00,COLISION LATERAL,COLISION,URBANA,IMPRUDENCIA DEL CONDUCTOR,CONDUCCION SIN MANTENER DISTANCIA RAZONABLE NI PRUDENTE,0,0,0,1,09:10:00
-73.081286,-36.7626852,3284,8,REGION BIO BIO,8110,TALCAHUANO,VALDIVIA, ,925,"Jaime Repullo 768, Talcahuano, Bío Bío, Chile",-36.7626852,-73.081286,1,ROOFTOP,2020,1307257,2020/10/22 00:00:00+00,COLISION LATERAL,COLISION,URBANA,IMPRUDENCIA DEL CONDUCTOR,ADELANTAMIENTO SIN EL ESPACIO O TIEMPO SUFICIENTE,0,0,0,0,14:02:00
-73.1049922,-36.7912369,3285,8,REGION BIO BIO,8112,HUALPEN,BARCELONA, ,3601,"Barcelona 3601, Hualpén, Bío Bío, Chile",-36.7912369,-73.1049922,1,ROOFTOP,2020,1314145,2020/11/27 00:00:00+00,COLISION,COLISION,URBANA,DESOBEDIENCIA A SEÑALIZACION,SEÑALIZACION DESOBEDECER SEÑAL PARE,0,0,0,0,17:05:00
-73.0808968,-36.784273,3286,8,REGION BIO BIO,8112,HUALPEN,OHIGGINS,AUTOPISTA,0,"OHiggins, Hualpén, Bío Bío, Chile",-36.784273,-73.0808968,2,GEOMETRIC_CENTER,2020,1309128,2020/11/01 00:00:00+00,OTRO TIPO,OTRO TIPO,URBANA,OTRAS CAUSAS,OTRAS CAUSAS,0,0,0,0,18:00:00
-72.3329208,-37.4975015,3287,8,REGION BIO BIO,8301,LOS ANGELES,NUEVA ESPERANZA, ,518,"Nueva Esperanza, Los Ángeles, Bío Bío, Chile",-37.4975015,-72.3329208,1,GEOMETRIC_CENTER,2020,1316108,2020/11/29 00:00:00+00,COLISION LATERAL,COLISION,URBANA,IMPRUDENCIA DEL CONDUCTOR,CONDUCCION NO ATENTO CONDICIONES TRANSITO MOMENTO,0,0,0,0,20:10:00
-73.0436564,-36.8197164,3288,8,REGION BIO BIO,8101,CONCEPCION,LOS CARRERA,PAICAVI,0,"Los Carrera - Paicaví, Concepción, Bío Bío, Chile",-36.8197164,-73.0436564,1,GEOMETRIC_CENTER,2020,1254215,2020/01/06 00:00:00+00,COLISION LATERAL,COLISION,URBANA,IMPRUDENCIA DEL CONDUCTOR,CONDUCCION NO ATENTO CONDICIONES TRANSITO MOMENTO,0,0,0,0,10:35:00
-72.3697615,-37.4740652,3289,8,REGION BIO BIO,8301,LOS ANGELES,CHACABUCO,PADRE HURTADO,0,"Av. Padre Hurtado 258, Los Angeles, Los Ángeles, Bío Bío, Chile",-37.4740652,-72.3697615,1,ROOFTOP,2020,1320797,2020/12/11 00:00:00+00,COLISION PERPENDICULAR,COLISION,URBANA,IMPRUDENCIA DEL CONDUCTOR,CONDUCCION NO ATENTO CONDICIONES TRANSITO MOMENTO,0,0,0,0,20:50:00
-73.0638648,-36.7921689,3290,8,REGION BIO BIO,8101,CONCEPCION,JORGE ALESSANDRI,21 DE MAYO,0,"Av. Pdte. Jorge Alessandri Rodriguez, Concepción, Bío Bío, Chile",-36.7921689,-73.0638648,2,GEOMETRIC_CENTER,2020,1314033,2020/11/26 00:00:00+00,CHOQUE POSTERIOR,CHOQUE,URBANA,IMPRUDENCIA DEL CONDUCTOR,CONDUCCION NO ATENTO CONDICIONES TRANSITO MOMENTO,0,0,0,0,15:40:00
-72.6737875,-37.5059062,3291,8,REGION BIO BIO,8306,NACIMIENTO,HUMBERTO VALDES, ,901,"Nacimiento, Bío Bío, Chile",-37.5059062,-72.6737875,1,APPROXIMATE,2020,1321090,2020/12/01 00:00:00+00,CHOQUE,CHOQUE,URBANA,CAUSAS NO DETERMINADAS,CAUSAS NO DETERMINADAS,0,0,0,0,21:00:00
-73.3166704,-37.2478296,3292,8,REGION BIO BIO,8202,ARAUCO,COVADONGA, ,410,"Covadonga 410, Arauco, Bío Bío, Chile",-37.2478296,-73.3166704,1,RANGE_INTERPOLATED,2020,1278462,2020/04/15 00:00:00+00,COLISION FRONTAL,COLISION,URBANA,IMPRUDENCIA DEL CONDUCTOR,CONDUCCION POR IZQUIERDA EJE CALZADA,0,0,1,0,15:05:00
-73.0690575,-36.7950569,3293,8,REGION BIO BIO,8112,HUALPEN,JORGE ALESSANDRI RODRIGUEZ, ,9000,"Av. Pdte. Jorge Alessandri Rodriguez 9000, Hualpén, Concepción, Bío Bío, Chile",-36.7950569,-73.0690575,1,ROOFTOP,2020,1256487,2020/01/07 00:00:00+00,COLISION,COLISION,URBANA,IMPRUDENCIA DEL CONDUCTOR,CONDUCCION NO ATENTO CONDICIONES TRANSITO MOMENTO,0,0,0,0,14:56:00
-73.1168964,-36.693375,3294,8,REGION BIO BIO,8110,TALCAHUANO,MICHIMALONGO, ,25555,"Michimalonco, Talcahuano, Bío Bío, Chile",-36.693375,-73.1168964,1,GEOMETRIC_CENTER,2020,1262127,2020/02/05 00:00:00+00,VOLCADURA,VOLCADURA,URBANA,PERDIDA CONTROL VEHICULO,PERDIDA CONTROL VEHICULO,0,0,0,1,12:40:00
-73.4650798,-37.6277739,3295,8,REGION BIO BIO,8206,LOS ALAMOS,LOS NOTROS, ,0,"Los Alamos, Bío Bío, Chile",-37.6277739,-73.4650798,1,APPROXIMATE,2020,1287176,2020/06/16 00:00:00+00,CHOQUE FRONTAL,CHOQUE,URBANA,IMPRUDENCIA DEL CONDUCTOR,CONDUCCION NO ATENTO CONDICIONES TRANSITO MOMENTO,0,0,0,0,11:10:00