X,Y,FID,COD_REG,REGION,CUT,COMUNA,CALLE_UNO,CALLE_DOS,NUMERO,DIR_GEOCOD,LAT,LNG,VAL_COM,TIPO,Año,Idaccident,Fecha,Tipo_Accid,Tipo__CONA,Zona,Causa__CON,Causa,Fallecidos,Graves,Menos_Grav,Leves,Hora
-73.0875917,-36.7410296,3296,8,REGION BIO BIO,8110,TALCAHUANO,CALLE A, ,909,"C. A, Talcahuano, Bío Bío, Chile",-36.7410296,-73.0875917,1,GEOMETRIC_CENTER,2020,1253913,2020/01/01 00:00:00+00,ATROPELLO,ATROPELLO,URBANA,IMPRUDENCIA DEL PEATON,IMPRUDENCIA DEL PEATON,0,0,0,1,04:00:00
-73.0474572,-36.8227472,3297,8,REGION BIO BIO,8101,CONCEPCION,MAIPU,TUCAPEL,0,"Tucapel & Maipú, Concepción, Bío Bío, Chile",-36.8227472,-73.0474572,1,GEOMETRIC_CENTER,2020,1253919,2020/01/02 00:00:00+00,COLISION PERPENDICULAR,COLISION,URBANA,IMPRUDENCIA DEL CONDUCTOR,NO RESPETAR DERECHO PREFERENTE DE PASO A VEHICULO,0,0,0,0,11:50:00
-73.0480548,-36.8268899,3298,8,REGION BIO BIO,8101,CONCEPCION,OHIGGINS,COLO COLO,0,"Colo Colo & Libertador General Bernardo OHiggins, Concepción, Bío Bío, Chile",-36.8268899,-73.0480548,1,GEOMETRIC_CENTER,2020,1253923,2020/01/02 00:00:00+00,CAIDA,CAIDA,URBANA,OTRAS CAUSAS,OTRAS CAUSAS,0,1,0,0,14:30:00
-73.0410298,-36.8251949,3299,8,REGION BIO BIO,8101,CONCEPCION,SAN MARTIN,PAICAVI,0,"San Martín & Paicaví, Concepción, Bío Bío, Chile",-36.8251949,-73.0410298,1,GEOMETRIC_CENTER,2020,1254020,2020/01/05 00:00:00+00,COLISION PERPENDICULAR,COLISION,URBANA,IMPRUDENCIA DEL CONDUCTOR,NO RESPETAR DERECHO PREFERENTE DE PASO A VEHICULO,0,0,0,0,16:30:00
-73.036506,-36.823738,3300,8,REGION BIO BIO,8101,CONCEPCION,ROOSEVELT,SAN MARTIN,0,"San Martín & Roosevelt, Concepción, Bío Bío, Chile",-36.823738,-73.036506,1,GEOMETRIC_CENTER,2020,1254029,2020/01/06 00:00:00+00,CHOQUE POSTERIOR,CHOQUE,URBANA,IMPRUDENCIA DEL CONDUCTOR,CONDUCCION SIN MANTENER DISTANCIA RAZONABLE NI PRUDENTE,0,0,0,1,09:10:00
-73.1143758,-36.713447,3301,8,REGION BIO BIO,8110,TALCAHUANO,SAN MARTIN, ,158,"San Martín 158, Talcahuano, Bío Bío, Chile",-36.713447,-73.1143758,1,ROOFTOP,2020,1254148,2020/01/06 00:00:00+00,ATROPELLO,ATROPELLO,URBANA,IMPRUDENCIA DEL PEATON,PEATON CRUZA CALZADA FUERA PASO PEATONES,0,0,0,1,13:30:00
-73.0455419,-36.8232329,3302,8,REGION BIO BIO,8101,CONCEPCION,OROMPELLO,FREIRE,0,"Freire & Orompello, Concepción, Bío Bío, Chile",-36.8232329,-73.0455419,1,GEOMETRIC_CENTER,2020,1254231,2020/01/06 00:00:00+00,COLISION PERPENDICULAR,COLISION,URBANA,IMPRUDENCIA DEL CONDUCTOR,CONDUCCION NO ATENTO CONDICIONES TRANSITO MOMENTO,0,0,0,4,23:00:00
-73.0536634,-36.8278649,3303,8,REGION BIO BIO,8101,CONCEPCION,BARROS ARANA,LINCOYAN,0,"Barros Arana & Lincoyán, Concepción, Bío Bío, Chile",-36.8278649,-73.0536634,1,GEOMETRIC_CENTER,2020,1254273,2020/01/07 00:00:00+00,COLISION PERPENDICULAR,COLISION,URBANA,DESOBEDIENCIA A SEÑALIZACION,SEÑALIZACION DESOBEDECER SEÑAL PARE,0,0,0,0,09:00:00
-72.9556952,-36.6266303,3304,8,REGION BIO BIO,8111,TOME,LATORRE,ECUADOR,0,"Ecuador & A Latorre, Tome, Tomé, Bío Bío, Chile",-36.6266303,-72.9556952,1,GEOMETRIC_CENTER,2020,1254337,2020/01/01 00:00:00+00,COLISION POR ALCANCE,COLISION,URBANA,IMPRUDENCIA DEL CONDUCTOR,CONDUCCION SIN MANTENER DISTANCIA RAZONABLE NI PRUDENTE,0,0,0,2,19:40:00
-73.6514907,-37.6080479,3305,8,REGION BIO BIO,8201,LEBU,NELSON SOTO MAYOR,IGNACIO CARRERA PINTO,0,"Lebu, Bío Bío, Chile",-37.6080479,-73.6514907,1,APPROXIMATE,2020,1254926,2020/01/08 00:00:00+00,COLISION FRONTAL,COLISION,URBANA,DESOBEDIENCIA A SEÑALIZACION,SEÑALIZACION DESOBEDECER SEÑAL PARE,0,0,1,0,20:20:00
-73.0664635,-36.7918699,3306,8,REGION BIO BIO,8110,TALCAHUANO,JORGE ALESSANDRI PALMA, ,3177,"Av. Pdte. Jorge Alessandri Rodriguez 3177, Talcahuano, Bío Bío, Chile",-36.7918699,-73.0664635,1,ROOFTOP,2020,1255176,2020/01/09 00:00:00+00,CHOQUE POSTERIOR/LADO,CHOQUE,URBANA,IMPRUDENCIA DEL CONDUCTOR,CONDUCCION NO ATENTO CONDICIONES TRANSITO MOMENTO,0,0,0,0,20:00:00
-73.1019087,-36.7508169,3307,8,REGION BIO BIO,8110,TALCAHUANO,CARLOS DITTBORN, ,4466,"Carlos Dittborn 4466, Talcahuano, Bío Bío, Chile",-36.7508169,-73.1019087,1,RANGE_INTERPOLATED,2020,1255182,2020/01/09 00:00:00+00,COLISION LATERAL,COLISION,URBANA,IMPRUDENCIA DEL CONDUCTOR,VIRAJES INDEBIDOS,0,0,0,0,14:50:00
-72.5598982,-37.0987337,3308,8,REGION BIO BIO,8313,YUMBEL,ANIBAL PINTO, ,757,"Anibal Pinto 757, Yumbel, Bío Bío, Chile",-37.0987337,-72.5598982,1,RANGE_INTERPOLATED,2020,1255410,2020/01/06 00:00:00+00,COLISION LATERAL,COLISION,URBANA,IMPRUDENCIA DEL CONDUCTOR,ADELANTAMIENTO SIN EL ESPACIO O TIEMPO SUFICIENTE,0,0,0,0,12:30:00
-73.0398462,-36.8220982,3309,8,REGION BIO BIO,8101,CONCEPCION,BARROS ARANA,LAUTARO,0,"Barros Arana & Lautaro, Concepción, Bío Bío, Chile",-36.8220982,-73.0398462,1,GEOMETRIC_CENTER,2020,1255462,2020/01/08 00:00:00+00,COLISION PERPENDICULAR,COLISION,URBANA,DESOBEDIENCIA A SEÑALIZACION,SEÑALIZACION DESOBEDECER SEÑAL PARE,0,0,0,0,14:00:00
-73.0530804,-36.8263488,3310,8,REGION BIO BIO,8101,CONCEPCION,RENGO,FREIRE,0,"Rengo & Freire, Concepción, Bío Bío, Chile",-36.8263488,-73.0530804,1,GEOMETRIC_CENTER,2020,1255474,2020/01/08 00:00:00+00,COLISION LATERAL,COLISION,URBANA,IMPRUDENCIA DEL CONDUCTOR,ADELANTAMIENTO SIN EL ESPACIO O TIEMPO SUFICIENTE,0,0,0,0,19:00:00
-73.1121385,-36.779997,3311,8,REGION BIO BIO,8112,HUALPEN,GRAN BRETAÑA, ,2464,"Gran Bretaña 2464, Hualpén, Bío Bío, Chile",-36.779997,-73.1121385,1,RANGE_INTERPOLATED,2020,1255517,2020/01/04 00:00:00+00,ATROPELLO,ATROPELLO,URBANA,IMPRUDENCIA DEL PEATON,PEATON CRUZA CALZADA FUERA PASO PEATONES,0,1,0,0,22:00:00
-73.0746483,-36.7695947,3312,8,REGION BIO BIO,8110,TALCAHUANO,CALLE J,IFARLE ORIENTE,0,"C. J & Av. Ifarle Ote., Talcahuano, Bío Bío, Chile",-36.7695947,-73.0746483,1,GEOMETRIC_CENTER,2020,1255610,2020/01/10 00:00:00+00,COLISION LATERAL,COLISION,URBANA,DESOBEDIENCIA A SEÑALIZACION,SEÑALIZACION DESOBEDECER SEÑAL CEDA EL PASO,0,0,0,1,09:20:00
-73.0955029,-36.8029858,3313,8,REGION BIO BIO,8112,HUALPEN,QUIRIHUE, ,9312,"Quirihue 9312, Hualpén, Bío Bío, Chile",-36.8029858,-73.0955029,1,RANGE_INTERPOLATED,2020,1255638,2020/01/07 00:00:00+00,COLISION,COLISION,URBANA,CAUSAS NO DETERMINADAS,CAUSAS NO DETERMINADAS,0,0,0,0,11:15:00
-73.0416703,-36.8241957,3314,8,REGION BIO BIO,8101,CONCEPCION,OHIGGINS,PAICAVI,0,"Paicaví & Libertador General Bernardo OHiggins, Concepción, Bío Bío, Chile",-36.8241957,-73.0416703,1,GEOMETRIC_CENTER,2020,1255639,2020/01/09 00:00:00+00,CAIDA,CAIDA,URBANA,VELOCIDAD IMPRUDENTE,"VELOCIDAD NO REDUCIR CRUCE DE CALLES, CUMBRE, CURVA, ETC.",0,0,0,1,13:10:00
-73.0462229,-36.8260946,3315,8,REGION BIO BIO,8101,CONCEPCION,OHIGGINS, ,941,"Libertador Gral. Bernardo OHiggins 941, Concepción, Bío Bío, Chile",-36.8260946,-73.0462229,1,RANGE_INTERPOLATED,2020,1255667,2020/01/09 00:00:00+00,ATROPELLO,ATROPELLO,URBANA,IMPRUDENCIA DEL CONDUCTOR,NO RESPETAR DERECHO PREFERENTE DE PASO A PEATON,0,0,0,1,11:30:00
-73.0580545,-36.8310504,3316,8,REGION BIO BIO,8101,CONCEPCION,OHIGGINS,ARTURO PRAT,0,"Libertador General Bernardo OHiggins & Arturo Prat, Concepción, Bío Bío, Chile",-36.8310504,-73.0580545,1,GEOMETRIC_CENTER,2020,1255687,2020/01/10 00:00:00+00,COLISION PERPENDICULAR,COLISION,URBANA,DESOBEDIENCIA A SEÑALIZACION,SEÑALIZACION DESOBEDECER LUZ ROJA DE SEMAFORO,0,0,0,1,07:30:00
-73.0921227,-36.7537947,3317,8,REGION BIO BIO,8110,TALCAHUANO,CRISTOABL COLON, ,2194,"Gómez Carreño 2194, Talcahuano, Bío Bío, Chile",-36.7537947,-73.0921227,1,RANGE_INTERPOLATED,2020,1255786,2020/01/11 00:00:00+00,CHOQUE FRENTE/POSTERIOR,CHOQUE,URBANA,ALCOHOL EN CONDUCTOR,CONDUCCION EN ESTADO DE EBRIEDAD,0,0,0,0,00:50:00
-72.6710676,-37.5013456,3318,8,REGION BIO BIO,8306,NACIMIENTO,JORGE MONTT,SAN MARTIN,0,"San Martín 435, Nacimiento, Bío Bío, Chile",-37.5013456,-72.6710676,1,ROOFTOP,2020,1255796,2020/01/07 00:00:00+00,ATROPELLO,ATROPELLO,URBANA,IMPRUDENCIA DEL CONDUCTOR,NO RESPETAR DERECHO PREFERENTE DE PASO A PEATON,0,0,0,2,13:50:00
-72.3979404,-37.465851,3319,8,REGION BIO BIO,8301,LOS ANGELES,CHILE LINDO,LA VENDIMIA,0,"Av. Chile Lindo & La Vendimia, Los Ángeles, Bío Bío, Chile",-37.465851,-72.3979404,1,GEOMETRIC_CENTER,2020,1255817,2020/01/01 00:00:00+00,COLISION FRONTAL,COLISION,URBANA,ALCOHOL EN CONDUCTOR,CONDUCCION EN ESTADO DE EBRIEDAD,0,0,0,0,02:20:00
-73.3560556,-37.4688662,3320,8,REGION BIO BIO,8205,CURANILAHUE,BERNARDO OHIGGINS, ,843,"Av. Bernardo OHiggins 843, Curanilahue, Bío Bío, Chile",-37.4688662,-73.3560556,1,RANGE_INTERPOLATED,2020,1258492,2020/01/14 00:00:00+00,ATROPELLO,ATROPELLO,URBANA,IMPRUDENCIA DEL CONDUCTOR,CONDUCCION NO ATENTO CONDICIONES TRANSITO MOMENTO,0,0,0,1,11:00:00
-72.3629688,-37.4803166,3321,8,REGION BIO BIO,8301,LOS ANGELES,VICUÑA MACKENNA,ALCAZAR,0,"Avenida Vicuña Mackenna & Alcázar, Los Angeles, Los Ángeles, Bío Bío, Chile",-37.4803166,-72.3629688,1,GEOMETRIC_CENTER,2020,1256110,2020/01/01 00:00:00+00,COLISION LATERAL,COLISION,URBANA,IMPRUDENCIA DEL CONDUCTOR,CONDUCCION NO ATENTO CONDICIONES TRANSITO MOMENTO,0,0,0,1,04:45:00
-72.3514128,-37.476876,3322,8,REGION BIO BIO,8301,LOS ANGELES,PATRICIO LYNCH,OHIGGINS,0,"Patricio Lynch & Bernardo OHiggins, Los Angeles, Los Ángeles, Bío Bío, Chile",-37.476876,-72.3514128,1,GEOMETRIC_CENTER,2020,1256165,2020/01/02 00:00:00+00,COLISION FRONTAL,COLISION,URBANA,IMPRUDENCIA DEL CONDUCTOR,CONDUCCION NO ATENTO CONDICIONES TRANSITO MOMENTO,0,0,0,3,13:00:00
-72.3481083,-37.475787,3323,8,REGION BIO BIO,8301,LOS ANGELES,LOS CARRERA,BAQUEDANO,0,"Avenida Los Carrera & Baquedano, Los Angeles, Los Ángeles, Bío Bío, Chile",-37.475787,-72.3481083,1,GEOMETRIC_CENTER,2020,1256175,2020/01/02 00:00:00+00,ATROPELLO,ATROPELLO,URBANA,IMPRUDENCIA DEL CONDUCTOR,CONDUCCION NO ATENTO CONDICIONES TRANSITO MOMENTO,0,0,0,1,16:20:00
-72.3536966,-37.4606361,3324,8,REGION BIO BIO,8301,LOS ANGELES,MENDOZA,OROMPELLO,0,"Orompello & Mendoza, Los Angeles, Los Ángeles, Bío Bío, Chile",-37.4606361,-72.3536966,1,GEOMETRIC_CENTER,2020,1256213,2020/01/02 00:00:00+00,CHOQUE POSTERIOR/POSTERIOR,CHOQUE,URBANA,IMPRUDENCIA DEL CONDUCTOR,CONDUCCION NO ATENTO CONDICIONES TRANSITO MOMENTO,0,0,0,0,10:30:00
-72.3569618,-37.4608092,3325,8,REGION BIO BIO,8301,LOS ANGELES,OROMPELLO,LOS GARRETONES,0,"Orompello & Los Garretones, Los Angeles, Los Ángeles, Bío Bío, Chile",-37.4608092,-72.3569618,1,GEOMETRIC_CENTER,2020,1256253,2020/01/03 00:00:00+00,CHOQUE FRENTE/POSTERIOR,CHOQUE,URBANA,IMPRUDENCIA DEL CONDUCTOR,CONDUCCION NO ATENTO CONDICIONES TRANSITO MOMENTO,0,0,0,4,22:55:00
-72.3502611,-37.4605394,3326,8,REGION BIO BIO,8301,LOS ANGELES,OROMPELLO,COLON,0,"Orompello & Colón, Los Angeles, Los Ángeles, Bío Bío, Chile",-37.4605394,-72.3502611,1,GEOMETRIC_CENTER,2020,1256267,2020/01/04 00:00:00+00,CHOQUE POSTERIOR/FRENTE,CHOQUE,URBANA,IMPRUDENCIA DEL CONDUCTOR,CONDUCCION NO ATENTO CONDICIONES TRANSITO MOMENTO,0,0,0,0,12:25:00
-72.3348591,-37.4609378,3327,8,REGION BIO BIO,8301,LOS ANGELES,PONIENTE,PARQUE COSTANERA QUILQUE,0,"Pje Dos 781, Los Angeles, Los Ángeles, Bío Bío, Chile",-37.4609378,-72.3348591,1,ROOFTOP,2020,1256289,2020/01/04 00:00:00+00,CHOQUE LADO/FRENTE,CHOQUE,URBANA,ALCOHOL EN CONDUCTOR,CONDUCCION EN ESTADO DE EBRIEDAD,0,0,0,1,23:00:00
-73.0916927,-36.7631524,3328,8,REGION BIO BIO,8110,TALCAHUANO,RIO LOA, ,220,"Río Loa 220, Talcahuano, Bío Bío, Chile",-36.7631524,-73.0916927,1,ROOFTOP,2020,1256389,2020/01/03 00:00:00+00,CHOQUE FRENTE/POSTERIOR,CHOQUE,URBANA,IMPRUDENCIA DEL CONDUCTOR,CONDUCCION SIN MANTENER DISTANCIA RAZONABLE NI PRUDENTE,0,0,0,0,17:40:00
-72.3482414,-37.4675877,3329,8,REGION BIO BIO,8301,LOS ANGELES,RENGO,VILLAGRAN,0,"Rengo & Villagrán, Los Angeles, Los Ángeles, Bío Bío, Chile",-37.4675877,-72.3482414,1,GEOMETRIC_CENTER,2020,1256505,2020/01/06 00:00:00+00,COLISION LATERAL,COLISION,URBANA,IMPRUDENCIA DEL CONDUCTOR,CONDUCCION NO ATENTO CONDICIONES TRANSITO MOMENTO,0,0,0,0,12:30:00
-73.399604,-37.800258,3330,8,REGION BIO BIO,8203,CAÑETE,SAAVEDRA, ,790,"Saavedra 790, Canete, Cañete, Bío Bío, Chile",-37.800258,-73.399604,1,RANGE_INTERPOLATED,2020,1256515,2020/01/14 00:00:00+00,COLISION,COLISION,URBANA,IMPRUDENCIA DEL CONDUCTOR,CONDUCCION NO ATENTO CONDICIONES TRANSITO MOMENTO,0,0,0,0,13:40:00
-72.3482262,-37.4628277,3331,8,REGION BIO BIO,8301,LOS ANGELES,VILLAGRAN,JANEQUEO,0,"Janequeo & Villagrán, Los Angeles, Los Ángeles, Bío Bío, Chile",-37.4628277,-72.3482262,1,GEOMETRIC_CENTER,2020,1256562,2020/01/07 00:00:00+00,COLISION LATERAL,COLISION,URBANA,IMPRUDENCIA DEL CONDUCTOR,CONDUCCION NO ATENTO CONDICIONES TRANSITO MOMENTO,0,0,0,0,02:10:00
-72.3544083,-37.4741327,3332,8,REGION BIO BIO,8301,LOS ANGELES,MANUEL RODRIGUEZ,BULNES,0,"Bulnes & Manuel Rodríguez, Los Angeles, Los Ángeles, Bío Bío, Chile",-37.4741327,-72.3544083,1,GEOMETRIC_CENTER,2020,1256574,2020/01/07 00:00:00+00,COLISION,COLISION,URBANA,IMPRUDENCIA DEL CONDUCTOR,CONDUCCION NO ATENTO CONDICIONES TRANSITO MOMENTO,0,1,0,0,08:00:00
-72.34334,-37.4695428,3333,8,REGION BIO BIO,8301,LOS ANGELES,ALEMANIA, ,396,"Av. Alemania 396, Los Angeles, Los Ángeles, Bío Bío, Chile",-37.4695428,-72.34334,1,RANGE_INTERPOLATED,2020,1256579,2020/01/07 00:00:00+00,CHOQUE LADO/LADO,CHOQUE,URBANA,IMPRUDENCIA DEL CONDUCTOR,CONDUCCION NO ATENTO CONDICIONES TRANSITO MOMENTO,0,0,0,0,19:45:00
-72.3425361,-37.4880624,3334,8,REGION BIO BIO,8301,LOS ANGELES,LOS CARRERA,VILLA SUR,0,"Av. Los Carrera 1596, Los Angeles, Los Ángeles, Bío Bío, Chile",-37.4880624,-72.3425361,1,ROOFTOP,2020,1256580,2020/01/08 00:00:00+00,COLISION LATERAL,COLISION,URBANA,IMPRUDENCIA DEL CONDUCTOR,CONDUCCION NO ATENTO CONDICIONES TRANSITO MOMENTO,0,0,0,1,12:20:00
-72.325918,-37.483728,3335,8,REGION BIO BIO,8301,LOS ANGELES,FRANCISCO ENCINA,LAS INDUSTRIAS,0,"Av. Francisco Encina & Av Las Industrias, Los Ángeles, Bío Bío, Chile",-37.483728,-72.325918,1,GEOMETRIC_CENTER,2020,1256585,2020/01/08 00:00:00+00,CHOQUE FRENTE/LADO,CHOQUE,URBANA,PERDIDA CONTROL VEHICULO,PERDIDA CONTROL VEHICULO,0,0,0,0,12:35:00
-72.3320227,-37.4554305,3336,8,REGION BIO BIO,8301,LOS ANGELES,ALMTE LATORRE,MACEDONIA,0,"Avenida Almirante Latorre & Macedonia, Los Ángeles, Bío Bío, Chile",-37.4554305,-72.3320227,1,GEOMETRIC_CENTER,2020,1256596,2020/01/08 00:00:00+00,CHOQUE FRONTAL,CHOQUE,URBANA,ALCOHOL EN CONDUCTOR,CONDUCCION EN ESTADO DE EBRIEDAD,0,0,0,0,20:26:00
-72.3500136,-37.4795587,3337,8,REGION BIO BIO,8301,LOS ANGELES,FREIRE,ELEUTERIO RAMIREZ,0,"Eleuterio Ramirez & Freire, Los Angeles, Los Ángeles, Bío Bío, Chile",-37.4795587,-72.3500136,1,GEOMETRIC_CENTER,2020,1256597,2020/01/08 00:00:00+00,COLISION LATERAL,COLISION,URBANA,IMPRUDENCIA DEL CONDUCTOR,CONDUCCION NO ATENTO CONDICIONES TRANSITO MOMENTO,0,0,0,0,12:30:00
-73.0867468,-36.7947866,3338,8,REGION BIO BIO,8112,HUALPEN,CAÑETE,COLON,0,"Avenida Cristóbal Colón & Cañete, Hualpén, Bío Bío, Chile",-36.7947866,-73.0867468,1,GEOMETRIC_CENTER,2020,1256603,2020/01/08 00:00:00+00,COLISION,COLISION,URBANA,IMPRUDENCIA DEL CONDUCTOR,CONDUCCION SIN MANTENER DISTANCIA RAZONABLE NI PRUDENTE,0,0,0,1,13:00:00
-72.3723872,-37.4713275,3339,8,REGION BIO BIO,8301,LOS ANGELES,COLO COLO, ,1485,"Colo Colo 1485, Los Angeles, Los Ángeles, Bío Bío, Chile",-37.4713275,-72.3723872,1,ROOFTOP,2020,1256994,2020/01/11 00:00:00+00,CHOQUE FRENTE/LADO,CHOQUE,URBANA,IMPRUDENCIA DEL CONDUCTOR,CONDUCCION NO ATENTO CONDICIONES TRANSITO MOMENTO,0,0,0,0,01:05:00
-73.107163,-36.7249321,3340,8,REGION BIO BIO,8110,TALCAHUANO,MANUEL RODRIGUEZ, ,303,"Manuel Rodríguez 303, Talcahuano, Bío Bío, Chile",-36.7249321,-73.107163,1,RANGE_INTERPOLATED,2020,1256830,2020/01/06 00:00:00+00,ATROPELLO,ATROPELLO,URBANA,DESOBEDIENCIA A SEÑALIZACION,SEÑALIZACION DESOBEDECER LUZ ROJA DE SEMAFORO,0,0,0,1,17:00:00
-73.016474,-36.9460732,3341,8,REGION BIO BIO,8103,CHIGUAYANTE,MANUEL RODRIGUEZ,ESPERANZA,0,"Esperanza & Avenida Manuel Rodríguez, Chiguayante, Bío Bío, Chile",-36.9460732,-73.016474,1,GEOMETRIC_CENTER,2020,1256839,2020/01/02 00:00:00+00,COLISION PERPENDICULAR,COLISION,URBANA,CAUSAS NO DETERMINADAS,CAUSAS NO DETERMINADAS,0,0,0,1,17:40:00
-73.0315384,-36.9012513,3342,8,REGION BIO BIO,8103,CHIGUAYANTE,OCHO ORIENTE,LAS VIOLETAS,0,"Las Violetas & Calle 8 Oriente, Chiguayante, Bío Bío, Chile",-36.9012513,-73.0315384,1,GEOMETRIC_CENTER,2020,1256846,2020/01/02 00:00:00+00,CHOQUE POSTERIOR/FRENTE,CHOQUE,URBANA,CAUSAS NO DETERMINADAS,CAUSAS NO DETERMINADAS,0,0,0,0,08:05:00
-73.0235785,-36.9292608,3343,8,REGION BIO BIO,8103,CHIGUAYANTE,MANUEL RODRIGUEZ,SANTA ELENA,0,"Sta. Elena & Av. Manuel Rodríguez, Chiguayante, Bío Bío, Chile",-36.9292608,-73.0235785,1,GEOMETRIC_CENTER,2020,1256867,2020/01/03 00:00:00+00,CHOQUE FRENTE/POSTERIOR,CHOQUE,URBANA,OTRAS CAUSAS,OTRAS CAUSAS,0,0,0,2,13:50:00
-73.0314249,-36.9044403,3344,8,REGION BIO BIO,8103,CHIGUAYANTE,OCHO ORIENTE, ,720,"Calle 8 Ote. 720, Chiguayante, Bío Bío, Chile",-36.9044403,-73.0314249,1,ROOFTOP,2020,1256885,2020/01/03 00:00:00+00,CHOQUE FRENTE/POSTERIOR,CHOQUE,URBANA,OTRAS CAUSAS,OTRAS CAUSAS,0,0,0,0,18:00:00
-72.3536947,-37.4675227,3345,8,REGION BIO BIO,8301,LOS ANGELES,RENGO,MENDOZA,0,"Mendoza & Rengo, Los Angeles, Los Ángeles, Bío Bío, Chile",-37.4675227,-72.3536947,1,GEOMETRIC_CENTER,2020,1256923,2020/01/10 00:00:00+00,COLISION LATERAL,COLISION,RURAL,IMPRUDENCIA DEL CONDUCTOR,CONDUCCION NO ATENTO CONDICIONES TRANSITO MOMENTO,0,0,0,1,17:00:00
-72.3550077,-37.4810797,3346,8,REGION BIO BIO,8301,LOS ANGELES,MANUEL RODRIGUEZ,VICUÑA MACKENNA,0,"Avenida Vicuña Mackenna & Manuel Rodríguez, Los Angeles, Los Ángeles, Bío Bío, Chile",-37.4810797,-72.3550077,1,GEOMETRIC_CENTER,2020,1256926,2020/01/10 00:00:00+00,COLISION LATERAL,COLISION,URBANA,IMPRUDENCIA DEL CONDUCTOR,CONDUCCION NO ATENTO CONDICIONES TRANSITO MOMENTO,0,0,0,0,16:35:00
-72.3350481,-37.484907,3347,8,REGION BIO BIO,8301,LOS ANGELES,FRANCISCO ENCINA,ORIENTE,0,"Av. Francisco Encina, Los Ángeles, Bío Bío, Chile",-37.484907,-72.3350481,1,GEOMETRIC_CENTER,2020,1256960,2020/01/10 00:00:00+00,CHOQUE POSTERIOR/POSTERIOR,CHOQUE,URBANA,IMPRUDENCIA DEL CONDUCTOR,CONDUCCION NO ATENTO CONDICIONES TRANSITO MOMENTO,0,0,0,0,18:30:00
-72.3495794,-37.472613,3348,8,REGION BIO BIO,8301,LOS ANGELES,RICARDO VICUÑA,ALMAGRO,0,"Avenida Ricardo Vicuña & Almagro, Los Angeles, Los Ángeles, Bío Bío, Chile",-37.472613,-72.3495794,1,GEOMETRIC_CENTER,2020,1256976,2020/01/11 00:00:00+00,CHOQUE FRONTAL,CHOQUE,URBANA,ALCOHOL EN CONDUCTOR,CONDUCCION EN ESTADO DE EBRIEDAD,0,0,0,1,04:15:00
-72.3921451,-37.4484962,3349,8,REGION BIO BIO,8301,LOS ANGELES,MARIA DOLORES, ,3465,"Cam. María Dolores 3465, Los Ángeles, Bío Bío, Chile",-37.4484962,-72.3921451,1,RANGE_INTERPOLATED,2020,1256990,2020/01/11 00:00:00+00,OTRO TIPO,OTRO TIPO,URBANA,IMPRUDENCIA DEL CONDUCTOR,CONDUCCION NO ATENTO CONDICIONES TRANSITO MOMENTO,0,0,0,0,21:40:00
-72.3291868,-37.4843619,3350,8,REGION BIO BIO,8301,LOS ANGELES,FRANCISCO ENCINA,PUERTO ALEGRE,0,"Avenida Francisco Encina & Pto Alegre, Los Ángeles, Bío Bío, Chile",-37.4843619,-72.3291868,1,GEOMETRIC_CENTER,2020,1256998,2020/01/11 00:00:00+00,COLISION LATERAL,COLISION,URBANA,IMPRUDENCIA DEL CONDUCTOR,CONDUCCION NO ATENTO CONDICIONES TRANSITO MOMENTO,0,0,0,1,00:30:00
-73.0825166,-36.8024875,3351,8,REGION BIO BIO,8112,HUALPEN,COLON,PUERTO SAAVEDRA,0,"Avenida Cristóbal Colón & Pto Saavedra, Hualpén, Bío Bío, Chile",-36.8024875,-73.0825166,1,GEOMETRIC_CENTER,2020,1257003,2020/01/10 00:00:00+00,COLISION,COLISION,URBANA,CAUSAS NO DETERMINADAS,CAUSAS NO DETERMINADAS,0,0,1,0,23:00:00
-72.679303,-37.5020526,3352,8,REGION BIO BIO,8306,NACIMIENTO,MONTRI, ,560,"Montri 560, Nacimiento, Bío Bío, Chile",-37.5020526,-72.679303,1,ROOFTOP,2020,1257169,2020/01/14 00:00:00+00,OTRO TIPO,OTRO TIPO,URBANA,OTRAS CAUSAS,OTRAS CAUSAS,0,0,0,0,17:30:00
-73.0423803,-36.8231766,3353,8,REGION BIO BIO,8101,CONCEPCION,PAICAVI,BARROS ARANA,0,"Barros Arana & Paicaví, Concepción, Bío Bío, Chile",-36.8231766,-73.0423803,1,GEOMETRIC_CENTER,2020,1257030,2020/01/11 00:00:00+00,COLISION POR ALCANCE,COLISION,URBANA,IMPRUDENCIA DEL CONDUCTOR,CONDUCCION SIN MANTENER DISTANCIA RAZONABLE NI PRUDENTE,0,0,0,0,11:15:00
-72.3373266,-37.4611616,3354,8,REGION BIO BIO,8301,LOS ANGELES,NAHUELBUTA, ,774,"Nahuelbuta 774, Los Angeles, Los Ángeles, Bío Bío, Chile",-37.4611616,-72.3373266,1,ROOFTOP,2020,1257050,2020/01/12 00:00:00+00,CHOQUE FRONTAL,CHOQUE,URBANA,PERDIDA CONTROL VEHICULO,PERDIDA CONTROL VEHICULO,0,0,0,1,08:30:00