X,Y,FID,COD_REG,REGION,CUT,COMUNA,CALLE_UNO,CALLE_DOS,NUMERO,DIR_GEOCOD,LAT,LNG,VAL_COM,TIPO,Año,Idaccident,Fecha,Tipo_Accid,Tipo__CONA,Zona,Causa__CON,Causa,Fallecidos,Graves,Menos_Grav,Leves,Hora
-72.3257416,-37.4947125,3355,8,REGION BIO BIO,8301,LOS ANGELES,LAS INDUSTRIAS,LA FRONTERA,0,"Avenida Las Industrias & La Frontera, Los Ángeles, Bío Bío, Chile",-37.4947125,-72.3257416,1,GEOMETRIC_CENTER,2020,1257066,2020/01/13 00:00:00+00,COLISION LATERAL,COLISION,URBANA,IMPRUDENCIA DEL CONDUCTOR,CONDUCCION NO ATENTO CONDICIONES TRANSITO MOMENTO,0,0,0,1,00:20:00
-73.0595386,-36.8162799,3356,8,REGION BIO BIO,8101,CONCEPCION,ARGENTINA,RENGO,0,"Argentina & Rengo, Concepción, Bío Bío, Chile",-36.8162799,-73.0595386,1,GEOMETRIC_CENTER,2020,1257130,2020/01/12 00:00:00+00,COLISION LATERAL,COLISION,URBANA,IMPRUDENCIA DEL CONDUCTOR,VIRAJES INDEBIDOS,0,0,0,0,03:30:00
-73.0459928,-36.8228728,3357,8,REGION BIO BIO,8101,CONCEPCION,OROMPELLO, ,645,"Orompello 645, Concepción, Bío Bío, Chile",-36.8228728,-73.0459928,1,ROOFTOP,2020,1257152,2020/01/13 00:00:00+00,COLISION LATERAL,COLISION,URBANA,IMPRUDENCIA DEL CONDUCTOR,ADELANTAMIENTO SIN EL ESPACIO O TIEMPO SUFICIENTE,0,0,0,0,16:20:00
-73.0576528,-36.8307616,3358,8,REGION BIO BIO,8101,CONCEPCION,OHIGGINS, ,39,"Libertador Gral. Bernardo OHiggins 39, Concepción, Bío Bío, Chile",-36.8307616,-73.0576528,1,ROOFTOP,2020,1257180,2020/01/13 00:00:00+00,ATROPELLO,ATROPELLO,URBANA,IMPRUDENCIA DEL PEATON,PEATON CRUZA CALZADA FORMA SORPRESIVA O DESCUIDADA,0,0,0,0,17:45:00
-73.0487224,-36.8232637,3359,8,REGION BIO BIO,8101,CONCEPCION,MAIPU,CASTELLON,0,"Castellón & Maipú, Concepción, Bío Bío, Chile",-36.8232637,-73.0487224,1,GEOMETRIC_CENTER,2020,1257251,2020/01/15 00:00:00+00,CHOQUE LATERAL,CHOQUE,URBANA,IMPRUDENCIA DEL CONDUCTOR,CONDUCCION SIN MANTENER DISTANCIA RAZONABLE NI PRUDENTE,0,0,0,0,14:15:00
-72.3502611,-37.4605394,3360,8,REGION BIO BIO,8301,LOS ANGELES,OROMPELLO,COLON,0,"Orompello & Colón, Los Angeles, Los Ángeles, Bío Bío, Chile",-37.4605394,-72.3502611,1,GEOMETRIC_CENTER,2020,1257295,2020/01/13 00:00:00+00,COLISION LATERAL,COLISION,URBANA,IMPRUDENCIA DEL CONDUCTOR,CONDUCCION NO ATENTO CONDICIONES TRANSITO MOMENTO,0,0,0,0,11:45:00
-72.34822,-37.477077,3361,8,REGION BIO BIO,8301,LOS ANGELES,LOS CARRERA,GABRIELA MISTRAL,0,"Av. Los Carrera & Av. Gabriela Mistral, Los Angeles, Los Ángeles, Bío Bío, Chile",-37.477077,-72.34822,1,GEOMETRIC_CENTER,2020,1257303,2020/01/15 00:00:00+00,COLISION,COLISION,URBANA,IMPRUDENCIA DEL CONDUCTOR,CONDUCCION NO ATENTO CONDICIONES TRANSITO MOMENTO,0,0,0,1,13:30:00
-72.3329586,-37.4822445,3362,8,REGION BIO BIO,8301,LOS ANGELES,MONTREAL,TORONTO,0,"Montreal & Toronto, Los Angeles, Los Ángeles, Bío Bío, Chile",-37.4822445,-72.3329586,1,GEOMETRIC_CENTER,2020,1257313,2020/01/15 00:00:00+00,COLISION LATERAL,COLISION,URBANA,IMPRUDENCIA DEL CONDUCTOR,CONDUCCION NO ATENTO CONDICIONES TRANSITO MOMENTO,0,0,0,1,21:40:00
-72.3758905,-37.4666489,3363,8,REGION BIO BIO,8301,LOS ANGELES,GALVARINO,ESTANISLAO ANGUITA,0,"Avenida Estanislao Anguita & Galvarino, Los Angeles, Los Ángeles, Bío Bío, Chile",-37.4666489,-72.3758905,1,GEOMETRIC_CENTER,2020,1257314,2020/01/15 00:00:00+00,COLISION LATERAL,COLISION,URBANA,DESOBEDIENCIA A SEÑALIZACION,SEÑALIZACION DESOBEDECER SEÑAL PARE,0,0,0,2,23:35:00
-73.0373179,-36.8906093,3364,8,REGION BIO BIO,8103,CHIGUAYANTE,OCHO ORIENTE,COSTANERA,0,"Av Costanera Sur S/N, Chiguayante, Región Metropolitana, Chile",-36.8906093,-73.0373179,1,ROOFTOP,2020,1257323,2020/01/04 00:00:00+00,COLISION LATERAL,COLISION,URBANA,CAUSAS NO DETERMINADAS,CAUSAS NO DETERMINADAS,0,0,0,0,21:12:00
-72.9364133,-37.1742446,3365,8,REGION BIO BIO,8109,SANTA JUANA,IRARRAZAVAL, ,62,"Irarrazabal 62, Santa Juana, Bío Bío, Chile",-37.1742446,-72.9364133,1,RANGE_INTERPOLATED,2020,1257379,2020/01/11 00:00:00+00,ATROPELLO,ATROPELLO,RURAL,CAUSAS NO DETERMINADAS,CAUSAS NO DETERMINADAS,0,0,0,1,21:40:00
-73.1012783,-36.8387625,3366,8,REGION BIO BIO,8108,SAN PEDRO DE LA PAZ,PEDRO AGUIRRE CERDA,LOS CANELOS,0,"Avenida Pedro Aguirre Cerda & Los Canelos, San Pedro de la Paz, Bío Bío, Chile",-36.8387625,-73.1012783,1,GEOMETRIC_CENTER,2020,1257408,2020/01/08 00:00:00+00,CHOQUE POSTERIOR/POSTERIOR,CHOQUE,URBANA,CAUSAS NO DETERMINADAS,CAUSAS NO DETERMINADAS,0,0,0,0,12:15:00
-73.094748,-36.8437169,3367,8,REGION BIO BIO,8108,SAN PEDRO DE LA PAZ,MICHILAMONCO,CAMINO EL VENADO,0,"Av. Michimalonco & Cam. El Venado, San Pedro de la Paz, Bío Bío, Chile",-36.8437169,-73.094748,1,GEOMETRIC_CENTER,2020,1257409,2020/01/09 00:00:00+00,CHOQUE POSTERIOR/POSTERIOR,CHOQUE,URBANA,CAUSAS NO DETERMINADAS,CAUSAS NO DETERMINADAS,0,0,0,0,19:45:00
-73.0450028,-36.816538,3368,8,REGION BIO BIO,8101,CONCEPCION,BULNES,JANEQUEO,0,"Janequeo & Manuel Bulnes, Concepción, Bío Bío, Chile",-36.816538,-73.0450028,1,GEOMETRIC_CENTER,2020,1257410,2020/01/13 00:00:00+00,COLISION,COLISION,URBANA,CAUSAS NO DETERMINADAS,CAUSAS NO DETERMINADAS,0,0,0,0,20:02:00
-73.118738,-36.7868063,3369,8,REGION BIO BIO,8112,HUALPEN,COSTANERA,FINLANDIA,0,"Avenida Costanera & Finlandia, Hualpén, Bío Bío, Chile",-36.7868063,-73.118738,1,GEOMETRIC_CENTER,2020,1257492,2020/01/12 00:00:00+00,COLISION,COLISION,URBANA,DESOBEDIENCIA A SEÑALIZACION,SEÑALIZACION DESOBEDECER SEÑAL PARE,0,0,0,0,23:00:00
-73.1099531,-36.7866757,3370,8,REGION BIO BIO,8112,HUALPEN,CAMINO A LA DESEMBOCADURA, ,20,"Hualpén, Bío Bío, Chile",-36.7866757,-73.1099531,1,APPROXIMATE,2020,1258320,2020/01/18 00:00:00+00,CHOQUE,CHOQUE,RURAL,PERDIDA CONTROL VEHICULO,PERDIDA CONTROL VEHICULO,0,0,0,0,18:00:00
-73.0288263,-36.914857,3371,8,REGION BIO BIO,8103,CHIGUAYANTE,OHIGGINS,PORTALES,0,"Portales & Avenida OHiggins, Chiguayante, Bío Bío, Chile",-36.914857,-73.0288263,1,GEOMETRIC_CENTER,2020,1257545,2020/01/05 00:00:00+00,COLISION PERPENDICULAR,COLISION,URBANA,CAUSAS NO DETERMINADAS,CAUSAS NO DETERMINADAS,0,0,0,1,16:50:00
-73.0866313,-36.7961774,3372,8,REGION BIO BIO,8112,HUALPEN,COLON,RAMUNTCHO,0,"Colón esquina - Ramuntcho 15, local 5, Hualpén, Bío Bío, Chile",-36.7961774,-73.0866313,1,ROOFTOP,2020,1257584,2020/01/12 00:00:00+00,COLISION,COLISION,URBANA,ALCOHOL EN CONDUCTOR,CONDUCCION EN ESTADO DE EBRIEDAD,0,0,0,0,18:35:00
-73.1065415,-36.7867099,3373,8,REGION BIO BIO,8112,HUALPEN,GRECIA,IRLANDA,0,"Irlanda & Grecia, Hualpén, Bío Bío, Chile",-36.7867099,-73.1065415,1,GEOMETRIC_CENTER,2020,1257629,2020/01/15 00:00:00+00,COLISION,COLISION,URBANA,DESOBEDIENCIA A SEÑALIZACION,SEÑALIZACION DESOBEDECER SEÑAL CEDA EL PASO,0,0,0,1,22:21:00
-72.3445437,-37.479365,3374,8,REGION BIO BIO,8301,LOS ANGELES,JOSE SANTOS OSSA,JOSE SANTOS OSSA,0,"José Santos Ossa, Los Angeles, Los Ángeles, Bío Bío, Chile",-37.479365,-72.3445437,1,GEOMETRIC_CENTER,2020,1257644,2020/01/16 00:00:00+00,COLISION LATERAL,COLISION,URBANA,IMPRUDENCIA DEL CONDUCTOR,CONDUCCION NO ATENTO CONDICIONES TRANSITO MOMENTO,0,0,0,0,14:45:00
-73.112117,-36.8000857,3375,8,REGION BIO BIO,8112,HUALPEN,COSTANERA,GRAN BRETAÑA,0,"C. la Roda, Hualpén, Bío Bío, Chile",-36.8000857,-73.112117,1,GEOMETRIC_CENTER,2020,1257703,2020/01/17 00:00:00+00,VOLCADURA,VOLCADURA,URBANA,VELOCIDAD IMPRUDENTE,VELOCIDAD NO RAZONABLE NI PRUDENTE,1,0,0,0,03:08:00
-73.0847201,-36.8005237,3376,8,REGION BIO BIO,8112,HUALPEN,CRISTOBAL COLON,NUEVA IMPERIAL,0,"Avenida Cristóbal Colón & Nva Imperial, Hualpén, Bío Bío, Chile",-36.8005237,-73.0847201,1,GEOMETRIC_CENTER,2020,1257735,2020/01/15 00:00:00+00,ATROPELLO,ATROPELLO,URBANA,IMPRUDENCIA DEL PEATON,PEATON CRUZA CALZADA FUERA PASO PEATONES,0,1,0,0,14:00:00
-73.0063157,-36.7420258,3377,8,REGION BIO BIO,8107,PENCO,CALLE DOS,PASAJE 8,0,"Pje. 8 & C. 2, Penco, Bío Bío, Chile",-36.7420258,-73.0063157,1,GEOMETRIC_CENTER,2020,1257746,2020/01/14 00:00:00+00,ATROPELLO,ATROPELLO,URBANA,IMPRUDENCIA DEL CONDUCTOR,NO RESPETAR DERECHO PREFERENTE DE PASO A PEATON,0,1,0,0,20:00:00
-72.4084439,-37.03395,3378,8,REGION BIO BIO,8303,CABRERO,OHIGGINS,URIZAR,0,"Ohiggins S/N, Cabrero, Bío Bío, Chile",-37.03395,-72.4084439,1,ROOFTOP,2020,1257778,2020/01/08 00:00:00+00,ATROPELLO,ATROPELLO,URBANA,IMPRUDENCIA DEL CONDUCTOR,NO RESPETAR DERECHO PREFERENTE DE PASO A PEATON,0,0,0,1,19:00:00
-72.3993509,-37.0363396,3379,8,REGION BIO BIO,8303,CABRERO,TUCAPEL,VIAL,0,"Avenida Vial & Tucapel, Cabrero, Bío Bío, Chile",-37.0363396,-72.3993509,1,GEOMETRIC_CENTER,2020,1257827,2020/01/18 00:00:00+00,COLISION LATERAL,COLISION,URBANA,ALCOHOL EN CONDUCTOR,CONDUCCION EN ESTADO DE EBRIEDAD,0,0,0,1,20:10:00
-73.0227439,-36.931672,3380,8,REGION BIO BIO,8103,CHIGUAYANTE,MANUEL RODRIGUEZ,PINARES,0,"Pinares & Avenida Manuel Rodríguez, Chiguayante, Bío Bío, Chile",-36.931672,-73.0227439,1,GEOMETRIC_CENTER,2020,1257857,2020/01/07 00:00:00+00,CHOQUE FRENTE/POSTERIOR,CHOQUE,URBANA,CAUSAS NO DETERMINADAS,CAUSAS NO DETERMINADAS,0,0,0,0,08:10:00
-73.0515564,-36.8542589,3381,8,REGION BIO BIO,8103,CHIGUAYANTE,COSTANERA, ,5855,"Av. Costanera 5855, Concepción, Bío Bío, Chile",-36.8542589,-73.0515564,1,RANGE_INTERPOLATED,2020,1258056,2020/01/11 00:00:00+00,VOLCADURA,VOLCADURA,URBANA,CAUSAS NO DETERMINADAS,CAUSAS NO DETERMINADAS,0,0,0,0,21:05:00
-72.6737839,-37.5000511,3382,8,REGION BIO BIO,8306,NACIMIENTO,VILLA ALEGRE, ,344,"Villa Alegre 344, Nacimiento, Bío Bío, Chile",-37.5000511,-72.6737839,1,RANGE_INTERPOLATED,2020,1258226,2020/01/16 00:00:00+00,CHOQUE,CHOQUE,URBANA,IMPRUDENCIA DEL CONDUCTOR,CONDUCCION NO ATENTO CONDICIONES TRANSITO MOMENTO,0,0,0,0,10:30:00
-73.0855288,-36.7981196,3383,8,REGION BIO BIO,8112,HUALPEN,CRISTOBAL COLON, ,8851,"Av. Cristóbal Colón 8851, Hualpén, Bío Bío, Chile",-36.7981196,-73.0855288,1,RANGE_INTERPOLATED,2020,1258228,2020/01/17 00:00:00+00,COLISION,COLISION,RURAL,CAUSAS NO DETERMINADAS,CAUSAS NO DETERMINADAS,0,0,0,0,13:40:00
-73.1125737,-36.7785201,3384,8,REGION BIO BIO,8112,HUALPEN,GRAN BRETAÑA,MANCHESTER,0,"Gran Bretaña & Manchester, Hualpén, Bío Bío, Chile",-36.7785201,-73.1125737,1,GEOMETRIC_CENTER,2020,1258244,2020/01/18 00:00:00+00,COLISION,COLISION,URBANA,FALLAS MECANICAS,FALLAS MECANICAS NEUMATICOS,0,0,0,1,04:50:00
-73.1407363,-36.8369461,3385,8,REGION BIO BIO,8108,SAN PEDRO DE LA PAZ,CINCO DE OCTUBRE,DOCE DE FEBRERO,0,"Doce de Febrero, San Pedro de la Paz, Bío Bío, Chile",-36.8369461,-73.1407363,1,GEOMETRIC_CENTER,2020,1258249,2020/01/19 00:00:00+00,COLISION LATERAL,COLISION,URBANA,IMPRUDENCIA DEL CONDUCTOR,CONDUCCION NO ATENTO CONDICIONES TRANSITO MOMENTO,0,0,0,1,23:00:00
-73.1421469,-36.844545,3386,8,REGION BIO BIO,8108,SAN PEDRO DE LA PAZ,LOS CARRERA,MICHAIHUE,0,"Los Carrera & Avenida Michaihue, San Pedro de la Paz, Bío Bío, Chile",-36.844545,-73.1421469,1,GEOMETRIC_CENTER,2020,1258259,2020/01/20 00:00:00+00,VOLCADURA,VOLCADURA,URBANA,IMPRUDENCIA DEL CONDUCTOR,CONDUCCION NO ATENTO CONDICIONES TRANSITO MOMENTO,0,0,1,0,08:10:00
-73.0474572,-36.8227472,3387,8,REGION BIO BIO,8101,CONCEPCION,TUCAPEL,MAIPU,0,"Tucapel & Maipú, Concepción, Bío Bío, Chile",-36.8227472,-73.0474572,1,GEOMETRIC_CENTER,2020,1258279,2020/01/17 00:00:00+00,COLISION LATERAL,COLISION,URBANA,DEFICIENCIAS VIALES,SEÑALIZACION SEMAFORO MAL ESTADO O DEFICIENTE,0,0,0,0,20:30:00
-73.081512,-36.7896834,3388,8,REGION BIO BIO,8112,HUALPEN,SANTA MARIA,SANTA INES,0,"Sta. Ines & Av. Sta. María, Hualpén, Bío Bío, Chile",-36.7896834,-73.081512,1,GEOMETRIC_CENTER,2020,1258306,2020/01/18 00:00:00+00,CHOQUE,CHOQUE,URBANA,PERDIDA CONTROL VEHICULO,PERDIDA CONTROL VEHICULO,0,0,0,1,08:30:00
-72.3518546,-37.4624551,3389,8,REGION BIO BIO,8301,LOS ANGELES,VALDIVIA,JANEQUEO,0,"Valdivia & Janequeo, Los Angeles, Los Ángeles, Bío Bío, Chile",-37.4624551,-72.3518546,1,GEOMETRIC_CENTER,2020,1258310,2020/01/18 00:00:00+00,COLISION FRONTAL,COLISION,URBANA,DESOBEDIENCIA A SEÑALIZACION,SEÑALIZACION DESOBEDECER SEÑAL PARE,0,0,0,2,20:45:00
-73.1195406,-36.7251606,3390,8,REGION BIO BIO,8110,TALCAHUANO,BRASIL, ,655,"Brasil 655, Talcahuano, Bío Bío, Chile",-36.7251606,-73.1195406,1,RANGE_INTERPOLATED,2020,1258311,2020/01/16 00:00:00+00,CHOQUE FRENTE/POSTERIOR,CHOQUE,URBANA,IMPRUDENCIA DEL CONDUCTOR,CONDUCCION SIN MANTENER DISTANCIA RAZONABLE NI PRUDENTE,0,0,0,0,10:00:00
-72.3407022,-37.4905967,3391,8,REGION BIO BIO,8301,LOS ANGELES,LOS CARRERA, ,2466,"Av. Los Carrera 2466, Los Angeles, Los Ángeles, Bío Bío, Chile",-37.4905967,-72.3407022,1,RANGE_INTERPOLATED,2020,1258314,2020/01/18 00:00:00+00,ATROPELLO,ATROPELLO,URBANA,ALCOHOL EN CONDUCTOR,CONDUCCION EN ESTADO DE EBRIEDAD,0,1,0,0,22:00:00
-72.3482805,-37.472695,3392,8,REGION BIO BIO,8301,LOS ANGELES,VILLAGRAN,RICARDO VICUÑA,0,"Avenida Ricardo Vicuña & Villagrán, Los Angeles, Los Ángeles, Bío Bío, Chile",-37.472695,-72.3482805,1,GEOMETRIC_CENTER,2020,1258321,2020/01/19 00:00:00+00,COLISION LATERAL,COLISION,URBANA,IMPRUDENCIA DEL CONDUCTOR,CONDUCCION NO ATENTO CONDICIONES TRANSITO MOMENTO,0,0,0,3,09:50:00
-73.1175786,-36.7242122,3393,8,REGION BIO BIO,8110,TALCAHUANO,VALDIVIA, ,178,"Valdivia, Talcahuano, Bío Bío, Chile",-36.7242122,-73.1175786,1,GEOMETRIC_CENTER,2020,1258494,2020/01/17 00:00:00+00,ATROPELLO,ATROPELLO,URBANA,IMPRUDENCIA DEL PEATON,PEATON CRUZA CALZADA FUERA PASO PEATONES,0,0,0,1,15:00:00
-73.0436564,-36.8197164,3394,8,REGION BIO BIO,8101,CONCEPCION,LOS CARRERA,PAICAVI,0,"Los Carrera - Paicaví, Concepción, Bío Bío, Chile",-36.8197164,-73.0436564,1,GEOMETRIC_CENTER,2020,1258456,2020/01/19 00:00:00+00,COLISION PERPENDICULAR,COLISION,URBANA,DEFICIENCIAS VIALES,SEÑALIZACION MAL INSTALADA O MANTENIDA FORMA DEFECTUOSA,0,0,0,3,23:30:00
-73.0747207,-36.8027361,3395,8,REGION BIO BIO,8112,HUALPEN,JORGE ALESSANDRI RODRIGUEZ,NUDO NOBIS,0,"Avenida Presidente Jorge Alessandri Rodriguez 1669, Concepción, Hualpén, Bío Bío, Chile",-36.8027361,-73.0747207,1,GEOMETRIC_CENTER,2020,1258482,2020/01/21 00:00:00+00,CHOQUE,CHOQUE,URBANA,IMPRUDENCIA DEL CONDUCTOR,CONDUCCION NO ATENTO CONDICIONES TRANSITO MOMENTO,0,0,0,0,19:00:00
-73.3481356,-37.4812079,3396,8,REGION BIO BIO,8205,CURANILAHUE,ERNESTO RIQUELME, ,200,"Riquelme 200, Curanilahue, Bío Bío, Chile",-37.4812079,-73.3481356,1,RANGE_INTERPOLATED,2020,1258522,2020/01/17 00:00:00+00,ATROPELLO,ATROPELLO,URBANA,OTRAS CAUSAS,HECHO DELICTUAL,0,0,0,1,13:30:00
-73.0866314,-36.777716,3397,8,REGION BIO BIO,8110,TALCAHUANO,CRISTOBAL COLON, ,2194,"Av. Cristóbal Colón # 6900, Talcahuano, Bío Bío, Chile",-36.777716,-73.0866314,1,ROOFTOP,2020,1258560,2020/01/18 00:00:00+00,CHOQUE FRONTAL,CHOQUE,URBANA,PERDIDA CONTROL VEHICULO,PERDIDA CONTROL VEHICULO,0,0,0,0,20:10:00
-73.4608937,-37.6259706,3398,8,REGION BIO BIO,8206,LOS ALAMOS,LUIS SAEZ MORA,ANDALIO VIGUERAS,0,"Unnamed Road, Los Alamos, Bío Bío, Chile",-37.6259706,-73.4608937,1,GEOMETRIC_CENTER,2020,1258590,2020/01/16 00:00:00+00,COLISION LATERAL,COLISION,URBANA,DESOBEDIENCIA A SEÑALIZACION,SEÑALIZACION DESOBEDECER SEÑAL PARE,0,0,0,3,12:30:00
-73.6496186,-37.6075564,3399,8,REGION BIO BIO,8201,LEBU,LEPIÑANCO,VICTOR DOMINGO SILVA,0,"V. Domingo Silva & Lepiñanco, Lebu, Bío Bío, Chile",-37.6075564,-73.6496186,1,GEOMETRIC_CENTER,2020,1258600,2020/01/21 00:00:00+00,CHOQUE FRENTE/LADO,CHOQUE,URBANA,IMPRUDENCIA DEL CONDUCTOR,CONDUCCION NO ATENTO CONDICIONES TRANSITO MOMENTO,0,1,0,0,08:00:00
-73.0358659,-36.8904813,3400,8,REGION BIO BIO,8103,CHIGUAYANTE,CAMINO A CHIGUAYANTE, ,5855,"Cam. A Chiguayante 5855, Chiguayante, Concepción, Bío Bío, Chile",-36.8904813,-73.0358659,1,RANGE_INTERPOLATED,2020,1258694,2020/01/14 00:00:00+00,CHOQUE FRONTAL,CHOQUE,URBANA,CAUSAS NO DETERMINADAS,CAUSAS NO DETERMINADAS,0,0,0,0,02:30:00
-73.0288263,-36.914857,3401,8,REGION BIO BIO,8103,CHIGUAYANTE,OHIGGINS,PORTALES,0,"Portales & Avenida OHiggins, Chiguayante, Bío Bío, Chile",-36.914857,-73.0288263,1,GEOMETRIC_CENTER,2020,1258704,2020/01/16 00:00:00+00,CHOQUE FRONTAL,CHOQUE,URBANA,CAUSAS NO DETERMINADAS,CAUSAS NO DETERMINADAS,0,0,0,1,13:00:00
-72.3269736,-37.4698462,3402,8,REGION BIO BIO,8301,LOS ANGELES,LAS INDUSTRIAS, ,511,"Av Las Industrias 511, Los Ángeles, Bío Bío, Chile",-37.4698462,-72.3269736,1,RANGE_INTERPOLATED,2020,1258714,2020/01/20 00:00:00+00,COLISION,COLISION,URBANA,IMPRUDENCIA DEL CONDUCTOR,CONDUCCION NO ATENTO CONDICIONES TRANSITO MOMENTO,0,0,0,1,11:30:00
-73.0987618,-36.7403764,3403,8,REGION BIO BIO,8110,TALCAHUANO,CRISTOABL COLON, ,3157,"Colón 3157, Talcahuano, Bío Bío, Chile",-36.7403764,-73.0987618,1,ROOFTOP,2020,1258766,2020/01/22 00:00:00+00,CHOQUE FRONTAL,CHOQUE,URBANA,ALCOHOL EN CONDUCTOR,CONDUCCION EN ESTADO DE EBRIEDAD,0,0,0,1,05:00:00
-72.6608301,-37.5064019,3404,8,REGION BIO BIO,8306,NACIMIENTO,OCTAVIO JARA WOLF, ,320,"Octavio Jara Wolf 320, Nacimiento, Negrete, Bío Bío, Chile",-37.5064019,-72.6608301,1,RANGE_INTERPOLATED,2020,1258815,2020/01/18 00:00:00+00,CHOQUE,CHOQUE,URBANA,IMPRUDENCIA DEL CONDUCTOR,CONDUCCION NO ATENTO CONDICIONES TRANSITO MOMENTO,0,0,0,0,11:45:00
-73.0664635,-36.7918699,3405,8,REGION BIO BIO,8110,TALCAHUANO,JORGE ALESSANDRI PALMA, ,3177,"Av. Pdte. Jorge Alessandri Rodriguez 3177, Talcahuano, Bío Bío, Chile",-36.7918699,-73.0664635,1,ROOFTOP,2020,1258953,2020/01/22 00:00:00+00,CHOQUE POSTERIOR/POSTERIOR,CHOQUE,URBANA,IMPRUDENCIA DEL CONDUCTOR,CONDUCCION NO ATENTO CONDICIONES TRANSITO MOMENTO,0,0,0,0,12:10:00
-73.1628751,-37.0224166,3406,8,REGION BIO BIO,8102,CORONEL,PEDRO AGUIRRE CERDA, ,719,"Pedro Aguirre Cerda 719, Coronel, Bío Bío, Chile",-37.0224166,-73.1628751,1,RANGE_INTERPOLATED,2020,1259010,2020/01/20 00:00:00+00,VOLCADURA,VOLCADURA,URBANA,IMPRUDENCIA DEL CONDUCTOR,NO RESPETAR DERECHO PREFERENTE DE PASO A VEHICULO,1,0,0,0,15:50:00
-72.3709311,-37.4713424,3407,8,REGION BIO BIO,8301,LOS ANGELES,PADRE HURTADO,COLO COLO,0,"Colo Colo & Avenida Padre Hurtado, Los Angeles, Los Ángeles, Bío Bío, Chile",-37.4713424,-72.3709311,1,GEOMETRIC_CENTER,2020,1259037,2020/01/20 00:00:00+00,COLISION,COLISION,URBANA,IMPRUDENCIA DEL CONDUCTOR,CONDUCCION NO ATENTO CONDICIONES TRANSITO MOMENTO,0,0,0,1,23:30:00
-72.3699736,-37.4753076,3408,8,REGION BIO BIO,8301,LOS ANGELES,PADRE HURTADO,BAQUEDANO,0,"Baquedano & Avenida Padre Hurtado, Los Angeles, Los Ángeles, Bío Bío, Chile",-37.4753076,-72.3699736,1,GEOMETRIC_CENTER,2020,1259049,2020/01/21 00:00:00+00,ATROPELLO,ATROPELLO,URBANA,IMPRUDENCIA DEL CONDUCTOR,CONDUCCION NO ATENTO CONDICIONES TRANSITO MOMENTO,0,0,0,1,19:00:00
-73.1008918,-36.7497275,3409,8,REGION BIO BIO,8110,TALCAHUANO,CARLOS DITTBORN, ,3983,"Carlos Dittborn 3983, Talcahuano, Bío Bío, Chile",-36.7497275,-73.1008918,1,RANGE_INTERPOLATED,2020,1259094,2020/01/09 00:00:00+00,COLISION LATERAL,COLISION,URBANA,IMPRUDENCIA DEL CONDUCTOR,VIRAJES INDEBIDOS,0,0,0,0,14:50:00
-73.0455154,-36.8258008,3410,8,REGION BIO BIO,8101,CONCEPCION,OHIGGINS,TUCAPEL,0,"Tucapel & Libertador General Bernardo OHiggins, Concepción, Bío Bío, Chile",-36.8258008,-73.0455154,1,GEOMETRIC_CENTER,2020,1259176,2020/01/20 00:00:00+00,COLISION PERPENDICULAR,COLISION,URBANA,IMPRUDENCIA DEL CONDUCTOR,CONDUCCION NO ATENTO CONDICIONES TRANSITO MOMENTO,0,0,0,1,15:05:00
-73.0455419,-36.8232329,3411,8,REGION BIO BIO,8101,CONCEPCION,FREIRE,OROMPELLO,0,"Freire & Orompello, Concepción, Bío Bío, Chile",-36.8232329,-73.0455419,1,GEOMETRIC_CENTER,2020,1259191,2020/01/20 00:00:00+00,COLISION LATERAL,COLISION,URBANA,IMPRUDENCIA DEL CONDUCTOR,CONDUCCION SIN MANTENER DISTANCIA RAZONABLE NI PRUDENTE,0,0,0,0,17:40:00
-73.0480315,-36.8242518,3412,8,REGION BIO BIO,8101,CONCEPCION,CASTELLON,FREIRE,0,"Freire & Castellón, Concepción, Bío Bío, Chile",-36.8242518,-73.0480315,1,GEOMETRIC_CENTER,2020,1259246,2020/01/21 00:00:00+00,COLISION PERPENDICULAR,COLISION,URBANA,DESOBEDIENCIA A SEÑALIZACION,SEÑALIZACION DESOBEDECER SEÑAL CEDA EL PASO,0,0,0,1,08:30:00
-73.0530804,-36.8263488,3413,8,REGION BIO BIO,8101,CONCEPCION,FREIRE,RENGO,0,"Rengo & Freire, Concepción, Bío Bío, Chile",-36.8263488,-73.0530804,1,GEOMETRIC_CENTER,2020,1259316,2020/01/21 00:00:00+00,COLISION LATERAL,COLISION,URBANA,IMPRUDENCIA DEL CONDUCTOR,ADELANTAMIENTO SIN EL ESPACIO O TIEMPO SUFICIENTE,0,0,0,0,13:30:00
-73.0587385,-36.8362285,3414,8,REGION BIO BIO,8101,CONCEPCION,ESMERALDA,PEDRO DE VALDIVIA,0,"Esmeralda - Errázuriz, Concepción, Bío Bío, Chile",-36.8362285,-73.0587385,1,GEOMETRIC_CENTER,2020,1259408,2020/01/22 00:00:00+00,CHOQUE POSTERIOR/FRENTE,CHOQUE,URBANA,IMPRUDENCIA DEL CONDUCTOR,CONDUCCION NO ATENTO CONDICIONES TRANSITO MOMENTO,0,0,0,1,14:40:00