X,Y,FID,COD_REG,REGION,CUT,COMUNA,CALLE_UNO,CALLE_DOS,NUMERO,DIR_GEOCOD,LAT,LNG,VAL_COM,TIPO,Año,Idaccident,Fecha,Tipo_Accid,Tipo__CONA,Zona,Causa__CON,Causa,Fallecidos,Graves,Menos_Grav,Leves,Hora
-73.0511656,-36.8294264,3415,8,REGION BIO BIO,8101,CONCEPCION,SAN MARTIN,RENGO,0,"San Martín & Rengo, Concepción, Bío Bío, Chile",-36.8294264,-73.0511656,1,GEOMETRIC_CENTER,2020,1259600,2020/01/23 00:00:00+00,COLISION PERPENDICULAR,COLISION,URBANA,DESOBEDIENCIA A SEÑALIZACION,SEÑALIZACION DESOBEDECER SEÑAL PARE,0,0,0,2,08:20:00
-73.0416703,-36.8241957,3416,8,REGION BIO BIO,8101,CONCEPCION,PAICAVI,OHIGGINS,0,"Paicaví & Libertador General Bernardo OHiggins, Concepción, Bío Bío, Chile",-36.8241957,-73.0416703,1,GEOMETRIC_CENTER,2020,1259604,2020/01/24 00:00:00+00,ATROPELLO,ATROPELLO,URBANA,DEFICIENCIAS VIALES,SEÑALIZACION SEMAFORO MAL ESTADO O DEFICIENTE,0,0,0,1,08:00:00
-73.1130176,-36.7945554,3417,8,REGION BIO BIO,8112,HUALPEN,ARAGON,SAN GREGORIO,0,"Calle Aragon & San Gregorio, Hualpén, Bío Bío, Chile",-36.7945554,-73.1130176,1,GEOMETRIC_CENTER,2020,1259621,2020/01/21 00:00:00+00,CHOQUE FRONTAL,CHOQUE,URBANA,OTRAS CAUSAS,OTRAS CAUSAS,0,0,0,2,19:22:00
-73.6579383,-37.6059805,3418,8,REGION BIO BIO,8201,LEBU,BULNES, ,149,"Bulnes 149, Lebu, Bío Bío, Chile",-37.6059805,-73.6579383,1,RANGE_INTERPOLATED,2020,1259666,2020/01/25 00:00:00+00,CHOQUE FRENTE/POSTERIOR,CHOQUE,URBANA,IMPRUDENCIA DEL CONDUCTOR,CONDUCIR VEHICULO EN RETROCESO,0,0,0,0,10:40:00
-72.249928,-37.7199495,3419,8,REGION BIO BIO,8305,MULCHEN,BILBAO,EL ALAMO,0,"Unnamed Road, Mulchen,, Negrete, Mulchén, Bío Bío, Chile",-37.7199495,-72.249928,1,GEOMETRIC_CENTER,2020,1259746,2020/01/02 00:00:00+00,COLISION,COLISION,URBANA,IMPRUDENCIA DEL CONDUCTOR,CONDUCCION NO ATENTO CONDICIONES TRANSITO MOMENTO,0,0,0,3,11:00:00
-73.0448855,-36.8268039,3420,8,REGION BIO BIO,8101,CONCEPCION,TUCAPEL,SAN MARTIN,0,"Tucapel & San Martín, Concepción, Bío Bío, Chile",-36.8268039,-73.0448855,1,GEOMETRIC_CENTER,2020,1259776,2020/01/25 00:00:00+00,COLISION PERPENDICULAR,COLISION,URBANA,DESOBEDIENCIA A SEÑALIZACION,SEÑALIZACION DESOBEDECER SEÑAL PARE,0,0,0,0,10:50:00
-72.3721599,-37.4632641,3421,8,REGION BIO BIO,8301,LOS ANGELES,BOMBERO FRANCISCO RIOSECO,SANTIAGO,0,"Bombero Francisco Rioseco 1585, Biobío, Los Ángeles, Bío Bío, Chile",-37.4632641,-72.3721599,1,ROOFTOP,2020,1259785,2020/01/25 00:00:00+00,CHOQUE FRENTE/POSTERIOR,CHOQUE,URBANA,IMPRUDENCIA DEL CONDUCTOR,CONDUCCION NO ATENTO CONDICIONES TRANSITO MOMENTO,0,0,0,0,18:30:00
-73.0137183,-36.7651027,3422,8,REGION BIO BIO,8107,PENCO,GABRIELA MISTRAL, ,14,"Gabriela Mistral 14, Concepción, Penco, Bío Bío, Chile",-36.7651027,-73.0137183,1,RANGE_INTERPOLATED,2020,1259803,2020/01/26 00:00:00+00,ATROPELLO,ATROPELLO,URBANA,CAUSAS NO DETERMINADAS,CAUSAS NO DETERMINADAS,0,1,0,1,23:00:00
-72.3794037,-37.483181,3423,8,REGION BIO BIO,8301,LOS ANGELES,OCTAVIO JARA WOLF, ,2089,"Av. Octavio Jara Wolff 2089, Biobío, Los Ángeles, Bío Bío, Chile",-37.483181,-72.3794037,1,ROOFTOP,2020,1259804,2020/01/25 00:00:00+00,COLISION LATERAL,COLISION,URBANA,IMPRUDENCIA DEL CONDUCTOR,CONDUCCION NO ATENTO CONDICIONES TRANSITO MOMENTO,0,0,0,0,10:15:00
-72.3318248,-37.4810987,3424,8,REGION BIO BIO,8301,LOS ANGELES,MARINA DEL REY, ,1321,"Marina del Rey 1321, Los Angeles, Los Ángeles, Bío Bío, Chile",-37.4810987,-72.3318248,1,ROOFTOP,2020,1259941,2020/01/25 00:00:00+00,CHOQUE FRENTE/LADO,CHOQUE,URBANA,IMPRUDENCIA DEL CONDUCTOR,CONDUCCION NO ATENTO CONDICIONES TRANSITO MOMENTO,0,0,0,0,15:20:00
-73.0480315,-36.8242518,3425,8,REGION BIO BIO,8101,CONCEPCION,FREIRE,CASTELLON,0,"Freire & Castellón, Concepción, Bío Bío, Chile",-36.8242518,-73.0480315,1,GEOMETRIC_CENTER,2020,1259950,2020/01/28 00:00:00+00,COLISION LATERAL,COLISION,URBANA,IMPRUDENCIA DEL CONDUCTOR,CONDUCCION SIN MANTENER DISTANCIA RAZONABLE NI PRUDENTE,0,0,0,1,08:30:00
-73.110075,-36.7850836,3426,8,REGION BIO BIO,8112,HUALPEN,FINLANDIA, ,1869,"Finlandia 1869, Hualpén, Bío Bío, Chile",-36.7850836,-73.110075,1,RANGE_INTERPOLATED,2020,1260021,2020/01/27 00:00:00+00,CHOQUE FRONTAL,CHOQUE,URBANA,PERDIDA CONTROL VEHICULO,PERDIDA CONTROL VEHICULO,0,0,0,0,17:30:00
-73.0670897,-36.7965501,3427,8,REGION BIO BIO,8110,TALCAHUANO,JORGE ALESSANDRI PALMA, ,5001,"Av. Pdte. Jorge Alessandri Rodriguez, Talcahuano, Bío Bío, Chile",-36.7965501,-73.0670897,1,GEOMETRIC_CENTER,2020,1260023,2020/01/24 00:00:00+00,COLISION LATERAL,COLISION,URBANA,IMPRUDENCIA DEL CONDUCTOR,NO RESPETAR DERECHO PREFERENTE DE PASO A VEHICULO,0,0,0,0,13:40:00
-73.1125723,-36.7854984,3428,8,REGION BIO BIO,8112,HUALPEN,GIBRALTAR,FINLANDIA,0,"Gibraltar & Finlandia, Hualpén, Bío Bío, Chile",-36.7854984,-73.1125723,1,GEOMETRIC_CENTER,2020,1260057,2020/01/27 00:00:00+00,COLISION,COLISION,URBANA,DESOBEDIENCIA A SEÑALIZACION,SEÑALIZACION DESOBEDECER SEÑAL CEDA EL PASO,0,0,0,1,21:00:00
-73.0609204,-36.8190539,3429,8,REGION BIO BIO,8101,CONCEPCION,MANUEL RODRIGUEZ,ANGOL,0,"Angol & Manuel Rodríguez, Concepción, Bío Bío, Chile",-36.8190539,-73.0609204,1,GEOMETRIC_CENTER,2020,1260087,2020/01/21 00:00:00+00,COLISION PERPENDICULAR,COLISION,URBANA,DESOBEDIENCIA A SEÑALIZACION,SEÑALIZACION DESOBEDECER SEÑAL PARE,0,0,0,0,08:10:00
-72.7233723,-37.2632997,3430,8,REGION BIO BIO,8310,SAN ROSENDO,MACKENNA,EJERCITO,0,"San Rosendo, Bío Bío, Chile",-37.2632997,-72.7233723,1,APPROXIMATE,2020,1260116,2020/01/22 00:00:00+00,ATROPELLO,ATROPELLO,URBANA,IMPRUDENCIA DEL PEATON,PEATON CRUZA CALZADA FORMA SORPRESIVA O DESCUIDADA,0,0,1,0,19:45:00
-73.094748,-36.8437169,3431,8,REGION BIO BIO,8108,SAN PEDRO DE LA PAZ,MICHILAMONCO,CAMINO EL VENADO,0,"Av. Michimalonco & Cam. El Venado, San Pedro de la Paz, Bío Bío, Chile",-36.8437169,-73.094748,1,GEOMETRIC_CENTER,2020,1260097,2020/01/21 00:00:00+00,CHOQUE POSTERIOR/POSTERIOR,CHOQUE,URBANA,CAUSAS NO DETERMINADAS,CAUSAS NO DETERMINADAS,0,1,0,0,14:11:00
-72.5616122,-37.1005039,3432,8,REGION BIO BIO,8313,YUMBEL,BERNARDO OHIGGINS, ,620,"OHiggins 620, Yumbel, Bío Bío, Chile",-37.1005039,-72.5616122,1,ROOFTOP,2020,1260099,2020/01/20 00:00:00+00,CHOQUE POSTERIOR,CHOQUE,URBANA,IMPRUDENCIA DEL CONDUCTOR,CONDUCCION NO ATENTO CONDICIONES TRANSITO MOMENTO,0,0,0,0,16:00:00
-73.0800756,-36.7859464,3433,8,REGION BIO BIO,8112,HUALPEN,OHIGGINS,SANTA MARIA,0,"Av. Sta. María 7450, Hualpén, Bío Bío, Chile",-36.7859464,-73.0800756,1,ROOFTOP,2020,1260165,2020/01/29 00:00:00+00,CHOQUE FRONTAL,CHOQUE,URBANA,PERDIDA CONTROL VEHICULO,PERDIDA CONTROL VEHICULO,0,0,0,0,14:00:00
-73.1308565,-36.8454033,3434,8,REGION BIO BIO,8108,SAN PEDRO DE LA PAZ,NUEVA UNO,MICHAIHUE,0,"Nueva Uno & Avenida Michaihue, San Pedro de la Paz, Bío Bío, Chile",-36.8454033,-73.1308565,1,GEOMETRIC_CENTER,2020,1260278,2020/01/27 00:00:00+00,CHOQUE LADO/FRENTE,CHOQUE,URBANA,IMPRUDENCIA DEL CONDUCTOR,CONDUCCION NO ATENTO CONDICIONES TRANSITO MOMENTO,0,0,0,0,08:40:00
-73.146937,-36.8456955,3435,8,REGION BIO BIO,8108,SAN PEDRO DE LA PAZ,FRESIA, ,2964,"Fresia 2964, San Pedro de la Paz, RM, Chile",-36.8456955,-73.146937,1,ROOFTOP,2020,1260286,2020/01/24 00:00:00+00,ATROPELLO,ATROPELLO,URBANA,IMPRUDENCIA DEL CONDUCTOR,CONDUCCION NO ATENTO CONDICIONES TRANSITO MOMENTO,0,0,1,0,11:30:00
-73.0442069,-36.8252458,3436,8,REGION BIO BIO,8101,CONCEPCION,OHIGGINS,OROMPELLO,0,"Orompello & Libertador General Bernardo OHiggins, Concepción, Bío Bío, Chile",-36.8252458,-73.0442069,1,GEOMETRIC_CENTER,2020,1260293,2020/01/28 00:00:00+00,COLISION PERPENDICULAR,COLISION,URBANA,DEFICIENCIAS VIALES,SEÑALIZACION SEMAFORO MAL ESTADO O DEFICIENTE,0,0,0,6,20:40:00
-73.1527368,-37.0838756,3437,8,REGION BIO BIO,8106,LOTA,FERNANDO MAIRA,LOS AROMOS,0,"Fernando Maira Nº 580 – A, Sector La Cantera, Lota, Bío Bío, Chile",-37.0838756,-73.1527368,1,GEOMETRIC_CENTER,2020,1260598,2020/01/08 00:00:00+00,COLISION POR ALCANCE,COLISION,URBANA,IMPRUDENCIA DEL CONDUCTOR,CONDUCCION NO ATENTO CONDICIONES TRANSITO MOMENTO,0,0,0,0,14:30:00
-73.1527368,-37.0838756,3438,8,REGION BIO BIO,8106,LOTA,ARTURO PRAT,FERNANDO MAIRA,0,"Fernando Maira Nº 580 – A, Sector La Cantera, Lota, Bío Bío, Chile",-37.0838756,-73.1527368,1,GEOMETRIC_CENTER,2020,1260608,2020/01/20 00:00:00+00,COLISION LATERAL,COLISION,URBANA,OTRAS CAUSAS,OTRAS CAUSAS,0,0,0,1,17:30:00
-73.1527368,-37.0838756,3439,8,REGION BIO BIO,8106,LOTA,FERNANDO MAIRA,LA PAZ,0,"Fernando Maira Nº 580 – A, Sector La Cantera, Lota, Bío Bío, Chile",-37.0838756,-73.1527368,1,GEOMETRIC_CENTER,2020,1260609,2020/01/21 00:00:00+00,COLISION LATERAL,COLISION,URBANA,IMPRUDENCIA DEL CONDUCTOR,NO RESPETAR DERECHO PREFERENTE DE PASO A VEHICULO,0,0,0,0,12:40:00
-73.1527368,-37.0838756,3440,8,REGION BIO BIO,8106,LOTA,FERNANDO MAIRA,MIRAMAR,0,"Fernando Maira Nº 580 – A, Sector La Cantera, Lota, Bío Bío, Chile",-37.0838756,-73.1527368,1,GEOMETRIC_CENTER,2020,1260610,2020/01/21 00:00:00+00,COLISION POR ALCANCE,COLISION,URBANA,IMPRUDENCIA DEL CONDUCTOR,CARGA ESCURRE A LA CALZADA,0,0,0,0,15:00:00
-73.1585592,-37.0900297,3441,8,REGION BIO BIO,8106,LOTA,PEDRO AGUIRRE CERDA,LAUTARO,0,"Pedro Aguirre Cerda & Lautaro, Lota, Bío Bío, Chile",-37.0900297,-73.1585592,1,GEOMETRIC_CENTER,2020,1260616,2020/01/27 00:00:00+00,COLISION LATERAL,COLISION,URBANA,IMPRUDENCIA DEL CONDUCTOR,NO RESPETAR DERECHO PREFERENTE DE PASO A VEHICULO,0,0,0,0,09:30:00
-73.1222221,-36.746927,3442,8,REGION BIO BIO,8110,TALCAHUANO,GRAN BRETAÑA, ,2235,"Gran Bretaña 2235, Talcahuano, Bío Bío, Chile",-36.746927,-73.1222221,1,ROOFTOP,2020,1260635,2020/01/28 00:00:00+00,COLISION POR ALCANCE,COLISION,URBANA,IMPRUDENCIA DEL CONDUCTOR,ADELANTAMIENTO SIN EL ESPACIO O TIEMPO SUFICIENTE,0,0,0,0,00:40:00
-73.146937,-36.8456955,3443,8,REGION BIO BIO,8108,SAN PEDRO DE LA PAZ,FRESIA, ,2964,"Fresia 2964, San Pedro de la Paz, RM, Chile",-36.8456955,-73.146937,1,ROOFTOP,2020,1260936,2020/01/24 00:00:00+00,ATROPELLO,ATROPELLO,URBANA,IMPRUDENCIA DEL CONDUCTOR,CONDUCCION NO ATENTO CONDICIONES TRANSITO MOMENTO,0,0,1,0,11:30:00
-73.1116179,-36.7143375,3444,8,REGION BIO BIO,8110,TALCAHUANO,CRISTOBAL COLON, ,521,"Colón 521, Talcahuano, Bío Bío, Chile",-36.7143375,-73.1116179,1,RANGE_INTERPOLATED,2020,1260657,2020/01/24 00:00:00+00,COLISION LATERAL,COLISION,URBANA,DESOBEDIENCIA A SEÑALIZACION,SEÑALIZACION DESOBEDECER SEÑAL CEDA EL PASO,0,0,0,0,12:50:00
-73.108079,-36.7409098,3445,8,REGION BIO BIO,8110,TALCAHUANO,ALTO HORNO, ,743,"Alto Horno 743, Talcahuano, Bío Bío, Chile",-36.7409098,-73.108079,1,RANGE_INTERPOLATED,2020,1260674,2020/01/30 00:00:00+00,COLISION LATERAL,COLISION,URBANA,IMPRUDENCIA DEL CONDUCTOR,VIRAJES INDEBIDOS,0,0,0,0,17:30:00
-73.0517618,-36.8284078,3446,8,REGION BIO BIO,8101,CONCEPCION,OHIGGINS,RENGO,0,"Rengo & Libertador General Bernardo OHiggins, Concepción, Bío Bío, Chile",-36.8284078,-73.0517618,1,GEOMETRIC_CENTER,2020,1260749,2020/01/31 00:00:00+00,COLISION POR ALCANCE,COLISION,URBANA,IMPRUDENCIA DEL CONDUCTOR,CONDUCCION SIN MANTENER DISTANCIA RAZONABLE NI PRUDENTE,0,0,0,0,12:55:00
-72.3610594,-37.4750912,3447,8,REGION BIO BIO,8301,LOS ANGELES,BAQUEDANO,CAMILO HENRIQUEZ,0,"Camilo Henríquez & Baquedano, Los Angeles, Los Ángeles, Bío Bío, Chile",-37.4750912,-72.3610594,1,GEOMETRIC_CENTER,2020,1260875,2020/01/26 00:00:00+00,COLISION LATERAL,COLISION,URBANA,IMPRUDENCIA DEL CONDUCTOR,CONDUCCION NO ATENTO CONDICIONES TRANSITO MOMENTO,0,0,0,0,19:30:00
-72.3709755,-37.467705,3448,8,REGION BIO BIO,8301,LOS ANGELES,COSTANERA QUILQUE NORTE,PADRE HURTADO,0,"Av. Padre Hurtado & Costanera Quilque Nte., Los Angeles, Los Ángeles, Bío Bío, Chile",-37.467705,-72.3709755,1,GEOMETRIC_CENTER,2020,1260880,2020/01/26 00:00:00+00,VOLCADURA,VOLCADURA,URBANA,ALCOHOL EN CONDUCTOR,CONDUCCION EN ESTADO DE EBRIEDAD,0,0,0,1,05:55:00
-73.0594034,-36.8264888,3449,8,REGION BIO BIO,8101,CONCEPCION,LOS CARRERA,SERRANO,0,"Avenida los Carrera & Serrano, Concepción, Bío Bío, Chile",-36.8264888,-73.0594034,1,GEOMETRIC_CENTER,2020,1260894,2020/01/31 00:00:00+00,CHOQUE POSTERIOR/FRENTE,CHOQUE,URBANA,IMPRUDENCIA DEL CONDUCTOR,CONDUCCION NO ATENTO CONDICIONES TRANSITO MOMENTO,0,0,0,0,11:40:00
-73.1308565,-36.8454033,3450,8,REGION BIO BIO,8108,SAN PEDRO DE LA PAZ,NUEVA UNO,MICHAIHUE,0,"Nueva Uno & Avenida Michaihue, San Pedro de la Paz, Bío Bío, Chile",-36.8454033,-73.1308565,1,GEOMETRIC_CENTER,2020,1260924,2020/01/27 00:00:00+00,COLISION POR ALCANCE,COLISION,URBANA,IMPRUDENCIA DEL CONDUCTOR,CONDUCCION NO ATENTO CONDICIONES TRANSITO MOMENTO,0,0,0,0,08:40:00
-72.3505636,-37.4638337,3451,8,REGION BIO BIO,8301,LOS ANGELES,COLON,GALVARINO,0,"Colón & Galvarino, Los Angeles, Los Ángeles, Bío Bío, Chile",-37.4638337,-72.3505636,1,GEOMETRIC_CENTER,2020,1260946,2020/01/27 00:00:00+00,CHOQUE POSTERIOR,CHOQUE,URBANA,ALCOHOL EN CONDUCTOR,CONDUCCION EN ESTADO DE EBRIEDAD,0,0,0,0,00:30:00
-72.2394422,-37.7245692,3452,8,REGION BIO BIO,8305,MULCHEN,SALVO,ECKERS,0,"Salvo & Calle Eckers, Mulchen, Mulchén, Bío Bío, Chile",-37.7245692,-72.2394422,1,GEOMETRIC_CENTER,2020,1260953,2020/01/24 00:00:00+00,COLISION,COLISION,URBANA,DESOBEDIENCIA A SEÑALIZACION,SEÑALIZACION DESOBEDECER SEÑAL CEDA EL PASO,0,0,0,1,15:20:00
-72.3629688,-37.4803166,3453,8,REGION BIO BIO,8301,LOS ANGELES,ALCAZAR,VICUÑA MACKENNA,0,"Avenida Vicuña Mackenna & Alcázar, Los Angeles, Los Ángeles, Bío Bío, Chile",-37.4803166,-72.3629688,1,GEOMETRIC_CENTER,2020,1260959,2020/01/27 00:00:00+00,COLISION LATERAL,COLISION,URBANA,IMPRUDENCIA DEL CONDUCTOR,CONDUCCION NO ATENTO CONDICIONES TRANSITO MOMENTO,0,0,0,0,00:30:00
-72.3308854,-37.4670399,3454,8,REGION BIO BIO,8301,LOS ANGELES,ALEMANIA,MONTE CEA,0,"Avenida Alemania & Montecea, Los Angeles, Los Ángeles, Bío Bío, Chile",-37.4670399,-72.3308854,1,GEOMETRIC_CENTER,2020,1260997,2020/01/28 00:00:00+00,COLISION,COLISION,URBANA,IMPRUDENCIA DEL CONDUCTOR,CONDUCCION NO ATENTO CONDICIONES TRANSITO MOMENTO,0,0,0,1,13:00:00
-73.0481127,-36.8216544,3455,8,REGION BIO BIO,8101,CONCEPCION,LOS CARRERA,TUCAPEL,0,"Tucapel & Avenida los Carrera, Concepción, Bío Bío, Chile",-36.8216544,-73.0481127,1,GEOMETRIC_CENTER,2020,1261001,2020/01/31 00:00:00+00,CHOQUE LADO/LADO,CHOQUE,URBANA,IMPRUDENCIA DEL CONDUCTOR,CONDUCCION SIN MANTENER DISTANCIA RAZONABLE NI PRUDENTE,0,0,0,0,18:45:00
-72.3562367,-37.4766266,3456,8,REGION BIO BIO,8301,LOS ANGELES,LOR COCHARANE,PATRICIO LYNCH,0,"Lord Cochrane & Patricio Lynch, Los Angeles, Los Ángeles, Bío Bío, Chile",-37.4766266,-72.3562367,1,GEOMETRIC_CENTER,2020,1261004,2020/01/28 00:00:00+00,COLISION,COLISION,URBANA,IMPRUDENCIA DEL CONDUCTOR,VIRAJES INDEBIDOS,0,0,0,1,18:21:00
-72.957998,-36.6132497,3457,8,REGION BIO BIO,8111,TOME,SARGENTO ALDEA,LEON LUCO,0,"Sargento Aldea & León Luco, Tome, Tomé, Bío Bío, Chile",-36.6132497,-72.957998,1,GEOMETRIC_CENTER,2020,1261087,2020/01/27 00:00:00+00,COLISION PERPENDICULAR,COLISION,URBANA,IMPRUDENCIA DEL CONDUCTOR,CONDUCCION NO ATENTO CONDICIONES TRANSITO MOMENTO,0,1,0,0,13:40:00
-73.0410829,-36.8277511,3458,8,REGION BIO BIO,8101,CONCEPCION,ONGOLMO,CHACABUCO,0,"Avenida Chacabuco & Ongolmo, Concepción, Bío Bío, Chile",-36.8277511,-73.0410829,1,GEOMETRIC_CENTER,2020,1261184,2020/01/31 00:00:00+00,ATROPELLO,ATROPELLO,URBANA,IMPRUDENCIA DEL CONDUCTOR,NO RESPETAR DERECHO PREFERENTE DE PASO A PEATON,0,0,0,1,20:00:00
-73.1140676,-36.7921905,3459,8,REGION BIO BIO,8112,HUALPEN,POSTDAM,MONACO,0,"Postdam - Calle Tres / Norte, Hualpén, Bío Bío, Chile",-36.7921905,-73.1140676,1,GEOMETRIC_CENTER,2020,1261264,2020/02/03 00:00:00+00,CHOQUE FRONTAL,CHOQUE,URBANA,PERDIDA CONTROL VEHICULO,PERDIDA CONTROL VEHICULO,0,0,0,0,16:00:00
-73.3968463,-37.8029217,3460,8,REGION BIO BIO,8203,CAÑETE,SERRANO, ,531,"Serrano 531, Canete, Cañete, Bío Bío, Chile",-37.8029217,-73.3968463,1,RANGE_INTERPOLATED,2020,1261312,2020/01/21 00:00:00+00,CHOQUE,CHOQUE,URBANA,IMPRUDENCIA DEL CONDUCTOR,CONDUCCION NO ATENTO CONDICIONES TRANSITO MOMENTO,0,0,0,0,14:00:00
-73.0525386,-36.8223137,3461,8,REGION BIO BIO,8101,CONCEPCION,ANIBAL PINTO,LAS HERAS,0,"Anibal Pinto & Las Heras, Concepción, Bío Bío, Chile",-36.8223137,-73.0525386,1,GEOMETRIC_CENTER,2020,1261316,2020/01/03 00:00:00+00,COLISION POR ALCANCE,COLISION,URBANA,IMPRUDENCIA DEL CONDUCTOR,CONDUCCION SIN MANTENER DISTANCIA RAZONABLE NI PRUDENTE,0,0,0,0,16:30:00
-73.1154616,-36.7898865,3462,8,REGION BIO BIO,8112,HUALPEN,OSTRAVA,SARAJEVO,0,"Sarajevo & Ostrava, Hualpén, Bío Bío, Chile",-36.7898865,-73.1154616,1,GEOMETRIC_CENTER,2020,1261335,2020/02/03 00:00:00+00,COLISION,COLISION,URBANA,IMPRUDENCIA DEL CONDUCTOR,NO RESPETAR DERECHO PREFERENTE DE PASO A PEATON,0,0,0,0,16:00:00
-73.1619589,-36.9855525,3463,8,REGION BIO BIO,8102,CORONEL,LOS NOTROS,LOS PINOS,0,"Los Notros & Los Pinos, Coronel, Bío Bío, Chile",-36.9855525,-73.1619589,1,GEOMETRIC_CENTER,2020,1261602,2020/01/10 00:00:00+00,ATROPELLO,ATROPELLO,URBANA,IMPRUDENCIA DEL CONDUCTOR,CONDUCCION NO ATENTO CONDICIONES TRANSITO MOMENTO,0,1,0,0,12:54:00
-73.0142192,-36.9566755,3464,8,REGION BIO BIO,8103,CHIGUAYANTE,21 DE MAYO,MENCIA LOS NIDOS,0,"21 de Mayo, Chiguayante, Bío Bío, Chile",-36.9566755,-73.0142192,1,GEOMETRIC_CENTER,2020,1261605,2020/01/04 00:00:00+00,COLISION LATERAL,COLISION,URBANA,IMPRUDENCIA DEL CONDUCTOR,CONDUCCION CAMBIAR SORPRESIVAMENTE PISTA CIRCULACION,0,0,0,1,19:40:00
-72.7171972,-37.2769446,3465,8,REGION BIO BIO,8304,LAJA,BALMACEDA,SAN MARTIN,0,"Balmaceda & San Martin, Laja, Bío Bío, Chile",-37.2769446,-72.7171972,1,GEOMETRIC_CENTER,2020,1261786,2020/01/31 00:00:00+00,ATROPELLO,ATROPELLO,URBANA,IMPRUDENCIA DEL CONDUCTOR,NO RESPETAR DERECHO PREFERENTE DE PASO A PEATON,0,0,0,1,09:00:00
-73.1468722,-37.0298617,3466,8,REGION BIO BIO,8102,CORONEL,CARLOS PRATS, ,50,"Av. Gral. Carlos Prats 50, Coronel, Bío Bío, Chile",-37.0298617,-73.1468722,1,RANGE_INTERPOLATED,2020,1261910,2020/01/10 00:00:00+00,CAIDA,CAIDA,URBANA,IMPRUDENCIA DEL PASAJERO,IMPRUDENCIA DEL PASAJERO,0,1,0,0,20:10:00
-73.1461872,-37.0301811,3467,8,REGION BIO BIO,8102,CORONEL,BALMACEDA,LOS CARRERA,0,"Los Carrera & Balmaceda, Coronel, Bío Bío, Chile",-37.0301811,-73.1461872,1,GEOMETRIC_CENTER,2020,1261945,2020/01/25 00:00:00+00,CHOQUE,CHOQUE,URBANA,ALCOHOL EN CONDUCTOR,CONDUCCION EN ESTADO DE EBRIEDAD,0,0,0,0,05:45:00
-73.1461872,-37.0301811,3468,8,REGION BIO BIO,8102,CORONEL,BALMACEDA,LOS CARRERA,0,"Los Carrera & Balmaceda, Coronel, Bío Bío, Chile",-37.0301811,-73.1461872,1,GEOMETRIC_CENTER,2020,1262017,2020/01/25 00:00:00+00,CHOQUE,CHOQUE,URBANA,ALCOHOL EN CONDUCTOR,CONDUCCION EN ESTADO DE EBRIEDAD,0,0,0,0,05:40:00
-73.0404403,-36.8185718,3469,8,REGION BIO BIO,8101,CONCEPCION,LOS CARRERA,GALVARINO,0,"Galvarino & Avenida los Carrera, Concepción, Bío Bío, Chile",-36.8185718,-73.0404403,1,GEOMETRIC_CENTER,2020,1262060,2020/01/07 00:00:00+00,COLISION PERPENDICULAR,COLISION,URBANA,DEFICIENCIAS VIALES,SEÑALIZACION SEMAFORO MAL ESTADO O DEFICIENTE,0,0,0,2,19:00:00
-73.1231221,-36.7234195,3470,8,REGION BIO BIO,8110,TALCAHUANO,BRASIL, ,360,"Brasil 360, Talcahuano, Bío Bío, Chile",-36.7234195,-73.1231221,1,RANGE_INTERPOLATED,2020,1262108,2020/02/04 00:00:00+00,CAIDA,CAIDA,URBANA,OTRAS CAUSAS,OTRAS CAUSAS,0,0,1,0,10:30:00
-73.0203151,-36.9447396,3471,8,REGION BIO BIO,8103,CHIGUAYANTE,JORGE ALESSANDRI, ,0,"Jorge Montt, Chiguayante, Bío Bío, Chile",-36.9447396,-73.0203151,1,GEOMETRIC_CENTER,2020,1262172,2020/01/08 00:00:00+00,COLISION POR ALCANCE,COLISION,URBANA,IMPRUDENCIA DEL CONDUCTOR,CONDUCCION SIN MANTENER DISTANCIA RAZONABLE NI PRUDENTE,0,0,0,0,09:00:00
-73.0312884,-36.9242042,3472,8,REGION BIO BIO,8103,CHIGUAYANTE,LOS CARRERA PONIENTE,ZAÑARTU,0,"Los Carrera, Chiguayante, Bío Bío, Chile",-36.9242042,-73.0312884,1,GEOMETRIC_CENTER,2020,1262183,2020/01/24 00:00:00+00,COLISION LATERAL,COLISION,URBANA,DESOBEDIENCIA A SEÑALIZACION,SEÑALIZACION DESOBEDECER SEÑAL CEDA EL PASO,0,0,0,0,21:50:00
-73.0463104,-36.8170615,3473,8,REGION BIO BIO,8101,CONCEPCION,PAICAVI,BULNES,0,"Manuel Bulnes & Paicaví, Concepción, Bío Bío, Chile",-36.8170615,-73.0463104,1,GEOMETRIC_CENTER,2020,1262193,2020/01/08 00:00:00+00,COLISION LATERAL,COLISION,URBANA,IMPRUDENCIA DEL CONDUCTOR,CONDUCCION CAMBIAR SORPRESIVAMENTE PISTA CIRCULACION,0,0,0,0,21:00:00
-73.0594034,-36.8264888,3474,8,REGION BIO BIO,8101,CONCEPCION,SERRANO,LOS CARRERA,0,"Avenida los Carrera & Serrano, Concepción, Bío Bío, Chile",-36.8264888,-73.0594034,1,GEOMETRIC_CENTER,2020,1262195,2020/01/25 00:00:00+00,COLISION LATERAL,COLISION,URBANA,DESOBEDIENCIA A SEÑALIZACION,SEÑALIZACION DESOBEDECER LUZ ROJA DE SEMAFORO,0,0,0,0,10:00:00