X,Y,FID,COD_REG,REGION,CUT,COMUNA,CALLE_UNO,CALLE_DOS,NUMERO,DIR_GEOCOD,LAT,LNG,VAL_COM,TIPO,Año,Idaccident,Fecha,Tipo_Accid,Tipo__CONA,Zona,Causa__CON,Causa,Fallecidos,Graves,Menos_Grav,Leves,Hora
-73.0392881,-36.8179472,3475,8,REGION BIO BIO,8101,CONCEPCION,AINAVILLO,LOS CARRERA,0,"Ainavillo & Avenida los Carrera, Concepción, Bío Bío, Chile",-36.8179472,-73.0392881,1,GEOMETRIC_CENTER,2020,1262198,2020/01/27 00:00:00+00,COLISION LATERAL,COLISION,URBANA,DESOBEDIENCIA A SEÑALIZACION,SEÑALIZACION DESOBEDECER LUZ ROJA DE SEMAFORO,0,0,0,0,09:30:00
-73.0494048,-36.8221863,3476,8,REGION BIO BIO,8101,CONCEPCION,CASTELLON,LOS CARRERA,0,"Avenida los Carrera & Castellón, Concepción, Bío Bío, Chile",-36.8221863,-73.0494048,1,GEOMETRIC_CENTER,2020,1262203,2020/01/09 00:00:00+00,COLISION,COLISION,URBANA,IMPRUDENCIA DEL CONDUCTOR,CONDUCCION SIN MANTENER DISTANCIA RAZONABLE NI PRUDENTE,0,0,0,0,13:25:00
-73.0541094,-36.8128642,3477,8,REGION BIO BIO,8101,CONCEPCION,TUCAPEL, ,1657,"Tucapel 1657, Concepción, Bío Bío, Chile",-36.8128642,-73.0541094,1,ROOFTOP,2020,1262211,2020/01/28 00:00:00+00,CHOQUE POSTERIOR/LADO,CHOQUE,URBANA,IMPRUDENCIA DEL CONDUCTOR,CONDUCCION NO ATENTO CONDICIONES TRANSITO MOMENTO,0,0,0,0,10:40:00
-73.0372844,-36.8159813,3478,8,REGION BIO BIO,8101,CONCEPCION,PELANTARO,LAS HERAS,0,"Pelantaro & Las Heras, Concepción, Bío Bío, Chile",-36.8159813,-73.0372844,1,GEOMETRIC_CENTER,2020,1262213,2020/01/12 00:00:00+00,CHOQUE POSTERIOR,CHOQUE,URBANA,IMPRUDENCIA DEL CONDUCTOR,CONDUCIR VEHICULO EN RETROCESO,0,0,0,0,17:00:00
-73.0556728,-36.8248069,3479,8,REGION BIO BIO,8101,CONCEPCION,LOS CARRERA,LINCOYAN,0,"Av. los Carrera & Lincoyán, Concepción, Bío Bío, Chile",-36.8248069,-73.0556728,1,GEOMETRIC_CENTER,2020,1262225,2020/01/30 00:00:00+00,COLISION POR ALCANCE,COLISION,URBANA,IMPRUDENCIA DEL CONDUCTOR,CONDUCCION NO ATENTO CONDICIONES TRANSITO MOMENTO,0,0,0,0,02:30:00
-73.0228535,-36.9271956,3480,8,REGION BIO BIO,8103,CHIGUAYANTE,21 DE MAYO,MAGALLANES,0,"21 de Mayo 737, Chiguayante, Bío Bío, Chile",-36.9271956,-73.0228535,1,ROOFTOP,2020,1262228,2020/01/30 00:00:00+00,COLISION POR ALCANCE,COLISION,URBANA,IMPRUDENCIA DEL CONDUCTOR,CONDUCCION NO ATENTO CONDICIONES TRANSITO MOMENTO,0,0,0,1,14:30:00
-73.0429731,-36.8196393,3481,8,REGION BIO BIO,8101,CONCEPCION,JANEQUEO,LOS CARRERA,0,"Janequeo & Avenida los Carrera, Concepción, Bío Bío, Chile",-36.8196393,-73.0429731,1,GEOMETRIC_CENTER,2020,1262229,2020/01/13 00:00:00+00,COLISION LATERAL,COLISION,URBANA,DESOBEDIENCIA A SEÑALIZACION,SEÑALIZACION DESOBEDECER INDICACION CARABINERO SERVICIO,0,0,0,2,08:00:00
-73.0540145,-36.8048434,3482,8,REGION BIO BIO,8101,CONCEPCION,PAICAVI,BELLAVISTA,0,"Bellavista & Paicaví, Concepción, Bío Bío, Chile",-36.8048434,-73.0540145,1,GEOMETRIC_CENTER,2020,1262232,2020/01/13 00:00:00+00,ATROPELLO,ATROPELLO,URBANA,IMPRUDENCIA DEL PEATON,PEATON CRUZA CALZADA FORMA SORPRESIVA O DESCUIDADA,0,0,0,1,18:45:00
-73.0391023,-36.8072238,3483,8,REGION BIO BIO,8101,CONCEPCION,LLAIMA, ,126,"Llaima 126, Concepción, Bío Bío, Chile",-36.8072238,-73.0391023,1,ROOFTOP,2020,1262238,2020/01/20 00:00:00+00,CHOQUE FRENTE/POSTERIOR,CHOQUE,URBANA,IMPRUDENCIA DEL CONDUCTOR,CONDUCCION NO ATENTO CONDICIONES TRANSITO MOMENTO,0,0,0,0,16:25:00
-73.0574759,-36.8127432,3484,8,REGION BIO BIO,8101,CONCEPCION,EJERCITO, ,764,"Ejército 764, Concepción, Bío Bío, Chile",-36.8127432,-73.0574759,1,ROOFTOP,2020,1262240,2020/01/22 00:00:00+00,COLISION LATERAL,COLISION,URBANA,IMPRUDENCIA DEL CONDUCTOR,CONDUCCION NO ATENTO CONDICIONES TRANSITO MOMENTO,0,0,0,1,15:00:00
-73.0444476,-36.8078636,3485,8,REGION BIO BIO,8101,CONCEPCION,CENTRAL,PASAJE 32,0,"Central & Pasaje 32, Concepción, Bío Bío, Chile",-36.8078636,-73.0444476,1,GEOMETRIC_CENTER,2020,1262242,2020/01/22 00:00:00+00,COLISION POR ALCANCE,COLISION,URBANA,IMPRUDENCIA DEL CONDUCTOR,CONDUCCION NO ATENTO CONDICIONES TRANSITO MOMENTO,0,0,0,0,16:15:00
-73.0519172,-36.8232611,3486,8,REGION BIO BIO,8101,CONCEPCION,LOS CARRERA,ANIBAL PINTO,0,"Anibal Pinto & Avenida los Carrera, Concepción, Bío Bío, Chile",-36.8232611,-73.0519172,1,GEOMETRIC_CENTER,2020,1262245,2020/01/15 00:00:00+00,COLISION LATERAL,COLISION,URBANA,IMPRUDENCIA DEL CONDUCTOR,CONDUCCION CAMBIAR SORPRESIVAMENTE PISTA CIRCULACION,0,0,0,0,16:30:00
-73.0236578,-36.9262295,3487,8,REGION BIO BIO,8103,CHIGUAYANTE,21 DE MAYO,PEDRO DE OÑA,0,"Pedro Medina & 21 de Mayo, Chiguayante, Bío Bío, Chile",-36.9262295,-73.0236578,1,GEOMETRIC_CENTER,2020,1262246,2020/01/23 00:00:00+00,COLISION LATERAL,COLISION,URBANA,IMPRUDENCIA DEL CONDUCTOR,CONDUCCION CAMBIAR SORPRESIVAMENTE PISTA CIRCULACION,0,0,0,0,07:30:00
-73.0481999,-36.813999,3488,8,REGION BIO BIO,8101,CONCEPCION,PAICAVI,MANUEL RODRIGUEZ,0,"Manuel Rodríguez & Paicaví, Concepción, Bío Bío, Chile",-36.813999,-73.0481999,1,GEOMETRIC_CENTER,2020,1262251,2020/01/22 00:00:00+00,COLISION LATERAL,COLISION,URBANA,DESOBEDIENCIA A SEÑALIZACION,SEÑALIZACION DESOBEDECER LUZ ROJA DE SEMAFORO,0,0,0,0,15:30:00
-73.0599109,-36.7985462,3489,8,REGION BIO BIO,8101,CONCEPCION,PAICAVI,ALONSO DE RIVERA,0,"Avenida Alonso de Ribera & Paicaví, Concepción, Bío Bío, Chile",-36.7985462,-73.0599109,1,GEOMETRIC_CENTER,2020,1262256,2020/01/15 00:00:00+00,COLISION POR ALCANCE,COLISION,URBANA,IMPRUDENCIA DEL CONDUCTOR,CONDUCCION NO ATENTO CONDICIONES TRANSITO MOMENTO,0,0,0,2,14:30:00
-73.03791,-36.7870078,3490,8,REGION BIO BIO,8101,CONCEPCION,CALLE TRES, ,1280,"Calle Tres 1280, Concepción, Bío Bío, Chile",-36.7870078,-73.03791,1,RANGE_INTERPOLATED,2020,1262261,2020/01/24 00:00:00+00,CHOQUE FRENTE/POSTERIOR,CHOQUE,URBANA,IMPRUDENCIA DEL CONDUCTOR,CONDUCCION NO ATENTO CONDICIONES TRANSITO MOMENTO,0,0,0,0,18:00:00
-73.0720513,-36.801125,3491,8,REGION BIO BIO,8112,HUALPEN,JORGE ALESSANDRI RODRIGUEZ, ,0,"Av. Jorge Alessandri Rodríguez 2121, Hualpén, Bío Bío, Chile",-36.801125,-73.0720513,1,ROOFTOP,2020,1262266,2020/01/16 00:00:00+00,COLISION POR ALCANCE,COLISION,URBANA,IMPRUDENCIA DEL CONDUCTOR,CONDUCCION NO ATENTO CONDICIONES TRANSITO MOMENTO,0,0,0,0,13:15:00
-73.0481127,-36.8216544,3492,8,REGION BIO BIO,8101,CONCEPCION,LOS CARRERA,TUCAPEL,0,"Tucapel & Avenida los Carrera, Concepción, Bío Bío, Chile",-36.8216544,-73.0481127,1,GEOMETRIC_CENTER,2020,1262267,2020/01/24 00:00:00+00,COLISION LATERAL,COLISION,URBANA,IMPRUDENCIA DEL CONDUCTOR,CONDUCCION NO ATENTO CONDICIONES TRANSITO MOMENTO,0,0,0,0,23:30:00
-73.0236922,-36.8153328,3493,8,REGION BIO BIO,8101,CONCEPCION,COLLAO, ,0,"Collao 481, Concepción, Bío Bío, Chile",-36.8153328,-73.0236922,1,ROOFTOP,2020,1262276,2020/01/17 00:00:00+00,CHOQUE FRENTE/POSTERIOR,CHOQUE,URBANA,IMPRUDENCIA DEL CONDUCTOR,CONDUCIR VEHICULO EN RETROCESO,0,0,0,0,12:00:00
-73.0443904,-36.8201352,3494,8,REGION BIO BIO,8101,CONCEPCION,PAICAVI, ,0,"Concepción, Región del Biobío, Chile",-36.8201352,-73.0443904,1,APPROXIMATE,2020,1262285,2020/01/20 00:00:00+00,COLISION POR ALCANCE,COLISION,URBANA,IMPRUDENCIA DEL CONDUCTOR,CONDUCCION NO ATENTO CONDICIONES TRANSITO MOMENTO,0,0,0,0,14:40:00
-73.0694451,-36.7960033,3495,8,REGION BIO BIO,8112,HUALPEN,AUTOPISTA CONCEPCION TALCAHUANO, ,9000,"Autop. Concepción - Talcahuano 9000, Concepción, Talcahuano, Bío Bío, Chile",-36.7960033,-73.0694451,1,ROOFTOP,2020,1262286,2020/02/05 00:00:00+00,COLISION,COLISION,URBANA,DESOBEDIENCIA A SEÑALIZACION,SEÑALIZACION DESOBEDECER SEÑAL CEDA EL PASO,0,0,0,0,21:30:00
-73.0455419,-36.8232329,3496,8,REGION BIO BIO,8101,CONCEPCION,FREIRE,OROMPELLO,0,"Freire & Orompello, Concepción, Bío Bío, Chile",-36.8232329,-73.0455419,1,GEOMETRIC_CENTER,2020,1262304,2020/01/20 00:00:00+00,COLISION LATERAL,COLISION,URBANA,IMPRUDENCIA DEL CONDUCTOR,CONDUCCION CAMBIAR SORPRESIVAMENTE PISTA CIRCULACION,0,0,0,0,17:40:00
-73.0448005,-36.8190234,3497,8,REGION BIO BIO,8101,CONCEPCION,LAS HERAS,PAICAVI,0,"Las Heras & Paicaví, Concepción, Bío Bío, Chile",-36.8190234,-73.0448005,1,GEOMETRIC_CENTER,2020,1319974,2020/11/05 00:00:00+00,COLISION LATERAL,COLISION,URBANA,CAUSAS NO DETERMINADAS,CAUSAS NO DETERMINADAS,0,0,0,0,09:40:00
-73.0448855,-36.8268039,3498,8,REGION BIO BIO,8101,CONCEPCION,TUCAPEL,SAN MARTIN,0,"Tucapel & San Martín, Concepción, Bío Bío, Chile",-36.8268039,-73.0448855,1,GEOMETRIC_CENTER,2020,1262619,2020/02/01 00:00:00+00,COLISION,COLISION,URBANA,IMPRUDENCIA DEL CONDUCTOR,CONDUCCION NO ATENTO CONDICIONES TRANSITO MOMENTO,0,0,0,1,13:40:00
-72.2471819,-37.7134703,3499,8,REGION BIO BIO,8305,MULCHEN,MATTA,LASTARRIA,0,"Avenida Matta & Lastarria, Mulchen, Mulchén, Bío Bío, Chile",-37.7134703,-72.2471819,1,GEOMETRIC_CENTER,2020,1262620,2020/02/04 00:00:00+00,COLISION,COLISION,URBANA,IMPRUDENCIA DEL CONDUCTOR,CONDUCCION NO ATENTO CONDICIONES TRANSITO MOMENTO,0,0,0,0,15:40:00
-73.0359428,-36.8894991,3500,8,REGION BIO BIO,8103,CHIGUAYANTE,CAMINO A CHIGUAYANTE,PINTOR VENEGAS,0,"Camino A Chiguayante & Pintor Venegas, Chiguayante, Bío Bío, Chile",-36.8894991,-73.0359428,1,GEOMETRIC_CENTER,2020,1262708,2020/01/23 00:00:00+00,CHOQUE FRENTE/POSTERIOR,CHOQUE,URBANA,CAUSAS NO DETERMINADAS,CAUSAS NO DETERMINADAS,0,0,0,4,18:45:00
-73.0306997,-36.9130021,3501,8,REGION BIO BIO,8103,CHIGUAYANTE,OCHO ORIENTE,LAS ARAUCARIAS,0,"Calle 8 Oriente & Las Araucarias, Chiguayante, Bío Bío, Chile",-36.9130021,-73.0306997,1,GEOMETRIC_CENTER,2020,1262733,2020/01/24 00:00:00+00,COLISION PERPENDICULAR,COLISION,URBANA,CAUSAS NO DETERMINADAS,CAUSAS NO DETERMINADAS,0,0,0,1,20:30:00
-73.1071244,-36.7964813,3502,8,REGION BIO BIO,8112,HUALPEN,GRAN BRETAÑA,TRAVERIS,0,"Gran Bretaña & Traveris, Hualpén, Bío Bío, Chile",-36.7964813,-73.1071244,1,GEOMETRIC_CENTER,2020,1262738,2020/02/07 00:00:00+00,COLISION,COLISION,URBANA,IMPRUDENCIA DEL CONDUCTOR,CONDUCCION NO ATENTO CONDICIONES TRANSITO MOMENTO,0,0,0,0,12:35:00
-73.1106296,-36.7849961,3503,8,REGION BIO BIO,8112,HUALPEN,GRAN BRETAÑA,FINLANDIA,0,"Gran Bretaña & Finlandia, Hualpén, Bío Bío, Chile",-36.7849961,-73.1106296,1,GEOMETRIC_CENTER,2020,1262764,2020/02/07 00:00:00+00,CHOQUE FRENTE/LADO,CHOQUE,URBANA,OTRAS CAUSAS,OTRAS CAUSAS,0,0,0,0,12:30:00
-73.0966566,-36.783644,3504,8,REGION BIO BIO,8112,HUALPEN,SUECIA,VARSOVIA,0,"Suecia & Varsovia, Hualpén, Bío Bío, Chile",-36.783644,-73.0966566,1,GEOMETRIC_CENTER,2020,1263131,2020/02/08 00:00:00+00,CHOQUE FRENTE/POSTERIOR,CHOQUE,URBANA,IMPRUDENCIA DEL CONDUCTOR,CONDUCCION NO ATENTO CONDICIONES TRANSITO MOMENTO,0,0,0,0,12:35:00
-73.086454,-36.7845133,3505,8,REGION BIO BIO,8112,HUALPEN,CRISTOBAL COLON, ,7601,"Av. Cristóbal Colón 7601, Hualpén, Bío Bío, Chile",-36.7845133,-73.086454,1,ROOFTOP,2020,1263162,2020/02/09 00:00:00+00,CHOQUE FRENTE/POSTERIOR,CHOQUE,URBANA,IMPRUDENCIA DEL CONDUCTOR,CONDUCCION NO ATENTO CONDICIONES TRANSITO MOMENTO,0,0,0,0,22:30:00
-73.0905075,-36.8073748,3506,8,REGION BIO BIO,8112,HUALPEN,COSTANERA, ,9781,"Av. Costanera 9781, Hualpén, Bío Bío, Chile",-36.8073748,-73.0905075,1,ROOFTOP,2020,1263204,2020/02/11 00:00:00+00,CHOQUE FRONTAL,CHOQUE,URBANA,PERDIDA CONTROL VEHICULO,PERDIDA CONTROL VEHICULO,0,0,0,0,17:00:00
-73.0494228,-36.8441,3507,8,REGION BIO BIO,8101,CONCEPCION,MAHUZIER, ,94,"Mahuzier 94, Concepción, Bío Bío, Chile",-36.8441,-73.0494228,1,ROOFTOP,2020,1263256,2020/01/31 00:00:00+00,CHOQUE LATERAL,CHOQUE,URBANA,IMPRUDENCIA DEL CONDUCTOR,CONDUCIR VEHICULO EN RETROCESO,0,0,0,0,12:00:00
-73.0739768,-36.8120971,3508,8,REGION BIO BIO,8101,CONCEPCION,ARTURO PRAT,MIRAFLORES,0,"Miraflores & Arturo Prat, Concepción, Bío Bío, Chile",-36.8120971,-73.0739768,1,GEOMETRIC_CENTER,2020,1263262,2020/01/31 00:00:00+00,CHOQUE POSTERIOR,CHOQUE,URBANA,IMPRUDENCIA DEL CONDUCTOR,VIRAJES INDEBIDOS,0,0,0,0,18:58:00
-73.0198724,-36.93828,3509,8,REGION BIO BIO,8103,CHIGUAYANTE,MANUEL RODRIGUEZ,INDEPENDENCIA,0,"Independencia & Avenida Manuel Rodríguez, Chiguayante, Bío Bío, Chile",-36.93828,-73.0198724,1,GEOMETRIC_CENTER,2020,1263268,2020/01/31 00:00:00+00,CHOQUE FRENTE/POSTERIOR,CHOQUE,URBANA,OTRAS CAUSAS,OTRAS CAUSAS,0,0,0,0,16:20:00
-73.0032143,-36.8206318,3510,8,REGION BIO BIO,8101,CONCEPCION,GRAL BONILLA, ,2010,"Av. Gral. Oscar Bonilla 2010, Concepción, Bío Bío, Chile",-36.8206318,-73.0032143,1,ROOFTOP,2020,1263311,2020/02/04 00:00:00+00,COLISION,COLISION,URBANA,IMPRUDENCIA DEL CONDUCTOR,CONDUCCION NO ATENTO CONDICIONES TRANSITO MOMENTO,0,0,0,0,17:10:00
-73.0669774,-36.8183141,3511,8,REGION BIO BIO,8101,CONCEPCION,21 DE MAYO,ROSAMEL DEL SOLAR,0,"Avenida 21 de Mayo & Rosamel del Solar, Concepción, Bío Bío, Chile",-36.8183141,-73.0669774,1,GEOMETRIC_CENTER,2020,1263358,2020/02/05 00:00:00+00,CHOQUE FRENTE/POSTERIOR,CHOQUE,URBANA,IMPRUDENCIA DEL CONDUCTOR,CONDUCCION NO ATENTO CONDICIONES TRANSITO MOMENTO,0,0,0,0,11:00:00
-73.1154286,-36.7989334,3512,8,REGION BIO BIO,8112,HUALPEN,LA RODA,CANARIAS,0,"Calle la Roda & Canarias, Hualpén, Bío Bío, Chile",-36.7989334,-73.1154286,1,GEOMETRIC_CENTER,2020,1263529,2020/02/11 00:00:00+00,COLISION,COLISION,URBANA,IMPRUDENCIA DEL CONDUCTOR,CONDUCCION CAMBIAR SORPRESIVAMENTE PISTA CIRCULACION,0,0,0,0,19:20:00
-73.094748,-36.8437169,3513,8,REGION BIO BIO,8108,SAN PEDRO DE LA PAZ,CAMINO EL VENADO,MICHIMALONCO,0,"Av. Michimalonco & Cam. El Venado, San Pedro de la Paz, Bío Bío, Chile",-36.8437169,-73.094748,1,GEOMETRIC_CENTER,2020,1263567,2020/02/01 00:00:00+00,CHOQUE POSTERIOR/POSTERIOR,CHOQUE,URBANA,FALLAS MECANICAS,FALLAS MECANICAS FRENOS,0,0,0,1,09:59:00
-73.0627178,-36.7970919,3514,8,REGION BIO BIO,8101,CONCEPCION,AUTOPISTA CONCEPCION TALCAHUANO, ,3310,"Autop. Concepción - Talcahuano 3310, Concepción, Bío Bío, Chile",-36.7970919,-73.0627178,1,RANGE_INTERPOLATED,2020,1263569,2020/02/01 00:00:00+00,CHOQUE POSTERIOR/POSTERIOR,CHOQUE,URBANA,CAUSAS NO DETERMINADAS,CAUSAS NO DETERMINADAS,0,0,0,0,20:20:00
-73.0945786,-36.8437231,3515,8,REGION BIO BIO,8108,SAN PEDRO DE LA PAZ,MICHILAMONCO, ,1167,"Av. Michimalonco 1167, San Pedro de la Paz, Bío Bío, Chile",-36.8437231,-73.0945786,1,ROOFTOP,2020,1263585,2020/02/08 00:00:00+00,CHOQUE POSTERIOR/LADO,CHOQUE,URBANA,CAUSAS NO DETERMINADAS,CAUSAS NO DETERMINADAS,0,0,0,0,21:50:00
-73.117449,-36.8378967,3516,8,REGION BIO BIO,8108,SAN PEDRO DE LA PAZ,PEDRO AGUIRRE CERDA,PASAJE NOVENTA,0,"Av. Pedro Aguirre Cerda & Pje. Noventa, San Pedro de la Paz, Bío Bío, Chile",-36.8378967,-73.117449,1,GEOMETRIC_CENTER,2020,1263587,2020/02/09 00:00:00+00,COLISION,COLISION,URBANA,CAUSAS NO DETERMINADAS,CAUSAS NO DETERMINADAS,0,0,0,0,11:20:00
-73.0997478,-36.8607173,3517,8,REGION BIO BIO,8108,SAN PEDRO DE LA PAZ,JOHN MACMAB, ,2526,"Av. John Macnab 2526, San Pedro de la Paz, Región Metropolitana, Chile",-36.8607173,-73.0997478,1,RANGE_INTERPOLATED,2020,1263591,2020/02/10 00:00:00+00,CHOQUE POSTERIOR/FRENTE,CHOQUE,URBANA,CAUSAS NO DETERMINADAS,CAUSAS NO DETERMINADAS,0,0,0,0,10:50:00
-73.1034742,-36.8437619,3518,8,REGION BIO BIO,8108,SAN PEDRO DE LA PAZ,LOS NOGALES,LOS AROMOS,0,"Los Nogales & Avenida Los Aromos, San Pedro de la Paz, Bío Bío, Chile",-36.8437619,-73.1034742,1,GEOMETRIC_CENTER,2020,1263595,2020/02/12 00:00:00+00,CHOQUE FRENTE/POSTERIOR,CHOQUE,URBANA,CAUSAS NO DETERMINADAS,CAUSAS NO DETERMINADAS,0,0,0,0,20:50:00
-73.0587819,-36.8274447,3519,8,REGION BIO BIO,8101,CONCEPCION,MAIPU,SERRANO,0,"Maipú & Serrano, Concepción, Bío Bío, Chile",-36.8274447,-73.0587819,1,GEOMETRIC_CENTER,2020,1264149,2020/02/07 00:00:00+00,COLISION PERPENDICULAR,COLISION,URBANA,DESOBEDIENCIA A SEÑALIZACION,SEÑALIZACION DESOBEDECER LUZ ROJA DE SEMAFORO,0,0,0,0,07:10:00
-73.0379937,-36.8175127,3520,8,REGION BIO BIO,8101,CONCEPCION,LOS CARRERA,LIENTUR,0,"Lientur & Avenida los Carrera, Concepción, Bío Bío, Chile",-36.8175127,-73.0379937,1,GEOMETRIC_CENTER,2020,1264231,2020/02/09 00:00:00+00,COLISION PERPENDICULAR,COLISION,URBANA,DESOBEDIENCIA A SEÑALIZACION,SEÑALIZACION DESOBEDECER LUZ ROJA DE SEMAFORO,0,0,0,0,11:00:00
-73.0411081,-36.8226418,3521,8,REGION BIO BIO,8101,CONCEPCION,JANEQUEO,BARROS ARANA,0,"Janequeo & Barros Arana, Concepción, Bío Bío, Chile",-36.8226418,-73.0411081,1,GEOMETRIC_CENTER,2020,1264314,2020/02/10 00:00:00+00,COLISION PERPENDICULAR,COLISION,URBANA,IMPRUDENCIA DEL CONDUCTOR,CONDUCCION NO ATENTO CONDICIONES TRANSITO MOMENTO,0,0,0,1,20:50:00
-73.4885913,-38.3410918,3522,8,REGION BIO BIO,8207,TIRUA,FRESIA,LOS NOTROS,0,"Fresia 490, Tirua, Tirúa, Bío Bío, Chile",-38.3410918,-73.4885913,1,ROOFTOP,2020,1264415,2020/02/07 00:00:00+00,COLISION,COLISION,URBANA,IMPRUDENCIA DEL CONDUCTOR,CONDUCCION NO ATENTO CONDICIONES TRANSITO MOMENTO,0,0,0,1,12:10:00
-73.4091107,-37.8092548,3523,8,REGION BIO BIO,8203,CAÑETE,GERONIMO TRETEL, ,65,"Padre Jeronimo Trettel Warzecha 65, Canete, Cañete, Bío Bío, Chile",-37.8092548,-73.4091107,1,RANGE_INTERPOLATED,2020,1264483,2020/02/14 00:00:00+00,ATROPELLO,ATROPELLO,URBANA,IMPRUDENCIA DEL CONDUCTOR,CONDUCCION NO ATENTO CONDICIONES TRANSITO MOMENTO,0,0,0,1,12:00:00
-73.0491777,-36.8287071,3524,8,REGION BIO BIO,8101,CONCEPCION,SAN MARTIN, ,650,"San Martín 650, Concepción, Bío Bío, Chile",-36.8287071,-73.0491777,1,RANGE_INTERPOLATED,2020,1264695,2020/02/17 00:00:00+00,COLISION LATERAL,COLISION,URBANA,IMPRUDENCIA DEL CONDUCTOR,NO RESPETAR DERECHO PREFERENTE DE PASO A VEHICULO,0,0,0,0,13:00:00
-72.5262096,-37.5860069,3525,8,REGION BIO BIO,8307,NEGRETE,CAPILLA, ,0,"Luis Cruz Martínez 312, Negrete, Bío Bío, Chile",-37.5860069,-72.5262096,1,ROOFTOP,2020,1264496,2020/02/15 00:00:00+00,CHOQUE,CHOQUE,URBANA,IMPRUDENCIA DEL CONDUCTOR,CONDUCCION NO ATENTO CONDICIONES TRANSITO MOMENTO,0,0,0,0,21:00:00
-73.657924,-37.6023086,3526,8,REGION BIO BIO,8201,LEBU,COVADONGA, ,116,"Covadonga, Lebu, Bío Bío, Chile",-37.6023086,-73.657924,1,GEOMETRIC_CENTER,2020,1264502,2020/02/15 00:00:00+00,CHOQUE LADO/FRENTE,CHOQUE,URBANA,IMPRUDENCIA DEL CONDUCTOR,CONDUCCION NO ATENTO CONDICIONES TRANSITO MOMENTO,0,0,0,0,20:40:00
-73.024909,-36.8124253,3527,8,REGION BIO BIO,8101,CONCEPCION,ALONSO DE RIVERA,ROTONDA BONILLA,0,"Av. Alonso de Ribera & Gral. Bonilla, Concepción, Bío Bío, Chile",-36.8124253,-73.024909,1,GEOMETRIC_CENTER,2020,1264505,2020/02/11 00:00:00+00,COLISION LATERAL,COLISION,URBANA,IMPRUDENCIA DEL CONDUCTOR,CONDUCCION NO ATENTO CONDICIONES TRANSITO MOMENTO,0,0,0,0,11:10:00
-73.0423803,-36.8231766,3528,8,REGION BIO BIO,8101,CONCEPCION,BARROS ARANA,PAICAVI,0,"Barros Arana & Paicaví, Concepción, Bío Bío, Chile",-36.8231766,-73.0423803,1,GEOMETRIC_CENTER,2020,1264509,2020/02/11 00:00:00+00,COLISION PERPENDICULAR,COLISION,URBANA,IMPRUDENCIA DEL CONDUCTOR,CONDUCCION NO ATENTO CONDICIONES TRANSITO MOMENTO,0,0,0,0,11:30:00
-73.0250412,-36.8177173,3529,8,REGION BIO BIO,8101,CONCEPCION,GRAL NOVOA,ANTONIO VARAS,0,"Antonio Varas & General Novoa, Concepción, Bío Bío, Chile",-36.8177173,-73.0250412,1,GEOMETRIC_CENTER,2020,1264511,2020/02/11 00:00:00+00,COLISION PERPENDICULAR,COLISION,URBANA,DESOBEDIENCIA A SEÑALIZACION,SEÑALIZACION DESOBEDECER SEÑAL PARE,0,0,0,0,08:10:00
-73.0780449,-36.8084633,3530,8,REGION BIO BIO,8101,CONCEPCION,21 DE MAYO, ,3225,"Av. 21 de Mayo 3225, Concepción, Bío Bío, Chile",-36.8084633,-73.0780449,1,ROOFTOP,2020,1264525,2020/02/11 00:00:00+00,ATROPELLO,ATROPELLO,URBANA,IMPRUDENCIA DEL CONDUCTOR,NO RESPETAR DERECHO PREFERENTE DE PASO A PEATON,0,0,0,1,13:30:00
-73.021964,-36.8151477,3531,8,REGION BIO BIO,8101,CONCEPCION,TEGUALDA, ,860,"Tegualda 860, Concepción, Bío Bío, Chile",-36.8151477,-73.021964,1,ROOFTOP,2020,1264560,2020/02/13 00:00:00+00,COLISION,COLISION,URBANA,IMPRUDENCIA DEL CONDUCTOR,CONDUCCION NO ATENTO CONDICIONES TRANSITO MOMENTO,0,0,0,0,19:50:00
-73.0469504,-36.8249686,3532,8,REGION BIO BIO,8101,CONCEPCION,GIACAMNA,CALLE DOS,0,"Barros Arana 951, Concepción, Bío Bío, Chile",-36.8249686,-73.0469504,1,ROOFTOP,2020,1264575,2020/02/01 00:00:00+00,CHOQUE,CHOQUE,URBANA,IMPRUDENCIA DEL CONDUCTOR,CONDUCCION NO ATENTO CONDICIONES TRANSITO MOMENTO,0,0,0,0,09:30:00
-73.0423803,-36.8231766,3533,8,REGION BIO BIO,8101,CONCEPCION,BARROS ARANA,PAICAVI,0,"Barros Arana & Paicaví, Concepción, Bío Bío, Chile",-36.8231766,-73.0423803,1,GEOMETRIC_CENTER,2020,1264604,2020/02/14 00:00:00+00,CHOQUE POSTERIOR,CHOQUE,URBANA,IMPRUDENCIA DEL CONDUCTOR,CONDUCCION NO ATENTO CONDICIONES TRANSITO MOMENTO,0,0,0,0,21:50:00