X,Y,FID,COD_REG,REGION,CUT,COMUNA,CALLE_UNO,CALLE_DOS,NUMERO,DIR_GEOCOD,LAT,LNG,VAL_COM,TIPO,Año,Idaccident,Fecha,Tipo_Accid,Tipo__CONA,Zona,Causa__CON,Causa,Fallecidos,Graves,Menos_Grav,Leves,Hora
-73.0357868,-36.8209403,3534,8,REGION BIO BIO,8101,CONCEPCION,ROOSEVELT,LUIS URRUTIA MANZANO,0,"Roosevelt - Luis Urrutia Manzano, Concepción, Bío Bío, Chile",-36.8209403,-73.0357868,1,GEOMETRIC_CENTER,2020,1264682,2020/02/15 00:00:00+00,CHOQUE FRONTAL,CHOQUE,URBANA,ALCOHOL EN CONDUCTOR,CONDUCCION EN ESTADO DE EBRIEDAD,0,0,0,0,02:00:00
-73.0930767,-36.7918634,3535,8,REGION BIO BIO,8112,HUALPEN,LA RECONQUISTA,CORRAL,0,"Corral 8426, Hualpén, Bío Bío, Chile",-36.7918634,-73.0930767,1,ROOFTOP,2020,1295761,2020/08/24 00:00:00+00,COLISION,COLISION,URBANA,IMPRUDENCIA DEL CONDUCTOR,"ADELANTAMIENTO EN CRUCE, CURVA, CUESTA, PUENTE",0,0,0,2,20:00:00
-73.0955122,-36.8388086,3536,8,REGION BIO BIO,8108,SAN PEDRO DE LA PAZ,PEDRO AGUIRRE CERDA,VICTORIA,0,"Avenida Pedro Aguirre Cerda & Victoria, San Pedro de la Paz, Bío Bío, Chile",-36.8388086,-73.0955122,1,GEOMETRIC_CENTER,2020,1264685,2020/02/16 00:00:00+00,CHOQUE POSTERIOR,CHOQUE,URBANA,IMPRUDENCIA DEL CONDUCTOR,CONDUCCION NO ATENTO CONDICIONES TRANSITO MOMENTO,0,0,0,1,02:40:00
-73.0580545,-36.8310504,3537,8,REGION BIO BIO,8101,CONCEPCION,OHIGGINS,ARTURO PRAT,0,"Libertador General Bernardo OHiggins & Arturo Prat, Concepción, Bío Bío, Chile",-36.8310504,-73.0580545,1,GEOMETRIC_CENTER,2020,1264692,2020/02/16 00:00:00+00,ATROPELLO,ATROPELLO,URBANA,IMPRUDENCIA DEL CONDUCTOR,NO RESPETAR DERECHO PREFERENTE DE PASO A PEATON,0,1,0,0,18:47:00
-73.0580545,-36.8310504,3538,8,REGION BIO BIO,8101,CONCEPCION,ARTURO PRAT,OHIGGINS,0,"Libertador General Bernardo OHiggins & Arturo Prat, Concepción, Bío Bío, Chile",-36.8310504,-73.0580545,1,GEOMETRIC_CENTER,2020,1264733,2020/02/17 00:00:00+00,COLISION,COLISION,URBANA,IMPRUDENCIA DEL CONDUCTOR,CONDUCCION CAMBIAR SORPRESIVAMENTE PISTA CIRCULACION,0,0,0,0,08:15:00
-73.0436675,-36.821115,3539,8,REGION BIO BIO,8101,CONCEPCION,PAICAVI,MAIPU,0,"Maipú & Paicaví, Concepción, Bío Bío, Chile",-36.821115,-73.0436675,1,GEOMETRIC_CENTER,2020,1264781,2020/02/17 00:00:00+00,COLISION PERPENDICULAR,COLISION,URBANA,IMPRUDENCIA DEL CONDUCTOR,CONDUCCION NO ATENTO CONDICIONES TRANSITO MOMENTO,0,0,0,1,12:00:00
-73.0430493,-36.8221087,3540,8,REGION BIO BIO,8101,CONCEPCION,PAICAVI,FREIRE,0,"Freire & Paicaví, Concepción, Bío Bío, Chile",-36.8221087,-73.0430493,1,GEOMETRIC_CENTER,2020,1264900,2020/02/18 00:00:00+00,COLISION PERPENDICULAR,COLISION,URBANA,IMPRUDENCIA DEL CONDUCTOR,CONDUCCION NO ATENTO CONDICIONES TRANSITO MOMENTO,0,0,0,3,17:00:00
-72.9575834,-36.6187272,3541,8,REGION BIO BIO,8111,TOME,IGNACIO SERRANO, ,1020,"Ignacio Serrano 1020, Tome, Tomé, Bío Bío, Chile",-36.6187272,-72.9575834,1,RANGE_INTERPOLATED,2020,1264929,2020/02/16 00:00:00+00,CHOQUE LADO/LADO,CHOQUE,URBANA,CAUSAS NO DETERMINADAS,CAUSAS NO DETERMINADAS,0,0,0,0,21:15:00
-72.957776,-36.612506,3542,8,REGION BIO BIO,8111,TOME,BLANCO ENCALADA,LEON LUCO,0,"Blanco Encalada & León Luco, Tome, Tomé, Bío Bío, Chile",-36.612506,-72.957776,1,GEOMETRIC_CENTER,2020,1264952,2020/02/16 00:00:00+00,COLISION POR ALCANCE,COLISION,URBANA,IMPRUDENCIA DEL CONDUCTOR,CONDUCCION NO ATENTO CONDICIONES TRANSITO MOMENTO,0,1,0,1,04:40:00
-73.0435024,-36.8170745,3543,8,REGION BIO BIO,8101,CONCEPCION,ROZAS, ,1465,"Rozas 1465, Concepción, Bío Bío, Chile",-36.8170745,-73.0435024,1,ROOFTOP,2020,1264955,2020/02/19 00:00:00+00,CHOQUE POSTERIOR,CHOQUE,URBANA,IMPRUDENCIA DEL CONDUCTOR,CONDUCCION NO ATENTO CONDICIONES TRANSITO MOMENTO,0,0,0,0,11:10:00
-73.0607787,-36.8372395,3544,8,REGION BIO BIO,8101,CONCEPCION,ESMERALDA, ,308,"Esmeralda Sur 308, Concepción, Bío Bío, Chile",-36.8372395,-73.0607787,1,RANGE_INTERPOLATED,2020,1264988,2020/02/19 00:00:00+00,COLISION LATERAL,COLISION,URBANA,IMPRUDENCIA DEL CONDUCTOR,ADELANTAMIENTO SIN EL ESPACIO O TIEMPO SUFICIENTE,0,0,0,0,13:02:00
-73.0511549,-36.8318796,3545,8,REGION BIO BIO,8101,CONCEPCION,CHACABUCO,LINCOYAN,0,"Av. Chacabuco & Lincoyán, Concepción, Bío Bío, Chile",-36.8318796,-73.0511549,1,GEOMETRIC_CENTER,2020,1264991,2020/02/19 00:00:00+00,COLISION LATERAL,COLISION,URBANA,IMPRUDENCIA DEL CONDUCTOR,CONDUCCION NO ATENTO CONDICIONES TRANSITO MOMENTO,0,0,0,0,10:10:00
-73.1106296,-36.7849961,3546,8,REGION BIO BIO,8112,HUALPEN,GRAN BRETAÑA,FINLANDIA,0,"Gran Bretaña & Finlandia, Hualpén, Bío Bío, Chile",-36.7849961,-73.1106296,1,GEOMETRIC_CENTER,2020,1265010,2020/02/20 00:00:00+00,COLISION,COLISION,URBANA,IMPRUDENCIA DEL CONDUCTOR,CONDUCCION CONTRA SENTIDO DEL TRANSITO,0,0,0,1,00:00:00
-73.0436675,-36.821115,3547,8,REGION BIO BIO,8101,CONCEPCION,PAICAVI,MAIPU,0,"Maipú & Paicaví, Concepción, Bío Bío, Chile",-36.821115,-73.0436675,1,GEOMETRIC_CENTER,2020,1265051,2020/02/19 00:00:00+00,COLISION PERPENDICULAR,COLISION,URBANA,IMPRUDENCIA DEL CONDUCTOR,CONDUCCION NO ATENTO CONDICIONES TRANSITO MOMENTO,0,0,0,0,20:30:00
-73.0518584,-36.825862,3548,8,REGION BIO BIO,8101,CONCEPCION,FREIRE,CAUPOLICAN,0,"Freire & Caupolicán, Concepción, Bío Bío, Chile",-36.825862,-73.0518584,1,GEOMETRIC_CENTER,2020,1265287,2020/02/20 00:00:00+00,COLISION PERPENDICULAR,COLISION,URBANA,IMPRUDENCIA DEL CONDUCTOR,CONDUCCION NO ATENTO CONDICIONES TRANSITO MOMENTO,0,0,0,0,14:16:00
-73.0594034,-36.8264888,3549,8,REGION BIO BIO,8101,CONCEPCION,LOS CARRERA,SERRANO,0,"Avenida los Carrera & Serrano, Concepción, Bío Bío, Chile",-36.8264888,-73.0594034,1,GEOMETRIC_CENTER,2020,1265320,2020/02/21 00:00:00+00,CHOQUE POSTERIOR,CHOQUE,URBANA,IMPRUDENCIA DEL CONDUCTOR,CONDUCCION NO ATENTO CONDICIONES TRANSITO MOMENTO,0,0,0,0,11:40:00
-73.021964,-36.8151477,3550,8,REGION BIO BIO,8101,CONCEPCION,TEGUALDA, ,860,"Tegualda 860, Concepción, Bío Bío, Chile",-36.8151477,-73.021964,1,ROOFTOP,2020,1265330,2020/02/21 00:00:00+00,COLISION LATERAL,COLISION,URBANA,IMPRUDENCIA DEL CONDUCTOR,CONDUCCION NO ATENTO CONDICIONES TRANSITO MOMENTO,0,0,0,0,21:42:00
-72.348949,-37.4703497,3551,8,REGION BIO BIO,8301,LOS ANGELES,LAUTARO, ,254,"Lautaro 254, Los Angeles, Los Ángeles, Bío Bío, Chile",-37.4703497,-72.348949,1,ROOFTOP,2020,1265334,2020/01/29 00:00:00+00,CHOQUE LATERAL,CHOQUE,URBANA,IMPRUDENCIA DEL CONDUCTOR,CONDUCCION NO ATENTO CONDICIONES TRANSITO MOMENTO,0,0,0,0,12:45:00
-72.3459952,-37.4849761,3552,8,REGION BIO BIO,8301,LOS ANGELES,LOS CARRERA,RIO BUREO,0,"Avenida Los Carrera & Río Bureo, Los Angeles, Los Ángeles, Bío Bío, Chile",-37.4849761,-72.3459952,1,GEOMETRIC_CENTER,2020,1265338,2020/01/30 00:00:00+00,CHOQUE LADO/FRENTE,CHOQUE,URBANA,IMPRUDENCIA DEL CONDUCTOR,CONDUCCION NO ATENTO CONDICIONES TRANSITO MOMENTO,0,0,0,1,23:40:00
-72.3357379,-37.4672539,3553,8,REGION BIO BIO,8301,LOS ANGELES,ALEMANIA, ,850,"Av. Alemania 850, Los Angeles, Los Ángeles, Bío Bío, Chile",-37.4672539,-72.3357379,1,ROOFTOP,2020,1265353,2020/01/30 00:00:00+00,COLISION POR ALCANCE,COLISION,URBANA,IMPRUDENCIA DEL CONDUCTOR,CONDUCCION NO ATENTO CONDICIONES TRANSITO MOMENTO,0,0,0,0,18:20:00
-73.0568018,-36.8304464,3554,8,REGION BIO BIO,8101,CONCEPCION,OHIGGINS,SERRANO,0,"Serrano & Libertador General Bernardo OHiggins, Concepción, Bío Bío, Chile",-36.8304464,-73.0568018,1,GEOMETRIC_CENTER,2020,1265362,2020/02/22 00:00:00+00,COLISION PERPENDICULAR,COLISION,URBANA,DESOBEDIENCIA A SEÑALIZACION,SEÑALIZACION DESOBEDECER LUZ ROJA DE SEMAFORO,0,0,0,1,00:35:00
-72.5580732,-37.0969747,3555,8,REGION BIO BIO,8313,YUMBEL,GOYCOLEA,CASTELLON,0,"Goycolea & Castellón, Yumbel, Bío Bío, Chile",-37.0969747,-72.5580732,1,GEOMETRIC_CENTER,2020,1265382,2020/02/01 00:00:00+00,COLISION LATERAL,COLISION,URBANA,DESOBEDIENCIA A SEÑALIZACION,SEÑALIZACION DESOBEDECER SEÑAL CEDA EL PASO,0,0,0,1,20:05:00
-73.0608019,-36.8269433,3556,8,REGION BIO BIO,8101,CONCEPCION,LOS CARRERA,ARTURO PRAT,0,"Avenida los Carrera & Arturo Prat, Concepción, Bío Bío, Chile",-36.8269433,-73.0608019,1,GEOMETRIC_CENTER,2020,1265384,2020/02/23 00:00:00+00,ATROPELLO,ATROPELLO,URBANA,IMPRUDENCIA DEL CONDUCTOR,NO RESPETAR DERECHO PREFERENTE DE PASO A PEATON,0,0,0,1,17:20:00
-72.5628994,-37.0986094,3557,8,REGION BIO BIO,8313,YUMBEL,VALDIVIA,GENERAL CRUZ,0,"Valdivia & General Cruz, Yumbel, Bío Bío, Chile",-37.0986094,-72.5628994,1,GEOMETRIC_CENTER,2020,1265412,2020/02/03 00:00:00+00,ATROPELLO,ATROPELLO,URBANA,IMPRUDENCIA DEL CONDUCTOR,CONDUCCION NO ATENTO CONDICIONES TRANSITO MOMENTO,0,0,0,0,08:25:00
-72.3398899,-37.452286,3558,8,REGION BIO BIO,8301,LOS ANGELES,SOR VICENTA,ORIENTE,0,"Av. Sor Vicenta & Av. Ote., Los Angeles, Los Ángeles, Bío Bío, Chile",-37.452286,-72.3398899,1,GEOMETRIC_CENTER,2020,1265418,2020/02/22 00:00:00+00,COLISION LATERAL,COLISION,URBANA,IMPRUDENCIA DEL CONDUCTOR,VIRAJES INDEBIDOS,1,0,0,0,00:02:00
-72.3440726,-37.4867652,3559,8,REGION BIO BIO,8301,LOS ANGELES,LOS CARRERA, ,1313,"Av. Los Carrera 1313, Los Angeles, Los Ángeles, Bío Bío, Chile",-37.4867652,-72.3440726,1,ROOFTOP,2020,1268296,2020/02/08 00:00:00+00,COLISION,COLISION,URBANA,IMPRUDENCIA DEL CONDUCTOR,CONDUCCION NO ATENTO CONDICIONES TRANSITO MOMENTO,0,0,0,0,15:50:00
-73.0905075,-36.8073748,3560,8,REGION BIO BIO,8112,HUALPEN,COSTANERA, ,9781,"Av. Costanera 9781, Hualpén, Bío Bío, Chile",-36.8073748,-73.0905075,1,ROOFTOP,2020,1265478,2020/02/20 00:00:00+00,COLISION,COLISION,URBANA,IMPRUDENCIA DEL CONDUCTOR,ADELANTAMIENTO SIN EL ESPACIO O TIEMPO SUFICIENTE,0,0,0,0,19:20:00
-73.3480262,-37.4735056,3561,8,REGION BIO BIO,8205,CURANILAHUE,BERNARDO OHIGGINS, ,0,"Av. Bernardo OHiggins 111, Curanilahue, Bío Bío, Chile",-37.4735056,-73.3480262,1,ROOFTOP,2020,1265604,2020/02/01 00:00:00+00,CHOQUE,CHOQUE,URBANA,PERDIDA CONTROL VEHICULO,PERDIDA CONTROL VEHICULO,0,0,0,0,08:00:00
-72.4389658,-37.0829357,3562,8,REGION BIO BIO,8303,CABRERO,CAUPOLICAN,AHUMADA,0,"Monte Aguila, Cabrero, Bío Bío, Chile",-37.0829357,-72.4389658,1,APPROXIMATE,2020,1265757,2020/02/07 00:00:00+00,COLISION FRONTAL,COLISION,URBANA,DESOBEDIENCIA A SEÑALIZACION,SEÑALIZACION DESOBEDECER SEÑAL CEDA EL PASO,0,0,0,0,03:50:00
-72.7113945,-37.2862582,3563,8,REGION BIO BIO,8304,LAJA,LOS RIOS,CELULOSA,0,"Avenida Los Ríos Laja, Biobío, Laja, Bío Bío, Chile",-37.2862582,-72.7113945,1,GEOMETRIC_CENTER,2020,1265862,2020/02/12 00:00:00+00,CHOQUE POSTERIOR,CHOQUE,URBANA,ALCOHOL EN CONDUCTOR,CONDUCCION BAJO LA INFLUENCIA DEL ALCOHOL,0,0,0,3,11:10:00
-72.7047209,-37.2622638,3564,8,REGION BIO BIO,8304,LAJA,LOS RIOS,LAVANDEROS,0,"Lavanderos, Laja, Bío Bío, Chile",-37.2622638,-72.7047209,1,GEOMETRIC_CENTER,2020,1265875,2020/02/12 00:00:00+00,ATROPELLO,ATROPELLO,URBANA,IMPRUDENCIA DEL PEATON,PEATON CRUZA CALZADA FUERA PASO PEATONES,0,0,2,0,21:45:00
-72.4061851,-37.0348551,3565,8,REGION BIO BIO,8303,CABRERO,ARTURO PRAT, ,566,"Arturo Prat 566, Cabrero, Bío Bío, Chile",-37.0348551,-72.4061851,1,RANGE_INTERPOLATED,2020,1265888,2020/02/16 00:00:00+00,CHOQUE LATERAL,CHOQUE,URBANA,IMPRUDENCIA DEL CONDUCTOR,CONDUCCION NO ATENTO CONDICIONES TRANSITO MOMENTO,0,1,0,1,03:50:00
-73.0829052,-36.7979989,3566,8,REGION BIO BIO,8112,HUALPEN,NUEVA IMPERIAL,ARTEAGA ALEMPARTE,0,"Malleco_Nva Imperial, Hualpén, Bío Bío, Chile",-36.7979989,-73.0829052,1,GEOMETRIC_CENTER,2020,1268836,2020/03/05 00:00:00+00,COLISION,COLISION,URBANA,DESOBEDIENCIA A SEÑALIZACION,SEÑALIZACION DESOBEDECER SEÑAL PARE,0,0,0,0,07:50:00
-73.0598003,-36.8367012,3567,8,REGION BIO BIO,8101,CONCEPCION,COSTANERA,ESMERALDA,0,"Costanera & Esmeralda, Concepción, Bío Bío, Chile",-36.8367012,-73.0598003,1,GEOMETRIC_CENTER,2020,1266004,2020/02/22 00:00:00+00,COLISION,COLISION,URBANA,IMPRUDENCIA DEL CONDUCTOR,CONDUCCION NO ATENTO CONDICIONES TRANSITO MOMENTO,0,0,0,0,18:40:00
-73.3432122,-37.4779308,3568,8,REGION BIO BIO,8205,CURANILAHUE,3 DE MAYO, ,0,"Curanilahue, Bío Bío, Chile",-37.4779308,-73.3432122,1,APPROXIMATE,2020,1266051,2020/02/06 00:00:00+00,COLISION,COLISION,URBANA,IMPRUDENCIA DEL CONDUCTOR,CONDUCCION CONTRA SENTIDO DEL TRANSITO,0,0,0,0,06:50:00
-73.3506109,-37.4724128,3569,8,REGION BIO BIO,8205,CURANILAHUE,BERNARDO OHIGGINS, ,101,"Av. Bernardo OHiggins 101, Curanilahue, Bío Bío, Chile",-37.4724128,-73.3506109,1,RANGE_INTERPOLATED,2020,1266062,2020/02/09 00:00:00+00,CHOQUE,CHOQUE,URBANA,ALCOHOL EN CONDUCTOR,CONDUCCION EN ESTADO DE EBRIEDAD,0,0,1,0,21:30:00
-73.0430493,-36.8221087,3570,8,REGION BIO BIO,8101,CONCEPCION,FREIRE,PAICAVI,0,"Freire & Paicaví, Concepción, Bío Bío, Chile",-36.8221087,-73.0430493,1,GEOMETRIC_CENTER,2020,1266079,2020/02/25 00:00:00+00,CHOQUE POSTERIOR,CHOQUE,URBANA,IMPRUDENCIA DEL CONDUCTOR,CONDUCCION SIN MANTENER DISTANCIA RAZONABLE NI PRUDENTE,0,0,0,0,18:35:00
-73.0863887,-36.7637808,3571,8,REGION BIO BIO,8110,TALCAHUANO,CRISTOABL COLON, ,5619,"Gómez Carreño 5619, Talcahuano, Bío Bío, Chile",-36.7637808,-73.0863887,1,ROOFTOP,2020,1266103,2020/02/07 00:00:00+00,CHOQUE FRONTAL,CHOQUE,URBANA,ALCOHOL EN CONDUCTOR,CONDUCCION EN ESTADO DE EBRIEDAD,0,0,0,0,04:15:00
-73.3431406,-37.4754391,3572,8,REGION BIO BIO,8205,CURANILAHUE,CAUPOLICAN,GALVARINO,0,"Caupolican & Galvarino, Curanilahue, Bío Bío, Chile",-37.4754391,-73.3431406,1,GEOMETRIC_CENTER,2020,1266191,2020/02/16 00:00:00+00,CHOQUE,CHOQUE,URBANA,ALCOHOL EN CONDUCTOR,CONDUCCION EN ESTADO DE EBRIEDAD,0,0,0,1,00:50:00
-73.0866314,-36.777716,3573,8,REGION BIO BIO,8110,TALCAHUANO,CRISTOBAL COLON, ,2194,"Av. Cristóbal Colón # 6900, Talcahuano, Bío Bío, Chile",-36.777716,-73.0866314,1,ROOFTOP,2020,1266230,2020/02/01 00:00:00+00,COLISION LATERAL,COLISION,URBANA,DESOBEDIENCIA A SEÑALIZACION,SEÑALIZACION DESOBEDECER LUZ ROJA DE SEMAFORO,0,0,0,0,18:00:00
-73.0866314,-36.777716,3574,8,REGION BIO BIO,8110,TALCAHUANO,CRISTOBAL COLON, ,2194,"Av. Cristóbal Colón # 6900, Talcahuano, Bío Bío, Chile",-36.777716,-73.0866314,1,ROOFTOP,2020,1266239,2020/02/01 00:00:00+00,COLISION LATERAL,COLISION,URBANA,FALLAS MECANICAS,FALLAS MECANICAS FRENOS,0,0,0,1,13:45:00
-73.0883945,-36.7440938,3575,8,REGION BIO BIO,8110,TALCAHUANO,MANUEL BARROS BORGOÑO, ,2645,"Manuel Barros Borgoño 2645, Talcahuano, Bío Bío, Chile",-36.7440938,-73.0883945,1,GEOMETRIC_CENTER,2020,1266341,2020/02/10 00:00:00+00,COLISION LATERAL,COLISION,URBANA,IMPRUDENCIA DEL CONDUCTOR,NO RESPETAR DERECHO PREFERENTE DE PASO A VEHICULO,0,0,0,0,11:20:00
-73.0893837,-36.7796997,3576,8,REGION BIO BIO,8110,TALCAHUANO,SAN MIGUEL, ,7198,"San Miguel, Talcahuano, Bío Bío, Chile",-36.7796997,-73.0893837,1,GEOMETRIC_CENTER,2020,1266348,2020/02/10 00:00:00+00,COLISION LATERAL,COLISION,URBANA,IMPRUDENCIA DEL CONDUCTOR,CONDUCCION CAMBIAR SORPRESIVAMENTE PISTA CIRCULACION,0,0,0,0,11:24:00
-73.0915919,-36.7559427,3577,8,REGION BIO BIO,8110,TALCAHUANO,COLON,LAS ROSAS,0,"Las Rosas & Colón, Talcahuano, Bío Bío, Chile",-36.7559427,-73.0915919,1,GEOMETRIC_CENTER,2020,1266420,2020/02/13 00:00:00+00,COLISION LATERAL,COLISION,URBANA,DESOBEDIENCIA A SEÑALIZACION,SEÑALIZACION DESOBEDECER SEÑAL CEDA EL PASO,0,0,0,0,11:45:00
-73.346434,-37.4856476,3578,8,REGION BIO BIO,8205,CURANILAHUE,NUEVA EXTREMADURA,DIAGONAL MONASTERIO,0,"Diag. Monasterio, Curanilahue, Bío Bío, Chile",-37.4856476,-73.346434,1,GEOMETRIC_CENTER,2020,1266424,2020/02/19 00:00:00+00,ATROPELLO,ATROPELLO,URBANA,IMPRUDENCIA DEL CONDUCTOR,CONDUCIR VEHICULO EN RETROCESO,0,1,0,0,15:55:00
-73.1146846,-36.7115389,3579,8,REGION BIO BIO,8110,TALCAHUANO,BLANCO ENCALADA, ,76,"Blanco Encalada 76, Talcahuano, Bío Bío, Chile",-36.7115389,-73.1146846,1,RANGE_INTERPOLATED,2020,1266434,2020/02/14 00:00:00+00,CHOQUE FRENTE/POSTERIOR,CHOQUE,URBANA,IMPRUDENCIA DEL CONDUCTOR,CONDUCCION SIN MANTENER DISTANCIA RAZONABLE NI PRUDENTE,0,0,0,0,16:40:00
-73.1453726,-36.8533519,3580,8,REGION BIO BIO,8108,SAN PEDRO DE LA PAZ,TUCAPEL, ,1048,"Tucapel 1048, San Pedro de la Paz, Bío Bío, Chile",-36.8533519,-73.1453726,1,ROOFTOP,2020,1266541,2020/02/16 00:00:00+00,CHOQUE FRONTAL,CHOQUE,URBANA,PERDIDA CONTROL VEHICULO,PERDIDA CONTROL VEHICULO,0,0,0,0,07:30:00
-73.1335058,-36.8439253,3581,8,REGION BIO BIO,8108,SAN PEDRO DE LA PAZ,MICHAIHUE, ,120,"Av Michaihue 120, San Pedro de la Paz, Región Metropolitana, Chile",-36.8439253,-73.1335058,1,RANGE_INTERPOLATED,2020,1266526,2020/02/20 00:00:00+00,COLISION LATERAL,COLISION,URBANA,IMPRUDENCIA DEL CONDUCTOR,CONDUCCION NO ATENTO CONDICIONES TRANSITO MOMENTO,0,2,0,0,14:05:00
-73.1488992,-36.8256966,3582,8,REGION BIO BIO,8108,SAN PEDRO DE LA PAZ,EL SOL,LUNA,0,"Luna & El Sol, San Pedro de la Paz, Bío Bío, Chile",-36.8256966,-73.1488992,1,GEOMETRIC_CENTER,2020,1266547,2020/02/16 00:00:00+00,COLISION POR ALCANCE,COLISION,URBANA,IMPRUDENCIA DEL CONDUCTOR,CONDUCCION NO ATENTO CONDICIONES TRANSITO MOMENTO,0,0,0,0,14:00:00
-72.237868,-37.7156379,3583,8,REGION BIO BIO,8305,MULCHEN,LASTARRIA, ,840,"Lastarria 840, Mulchen, Negrete, Bío Bío, Chile",-37.7156379,-72.237868,1,RANGE_INTERPOLATED,2020,1266552,2020/02/06 00:00:00+00,CHOQUE,CHOQUE,URBANA,ALCOHOL EN CONDUCTOR,CONDUCCION EN ESTADO DE EBRIEDAD,0,0,0,1,06:50:00
-73.3411867,-37.4731343,3584,8,REGION BIO BIO,8205,CURANILAHUE,CAMILO HENRIQUEZ, ,17,"Camilo Henríquez 17, Curanilahue, Bío Bío, Chile",-37.4731343,-73.3411867,1,RANGE_INTERPOLATED,2020,1266565,2020/02/24 00:00:00+00,COLISION,COLISION,URBANA,IMPRUDENCIA DEL CONDUCTOR,CONDUCCION NO ATENTO CONDICIONES TRANSITO MOMENTO,0,0,0,0,14:00:00
-73.3441732,-37.4773199,3585,8,REGION BIO BIO,8205,CURANILAHUE,ARTURO PRAT, ,1005,"Av. Arturo Prat 1005, Curanilahue, Bío Bío, Chile",-37.4773199,-73.3441732,1,RANGE_INTERPOLATED,2020,1316856,2020/12/06 00:00:00+00,COLISION LATERAL,COLISION,URBANA,ALCOHOL EN CONDUCTOR,CONDUCCION EN ESTADO DE EBRIEDAD,0,0,0,1,22:27:00
-73.0789689,-36.8342115,3586,8,REGION BIO BIO,8108,SAN PEDRO DE LA PAZ,SALIDA SUR DEL PUENTE LLACOLEN,PEDRO AGUIRRE CERDA,0,"Puente Llacolen - Puente Llacolen, Concepción, Bío Bío, Chile",-36.8342115,-73.0789689,1,GEOMETRIC_CENTER,2020,1266664,2020/02/17 00:00:00+00,COLISION,COLISION,URBANA,CAUSAS NO DETERMINADAS,CAUSAS NO DETERMINADAS,0,0,0,0,16:20:00
-73.1012783,-36.8387625,3587,8,REGION BIO BIO,8108,SAN PEDRO DE LA PAZ,PEDRO AGUIRRE CERDA,LOS CANELOS,0,"Avenida Pedro Aguirre Cerda & Los Canelos, San Pedro de la Paz, Bío Bío, Chile",-36.8387625,-73.1012783,1,GEOMETRIC_CENTER,2020,1266668,2020/02/18 00:00:00+00,ATROPELLO,ATROPELLO,URBANA,CAUSAS NO DETERMINADAS,CAUSAS NO DETERMINADAS,0,0,0,1,16:30:00
-73.0926922,-36.8493587,3588,8,REGION BIO BIO,8108,SAN PEDRO DE LA PAZ,CAMINO EL VENADO,LONQUIMAY,0,"Camino El Venado & Lonquimay, San Pedro de la Paz, Bío Bío, Chile",-36.8493587,-73.0926922,1,GEOMETRIC_CENTER,2020,1266688,2020/02/25 00:00:00+00,COLISION,COLISION,URBANA,CAUSAS NO DETERMINADAS,CAUSAS NO DETERMINADAS,0,0,0,1,14:45:00
-73.6543274,-37.6081939,3589,8,REGION BIO BIO,8201,LEBU,CORNELIO SAAVEDRA,CARRERA,0,"Carrera & Calle Saavedra, Lebu, Bío Bío, Chile",-37.6081939,-73.6543274,1,GEOMETRIC_CENTER,2020,1266708,2020/02/25 00:00:00+00,COLISION LATERAL,COLISION,URBANA,DESOBEDIENCIA A SEÑALIZACION,SEÑALIZACION DESOBEDECER SEÑAL CEDA EL PASO,0,0,2,0,22:30:00
-72.9581455,-36.6722444,3590,8,REGION BIO BIO,8111,TOME,CARD SAMORE, ,1,"Rotonda Samoré, Punta de Parra, Tomé, Bío Bío, Chile",-36.6722444,-72.9581455,1,GEOMETRIC_CENTER,2020,1266719,2020/02/26 00:00:00+00,COLISION FRONTAL,COLISION,URBANA,VELOCIDAD IMPRUDENTE,"VELOCIDAD NO REDUCIR CRUCE DE CALLES, CUMBRE, CURVA, ETC.",0,1,0,0,11:45:00
-72.9555902,-36.6093935,3591,8,REGION BIO BIO,8111,TOME,VICENTE PALACIOS,LEON LUCO,0,"Vicente Palacios & León Luco, Tome, Tomé, Bío Bío, Chile",-36.6093935,-72.9555902,1,GEOMETRIC_CENTER,2020,1266727,2020/02/20 00:00:00+00,COLISION FRONTAL,COLISION,URBANA,DESOBEDIENCIA A SEÑALIZACION,SEÑALIZACION DESOBEDECER SEÑAL PARE,0,0,0,1,20:50:00
-73.1110924,-36.7811397,3592,8,REGION BIO BIO,8112,HUALPEN,LONDRES,YUGOSLAVIA,0,"Londres & Yugoslavia, Hualpén, Bío Bío, Chile",-36.7811397,-73.1110924,1,GEOMETRIC_CENTER,2020,1266741,2020/02/23 00:00:00+00,COLISION,COLISION,URBANA,IMPRUDENCIA DEL CONDUCTOR,CONDUCIR VEHICULO EN RETROCESO,0,0,0,0,19:45:00
-73.0919408,-36.8419668,3593,8,REGION BIO BIO,8108,SAN PEDRO DE LA PAZ,MICHILAMONCO,COLO COLO,0,"Avenida Michimalonco & Colo Colo, San Pedro de la Paz, Bío Bío, Chile",-36.8419668,-73.0919408,1,GEOMETRIC_CENTER,2020,1266772,2020/02/27 00:00:00+00,ATROPELLO,ATROPELLO,URBANA,CAUSAS NO DETERMINADAS,CAUSAS NO DETERMINADAS,0,1,0,0,21:00:00
-73.0382624,-36.7856601,3594,8,REGION BIO BIO,8101,CONCEPCION,LOS PRESIDENTES,CALLE TRES,0,"Calle Tres & Av. Los Presidentes, Concepción, Bío Bío, Chile",-36.7856601,-73.0382624,1,GEOMETRIC_CENTER,2020,1266884,2020/02/03 00:00:00+00,COLISION LATERAL,COLISION,URBANA,IMPRUDENCIA DEL CONDUCTOR,VIRAJES INDEBIDOS,0,0,0,0,14:45:00