X,Y,FID,COD_REG,REGION,CUT,COMUNA,CALLE_UNO,CALLE_DOS,NUMERO,DIR_GEOCOD,LAT,LNG,VAL_COM,TIPO,Año,Idaccident,Fecha,Tipo_Accid,Tipo__CONA,Zona,Causa__CON,Causa,Fallecidos,Graves,Menos_Grav,Leves,Hora
-73.0481999,-36.813999,3595,8,REGION BIO BIO,8101,CONCEPCION,PAICAVI,MANUEL RODRIGUEZ,0,"Manuel Rodríguez & Paicaví, Concepción, Bío Bío, Chile",-36.813999,-73.0481999,1,GEOMETRIC_CENTER,2020,1266915,2020/02/24 00:00:00+00,COLISION,COLISION,URBANA,IMPRUDENCIA DEL CONDUCTOR,CONDUCCION SIN MANTENER DISTANCIA RAZONABLE NI PRUDENTE,0,0,0,0,21:50:00
-73.0487436,-36.8181422,3596,8,REGION BIO BIO,8101,CONCEPCION,OROMPELLO,MANUEL BULNES,0,"Manuel Bulnes & Orompello, Concepción, Bío Bío, Chile",-36.8181422,-73.0487436,1,GEOMETRIC_CENTER,2020,1266922,2020/02/05 00:00:00+00,COLISION LATERAL,COLISION,URBANA,IMPRUDENCIA DEL CONDUCTOR,CONDUCCION NO ATENTO CONDICIONES TRANSITO MOMENTO,0,0,0,1,09:50:00
-73.0620531,-36.8198109,3597,8,REGION BIO BIO,8101,CONCEPCION,SALAS,MANUEL RODRIGUEZ,0,"Obispo Hipólito Salas & Manuel Rodríguez, Concepción, Bío Bío, Chile",-36.8198109,-73.0620531,1,GEOMETRIC_CENTER,2020,1266926,2020/02/06 00:00:00+00,COLISION LATERAL,COLISION,URBANA,IMPRUDENCIA DEL CONDUCTOR,CONDUCCION NO ATENTO CONDICIONES TRANSITO MOMENTO,0,0,0,0,08:10:00
-73.0203151,-36.9447396,3598,8,REGION BIO BIO,8103,CHIGUAYANTE,JORGE ALESSANDRI, ,0,"Jorge Montt, Chiguayante, Bío Bío, Chile",-36.9447396,-73.0203151,1,GEOMETRIC_CENTER,2020,1266938,2020/02/08 00:00:00+00,COLISION POR ALCANCE,COLISION,URBANA,IMPRUDENCIA DEL CONDUCTOR,ADELANTAMIENTO SIN EFECTUAR LA SEÑAL RESPECTIVA,0,0,0,0,13:45:00
-73.0443904,-36.8201352,3599,8,REGION BIO BIO,8101,CONCEPCION,LAS ACACIAS, ,0,"Concepción, Región del Biobío, Chile",-36.8201352,-73.0443904,1,APPROXIMATE,2020,1266946,2020/02/08 00:00:00+00,COLISION PERPENDICULAR,COLISION,URBANA,DESOBEDIENCIA A SEÑALIZACION,SEÑALIZACION DESOBEDECER LUZ ROJA DE SEMAFORO,0,0,0,0,13:20:00
-73.0565663,-36.8172221,3600,8,REGION BIO BIO,8101,CONCEPCION,MANUEL RODRIGUEZ,CAUPOLICAN,0,"Manuel Rodríguez & Caupolicán, Concepción, Bío Bío, Chile",-36.8172221,-73.0565663,1,GEOMETRIC_CENTER,2020,1266953,2020/02/01 00:00:00+00,COLISION POR ALCANCE,COLISION,URBANA,IMPRUDENCIA DEL CONDUCTOR,NO RESPETAR DERECHO PREFERENTE DE PASO A VEHICULO,0,0,0,0,10:00:00
-72.7104678,-37.284865,3601,8,REGION BIO BIO,8304,LAJA,LOS CLAVELES, ,932,"Laja, Bío Bío, Chile",-37.284865,-72.7104678,1,APPROXIMATE,2020,1271823,2020/02/17 00:00:00+00,CHOQUE POSTERIOR,CHOQUE,URBANA,IMPRUDENCIA DEL CONDUCTOR,CONDUCCION NO ATENTO CONDICIONES TRANSITO MOMENTO,0,0,0,0,12:40:00
-72.4004356,-37.0362809,3602,8,REGION BIO BIO,8303,CABRERO,VIAL,GENERAL CRUZ,0,"Gral. Cruz & Av. Vial, Cabrero, Bío Bío, Chile",-37.0362809,-72.4004356,1,GEOMETRIC_CENTER,2020,1271825,2020/02/18 00:00:00+00,ATROPELLO,ATROPELLO,URBANA,DESOBEDIENCIA A SEÑALIZACION,SEÑALIZACION DESOBEDECER LUZ ROJA DE SEMAFORO,0,1,0,0,21:30:00
-73.0925782,-36.746923,3603,8,REGION BIO BIO,8110,TALCAHUANO,JOTABECHE,ALMTE NEFF,0,"Almirante Neff & Jotabeche, Talcahuano, Bío Bío, Chile",-36.746923,-73.0925782,1,GEOMETRIC_CENTER,2020,1271847,2020/03/12 00:00:00+00,COLISION LATERAL,COLISION,URBANA,DESOBEDIENCIA A SEÑALIZACION,SEÑALIZACION DESOBEDECER SEÑAL CEDA EL PASO,0,0,0,0,20:05:00
-73.114468,-36.7701205,3604,8,REGION BIO BIO,8110,TALCAHUANO,GRAN BRETAÑA, ,5061,"Gran Bretaña 5061, Talcahuano, Bío Bío, Chile",-36.7701205,-73.114468,1,ROOFTOP,2020,1271862,2020/03/16 00:00:00+00,ATROPELLO,ATROPELLO,URBANA,IMPRUDENCIA DEL PEATON,PEATON CRUZA CALZADA FORMA SORPRESIVA O DESCUIDADA,0,2,0,0,18:29:00
-72.4032966,-37.035437,3605,8,REGION BIO BIO,8303,CABRERO,ANIBAL PINTO,MEMBRILLAR,0,"Membrillar & Anibal Pinto, Cabrero, Bío Bío, Chile",-37.035437,-72.4032966,1,GEOMETRIC_CENTER,2020,1271902,2020/02/19 00:00:00+00,ATROPELLO,ATROPELLO,URBANA,IMPRUDENCIA DEL CONDUCTOR,CONDUCCION NO ATENTO CONDICIONES TRANSITO MOMENTO,0,0,0,1,11:50:00
-72.3984721,-37.0320057,3606,8,REGION BIO BIO,8303,CABRERO,LOS LIRIOS, ,15,"Los Lirios 15, Cabrero, Bío Bío, Chile",-37.0320057,-72.3984721,1,ROOFTOP,2020,1271910,2020/02/22 00:00:00+00,CHOQUE POSTERIOR,CHOQUE,URBANA,IMPRUDENCIA DEL CONDUCTOR,CONDUCCION NO ATENTO CONDICIONES TRANSITO MOMENTO,0,0,0,0,21:00:00
-73.3432122,-37.4779308,3607,8,REGION BIO BIO,8205,CURANILAHUE,SECTOR LA TOMA EL CASTAÑO NRO 1, ,0,"Curanilahue, Bío Bío, Chile",-37.4779308,-73.3432122,1,APPROXIMATE,2020,1271913,2020/03/14 00:00:00+00,ATROPELLO,ATROPELLO,RURAL,IMPRUDENCIA DEL CONDUCTOR,CONDUCCION NO ATENTO CONDICIONES TRANSITO MOMENTO,0,0,0,1,19:20:00
-73.0429896,-36.824726,3608,8,REGION BIO BIO,8101,CONCEPCION,ONGOLMO,OHIGGINS,0,"Ongolmo & Libertador General Bernardo OHiggins, Concepción, Bío Bío, Chile",-36.824726,-73.0429896,1,GEOMETRIC_CENTER,2020,1271988,2020/03/17 00:00:00+00,COLISION PERPENDICULAR,COLISION,URBANA,IMPRUDENCIA DEL CONDUCTOR,CONDUCCION NO ATENTO CONDICIONES TRANSITO MOMENTO,0,0,0,0,08:20:00
-73.0410298,-36.8251949,3609,8,REGION BIO BIO,8101,CONCEPCION,SAN MARTIN,PAICAVI,0,"San Martín & Paicaví, Concepción, Bío Bío, Chile",-36.8251949,-73.0410298,1,GEOMETRIC_CENTER,2020,1271990,2020/03/17 00:00:00+00,COLISION PERPENDICULAR,COLISION,URBANA,IMPRUDENCIA DEL CONDUCTOR,CONDUCCION NO ATENTO CONDICIONES TRANSITO MOMENTO,0,0,0,0,07:40:00
-73.0543169,-36.8344896,3610,8,REGION BIO BIO,8101,CONCEPCION,VICTOR LAMAS,SERRANO,0,"Serrano & Víctor Lamas, Concepción, Bío Bío, Chile",-36.8344896,-73.0543169,1,GEOMETRIC_CENTER,2020,1271991,2020/03/17 00:00:00+00,COLISION LATERAL,COLISION,URBANA,IMPRUDENCIA DEL CONDUCTOR,ADELANTAMIENTO SIN EL ESPACIO O TIEMPO SUFICIENTE,0,0,0,0,21:00:00
-73.0727028,-36.8100477,3611,8,REGION BIO BIO,8101,CONCEPCION,MARINA DE CHILE,DOCTOR CARLOS OLIVER,0,"Doctor Carlos Oliver & Marina de Chile, Concepción, Bío Bío, Chile",-36.8100477,-73.0727028,1,GEOMETRIC_CENTER,2020,1271995,2020/03/17 00:00:00+00,VOLCADURA,VOLCADURA,URBANA,PERDIDA CONTROL VEHICULO,PERDIDA CONTROL VEHICULO,0,0,0,2,14:15:00
-73.0456418,-36.8206518,3612,8,REGION BIO BIO,8101,CONCEPCION,LOS CARRERA,ONGOLMO,0,"Ongolmo & Avenida los Carrera, Concepción, Bío Bío, Chile",-36.8206518,-73.0456418,1,GEOMETRIC_CENTER,2020,1272003,2020/03/18 00:00:00+00,COLISION LATERAL,COLISION,URBANA,IMPRUDENCIA DEL CONDUCTOR,CONDUCCION NO ATENTO CONDICIONES TRANSITO MOMENTO,0,0,0,0,13:00:00
-73.0538749,-36.8227695,3613,8,REGION BIO BIO,8101,CONCEPCION,LAS HERAS,CAUPOLICAN,0,"Caupolicán & Las Heras, Concepción, Bío Bío, Chile",-36.8227695,-73.0538749,1,GEOMETRIC_CENTER,2020,1272008,2020/03/18 00:00:00+00,ATROPELLO,ATROPELLO,URBANA,DESOBEDIENCIA A SEÑALIZACION,SEÑALIZACION DESOBEDECER LUZ INTERMITENTE SEMAFORO,0,1,0,0,16:13:00
-72.6757298,-37.5005142,3614,8,REGION BIO BIO,8306,NACIMIENTO,LA CRUZ,SAN MARTIN,0,"San Martín & La Cruz, Nacimiento, Bío Bío, Chile",-37.5005142,-72.6757298,1,GEOMETRIC_CENTER,2020,1272026,2020/03/17 00:00:00+00,COLISION,COLISION,URBANA,ALCOHOL EN CONDUCTOR,CONDUCCION EN ESTADO DE EBRIEDAD,0,0,0,0,21:50:00
-73.085315,-36.799776,3615,8,REGION BIO BIO,8112,HUALPEN,LAS GOLONDRINAS,CRISTOBAL COLON,0,"Cristóbal Colón 9765, Hualpén - Bodega B14, Megacentro, Hualpén, Bío Bío, Chile",-36.799776,-73.085315,1,GEOMETRIC_CENTER,2020,1272087,2020/03/18 00:00:00+00,CHOQUE,CHOQUE,URBANA,DROGAS Y/O FATIGA EN CONDUCTOR,"CONDICIONES FISICAS DEFICIENTES (CANSANCIO, SUEÑO)",2,0,0,0,00:25:00
-73.0856174,-36.7987522,3616,8,REGION BIO BIO,8112,HUALPEN,CRISTOBAL COLON,LOS ESCRITORES,0,"Cristobal Colon - Av Los Copihues, Hualpén, Bío Bío, Chile",-36.7987522,-73.0856174,1,GEOMETRIC_CENTER,2020,1272091,2020/03/18 00:00:00+00,COLISION,COLISION,URBANA,IMPRUDENCIA DEL CONDUCTOR,CONDUCCION CAMBIAR SORPRESIVAMENTE PISTA CIRCULACION,0,0,0,0,16:15:00
-73.1246873,-36.7148008,3617,8,REGION BIO BIO,8110,TALCAHUANO,TUMBES, ,492,"Av. Tumbes 492, Talcahuano, Bío Bío, Chile",-36.7148008,-73.1246873,1,RANGE_INTERPOLATED,2020,1272139,2020/03/18 00:00:00+00,COLISION LATERAL,COLISION,URBANA,IMPRUDENCIA DEL CONDUCTOR,CONDUCCION CAMBIAR SORPRESIVAMENTE PISTA CIRCULACION,0,0,0,3,06:40:00
-73.0275238,-36.9192805,3618,8,REGION BIO BIO,8103,CHIGUAYANTE,MANUEL RODRIGUEZ,OROZIMBO BARBOZA,0,"Manuel Rodriguez - Guacolda, Chiguayante, Bío Bío, Chile",-36.9192805,-73.0275238,1,GEOMETRIC_CENTER,2020,1272330,2020/03/17 00:00:00+00,CHOQUE FRENTE/POSTERIOR,CHOQUE,URBANA,CAUSAS NO DETERMINADAS,CAUSAS NO DETERMINADAS,0,0,0,5,17:00:00
-73.0365151,-36.8918814,3619,8,REGION BIO BIO,8103,CHIGUAYANTE,COSTANERA, ,6,"Av. Costanera, Chiguayante, Bío Bío, Chile",-36.8918814,-73.0365151,1,GEOMETRIC_CENTER,2020,1272332,2020/03/18 00:00:00+00,CHOQUE FRONTAL,CHOQUE,URBANA,OTRAS CAUSAS,OTRAS CAUSAS,0,0,0,2,09:40:00
-73.016474,-36.9460732,3620,8,REGION BIO BIO,8103,CHIGUAYANTE,MANUEL RODRIGUEZ,ESPERANZA,0,"Esperanza & Avenida Manuel Rodríguez, Chiguayante, Bío Bío, Chile",-36.9460732,-73.016474,1,GEOMETRIC_CENTER,2020,1272336,2020/03/18 00:00:00+00,COLISION PERPENDICULAR,COLISION,URBANA,ALCOHOL EN CONDUCTOR,CONDUCCION EN ESTADO DE EBRIEDAD,0,0,0,0,05:30:00
-73.3560556,-37.4688662,3621,8,REGION BIO BIO,8205,CURANILAHUE,BERNARDO OHIGGINS, ,833,"Av. Bernardo OHiggins 833, Curanilahue, Bío Bío, Chile",-37.4688662,-73.3560556,1,RANGE_INTERPOLATED,2020,1272449,2020/03/19 00:00:00+00,COLISION LATERAL,COLISION,URBANA,IMPRUDENCIA DEL CONDUCTOR,NO RESPETAR DERECHO PREFERENTE DE PASO A VEHICULO,0,0,0,0,12:00:00
-73.047483,-36.81756,3622,8,REGION BIO BIO,8101,CONCEPCION,BULNES,ONGOLMO,0,"Manuel Bulnes & Ongolmo, Concepción, Bío Bío, Chile",-36.81756,-73.047483,1,GEOMETRIC_CENTER,2020,1272480,2020/03/13 00:00:00+00,COLISION PERPENDICULAR,COLISION,URBANA,DESOBEDIENCIA A SEÑALIZACION,SEÑALIZACION DESOBEDECER SEÑAL PARE,0,0,0,0,08:30:00
-73.0664931,-36.8290881,3623,8,REGION BIO BIO,8101,CONCEPCION,CALETERA LOS CARRERA,ZAÑARTU,0,"Avenida Zañartu & Caletera Los Carrera, Concepción, Bío Bío, Chile",-36.8290881,-73.0664931,1,GEOMETRIC_CENTER,2020,1272513,2020/03/21 00:00:00+00,COLISION PERPENDICULAR,COLISION,URBANA,DESOBEDIENCIA A SEÑALIZACION,SEÑALIZACION DESOBEDECER SEÑAL CEDA EL PASO,0,0,0,0,13:00:00
-73.0436675,-36.821115,3624,8,REGION BIO BIO,8101,CONCEPCION,PAICAVI,MAIPU,0,"Maipú & Paicaví, Concepción, Bío Bío, Chile",-36.821115,-73.0436675,1,GEOMETRIC_CENTER,2020,1272518,2020/03/22 00:00:00+00,COLISION PERPENDICULAR,COLISION,URBANA,IMPRUDENCIA DEL CONDUCTOR,CONDUCCION NO ATENTO CONDICIONES TRANSITO MOMENTO,0,0,0,1,14:20:00
-73.0235719,-36.817219,3625,8,REGION BIO BIO,8101,CONCEPCION,TEGUALDA,COLLAO,0,"Tegualda & Collao, Concepción, Bío Bío, Chile",-36.817219,-73.0235719,1,GEOMETRIC_CENTER,2020,1272549,2020/03/22 00:00:00+00,CHOQUE POSTERIOR,CHOQUE,URBANA,IMPRUDENCIA DEL CONDUCTOR,CONDUCCION SIN MANTENER DISTANCIA RAZONABLE NI PRUDENTE,0,0,0,1,15:30:00
-72.9529813,-36.6178726,3626,8,REGION BIO BIO,8111,TOME,MANUEL MONTT,ANIBAL PINTO,0,"Aníbal Pinto & Manuel Montt, Tome, Tomé, Bío Bío, Chile",-36.6178726,-72.9529813,1,GEOMETRIC_CENTER,2020,1272758,2020/03/17 00:00:00+00,ATROPELLO,ATROPELLO,URBANA,IMPRUDENCIA DEL CONDUCTOR,NO RESPETAR DERECHO PREFERENTE DE PASO A PEATON,0,0,1,0,14:15:00
-72.9579413,-36.618378,3627,8,REGION BIO BIO,8111,TOME,IGNACIO SERRANO, ,1055,"Ignacio Serrano 1055, Tome, Tomé, Bío Bío, Chile",-36.618378,-72.9579413,1,ROOFTOP,2020,1272807,2020/03/20 00:00:00+00,COLISION LATERAL,COLISION,URBANA,IMPRUDENCIA DEL CONDUCTOR,CONDUCCION NO ATENTO CONDICIONES TRANSITO MOMENTO,0,0,0,0,10:12:00
-73.0600454,-36.8279683,3628,8,REGION BIO BIO,8101,CONCEPCION,ARTURO PRAT,MAIPU,0,"Maipú & Arturo Prat, Concepción, Bío Bío, Chile",-36.8279683,-73.0600454,1,GEOMETRIC_CENTER,2020,1272903,2020/03/23 00:00:00+00,COLISION POR ALCANCE,COLISION,URBANA,IMPRUDENCIA DEL CONDUCTOR,CONDUCCION SIN MANTENER DISTANCIA RAZONABLE NI PRUDENTE,0,0,0,0,16:20:00
-73.0562567,-36.8340089,3629,8,REGION BIO BIO,8101,CONCEPCION,CHACABUCO,ARTURO PRAT,0,"Avenida Chacabuco & Arturo Prat, Concepción, Bío Bío, Chile",-36.8340089,-73.0562567,1,GEOMETRIC_CENTER,2020,1272910,2020/03/23 00:00:00+00,CHOQUE POSTERIOR,CHOQUE,URBANA,IMPRUDENCIA DEL CONDUCTOR,CONDUCCION NO ATENTO CONDICIONES TRANSITO MOMENTO,0,0,0,0,17:30:00
-73.0773082,-36.8052495,3630,8,REGION BIO BIO,8112,HUALPEN,JORGE ALESSANDRI RODRIGUEZ,CRISTOBAL COLON,0,"Av. Pdte. Jorge Alessandri Rodriguez, Hualpén, Bío Bío, Chile",-36.8052495,-73.0773082,1,GEOMETRIC_CENTER,2020,1272965,2020/03/23 00:00:00+00,COLISION,COLISION,URBANA,IMPRUDENCIA DEL CONDUCTOR,CONDUCCION CAMBIAR SORPRESIVAMENTE PISTA CIRCULACION,0,0,0,1,17:30:00
-72.3595096,-37.4764299,3631,8,REGION BIO BIO,8301,LOS ANGELES,JOSE MIGUEL INFANTE,PATRICIO LYNCH,0,"Patricio Lynch & Jose Miguel Infante, Los Angeles, Los Ángeles, Bío Bío, Chile",-37.4764299,-72.3595096,1,GEOMETRIC_CENTER,2020,1273016,2020/03/10 00:00:00+00,COLISION FRONTAL,COLISION,URBANA,IMPRUDENCIA DEL CONDUCTOR,CONDUCCION NO ATENTO CONDICIONES TRANSITO MOMENTO,0,1,0,2,15:50:00
-72.3499357,-37.476182,3632,8,REGION BIO BIO,8301,LOS ANGELES,FREIRE, ,351,"Freire 351, Los Angeles, Los Ángeles, Bío Bío, Chile",-37.476182,-72.3499357,1,ROOFTOP,2020,1273034,2020/03/10 00:00:00+00,COLISION LATERAL,COLISION,URBANA,IMPRUDENCIA DEL CONDUCTOR,CONDUCCION NO ATENTO CONDICIONES TRANSITO MOMENTO,0,0,0,0,12:35:00
-73.3949401,-37.7998585,3633,8,REGION BIO BIO,8203,CAÑETE,ESMERALDA,MARIQUEO,0,"Esmeralda & Mariqueo, Canete, Cañete, Bío Bío, Chile",-37.7998585,-73.3949401,1,GEOMETRIC_CENTER,2020,1273083,2020/03/16 00:00:00+00,COLISION,COLISION,URBANA,DESOBEDIENCIA A SEÑALIZACION,SEÑALIZACION DESOBEDECER SEÑAL PARE,0,0,1,0,14:00:00
-73.49157,-38.3437989,3634,8,REGION BIO BIO,8207,TIRUA,ARTURO PRAT,SAN JAIME,0,"San Jaime & Arturo Prat, Tirua, Tirúa, Bío Bío, Chile",-38.3437989,-73.49157,1,GEOMETRIC_CENTER,2020,1273090,2020/03/19 00:00:00+00,COLISION,COLISION,URBANA,DESOBEDIENCIA A SEÑALIZACION,SEÑALIZACION DESOBEDECER SEÑAL CEDA EL PASO,0,0,0,2,07:20:00
-73.1012783,-36.8387625,3635,8,REGION BIO BIO,8108,SAN PEDRO DE LA PAZ,PEDRO AGUIRRE CERDA,LOS CANELOS,0,"Avenida Pedro Aguirre Cerda & Los Canelos, San Pedro de la Paz, Bío Bío, Chile",-36.8387625,-73.1012783,1,GEOMETRIC_CENTER,2020,1273126,2020/03/20 00:00:00+00,COLISION LATERAL,COLISION,URBANA,IMPRUDENCIA DEL CONDUCTOR,CONDUCCION NO ATENTO CONDICIONES TRANSITO MOMENTO,0,0,0,1,19:15:00
-73.1205543,-36.8283837,3636,8,REGION BIO BIO,8108,SAN PEDRO DE LA PAZ,D BIO BIO, ,918,"Av. Diag. Bio Bio 918, San Pedro de la Paz, Región Metropolitana, Chile",-36.8283837,-73.1205543,1,RANGE_INTERPOLATED,2020,1273135,2020/03/14 00:00:00+00,VOLCADURA,VOLCADURA,URBANA,ALCOHOL EN CONDUCTOR,CONDUCCION EN ESTADO DE EBRIEDAD,0,1,0,0,10:40:00
-73.1308565,-36.8454033,3637,8,REGION BIO BIO,8108,SAN PEDRO DE LA PAZ,MICHAIHUE,NUEVA UNO,0,"Nueva Uno & Avenida Michaihue, San Pedro de la Paz, Bío Bío, Chile",-36.8454033,-73.1308565,1,GEOMETRIC_CENTER,2020,1273144,2020/03/02 00:00:00+00,COLISION POR ALCANCE,COLISION,URBANA,IMPRUDENCIA DEL CONDUCTOR,CONDUCCION SIN MANTENER DISTANCIA RAZONABLE NI PRUDENTE,0,0,0,0,16:15:00
-73.1433091,-36.8972351,3638,8,REGION BIO BIO,8108,SAN PEDRO DE LA PAZ,JOSE DONOSO,ITATA,0,"Itata & José Donoso, San Pedro de la Paz, Bío Bío, Chile",-36.8972351,-73.1433091,1,GEOMETRIC_CENTER,2020,1273161,2020/03/09 00:00:00+00,COLISION LATERAL,COLISION,URBANA,IMPRUDENCIA DEL CONDUCTOR,CONDUCCION NO ATENTO CONDICIONES TRANSITO MOMENTO,0,0,0,0,08:10:00
-73.1376712,-36.8354975,3639,8,REGION BIO BIO,8108,SAN PEDRO DE LA PAZ,DANIEL BELMAR,LAS TORRES,0,"Daniel Belmar 839-845, San Pedro de la Paz, Bío Bío, Chile",-36.8354975,-73.1376712,1,ROOFTOP,2020,1273260,2020/03/10 00:00:00+00,COLISION POR ALCANCE,COLISION,URBANA,IMPRUDENCIA DEL CONDUCTOR,CONDUCCION NO ATENTO CONDICIONES TRANSITO MOMENTO,0,0,0,0,08:15:00
-73.1167368,-36.8305354,3640,8,REGION BIO BIO,8108,SAN PEDRO DE LA PAZ,D BELMAR,MAINTENCILLO,0,"San Pedro de la Paz, Bío Bío, Chile",-36.8305354,-73.1167368,1,APPROXIMATE,2020,1273264,2020/03/17 00:00:00+00,COLISION LATERAL,COLISION,URBANA,IMPRUDENCIA DEL CONDUCTOR,CONDUCCION NO ATENTO CONDICIONES TRANSITO MOMENTO,0,0,0,0,19:40:00
-72.3753383,-37.4619259,3641,8,REGION BIO BIO,8301,LOS ANGELES,LAGO GENERAL CARRERA,LAGUNA DEL LAJA,0,"Pasaje Lago General Carrera & Laguna del Laja, Los Angeles, Los Ángeles, Bío Bío, Chile",-37.4619259,-72.3753383,1,GEOMETRIC_CENTER,2020,1273372,2020/03/12 00:00:00+00,ATROPELLO,ATROPELLO,URBANA,IMPRUDENCIA DEL CONDUCTOR,CONDUCCION NO ATENTO CONDICIONES TRANSITO MOMENTO,0,0,0,1,08:15:00
-72.3365241,-37.4685463,3642,8,REGION BIO BIO,8301,LOS ANGELES,ALEMANIA, ,831,"Av. Alemania 831, Los Angeles, Los Ángeles, Bío Bío, Chile",-37.4685463,-72.3365241,1,ROOFTOP,2020,1273378,2020/03/12 00:00:00+00,ATROPELLO,ATROPELLO,URBANA,IMPRUDENCIA DEL CONDUCTOR,CONDUCCION NO ATENTO CONDICIONES TRANSITO MOMENTO,0,0,0,1,18:00:00
-72.9567972,-36.623432,3643,8,REGION BIO BIO,8111,TOME,LATORRE,LOS SUSPIROS,0,"Los Suspiros & A Latorre, Tome, Tomé, Bío Bío, Chile",-36.623432,-72.9567972,1,GEOMETRIC_CENTER,2020,1273382,2020/03/26 00:00:00+00,ATROPELLO,ATROPELLO,URBANA,IMPRUDENCIA DEL CONDUCTOR,NO RESPETAR DERECHO PREFERENTE DE PASO A PEATON,0,0,0,1,13:45:00
-72.3484638,-37.4815325,3644,8,REGION BIO BIO,8301,LOS ANGELES,VICUÑA MACKENNA,LOS CARRERA,0,"Av. Los Carrera & Av. Vicuña Mackenna, Los Angeles, Los Ángeles, Bío Bío, Chile",-37.4815325,-72.3484638,1,GEOMETRIC_CENTER,2020,1273391,2020/03/12 00:00:00+00,COLISION POR ALCANCE,COLISION,URBANA,ALCOHOL EN CONDUCTOR,CONDUCCION BAJO LA INFLUENCIA DEL ALCOHOL,0,0,0,0,00:35:00
-72.3584776,-37.4803077,3645,8,REGION BIO BIO,8301,LOS ANGELES,VICUÑA MACKENNA, ,749,"Av. Vicuña Mackenna 749, Los Angeles, Los Ángeles, Bío Bío, Chile",-37.4803077,-72.3584776,1,ROOFTOP,2020,1273397,2020/03/13 00:00:00+00,CHOQUE LADO/FRENTE,CHOQUE,URBANA,PERDIDA CONTROL VEHICULO,PERDIDA CONTROL VEHICULO,0,0,0,1,11:27:00
-72.346132,-37.4778235,3646,8,REGION BIO BIO,8301,LOS ANGELES,MANUAL ALDUNATE,OBPO VALDIVIESO,0,"Pje. Obispo Valdivieso, Los Angeles, Los Ángeles, Bío Bío, Chile",-37.4778235,-72.346132,1,GEOMETRIC_CENTER,2020,1273400,2020/03/13 00:00:00+00,ATROPELLO,ATROPELLO,URBANA,IMPRUDENCIA DEL CONDUCTOR,CONDUCCION NO ATENTO CONDICIONES TRANSITO MOMENTO,0,0,0,1,18:15:00
-72.3852212,-37.4655858,3647,8,REGION BIO BIO,8301,LOS ANGELES,AURELIO VALENZUELA,LUZ ALCAZAR,0,"Prof.ª Luz Alcazar & Prof. Aurelio Valenzuela, Los Ángeles, Bío Bío, Chile",-37.4655858,-72.3852212,1,GEOMETRIC_CENTER,2020,1273402,2020/03/14 00:00:00+00,COLISION LATERAL,COLISION,URBANA,IMPRUDENCIA DEL CONDUCTOR,CONDUCCION NO ATENTO CONDICIONES TRANSITO MOMENTO,0,0,0,1,21:10:00
-73.1339041,-36.7130632,3648,8,REGION BIO BIO,8110,TALCAHUANO,SAN VICENTE, ,1005,"San Vicente 1005, Talcahuano, Bío Bío, Chile",-36.7130632,-73.1339041,1,RANGE_INTERPOLATED,2020,1273536,2020/03/17 00:00:00+00,CAIDA,CAIDA,URBANA,VELOCIDAD IMPRUDENTE,VELOCIDAD NO RAZONABLE NI PRUDENTE,0,0,0,1,21:30:00
-73.0918899,-36.7545469,3649,8,REGION BIO BIO,8110,TALCAHUANO,CRISTOBAL COLON, ,4976,"Gómez Carreño 4976, Talcahuano, Bío Bío, Chile",-36.7545469,-73.0918899,1,RANGE_INTERPOLATED,2020,1273552,2020/03/19 00:00:00+00,COLISION LATERAL,COLISION,URBANA,IMPRUDENCIA DEL CONDUCTOR,VIRAJES INDEBIDOS,0,0,0,0,17:00:00
-73.1338897,-36.7130675,3650,8,REGION BIO BIO,8110,TALCAHUANO,COLIUMO,SAN VICENTE,0,"Caleta Coliumo & San Vicente, Talcahuano, Bío Bío, Chile",-36.7130675,-73.1338897,1,GEOMETRIC_CENTER,2020,1273739,2020/03/15 00:00:00+00,COLISION LATERAL,COLISION,URBANA,IMPRUDENCIA DEL CONDUCTOR,NO RESPETAR DERECHO PREFERENTE DE PASO A VEHICULO,0,0,0,0,16:00:00
-73.0236724,-36.9282483,3651,8,REGION BIO BIO,8103,CHIGUAYANTE,MANUEL RODRIGUEZ, ,785,"Av. Manuel Rodríguez 785, Chiguayante, Bío Bío, Chile",-36.9282483,-73.0236724,1,ROOFTOP,2020,1273780,2020/03/24 00:00:00+00,CHOQUE POSTERIOR/FRENTE,CHOQUE,URBANA,CAUSAS NO DETERMINADAS,CAUSAS NO DETERMINADAS,0,0,0,0,16:30:00
-73.0126743,-36.9580867,3652,8,REGION BIO BIO,8103,CHIGUAYANTE,10 DE JULIO, ,140,"10 de Julio 140, Chiguayante, Bío Bío, Chile",-36.9580867,-73.0126743,1,RANGE_INTERPOLATED,2020,1273797,2020/03/25 00:00:00+00,CHOQUE LADO/LADO,CHOQUE,URBANA,OTRAS CAUSAS,OTRAS CAUSAS,0,0,0,0,20:30:00