X,Y,FID,COD_REG,REGION,CUT,COMUNA,CALLE_UNO,CALLE_DOS,NUMERO,DIR_GEOCOD,LAT,LNG,VAL_COM,TIPO,Año,Idaccident,Fecha,Tipo_Accid,Tipo__CONA,Zona,Causa__CON,Causa,Fallecidos,Graves,Menos_Grav,Leves,Hora
-73.457325,-37.6276106,3653,8,REGION BIO BIO,8206,LOS ALAMOS,18 DE SEPTIEMBRE,IGNACIO CARRERA PINTO,0,"Ruta 160 684-760, Los Alamos, Bío Bío, Chile",-37.6276106,-73.457325,1,ROOFTOP,2020,1273813,2020/03/27 00:00:00+00,CHOQUE POSTERIOR,CHOQUE,URBANA,IMPRUDENCIA DEL CONDUCTOR,CONDUCCION NO ATENTO CONDICIONES TRANSITO MOMENTO,0,0,0,0,18:45:00
-73.458221,-37.6287331,3654,8,REGION BIO BIO,8206,LOS ALAMOS,PEDRO DE VALDIVIA,JUAN ANTONIO RIOS,0,"Pedro de Valdivia & Juan Antonio Rios, Los Alamos, Bío Bío, Chile",-37.6287331,-73.458221,1,GEOMETRIC_CENTER,2020,1273853,2020/03/27 00:00:00+00,COLISION LATERAL,COLISION,URBANA,IMPRUDENCIA DEL CONDUCTOR,CONDUCIR VEHICULO EN RETROCESO,0,0,0,0,17:00:00
-73.1143404,-36.7243461,3655,8,REGION BIO BIO,8110,TALCAHUANO,BILBAO, ,340,"Bilbao 340, Talcahuano, Bío Bío, Chile",-36.7243461,-73.1143404,1,RANGE_INTERPOLATED,2020,1274112,2020/03/22 00:00:00+00,ATROPELLO,ATROPELLO,URBANA,IMPRUDENCIA DEL CONDUCTOR,CONDUCCION NO ATENTO CONDICIONES TRANSITO MOMENTO,0,1,0,0,13:00:00
-73.0203414,-36.9371175,3656,8,REGION BIO BIO,8103,CHIGUAYANTE,MANUEL RODRIGUEZ,BIO BIO,0,"Avenida Manuel Rodríguez & Bío Bío, Chiguayante, Bío Bío, Chile",-36.9371175,-73.0203414,1,GEOMETRIC_CENTER,2020,1273946,2020/03/25 00:00:00+00,CHOQUE FRENTE/POSTERIOR,CHOQUE,URBANA,ALCOHOL EN CONDUCTOR,CONDUCCION EN ESTADO DE EBRIEDAD,0,0,0,4,21:40:00
-73.0474572,-36.8227472,3657,8,REGION BIO BIO,8101,CONCEPCION,TUCAPEL,MAIPU,0,"Tucapel & Maipú, Concepción, Bío Bío, Chile",-36.8227472,-73.0474572,1,GEOMETRIC_CENTER,2020,1274227,2020/03/30 00:00:00+00,COLISION PERPENDICULAR,COLISION,URBANA,IMPRUDENCIA DEL CONDUCTOR,NO RESPETAR DERECHO PREFERENTE DE PASO A VEHICULO,0,0,0,0,14:59:00
-73.0410298,-36.8251949,3658,8,REGION BIO BIO,8101,CONCEPCION,PAICAVI,SAN MARTIN,0,"San Martín & Paicaví, Concepción, Bío Bío, Chile",-36.8251949,-73.0410298,1,GEOMETRIC_CENTER,2020,1274233,2020/03/31 00:00:00+00,COLISION PERPENDICULAR,COLISION,URBANA,IMPRUDENCIA DEL CONDUCTOR,NO RESPETAR DERECHO PREFERENTE DE PASO A VEHICULO,0,0,0,0,09:05:00
-73.0461896,-36.8222157,3659,8,REGION BIO BIO,8101,CONCEPCION,OROMPELLO,MAIPU,0,"Maipú & Orompello, Concepción, Bío Bío, Chile",-36.8222157,-73.0461896,1,GEOMETRIC_CENTER,2020,1274241,2020/03/31 00:00:00+00,COLISION PERPENDICULAR,COLISION,URBANA,DESOBEDIENCIA A SEÑALIZACION,SEÑALIZACION DESOBEDECER LUZ ROJA DE SEMAFORO,0,0,0,0,14:20:00
-73.0491727,-36.8273379,3660,8,REGION BIO BIO,8101,CONCEPCION,OHIGGINS,ANIBAL PINTO,0,"Anibal Pinto & Libertador General Bernardo OHiggins, Concepción, Bío Bío, Chile",-36.8273379,-73.0491727,1,GEOMETRIC_CENTER,2020,1274251,2020/03/31 00:00:00+00,ATROPELLO,ATROPELLO,URBANA,IMPRUDENCIA DEL CONDUCTOR,NO RESPETAR DERECHO PREFERENTE DE PASO A PEATON,0,0,1,0,13:15:00
-73.1572423,-37.0884299,3661,8,REGION BIO BIO,8106,LOTA,BANNEN,LA PAZ,0,"P Bannen & La Paz, Lota, Bío Bío, Chile",-37.0884299,-73.1572423,1,GEOMETRIC_CENTER,2020,1274341,2020/03/09 00:00:00+00,CHOQUE FRENTE/POSTERIOR,CHOQUE,URBANA,IMPRUDENCIA DEL CONDUCTOR,CONDUCCION NO ATENTO CONDICIONES TRANSITO MOMENTO,0,0,1,1,13:25:00
-73.1520412,-37.0921752,3662,8,REGION BIO BIO,8106,LOTA,FERNANDO MAIRA,RENE SCHNEIDER,0,"René Schneider, Lota, Bío Bío, Chile",-37.0921752,-73.1520412,1,GEOMETRIC_CENTER,2020,1274345,2020/03/10 00:00:00+00,COLISION LATERAL,COLISION,URBANA,IMPRUDENCIA DEL CONDUCTOR,CONDUCCION NO ATENTO CONDICIONES TRANSITO MOMENTO,0,0,0,2,10:30:00
-72.3457976,-37.457776,3663,8,REGION BIO BIO,8301,LOS ANGELES,VILLAGRAN,EDISON,0,"Calle Edison & Villagrán, Los Angeles, Los Ángeles, Bío Bío, Chile",-37.457776,-72.3457976,1,GEOMETRIC_CENTER,2020,1274358,2020/04/01 00:00:00+00,ATROPELLO,ATROPELLO,URBANA,IMPRUDENCIA DEL PEATON,PEATON CRUZA CALZADA FUERA PASO PEATONES,1,0,0,0,21:43:00
-72.4049223,-37.0353734,3664,8,REGION BIO BIO,8303,CABRERO,MANUEL PALACIOS,MEMBRILLAR,0,"Membrillar & Manuel Palacios, Cabrero, Bío Bío, Chile",-37.0353734,-72.4049223,1,GEOMETRIC_CENTER,2020,1274360,2020/03/14 00:00:00+00,COLISION LATERAL,COLISION,URBANA,DESOBEDIENCIA A SEÑALIZACION,SEÑALIZACION DESOBEDECER SEÑAL PARE,0,0,0,1,18:45:00
-72.52161,-37.3678721,3665,8,REGION BIO BIO,8304,LAJA,SANTA ELENA, ,1567,"Santa Elena, Laja, Bío Bío, Chile",-37.3678721,-72.52161,1,APPROXIMATE,2020,1274363,2020/03/15 00:00:00+00,ATROPELLO,ATROPELLO,URBANA,IMPRUDENCIA DEL CONDUCTOR,CONDUCCION NO ATENTO CONDICIONES TRANSITO MOMENTO,0,0,1,0,20:40:00
-73.1440238,-36.8475097,3666,8,REGION BIO BIO,8108,SAN PEDRO DE LA PAZ,CAUPOLICAN, ,1070,"Caupolicán 1070, San Pedro de la Paz, Región Metropolitana, Chile",-36.8475097,-73.1440238,1,ROOFTOP,2020,1274494,2020/03/27 00:00:00+00,COLISION LATERAL,COLISION,URBANA,IMPRUDENCIA DEL CONDUCTOR,CONDUCCION NO ATENTO CONDICIONES TRANSITO MOMENTO,0,0,0,1,15:50:00
-73.148813,-37.0789723,3667,8,REGION BIO BIO,8106,LOTA,DIEGO PORTALES,FERNANDO MAIRA,0,"Diego Portales, Lota, Bío Bío, Chile",-37.0789723,-73.148813,1,GEOMETRIC_CENTER,2020,1274496,2020/03/13 00:00:00+00,COLISION LATERAL,COLISION,URBANA,DESOBEDIENCIA A SEÑALIZACION,SEÑALIZACION DESOBEDECER SEÑAL PARE,0,0,0,0,17:00:00
-73.1656153,-37.0824419,3668,8,REGION BIO BIO,8106,LOTA,LIBERTAD,UNO PONIENTE,0,"Uno Poniente & Libertad, Lota, Bío Bío, Chile",-37.0824419,-73.1656153,1,GEOMETRIC_CENTER,2020,1274516,2020/03/14 00:00:00+00,COLISION FRONTAL,COLISION,URBANA,PERDIDA CONTROL VEHICULO,PERDIDA CONTROL VEHICULO,0,0,1,1,14:45:00
-73.1544993,-37.0939576,3669,8,REGION BIO BIO,8106,LOTA,SERRANO, ,335,"Serrano 335, Lota, Bío Bío, Chile",-37.0939576,-73.1544993,1,RANGE_INTERPOLATED,2020,1274521,2020/03/16 00:00:00+00,CHOQUE FRENTE/LADO,CHOQUE,URBANA,OTRAS CAUSAS,OTRAS CAUSAS,0,0,0,0,14:30:00
-73.1550828,-37.091585,3670,8,REGION BIO BIO,8106,LOTA,ANIBAL PINTO,CARRERA,0,"Aníbal Pinto & Carrera, Lota, Bío Bío, Chile",-37.091585,-73.1550828,1,GEOMETRIC_CENTER,2020,1274524,2020/03/17 00:00:00+00,ATROPELLO,ATROPELLO,URBANA,IMPRUDENCIA DEL CONDUCTOR,NO RESPETAR DERECHO PREFERENTE DE PASO A PEATON,0,0,0,1,09:25:00
-73.1018548,-36.7883621,3671,8,REGION BIO BIO,8112,HUALPEN,ALEMANIA,LAS PALMAS,0,"Las Palmas & Alemania, Hualpén, Bío Bío, Chile",-36.7883621,-73.1018548,1,GEOMETRIC_CENTER,2020,1274629,2020/03/29 00:00:00+00,COLISION,COLISION,URBANA,IMPRUDENCIA DEL CONDUCTOR,CONDUCCION NO ATENTO CONDICIONES TRANSITO MOMENTO,0,0,0,0,08:30:00
-72.5271986,-37.5838377,3672,8,REGION BIO BIO,8307,NEGRETE,NESTOR DEL RIO,EMILIO SERRANO,0,"Néstor del Río & Emilio Serrano, Negrete, Bío Bío, Chile",-37.5838377,-72.5271986,1,GEOMETRIC_CENTER,2020,1274649,2020/03/09 00:00:00+00,COLISION,COLISION,URBANA,IMPRUDENCIA DEL CONDUCTOR,CONDUCCION NO ATENTO CONDICIONES TRANSITO MOMENTO,0,0,0,3,20:10:00
-71.9418524,-37.2455361,3673,8,REGION BIO BIO,8312,TUCAPEL,RUCAMANQUI,SANTA ANA,0,"Tucapel, Bío Bío, Chile",-37.2455361,-71.9418524,1,GEOMETRIC_CENTER,2020,1274820,2020/03/17 00:00:00+00,COLISION LATERAL,COLISION,URBANA,IMPRUDENCIA DEL CONDUCTOR,CONDUCCION NO ATENTO CONDICIONES TRANSITO MOMENTO,0,0,0,1,08:20:00
-72.3523371,-37.4691338,3674,8,REGION BIO BIO,8301,LOS ANGELES,COLO COLO,VALDIVIA,0,"Valdivia & Colo Colo, Los Angeles, Los Ángeles, Bío Bío, Chile",-37.4691338,-72.3523371,1,GEOMETRIC_CENTER,2020,1274703,2020/03/14 00:00:00+00,COLISION LATERAL,COLISION,URBANA,CAUSAS NO DETERMINADAS,CAUSAS NO DETERMINADAS,0,0,0,1,08:20:00
-73.0481999,-36.813999,3675,8,REGION BIO BIO,8101,CONCEPCION,PAICAVI,MANUEL RODRIGUEZ,0,"Manuel Rodríguez & Paicaví, Concepción, Bío Bío, Chile",-36.813999,-73.0481999,1,GEOMETRIC_CENTER,2020,1274704,2020/03/09 00:00:00+00,COLISION LATERAL,COLISION,URBANA,IMPRUDENCIA DEL CONDUCTOR,VIRAJES INDEBIDOS,0,0,0,0,23:00:00
-73.0298645,-36.81312,3676,8,REGION BIO BIO,8101,CONCEPCION,IRRARAZABAL,PERELLO PUIG,0,"Irarrazaval - Perello Puig, Concepción, Bío Bío, Chile",-36.81312,-73.0298645,1,GEOMETRIC_CENTER,2020,1320090,2020/12/22 00:00:00+00,ATROPELLO,ATROPELLO,URBANA,IMPRUDENCIA DEL CONDUCTOR,CONDUCCION NO ATENTO CONDICIONES TRANSITO MOMENTO,0,0,0,1,09:10:00
-73.0599109,-36.7985462,3677,8,REGION BIO BIO,8101,CONCEPCION,PAICAVI,ALONSO DE RIVERA,0,"Avenida Alonso de Ribera & Paicaví, Concepción, Bío Bío, Chile",-36.7985462,-73.0599109,1,GEOMETRIC_CENTER,2020,1274706,2020/03/17 00:00:00+00,COLISION POR ALCANCE,COLISION,URBANA,IMPRUDENCIA DEL CONDUCTOR,CONDUCCION NO ATENTO CONDICIONES TRANSITO MOMENTO,0,0,0,0,10:15:00
-73.0499945,-36.8237961,3678,8,REGION BIO BIO,8101,CONCEPCION,MAIPU,COLO COLO,0,"Colo Colo & Maipú, Concepción, Bío Bío, Chile",-36.8237961,-73.0499945,1,GEOMETRIC_CENTER,2020,1274707,2020/03/19 00:00:00+00,COLISION POR ALCANCE,COLISION,URBANA,IMPRUDENCIA DEL CONDUCTOR,CONDUCCION CAMBIAR SORPRESIVAMENTE PISTA CIRCULACION,0,0,0,0,08:30:00
-73.0548885,-36.824342,3679,8,REGION BIO BIO,8101,CONCEPCION,LOS CARRERA, ,465,"Av. los Carrera 465, Concepción, Bío Bío, Chile",-36.824342,-73.0548885,1,ROOFTOP,2020,1274714,2020/03/21 00:00:00+00,CHOQUE LADO/LADO,CHOQUE,URBANA,IMPRUDENCIA DEL CONDUCTOR,CONDUCCION NO ATENTO CONDICIONES TRANSITO MOMENTO,0,0,0,1,11:15:00
-73.0608019,-36.8269433,3680,8,REGION BIO BIO,8101,CONCEPCION,ARTURO PRAT,LOS CARRERA,0,"Avenida los Carrera & Arturo Prat, Concepción, Bío Bío, Chile",-36.8269433,-73.0608019,1,GEOMETRIC_CENTER,2020,1274715,2020/03/21 00:00:00+00,COLISION LATERAL,COLISION,URBANA,DESOBEDIENCIA A SEÑALIZACION,SEÑALIZACION DESOBEDECER LUZ ROJA DE SEMAFORO,0,0,0,1,21:15:00
-73.0625486,-36.7953389,3681,8,REGION BIO BIO,8101,CONCEPCION,PAICAVI, ,3280,"Paicaví 3280, Concepción, Bío Bío, Chile",-36.7953389,-73.0625486,1,ROOFTOP,2020,1274720,2020/03/11 00:00:00+00,ATROPELLO,ATROPELLO,URBANA,IMPRUDENCIA DEL CONDUCTOR,CONDUCCION NO ATENTO CONDICIONES TRANSITO MOMENTO,0,1,0,0,08:00:00
-73.0430233,-36.8022744,3682,8,REGION BIO BIO,8101,CONCEPCION,PRINCIPAL,CALLE 7,0,"C. Siete, Concepción, Bío Bío, Chile",-36.8022744,-73.0430233,1,GEOMETRIC_CENTER,2020,1274722,2020/03/13 00:00:00+00,CHOQUE POSTERIOR/FRENTE,CHOQUE,URBANA,IMPRUDENCIA DEL CONDUCTOR,CONDUCCION SIN MANTENER DISTANCIA RAZONABLE NI PRUDENTE,0,1,0,0,19:00:00
-73.0584474,-36.815516,3683,8,REGION BIO BIO,8101,CONCEPCION,ARGENTINA,CAUPOLICAN,0,"Argentina & Caupolicán, Concepción, Bío Bío, Chile",-36.815516,-73.0584474,1,GEOMETRIC_CENTER,2020,1274733,2020/03/14 00:00:00+00,CHOQUE FRENTE/LADO,CHOQUE,URBANA,IMPRUDENCIA DEL CONDUCTOR,CONDUCCION SIN MANTENER DISTANCIA RAZONABLE NI PRUDENTE,0,0,0,0,03:20:00
-73.0461086,-36.8063284,3684,8,REGION BIO BIO,8101,CONCEPCION,LIENTUR, ,1870,"Lientur 1870, Concepción, Bío Bío, Chile",-36.8063284,-73.0461086,1,RANGE_INTERPOLATED,2020,1274742,2020/03/02 00:00:00+00,CHOQUE LADO/POSTERIOR,CHOQUE,URBANA,CAUSAS NO DETERMINADAS,CAUSAS NO DETERMINADAS,0,0,0,0,04:05:00
-73.0342393,-36.9299059,3685,8,REGION BIO BIO,8103,CHIGUAYANTE,JORGE MONTT,VALENZUELA,0,"Chiguayante, Bío Bío, Chile",-36.9299059,-73.0342393,1,GEOMETRIC_CENTER,2020,1274743,2020/03/12 00:00:00+00,COLISION LATERAL,COLISION,URBANA,IMPRUDENCIA DEL CONDUCTOR,CONDUCCION NO ATENTO CONDICIONES TRANSITO MOMENTO,0,0,0,0,20:30:00
-73.0356142,-36.8107117,3686,8,REGION BIO BIO,8101,CONCEPCION,CAMILO HENRIQUEZ,PRIETO,0,"Camilo Henríquez & Prieto, Concepción, Bío Bío, Chile",-36.8107117,-73.0356142,1,GEOMETRIC_CENTER,2020,1274757,2020/03/13 00:00:00+00,COLISION POR ALCANCE,COLISION,URBANA,IMPRUDENCIA DEL CONDUCTOR,CONDUCCION SIN MANTENER DISTANCIA RAZONABLE NI PRUDENTE,0,0,0,0,11:40:00
-73.0296624,-36.8109977,3687,8,REGION BIO BIO,8101,CONCEPCION,LORENZO ARENAS,JUAN JOSE MANZANO,0,"Juan José Manzano & Lorenzo Arenas, Concepción, Bío Bío, Chile",-36.8109977,-73.0296624,1,GEOMETRIC_CENTER,2020,1274759,2020/03/13 00:00:00+00,COLISION PERPENDICULAR,COLISION,URBANA,DESOBEDIENCIA A SEÑALIZACION,SEÑALIZACION DESOBEDECER SEÑAL CEDA EL PASO,0,0,0,1,13:00:00
-73.0423698,-36.8205879,3688,8,REGION BIO BIO,8101,CONCEPCION,MAIPU,JANEQUEO,0,"Janequeo & Maipú, Concepción, Bío Bío, Chile",-36.8205879,-73.0423698,1,GEOMETRIC_CENTER,2020,1274765,2020/04/02 00:00:00+00,COLISION PERPENDICULAR,COLISION,URBANA,IMPRUDENCIA DEL CONDUCTOR,CONDUCCION NO ATENTO CONDICIONES TRANSITO MOMENTO,0,0,0,1,18:30:00
-72.406285,-37.036286,3689,8,REGION BIO BIO,8303,CABRERO,LOS GUINDOS,LAS VIOLETAS,0,"Cabrero, Cabrero, Bío Bío, Chile",-37.036286,-72.406285,1,GEOMETRIC_CENTER,2020,1274943,2020/03/17 00:00:00+00,COLISION LATERAL,COLISION,URBANA,DESOBEDIENCIA A SEÑALIZACION,SEÑALIZACION DESOBEDECER SEÑAL PARE,0,0,0,1,20:10:00
-73.0853744,-36.8392998,3690,8,REGION BIO BIO,8108,SAN PEDRO DE LA PAZ,PEDRO AGUIRRE CERDA,SAN PEDRO,0,"San Pedro & Pedro Aguirre Cerda, San Pedro de la Paz, Bío Bío, Chile",-36.8392998,-73.0853744,1,GEOMETRIC_CENTER,2020,1274768,2020/04/03 00:00:00+00,CHOQUE POSTERIOR,CHOQUE,URBANA,IMPRUDENCIA DEL CONDUCTOR,CONDUCCION SIN MANTENER DISTANCIA RAZONABLE NI PRUDENTE,0,0,0,0,11:30:00
-73.0461896,-36.8222157,3691,8,REGION BIO BIO,8101,CONCEPCION,MAIPU,OROMPELLO,0,"Maipú & Orompello, Concepción, Bío Bío, Chile",-36.8222157,-73.0461896,1,GEOMETRIC_CENTER,2020,1274772,2020/04/03 00:00:00+00,COLISION PERPENDICULAR,COLISION,URBANA,IMPRUDENCIA DEL CONDUCTOR,CONDUCCION NO ATENTO CONDICIONES TRANSITO MOMENTO,0,0,0,2,08:50:00
-73.0543203,-36.8268513,3692,8,REGION BIO BIO,8101,CONCEPCION,LINCOYAN,FREIRE,0,"Freire & Lincoyán, Concepción, Bío Bío, Chile",-36.8268513,-73.0543203,1,GEOMETRIC_CENTER,2020,1274777,2020/04/03 00:00:00+00,COLISION PERPENDICULAR,COLISION,URBANA,IMPRUDENCIA DEL CONDUCTOR,CONDUCCION NO ATENTO CONDICIONES TRANSITO MOMENTO,0,0,0,2,07:20:00
-72.3499698,-37.4766158,3693,8,REGION BIO BIO,8301,LOS ANGELES,FREIRE, ,379,"Freire 379, Los Angeles, Los Ángeles, Bío Bío, Chile",-37.4766158,-72.3499698,1,ROOFTOP,2020,1294060,2020/07/23 00:00:00+00,CHOQUE POSTERIOR/FRENTE,CHOQUE,URBANA,IMPRUDENCIA DEL CONDUCTOR,CONDUCCION NO ATENTO CONDICIONES TRANSITO MOMENTO,0,0,0,0,12:55:00
-72.3852212,-37.4655858,3694,8,REGION BIO BIO,8301,LOS ANGELES,AURELIO VALENZUELA,LUZ ALCAZAR,0,"Prof.ª Luz Alcazar & Prof. Aurelio Valenzuela, Los Ángeles, Bío Bío, Chile",-37.4655858,-72.3852212,1,GEOMETRIC_CENTER,2020,1274792,2020/03/14 00:00:00+00,COLISION LATERAL,COLISION,URBANA,IMPRUDENCIA DEL CONDUCTOR,CONDUCCION NO ATENTO CONDICIONES TRANSITO MOMENTO,0,0,0,0,21:10:00
-72.3460207,-37.4553992,3695,8,REGION BIO BIO,8301,LOS ANGELES,GUACOLDA,ESMERALDA,0,"Esmeralda & Guacolda, Los Angeles, Los Ángeles, Bío Bío, Chile",-37.4553992,-72.3460207,1,GEOMETRIC_CENTER,2020,1274855,2020/03/20 00:00:00+00,COLISION FRONTAL,COLISION,URBANA,DESOBEDIENCIA A SEÑALIZACION,SEÑALIZACION DESOBEDECER SEÑAL PARE,0,0,0,1,09:30:00
-73.0433714,-36.819366,3696,8,REGION BIO BIO,8101,CONCEPCION,JANEQUEO, ,829,"Janequeo 829, Concepción, Bío Bío, Chile",-36.819366,-73.0433714,1,RANGE_INTERPOLATED,2020,1274865,2020/03/13 00:00:00+00,CHOQUE FRENTE/POSTERIOR,CHOQUE,URBANA,IMPRUDENCIA DEL CONDUCTOR,CONDUCCION NO ATENTO CONDICIONES TRANSITO MOMENTO,0,0,0,0,05:00:00
-73.0337898,-36.800555,3697,8,REGION BIO BIO,8101,CONCEPCION,PRINCIPAL,PASAJE 5,0,"Pasaje Cinco & Principal, Concepción, Bío Bío, Chile",-36.800555,-73.0337898,1,GEOMETRIC_CENTER,2020,1274866,2020/03/12 00:00:00+00,ATROPELLO,ATROPELLO,URBANA,IMPRUDENCIA DEL PEATON,PEATON CRUZA CALZADA FORMA SORPRESIVA O DESCUIDADA,0,0,0,1,18:50:00
-73.0236578,-36.9262295,3698,8,REGION BIO BIO,8103,CHIGUAYANTE,21 DE MAYO,PEDRO DE OÑA,0,"Pedro Medina & 21 de Mayo, Chiguayante, Bío Bío, Chile",-36.9262295,-73.0236578,1,GEOMETRIC_CENTER,2020,1274877,2020/03/11 00:00:00+00,COLISION PERPENDICULAR,COLISION,URBANA,DESOBEDIENCIA A SEÑALIZACION,SEÑALIZACION DESOBEDECER LUZ ROJA DE SEMAFORO,0,0,0,0,19:52:00
-73.0448855,-36.8268039,3699,8,REGION BIO BIO,8101,CONCEPCION,TUCAPEL,SAN MARTIN,0,"Tucapel & San Martín, Concepción, Bío Bío, Chile",-36.8268039,-73.0448855,1,GEOMETRIC_CENTER,2020,1275101,2020/04/06 00:00:00+00,COLISION PERPENDICULAR,COLISION,URBANA,DESOBEDIENCIA A SEÑALIZACION,SEÑALIZACION DESOBEDECER SEÑAL PARE,0,0,0,4,10:00:00
-72.3482173,-37.4639344,3700,8,REGION BIO BIO,8301,LOS ANGELES,VILLAGRAN,GALVARINO,0,"Villagrán & Galvarino, Los Angeles, Los Ángeles, Bío Bío, Chile",-37.4639344,-72.3482173,1,GEOMETRIC_CENTER,2020,1275152,2020/03/18 00:00:00+00,COLISION,COLISION,URBANA,IMPRUDENCIA DEL CONDUCTOR,CONDUCCION NO ATENTO CONDICIONES TRANSITO MOMENTO,0,0,0,0,16:35:00
-72.2181535,-37.485096,3701,8,REGION BIO BIO,8301,LOS ANGELES,LAS INDUSTRIAS,CRUCE EL PERAL,0,"Km 12. El - Camino Al Peral, Los Angeles, Los Ángeles, Bío Bío, Chile",-37.485096,-72.2181535,1,GEOMETRIC_CENTER,2020,1275198,2020/03/19 00:00:00+00,COLISION LATERAL,COLISION,URBANA,IMPRUDENCIA DEL CONDUCTOR,ADELANTAMIENTO SIN EL ESPACIO O TIEMPO SUFICIENTE,0,0,0,0,15:20:00
-72.3495324,-37.4514328,3702,8,REGION BIO BIO,8301,LOS ANGELES,EL BOSQUE, ,712,"El Bosque 712, Los Ángeles, Bío Bío, Chile",-37.4514328,-72.3495324,1,RANGE_INTERPOLATED,2020,1275204,2020/03/20 00:00:00+00,CHOQUE POSTERIOR/FRENTE,CHOQUE,URBANA,IMPRUDENCIA DEL CONDUCTOR,CONDUCCION NO ATENTO CONDICIONES TRANSITO MOMENTO,0,0,0,0,13:40:00
-72.3676731,-37.4607747,3703,8,REGION BIO BIO,8301,LOS ANGELES,LAS AZALEAS,OROMPELLO,0,"Orompello & Las Azaleas, Los Angeles, Los Ángeles, Bío Bío, Chile",-37.4607747,-72.3676731,1,GEOMETRIC_CENTER,2020,1275208,2020/03/21 00:00:00+00,CHOQUE FRENTE/POSTERIOR,CHOQUE,URBANA,IMPRUDENCIA DEL CONDUCTOR,CONDUCCION NO ATENTO CONDICIONES TRANSITO MOMENTO,0,0,0,0,11:45:00
-72.3490321,-37.4604933,3704,8,REGION BIO BIO,8301,LOS ANGELES,ALMAGRO,OROMPELLO,0,"Orompello & Almagro, Los Angeles, Los Ángeles, Bío Bío, Chile",-37.4604933,-72.3490321,1,GEOMETRIC_CENTER,2020,1275240,2020/03/22 00:00:00+00,COLISION LATERAL,COLISION,URBANA,IMPRUDENCIA DEL CONDUCTOR,CONDUCCION NO ATENTO CONDICIONES TRANSITO MOMENTO,0,0,0,0,21:45:00
-72.3533833,-37.4811936,3705,8,REGION BIO BIO,8301,LOS ANGELES,VICUÑA MACKENNA,SAN MARTIN,0,"San Martín & Avenida Vicuña Mackenna, Los Angeles, Los Ángeles, Bío Bío, Chile",-37.4811936,-72.3533833,1,GEOMETRIC_CENTER,2020,1275244,2020/03/23 00:00:00+00,COLISION LATERAL,COLISION,URBANA,DESOBEDIENCIA A SEÑALIZACION,SEÑALIZACION DESOBEDECER SEÑAL CEDA EL PASO,0,0,0,1,13:30:00
-72.9573035,-36.6206187,3706,8,REGION BIO BIO,8111,TOME,LATORRE,BRASIL,0,"Brasil & A Latorre, Tome, Tomé, Bío Bío, Chile",-36.6206187,-72.9573035,1,GEOMETRIC_CENTER,2020,1275262,2020/04/06 00:00:00+00,COLISION LATERAL,COLISION,URBANA,IMPRUDENCIA DEL CONDUCTOR,ADELANTAMIENTO SIN EL ESPACIO O TIEMPO SUFICIENTE,0,0,0,0,18:30:00
-73.1175786,-36.7242122,3707,8,REGION BIO BIO,8110,TALCAHUANO,VALDIVIA, ,1007,"Valdivia, Talcahuano, Bío Bío, Chile",-36.7242122,-73.1175786,1,GEOMETRIC_CENTER,2020,1275298,2020/04/02 00:00:00+00,COLISION LATERAL,COLISION,URBANA,IMPRUDENCIA DEL CONDUCTOR,ADELANTAMIENTO SIN EL ESPACIO O TIEMPO SUFICIENTE,0,0,0,0,11:25:00
-73.1093965,-36.7162011,3708,8,REGION BIO BIO,8110,TALCAHUANO,BLANCO ENCALADA, ,720,"Blanco Encalada 720, Talcahuano, Bío Bío, Chile",-36.7162011,-73.1093965,1,ROOFTOP,2020,1275383,2020/04/03 00:00:00+00,COLISION POR ALCANCE,COLISION,URBANA,IMPRUDENCIA DEL CONDUCTOR,CONDUCCION SIN MANTENER DISTANCIA RAZONABLE NI PRUDENTE,0,0,0,0,18:50:00
-73.1188091,-36.8302672,3709,8,REGION BIO BIO,8108,SAN PEDRO DE LA PAZ,LAS TORRES, ,145,"Las Torres 145, San Pedro de la Paz, Región Metropolitana, Chile",-36.8302672,-73.1188091,1,RANGE_INTERPOLATED,2020,1275405,2020/04/03 00:00:00+00,VOLCADURA,VOLCADURA,URBANA,ALCOHOL EN CONDUCTOR,CONDUCCION BAJO LA INFLUENCIA DEL ALCOHOL,1,0,0,0,21:42:00
-73.0525241,-36.8437174,3710,8,REGION BIO BIO,8101,CONCEPCION,PEDRO DE VALDIVIA, ,801,"Av. Pedro de Valdivia 801, Concepción, Bío Bío, Chile",-36.8437174,-73.0525241,1,ROOFTOP,2020,1275441,2020/04/07 00:00:00+00,CHOQUE POSTERIOR,CHOQUE,URBANA,IMPRUDENCIA DEL CONDUCTOR,CONDUCCION SIN MANTENER DISTANCIA RAZONABLE NI PRUDENTE,0,0,0,0,13:31:00
-73.0468096,-36.8237537,3711,8,REGION BIO BIO,8101,CONCEPCION,FREIRE,TUCAPEL,0,"Tucapel & Freire, Concepción, Bío Bío, Chile",-36.8237537,-73.0468096,1,GEOMETRIC_CENTER,2020,1275444,2020/04/07 00:00:00+00,COLISION PERPENDICULAR,COLISION,URBANA,IMPRUDENCIA DEL CONDUCTOR,CONDUCCION NO ATENTO CONDICIONES TRANSITO MOMENTO,0,0,0,0,12:35:00