X,Y,FID,COD_REG,REGION,CUT,COMUNA,CALLE_UNO,CALLE_DOS,NUMERO,DIR_GEOCOD,LAT,LNG,VAL_COM,TIPO,Año,Idaccident,Fecha,Tipo_Accid,Tipo__CONA,Zona,Causa__CON,Causa,Fallecidos,Graves,Menos_Grav,Leves,Hora
-72.3591472,-37.4720441,3712,8,REGION BIO BIO,8301,LOS ANGELES,RICARDO VICUÑA,JOSE MIGUEL INFANTE,0,"Av. Ricardo Vicuña & Jose Miguel Infante, Los Angeles, Los Ángeles, Bío Bío, Chile",-37.4720441,-72.3591472,1,GEOMETRIC_CENTER,2020,1275494,2020/03/24 00:00:00+00,CHOQUE POSTERIOR/POSTERIOR,CHOQUE,URBANA,ALCOHOL EN CONDUCTOR,CONDUCCION EN ESTADO DE EBRIEDAD,0,0,0,1,17:25:00
-72.3538312,-37.4701298,3713,8,REGION BIO BIO,8301,LOS ANGELES,LAUTARO,MENDOZA,0,"Mendoza & Lautaro, Los Angeles, Los Ángeles, Bío Bío, Chile",-37.4701298,-72.3538312,1,GEOMETRIC_CENTER,2020,1275497,2020/03/25 00:00:00+00,COLISION,COLISION,URBANA,IMPRUDENCIA DEL CONDUCTOR,CONDUCCION NO ATENTO CONDICIONES TRANSITO MOMENTO,0,1,0,0,15:45:00
-72.3265829,-37.4573872,3714,8,REGION BIO BIO,8301,LOS ANGELES,LAS INDUSTRIAS, ,404,"Av Las Industrias 404, Los Ángeles, Bío Bío, Chile",-37.4573872,-72.3265829,1,RANGE_INTERPOLATED,2020,1275500,2020/03/25 00:00:00+00,CHOQUE POSTERIOR,CHOQUE,RURAL,IMPRUDENCIA DEL CONDUCTOR,CONDUCCION NO ATENTO CONDICIONES TRANSITO MOMENTO,0,0,0,1,10:30:00
-72.3271477,-37.441101,3715,8,REGION BIO BIO,8301,LOS ANGELES,SOR VICENTA,LAS INDUSTRIAS,0,"Av. Sor Vicenta & Av Las Industrias, Los Ángeles, Bío Bío, Chile",-37.441101,-72.3271477,1,GEOMETRIC_CENTER,2020,1275502,2020/03/27 00:00:00+00,CHOQUE FRONTAL,CHOQUE,URBANA,ALCOHOL EN CONDUCTOR,CONDUCCION EN ESTADO DE EBRIEDAD,0,0,0,0,00:30:00
-73.1620548,-37.0022994,3716,8,REGION BIO BIO,8102,CORONEL,JUAN ANTONIO RIOS,CARLOS PRATS,0,"Juan Antonio Ríos & Avenida General Carlos Prats, Coronel, Bío Bío, Chile",-37.0022994,-73.1620548,1,GEOMETRIC_CENTER,2020,1275534,2020/03/14 00:00:00+00,COLISION,COLISION,URBANA,IMPRUDENCIA DEL CONDUCTOR,CONDUCCION NO ATENTO CONDICIONES TRANSITO MOMENTO,0,0,0,0,12:25:00
-72.3585383,-37.4801392,3717,8,REGION BIO BIO,8301,LOS ANGELES,VICUÑA MACKENNA, ,753,"Av. Vicuña Mackenna 753, Los Angeles, Los Ángeles, Bío Bío, Chile",-37.4801392,-72.3585383,1,RANGE_INTERPOLATED,2020,1275616,2020/03/29 00:00:00+00,ATROPELLO,ATROPELLO,URBANA,ALCOHOL EN PEATON,EBRIEDAD DEL PEATON,0,0,0,2,19:30:00
-72.3814665,-37.4597941,3718,8,REGION BIO BIO,8301,LOS ANGELES,EL BOLSON, ,1457,"El Bolson 1457, Los Ángeles, Bío Bío, Chile",-37.4597941,-72.3814665,1,RANGE_INTERPOLATED,2020,1275631,2020/03/30 00:00:00+00,CHOQUE FRENTE/POSTERIOR,CHOQUE,URBANA,IMPRUDENCIA DEL CONDUCTOR,CONDUCCION NO ATENTO CONDICIONES TRANSITO MOMENTO,0,0,0,0,12:00:00
-72.3429993,-37.4591708,3719,8,REGION BIO BIO,8301,LOS ANGELES,ALMTE LATORRE,VOLTA,0,"Avenida Almirante Latorre & Volta, Los Angeles, Los Ángeles, Bío Bío, Chile",-37.4591708,-72.3429993,1,GEOMETRIC_CENTER,2020,1275639,2020/03/30 00:00:00+00,COLISION LATERAL,COLISION,URBANA,ALCOHOL EN CONDUCTOR,CONDUCCION EN ESTADO DE EBRIEDAD,0,0,0,1,13:40:00
-73.140592,-36.7096786,3720,8,REGION BIO BIO,8110,TALCAHUANO,BAHIA SAN VICENTE, ,1506,"Bahía San Vicente 1506, Talcahuano, Bío Bío, Chile",-36.7096786,-73.140592,1,RANGE_INTERPOLATED,2020,1275711,2020/04/08 00:00:00+00,CHOQUE FRONTAL,CHOQUE,URBANA,ALCOHOL EN CONDUCTOR,CONDUCCION EN ESTADO DE EBRIEDAD,0,0,0,0,22:00:00
-73.107437,-36.7335721,3721,8,REGION BIO BIO,8110,TALCAHUANO,CRISTOABL COLON, ,2400,"Colón 2400, Talcahuano, Bío Bío, Chile",-36.7335721,-73.107437,1,ROOFTOP,2020,1275792,2020/04/12 00:00:00+00,COLISION LATERAL,COLISION,URBANA,DESOBEDIENCIA A SEÑALIZACION,SEÑALIZACION DESOBEDECER LUZ ROJA DE SEMAFORO,0,1,0,0,09:30:00
-72.3321568,-37.4451465,3722,8,REGION BIO BIO,8301,LOS ANGELES,SOR VICENTA,LAGUNA VERDE,0,"Av. Sor Vicenta & C. Laguna Verde, Los Angeles, Los Ángeles, Bío Bío, Chile",-37.4451465,-72.3321568,1,GEOMETRIC_CENTER,2020,1275771,2020/03/31 00:00:00+00,CHOQUE LADO/LADO,CHOQUE,URBANA,FALLAS MECANICAS,FALLAS MECANICAS FRENOS,0,0,0,0,09:33:00
-72.348248,-37.4702825,3723,8,REGION BIO BIO,8301,LOS ANGELES,LAUTARO,VILLAGRAN,0,"Villagrán & Lautaro, Los Angeles, Los Ángeles, Bío Bío, Chile",-37.4702825,-72.348248,1,GEOMETRIC_CENTER,2020,1275793,2020/04/01 00:00:00+00,COLISION,COLISION,URBANA,IMPRUDENCIA DEL CONDUCTOR,CONDUCCION NO ATENTO CONDICIONES TRANSITO MOMENTO,0,0,0,0,10:07:00
-73.0426159,-36.8678995,3724,8,REGION BIO BIO,8103,CHIGUAYANTE,CAMINO A CHIGUAYANTE,BINIMELIS,0,"Camino A Chiguayante & Pascual Binimelis, Concepción, Chiguayante, Bío Bío, Chile",-36.8678995,-73.0426159,1,GEOMETRIC_CENTER,2020,1275834,2020/04/13 00:00:00+00,COLISION PERPENDICULAR,COLISION,URBANA,IMPRUDENCIA DEL CONDUCTOR,NO RESPETAR DERECHO PREFERENTE DE PASO A VEHICULO,2,0,0,0,09:00:00
-72.3495566,-37.4714095,3725,8,REGION BIO BIO,8301,LOS ANGELES,CAUPOLICAN,ALMAGRO,0,"Caupolicán & Almagro, Los Angeles, Los Ángeles, Bío Bío, Chile",-37.4714095,-72.3495566,1,GEOMETRIC_CENTER,2020,1275838,2020/04/03 00:00:00+00,COLISION POR ALCANCE,COLISION,URBANA,IMPRUDENCIA DEL CONDUCTOR,CONDUCCION NO ATENTO CONDICIONES TRANSITO MOMENTO,0,0,0,0,12:25:00
-73.1673476,-36.9852896,3726,8,REGION BIO BIO,8102,CORONEL,LOS DIAGUITAS,VOLCAN VILLARRICA,0,"Volcán Villarrica & Los Diaguitas, Coronel, Bío Bío, Chile",-36.9852896,-73.1673476,1,GEOMETRIC_CENTER,2020,1276047,2020/03/19 00:00:00+00,COLISION,COLISION,URBANA,DESOBEDIENCIA A SEÑALIZACION,SEÑALIZACION DESOBEDECER SEÑAL PARE,0,0,0,1,01:45:00
-72.4062906,-37.0362835,3727,8,REGION BIO BIO,8303,CABRERO,VIAL,ARTURO PRAT,0,"Avenida Vial & Arturo Prat, Cabrero, Bío Bío, Chile",-37.0362835,-72.4062906,1,GEOMETRIC_CENTER,2020,1276088,2020/04/11 00:00:00+00,COLISION LATERAL,COLISION,URBANA,ALCOHOL EN CONDUCTOR,CONDUCCION EN ESTADO DE EBRIEDAD,0,0,0,1,21:48:00
-73.0812875,-36.7630278,3728,8,REGION BIO BIO,8110,TALCAHUANO,JAIME REPULLO, ,758,"Jaime Repullo 758, Talcahuano, Bío Bío, Chile",-36.7630278,-73.0812875,1,ROOFTOP,2020,1276115,2020/04/11 00:00:00+00,COLISION POR ALCANCE,COLISION,URBANA,IMPRUDENCIA DEL CONDUCTOR,CONDUCCION SIN MANTENER DISTANCIA RAZONABLE NI PRUDENTE,0,0,0,1,15:00:00
-73.1177909,-36.729677,3729,8,REGION BIO BIO,8110,TALCAHUANO,LA MARINA,JUAN ANTONIO RIOS,0,"La Marina & Juan Antonio Ríos, Talcahuano, Bío Bío, Chile",-36.729677,-73.1177909,1,GEOMETRIC_CENTER,2020,1276123,2020/04/09 00:00:00+00,COLISION FRONTAL,COLISION,URBANA,VELOCIDAD IMPRUDENTE,VELOCIDAD MAYOR QUE MAXIMA PERMITIDA,0,1,0,1,13:24:00
-72.3464943,-37.4563055,3730,8,REGION BIO BIO,8301,LOS ANGELES,ESMERALDA, ,339,"Esmeralda 339, Los Angeles, Los Ángeles, Bío Bío, Chile",-37.4563055,-72.3464943,1,RANGE_INTERPOLATED,2020,1276168,2020/04/13 00:00:00+00,CHOQUE LADO/POSTERIOR,CHOQUE,URBANA,IMPRUDENCIA DEL CONDUCTOR,CONDUCCION NO ATENTO CONDICIONES TRANSITO MOMENTO,0,0,0,0,09:00:00
-72.327904,-37.484554,3731,8,REGION BIO BIO,8301,LOS ANGELES,FRANCISCO ENCINA, ,1451,"Av. Francisco Encina 1451, Los Ángeles, Bío Bío, Chile",-37.484554,-72.327904,1,RANGE_INTERPOLATED,2020,1276184,2020/04/15 00:00:00+00,COLISION PERPENDICULAR,COLISION,URBANA,IMPRUDENCIA DEL CONDUCTOR,CONDUCCION NO ATENTO CONDICIONES TRANSITO MOMENTO,0,1,0,0,09:40:00
-72.3775302,-37.4701306,3732,8,REGION BIO BIO,8301,LOS ANGELES,PUNTA ARENAS,MAITENCILLO,0,"Punta Arenas & Maitencillo, Los Ángeles, Bío Bío, Chile",-37.4701306,-72.3775302,1,GEOMETRIC_CENTER,2020,1276198,2020/04/15 00:00:00+00,CHOQUE POSTERIOR/LADO,CHOQUE,URBANA,IMPRUDENCIA DEL CONDUCTOR,CONDUCCION NO ATENTO CONDICIONES TRANSITO MOMENTO,0,0,0,0,15:15:00
-73.1653089,-37.0902007,3733,8,REGION BIO BIO,8106,LOTA,EXEQUEL, ,0,"Parque Isidora Cousiño De Lota - Avenida El Parque 21 Lota, Biobío, Lota, Bío Bío, Chile",-37.0902007,-73.1653089,1,GEOMETRIC_CENTER,2020,1276441,2020/04/11 00:00:00+00,COLISION LATERAL,COLISION,URBANA,ALCOHOL EN CONDUCTOR,CONDUCCION EN ESTADO DE EBRIEDAD,0,0,0,0,17:45:00
-73.1526673,-37.0771347,3734,8,REGION BIO BIO,8106,LOTA,VISTA HERMOSA,TEGUALDA,0,"Vista Hermosa 1165, Lota, Bío Bío, Chile",-37.0771347,-73.1526673,1,ROOFTOP,2020,1276444,2020/04/04 00:00:00+00,COLISION POR ALCANCE,COLISION,URBANA,IMPRUDENCIA DEL CONDUCTOR,CONDUCCION SIN MANTENER DISTANCIA RAZONABLE NI PRUDENTE,0,0,0,0,13:20:00
-73.1629938,-37.0883337,3735,8,REGION BIO BIO,8106,LOTA,LOS AVELLANOS,LOS COPIHUES,0,"Los Copihues 200-298, Lota, Bío Bío, Chile",-37.0883337,-73.1629938,1,ROOFTOP,2020,1276445,2020/04/07 00:00:00+00,COLISION POR ALCANCE,COLISION,URBANA,IMPRUDENCIA DEL CONDUCTOR,CONDUCCION NO ATENTO CONDICIONES TRANSITO MOMENTO,0,0,0,0,17:00:00
-72.3699736,-37.4753076,3736,8,REGION BIO BIO,8301,LOS ANGELES,BAQUEDANO,PADRE HURTADO,0,"Baquedano & Avenida Padre Hurtado, Los Angeles, Los Ángeles, Bío Bío, Chile",-37.4753076,-72.3699736,1,GEOMETRIC_CENTER,2020,1276461,2020/04/13 00:00:00+00,COLISION LATERAL,COLISION,URBANA,IMPRUDENCIA DEL CONDUCTOR,CONDUCCION NO ATENTO CONDICIONES TRANSITO MOMENTO,0,0,0,0,17:30:00
-72.347652,-37.472073,3737,8,REGION BIO BIO,8301,LOS ANGELES,JOSE MANSO DE VELASCO, ,158,"José Manso de Velasco 158, Los Angeles, Los Ángeles, Bío Bío, Chile",-37.472073,-72.347652,1,ROOFTOP,2020,1276474,2020/04/16 00:00:00+00,CHOQUE LADO/POSTERIOR,CHOQUE,URBANA,IMPRUDENCIA DEL CONDUCTOR,CONDUCCION NO ATENTO CONDICIONES TRANSITO MOMENTO,0,0,0,0,12:25:00
-72.3591472,-37.4720441,3738,8,REGION BIO BIO,8301,LOS ANGELES,RICARDO VICUÑA,URENDA,0,"Avenida Ricardo Vicuña & Urenda, Los Angeles, Los Ángeles, Bío Bío, Chile",-37.4720441,-72.3591472,1,GEOMETRIC_CENTER,2020,1276486,2020/04/16 00:00:00+00,VOLCADURA,VOLCADURA,URBANA,PERDIDA CONTROL VEHICULO,PERDIDA CONTROL VEHICULO,0,0,1,0,13:00:00
-72.0209651,-37.6701148,3739,8,REGION BIO BIO,8311,SANTA BARBARA,MANUEL RODRIGUEZ,ARTURO PRAT,0,"Manuel Rodriguez & Arturo Prat, Santa Bárbara, Bío Bío, Chile",-37.6701148,-72.0209651,1,GEOMETRIC_CENTER,2020,1276508,2020/04/09 00:00:00+00,CHOQUE,CHOQUE,URBANA,ALCOHOL EN CONDUCTOR,CONDUCCION EN ESTADO DE EBRIEDAD,0,0,0,1,23:50:00
-72.6608044,-37.5052841,3740,8,REGION BIO BIO,8306,NACIMIENTO,ESTACION,CAPITAN VERGARA,0,"Juan Vergara & Avenida Estacion, Nacimiento, Bío Bío, Chile",-37.5052841,-72.6608044,1,GEOMETRIC_CENTER,2020,1276741,2020/04/17 00:00:00+00,COLISION LATERAL,COLISION,URBANA,IMPRUDENCIA DEL CONDUCTOR,CONDUCCION NO ATENTO CONDICIONES TRANSITO MOMENTO,0,0,1,0,19:20:00
-72.9546786,-36.6055676,3741,8,REGION BIO BIO,8111,TOME,VICENTE PALACIOS,ALBERTO VERGARA,0,"Alberto Vergara & Vicente Palacios, Tome, Tomé, Bío Bío, Chile",-36.6055676,-72.9546786,1,GEOMETRIC_CENTER,2020,1276743,2020/04/17 00:00:00+00,CHOQUE FRONTAL,CHOQUE,URBANA,FALLAS MECANICAS,FALLAS MECANICAS FRENOS,0,0,0,0,21:30:00
-73.0639784,-36.8315938,3742,8,REGION BIO BIO,8101,CONCEPCION,ZAÑARTU,CENTRAL NORTE,0,"Av. Zañartu & Central Nte., Concepción, Bío Bío, Chile",-36.8315938,-73.0639784,1,GEOMETRIC_CENTER,2020,1276811,2020/04/08 00:00:00+00,CHOQUE,CHOQUE,URBANA,ALCOHOL EN CONDUCTOR,CONDUCCION EN ESTADO DE EBRIEDAD,0,1,0,0,23:45:00
-73.0344946,-36.8058123,3743,8,REGION BIO BIO,8101,CONCEPCION,PASAJE DOS, ,644,"Pje. Dos 644, Concepción, Bío Bío, Chile",-36.8058123,-73.0344946,1,RANGE_INTERPOLATED,2020,1276823,2020/04/11 00:00:00+00,CHOQUE,CHOQUE,URBANA,IMPRUDENCIA DEL CONDUCTOR,CONDUCCION NO ATENTO CONDICIONES TRANSITO MOMENTO,0,0,0,0,15:00:00
-73.0461365,-36.8297557,3744,8,REGION BIO BIO,8101,CONCEPCION,COLO COLO,CHACABUCO,0,"Avenida Chacabuco & Colo Colo, Concepción, Bío Bío, Chile",-36.8297557,-73.0461365,1,GEOMETRIC_CENTER,2020,1276834,2020/04/13 00:00:00+00,COLISION PERPENDICULAR,COLISION,URBANA,DESOBEDIENCIA A SEÑALIZACION,SEÑALIZACION DESOBEDECER LUZ ROJA DE SEMAFORO,0,0,0,0,12:15:00
-73.0416703,-36.8241957,3745,8,REGION BIO BIO,8101,CONCEPCION,OHIGGINS,PAICAVI,0,"Paicaví & Libertador General Bernardo OHiggins, Concepción, Bío Bío, Chile",-36.8241957,-73.0416703,1,GEOMETRIC_CENTER,2020,1276860,2020/04/14 00:00:00+00,COLISION PERPENDICULAR,COLISION,URBANA,IMPRUDENCIA DEL CONDUCTOR,CONDUCCION NO ATENTO CONDICIONES TRANSITO MOMENTO,0,0,0,2,10:15:00
-73.114468,-36.7701205,3746,8,REGION BIO BIO,8110,TALCAHUANO,GRAN BRETAÑA, ,5061,"Gran Bretaña 5061, Talcahuano, Bío Bío, Chile",-36.7701205,-73.114468,1,ROOFTOP,2020,1276895,2020/04/14 00:00:00+00,COLISION POR ALCANCE,COLISION,URBANA,IMPRUDENCIA DEL CONDUCTOR,ADELANTAMIENTO SIN EL ESPACIO O TIEMPO SUFICIENTE,0,0,0,1,07:45:00
-73.0867468,-36.7947866,3747,8,REGION BIO BIO,8112,HUALPEN,CRISTOBAL COLON,CAÑETE,0,"Avenida Cristóbal Colón & Cañete, Hualpén, Bío Bío, Chile",-36.7947866,-73.0867468,1,GEOMETRIC_CENTER,2020,1276899,2020/04/19 00:00:00+00,COLISION,COLISION,URBANA,ALCOHOL EN CONDUCTOR,CONDUCCION EN ESTADO DE EBRIEDAD,0,1,0,21,01:50:00
-73.0539656,-36.8272004,3748,8,REGION BIO BIO,8101,CONCEPCION,LINCOYAN, ,564,"Lincoyán 564, Concepción, Bío Bío, Chile",-36.8272004,-73.0539656,1,ROOFTOP,2020,1276946,2020/04/16 00:00:00+00,CHOQUE,CHOQUE,URBANA,IMPRUDENCIA DEL CONDUCTOR,CONDUCCION NO ATENTO CONDICIONES TRANSITO MOMENTO,0,0,0,0,09:39:00
-73.0436564,-36.8197164,3749,8,REGION BIO BIO,8101,CONCEPCION,LOS CARRERA,PAICAVI,0,"Los Carrera - Paicaví, Concepción, Bío Bío, Chile",-36.8197164,-73.0436564,1,GEOMETRIC_CENTER,2020,1276951,2020/04/17 00:00:00+00,COLISION LATERAL,COLISION,URBANA,IMPRUDENCIA DEL CONDUCTOR,ADELANTAMIENTO SOBREPASANDO LINEA CONTINUA,0,0,0,0,15:30:00
-73.0542227,-36.8223636,3750,8,REGION BIO BIO,8101,CONCEPCION,RENGO,JUAN MARTINEZ DE ROZAS,0,"Caupolicán 955, Concepción, Bío Bío, Chile",-36.8223636,-73.0542227,1,ROOFTOP,2020,1277043,2020/04/07 00:00:00+00,COLISION PERPENDICULAR,COLISION,URBANA,IMPRUDENCIA DEL CONDUCTOR,CONDUCCION NO ATENTO CONDICIONES TRANSITO MOMENTO,0,1,0,0,14:50:00
-73.327281,-37.2459497,3751,8,REGION BIO BIO,8202,ARAUCO,LORD COCHRANE,GALVARINO,0,"Cochrane & Galvarino, Arauco, Bío Bío, Chile",-37.2459497,-73.327281,1,GEOMETRIC_CENTER,2020,1277089,2020/04/03 00:00:00+00,ATROPELLO,ATROPELLO,URBANA,IMPRUDENCIA DEL CONDUCTOR,CONDUCCION NO ATENTO CONDICIONES TRANSITO MOMENTO,0,0,0,1,17:00:00
-73.0661372,-36.8290108,3752,8,REGION BIO BIO,8101,CONCEPCION,CALETERA PAICAVI, ,3075,"Caletera Los Carrera, Concepción, Bío Bío, Chile",-36.8290108,-73.0661372,1,GEOMETRIC_CENTER,2020,1277122,2020/04/17 00:00:00+00,COLISION LATERAL,COLISION,URBANA,IMPRUDENCIA DEL CONDUCTOR,CONDUCCION NO ATENTO CONDICIONES TRANSITO MOMENTO,0,0,0,0,10:10:00
-73.0947805,-36.7463146,3753,8,REGION BIO BIO,8110,TALCAHUANO,GOMEZ CARREÑO, ,3521,"Gómez Carreño 3521, Talcahuano, Bío Bío, Chile",-36.7463146,-73.0947805,1,ROOFTOP,2020,1277149,2020/04/13 00:00:00+00,CHOQUE POSTERIOR/LADO,CHOQUE,URBANA,IMPRUDENCIA DEL CONDUCTOR,CONDUCCION NO ATENTO CONDICIONES TRANSITO MOMENTO,0,0,0,0,11:56:00
-73.085377,-36.7667826,3754,8,REGION BIO BIO,8110,TALCAHUANO,CRISTOABL COLON, ,6296,"Colón 6296, Talcahuano, Bío Bío, Chile",-36.7667826,-73.085377,1,RANGE_INTERPOLATED,2020,1277239,2020/04/18 00:00:00+00,COLISION LATERAL,COLISION,URBANA,IMPRUDENCIA DEL CONDUCTOR,VIRAJES INDEBIDOS,0,0,0,0,19:00:00
-73.6543274,-37.6081939,3755,8,REGION BIO BIO,8201,LEBU,CARRERA,SAAVEDRA,0,"Carrera & Calle Saavedra, Lebu, Bío Bío, Chile",-37.6081939,-73.6543274,1,GEOMETRIC_CENTER,2020,1277198,2020/04/17 00:00:00+00,COLISION LATERAL,COLISION,URBANA,DESOBEDIENCIA A SEÑALIZACION,SEÑALIZACION DESOBEDECER SEÑAL CEDA EL PASO,0,0,0,0,16:10:00
-73.0988847,-36.7414124,3756,8,REGION BIO BIO,8110,TALCAHUANO,CRISTOBAL COLON, ,3180,"Colón 3180, Talcahuano, Bío Bío, Chile",-36.7414124,-73.0988847,1,ROOFTOP,2020,1277206,2020/04/07 00:00:00+00,ATROPELLO,ATROPELLO,URBANA,IMPRUDENCIA DEL PEATON,PEATON CRUZA CALZADA FORMA SORPRESIVA O DESCUIDADA,0,1,0,0,10:30:00
-73.0000547,-36.7429818,3757,8,REGION BIO BIO,8107,PENCO,ROBERTO OVALLE, ,100,"Roberto Ovalle 100, Penco, Bío Bío, Chile",-36.7429818,-73.0000547,1,ROOFTOP,2020,1277281,2020/04/14 00:00:00+00,CHOQUE,CHOQUE,URBANA,PERDIDA CONTROL VEHICULO,PERDIDA CONTROL VEHICULO,0,1,0,0,15:15:00
-73.0543088,-36.8243923,3758,8,REGION BIO BIO,8101,CONCEPCION,LOS CARRERA,RENGO,0,"Rengo & Avenida los Carrera, Concepción, Bío Bío, Chile",-36.8243923,-73.0543088,1,GEOMETRIC_CENTER,2020,1277312,2020/04/19 00:00:00+00,COLISION PERPENDICULAR,COLISION,URBANA,ALCOHOL EN CONDUCTOR,CONDUCCION EN ESTADO DE EBRIEDAD,0,0,0,2,20:00:00
-72.9489985,-37.1704623,3759,8,REGION BIO BIO,8109,SANTA JUANA,ANIBAL PINTO,LUIS CRUZ AMRTINEZ,0,"Anibal Pinto, Santa Juana, Bío Bío, Chile",-37.1704623,-72.9489985,1,GEOMETRIC_CENTER,2020,1277330,2020/04/03 00:00:00+00,COLISION LATERAL,COLISION,URBANA,IMPRUDENCIA DEL CONDUCTOR,NO RESPETAR DERECHO PREFERENTE DE PASO A VEHICULO,0,1,0,0,12:48:00
-73.0455154,-36.8258008,3760,8,REGION BIO BIO,8101,CONCEPCION,OHIGGINS,TUCAPEL,0,"Tucapel & Libertador General Bernardo OHiggins, Concepción, Bío Bío, Chile",-36.8258008,-73.0455154,1,GEOMETRIC_CENTER,2020,1277340,2020/04/20 00:00:00+00,COLISION PERPENDICULAR,COLISION,URBANA,IMPRUDENCIA DEL CONDUCTOR,CONDUCCION NO ATENTO CONDICIONES TRANSITO MOMENTO,0,0,0,0,12:30:00
-72.9952943,-36.7374906,3761,8,REGION BIO BIO,8107,PENCO,FREIRE,PENCO,0,"Penco & Freire, Penco, Bío Bío, Chile",-36.7374906,-72.9952943,1,GEOMETRIC_CENTER,2020,1277376,2020/04/18 00:00:00+00,COLISION LATERAL,COLISION,URBANA,CAUSAS NO DETERMINADAS,CAUSAS NO DETERMINADAS,0,0,0,0,13:30:00
-73.1317489,-36.8958261,3762,8,REGION BIO BIO,8108,SAN PEDRO DE LA PAZ,CALLE G,LAGO JUNQUILLAR,0,"C. Progreso 8225, San Pedro de la Paz, Bío Bío, Chile",-36.8958261,-73.1317489,1,ROOFTOP,2020,1277382,2020/04/09 00:00:00+00,OTRO TIPO,OTRO TIPO,URBANA,CAUSAS NO DETERMINADAS,CAUSAS NO DETERMINADAS,0,0,1,1,20:30:00
-73.1626877,-36.9988297,3763,8,REGION BIO BIO,8102,CORONEL,CRISTO REDENTOR ALTURA 1400 SECTOR VILLAMORA, ,1400,"Av. Manuel Montt 1798, Coronel, Bío Bío, Chile",-36.9988297,-73.1626877,1,ROOFTOP,2020,1277409,2020/04/05 00:00:00+00,COLISION FRONTAL,COLISION,URBANA,IMPRUDENCIA DEL CONDUCTOR,CONDUCCION CONTRA SENTIDO DEL TRANSITO,0,1,0,0,15:30:00
-73.0976466,-36.7837356,3764,8,REGION BIO BIO,8112,HUALPEN,VARSOVIA, ,888,"Varsovia 888, Hualpén, Bío Bío, Chile",-36.7837356,-73.0976466,1,ROOFTOP,2020,1277415,2020/04/22 00:00:00+00,CHOQUE,CHOQUE,URBANA,IMPRUDENCIA DEL CONDUCTOR,CONDUCCION SIN MANTENER DISTANCIA RAZONABLE NI PRUDENTE,0,0,0,0,18:00:00
-72.9358099,-37.1739605,3765,8,REGION BIO BIO,8109,SANTA JUANA,IRARRAZAVAL,BIO BIO,0,"Bío-Bío & Irarrazabal, Santa Juana, Bío Bío, Chile",-37.1739605,-72.9358099,1,GEOMETRIC_CENTER,2020,1277416,2020/04/06 00:00:00+00,ATROPELLO,ATROPELLO,URBANA,OTRAS CAUSAS,OTRAS CAUSAS,0,0,0,1,12:30:00
-73.1534757,-37.0096865,3766,8,REGION BIO BIO,8102,CORONEL,MAULE, ,944,"Maule 944, Coronel, Bío Bío, Chile",-37.0096865,-73.1534757,1,RANGE_INTERPOLATED,2020,1277504,2020/04/10 00:00:00+00,CHOQUE,CHOQUE,URBANA,ALCOHOL EN CONDUCTOR,CONDUCCION EN ESTADO DE EBRIEDAD,0,0,0,0,11:40:00
-73.1512664,-36.9947646,3767,8,REGION BIO BIO,8102,CORONEL,LAS TOSCAS,MINERO PEDRO HUERTA RIQUELME,0,"Las Toscas & Minero Pedro Huerta Riquelme, Coronel, Bío Bío, Chile",-36.9947646,-73.1512664,1,GEOMETRIC_CENTER,2020,1277509,2020/04/11 00:00:00+00,OTRO TIPO,OTRO TIPO,URBANA,ALCOHOL EN CONDUCTOR,CONDUCCION EN ESTADO DE EBRIEDAD,0,0,0,0,03:08:00
-73.1404334,-36.8397373,3768,8,REGION BIO BIO,8108,SAN PEDRO DE LA PAZ,SEGUNDA LONGITUDINAL,OHIGGINS,0,"Segunda Longitudinal 457, San Pedro de la Paz, Bío Bío, Chile",-36.8397373,-73.1404334,1,ROOFTOP,2020,1277521,2020/04/21 00:00:00+00,COLISION LATERAL,COLISION,URBANA,IMPRUDENCIA DEL CONDUCTOR,CONDUCCION NO ATENTO CONDICIONES TRANSITO MOMENTO,0,0,0,1,17:45:00
-73.033815,-36.8087669,3769,8,REGION BIO BIO,8101,CONCEPCION,ALONSO DE RIVERA,CAMILO HENRIQUEZ,0,"Camilo Henríquez 2565, Concepción, Bío Bío, Chile",-36.8087669,-73.033815,1,ROOFTOP,2020,1277686,2020/04/22 00:00:00+00,COLISION PERPENDICULAR,COLISION,URBANA,DESOBEDIENCIA A SEÑALIZACION,SEÑALIZACION DESOBEDECER LUZ ROJA DE SEMAFORO,0,0,0,0,13:20:00
-73.050712,-36.8122721,3770,8,REGION BIO BIO,8101,CONCEPCION,ARGENTINA,ONGOLMO,0,"Argentina & Ongolmo, Concepción, Bío Bío, Chile",-36.8122721,-73.050712,1,GEOMETRIC_CENTER,2020,1277691,2020/04/23 00:00:00+00,COLISION PERPENDICULAR,COLISION,URBANA,PERDIDA CONTROL VEHICULO,PERDIDA CONTROL VEHICULO,0,0,0,1,09:15:00
-73.0263481,-36.9226519,3771,8,REGION BIO BIO,8103,CHIGUAYANTE,MANUEL RODRIGUEZ,SAN IGNACIO,0,"San Ignacio & Avenida Manuel Rodríguez, Chiguayante, Bío Bío, Chile",-36.9226519,-73.0263481,1,GEOMETRIC_CENTER,2020,1277711,2020/04/20 00:00:00+00,ATROPELLO,ATROPELLO,URBANA,IMPRUDENCIA DEL PEATON,PEATON CRUZA CALZADA FORMA SORPRESIVA O DESCUIDADA,0,1,0,0,12:30:00