X,Y,FID,COD_REG,REGION,CUT,COMUNA,CALLE_UNO,CALLE_DOS,NUMERO,DIR_GEOCOD,LAT,LNG,VAL_COM,TIPO,Año,Idaccident,Fecha,Tipo_Accid,Tipo__CONA,Zona,Causa__CON,Causa,Fallecidos,Graves,Menos_Grav,Leves,Hora
-72.3540559,-37.4580386,3772,8,REGION BIO BIO,8301,LOS ANGELES,SEPTIMO DE LINEA, ,420,"Séptimo de Línea, Los Angeles, Los Ángeles, Bío Bío, Chile",-37.4580386,-72.3540559,1,GEOMETRIC_CENTER,2020,1277770,2020/04/25 00:00:00+00,CHOQUE FRENTE/POSTERIOR,CHOQUE,URBANA,OTRAS CAUSAS,HECHO DELICTUAL,0,0,0,0,16:10:00
-72.3492226,-37.4614256,3773,8,REGION BIO BIO,8301,LOS ANGELES,ALMAGRO,LINCOYAN,0,"Almagro & Lincoyán, Los Angeles, Los Ángeles, Bío Bío, Chile",-37.4614256,-72.3492226,1,GEOMETRIC_CENTER,2020,1277772,2020/04/25 00:00:00+00,COLISION LATERAL,COLISION,URBANA,IMPRUDENCIA DEL CONDUCTOR,CONDUCCION NO ATENTO CONDICIONES TRANSITO MOMENTO,0,0,0,0,16:20:00
-72.3288181,-37.4855753,3774,8,REGION BIO BIO,8301,LOS ANGELES,PUERTO ALEGRE,LIMA,0,"Pto Alegre & Lima, Los Angeles, Los Ángeles, Bío Bío, Chile",-37.4855753,-72.3288181,1,GEOMETRIC_CENTER,2020,1277773,2020/04/18 00:00:00+00,COLISION LATERAL,COLISION,URBANA,DESOBEDIENCIA A SEÑALIZACION,SEÑALIZACION DESOBEDECER SEÑAL PARE,0,0,0,0,19:50:00
-72.3538634,-37.4711721,3775,8,REGION BIO BIO,8301,LOS ANGELES,MENDOZA,CAUPOLICAN,0,"Caupolicán & Mendoza, Los Angeles, Los Ángeles, Bío Bío, Chile",-37.4711721,-72.3538634,1,GEOMETRIC_CENTER,2020,1277778,2020/04/18 00:00:00+00,COLISION,COLISION,URBANA,IMPRUDENCIA DEL CONDUCTOR,CONDUCCION NO ATENTO CONDICIONES TRANSITO MOMENTO,0,0,0,0,16:22:00
-73.2834762,-37.5881311,3776,8,REGION BIO BIO,8205,CURANILAHUE,LOS AROMOS,LIBERTAD,0,"Curanilahue, Bío Bío, Chile",-37.5881311,-73.2834762,1,GEOMETRIC_CENTER,2020,1277807,2020/04/23 00:00:00+00,CHOQUE FRENTE/POSTERIOR,CHOQUE,URBANA,IMPRUDENCIA DEL CONDUCTOR,CONDUCCION NO ATENTO CONDICIONES TRANSITO MOMENTO,0,0,0,0,17:00:00
-73.3491333,-37.4726966,3777,8,REGION BIO BIO,8205,CURANILAHUE,BERNARDO OHIGGINS, ,431,"Av. Bernardo OHiggins 431, Curanilahue, Bío Bío, Chile",-37.4726966,-73.3491333,1,RANGE_INTERPOLATED,2020,1278000,2020/04/25 00:00:00+00,COLISION POR ALCANCE,COLISION,URBANA,VELOCIDAD IMPRUDENTE,VELOCIDAD NO RAZONABLE NI PRUDENTE,0,0,0,1,17:05:00
-73.0436564,-36.8197164,3778,8,REGION BIO BIO,8101,CONCEPCION,PAICAVI,LOS CARRERA,0,"Los Carrera - Paicaví, Concepción, Bío Bío, Chile",-36.8197164,-73.0436564,1,GEOMETRIC_CENTER,2020,1277955,2020/04/23 00:00:00+00,COLISION LATERAL,COLISION,URBANA,IMPRUDENCIA DEL CONDUCTOR,CONDUCCION NO ATENTO CONDICIONES TRANSITO MOMENTO,0,0,0,0,14:05:00
-73.3421418,-37.4799074,3779,8,REGION BIO BIO,8205,CURANILAHUE,SGTO ALDEA,IGNACIO SERRANO,0,"Sargento Aldea & Ignacio Serrano, Curanilahue, Bío Bío, Chile",-37.4799074,-73.3421418,1,GEOMETRIC_CENTER,2020,1277984,2020/04/24 00:00:00+00,COLISION LATERAL,COLISION,URBANA,CAUSAS NO DETERMINADAS,CAUSAS NO DETERMINADAS,0,0,0,0,16:00:00
-73.1339209,-36.8377266,3780,8,REGION BIO BIO,8108,SAN PEDRO DE LA PAZ,SEGUNDA LONGITUDINAL,DANIEL BELMAR,0,"Daniel Belmar & Segunda Longitudinal, San Pedro de la Paz, Bío Bío, Chile",-36.8377266,-73.1339209,1,GEOMETRIC_CENTER,2020,1278004,2020/04/22 00:00:00+00,COLISION POR ALCANCE,COLISION,URBANA,IMPRUDENCIA DEL CONDUCTOR,CONDUCCION NO ATENTO CONDICIONES TRANSITO MOMENTO,0,0,0,1,16:50:00
-73.0468096,-36.8237537,3781,8,REGION BIO BIO,8101,CONCEPCION,TUCAPEL,FREIRE,0,"Tucapel & Freire, Concepción, Bío Bío, Chile",-36.8237537,-73.0468096,1,GEOMETRIC_CENTER,2020,1278009,2020/04/24 00:00:00+00,COLISION PERPENDICULAR,COLISION,URBANA,IMPRUDENCIA DEL CONDUCTOR,CONDUCCION NO ATENTO CONDICIONES TRANSITO MOMENTO,0,0,0,3,16:30:00
-72.3351524,-37.4744875,3782,8,REGION BIO BIO,8301,LOS ANGELES,GABRIELA MISTRAL, ,1255,"Av. Gabriela Mistral 1255, Los Angeles, Los Ángeles, Bío Bío, Chile",-37.4744875,-72.3351524,1,ROOFTOP,2020,1278020,2020/04/20 00:00:00+00,CHOQUE LATERAL,CHOQUE,URBANA,IMPRUDENCIA DEL CONDUCTOR,CONDUCCION NO ATENTO CONDICIONES TRANSITO MOMENTO,0,0,0,0,18:15:00
-73.0324646,-36.7948675,3783,8,REGION BIO BIO,8101,CONCEPCION,PASAJE CUATRO, ,2895,"Pje. Cuatro, Concepción, Bío Bío, Chile",-36.7948675,-73.0324646,1,GEOMETRIC_CENTER,2020,1278022,2020/04/25 00:00:00+00,CHOQUE,CHOQUE,URBANA,IMPRUDENCIA DEL CONDUCTOR,CONDUCCION NO ATENTO CONDICIONES TRANSITO MOMENTO,0,0,0,0,21:00:00
-73.1449035,-36.8527868,3784,8,REGION BIO BIO,8108,SAN PEDRO DE LA PAZ,PASAJE CUARENTA Y TRES, ,1036,"Pje. Cuarenta y Tres 1036, San Pedro de la Paz, Región Metropolitana, Chile",-36.8527868,-73.1449035,1,RANGE_INTERPOLATED,2020,1278046,2020/04/26 00:00:00+00,CHOQUE POSTERIOR/FRENTE,CHOQUE,URBANA,IMPRUDENCIA DEL CONDUCTOR,CONDUCCION NO ATENTO CONDICIONES TRANSITO MOMENTO,0,0,0,0,01:55:00
-72.3550795,-37.4607519,3785,8,REGION BIO BIO,8301,LOS ANGELES,ERCILLA,OROMPELLO,0,"Orompello & Ercilla, Los Angeles, Los Ángeles, Bío Bío, Chile",-37.4607519,-72.3550795,1,GEOMETRIC_CENTER,2020,1278085,2020/04/24 00:00:00+00,CHOQUE POSTERIOR/POSTERIOR,CHOQUE,URBANA,IMPRUDENCIA DEL CONDUCTOR,CONDUCCION NO ATENTO CONDICIONES TRANSITO MOMENTO,0,0,0,0,11:30:00
-73.1556159,-37.0907432,3786,8,REGION BIO BIO,8106,LOTA,LOS CARRERA,CAUPOLICAN,0,"Caupolicán & Carrera, Lota, Bío Bío, Chile",-37.0907432,-73.1556159,1,GEOMETRIC_CENTER,2020,1278146,2020/04/22 00:00:00+00,CHOQUE FRENTE/POSTERIOR,CHOQUE,URBANA,IMPRUDENCIA DEL CONDUCTOR,CONDUCCION NO ATENTO CONDICIONES TRANSITO MOMENTO,0,0,0,1,21:00:00
-72.3562057,-37.4648974,3787,8,REGION BIO BIO,8301,LOS ANGELES,LOS CLAVELES,LOS ANGELES,0,"Los Claveles, Los Angeles, Los Ángeles, Bío Bío, Chile",-37.4648974,-72.3562057,1,GEOMETRIC_CENTER,2020,1278147,2020/04/25 00:00:00+00,CHOQUE FRONTAL,CHOQUE,URBANA,PERDIDA CONTROL VEHICULO,PERDIDA CONTROL VEHICULO,0,0,0,0,12:00:00
-72.3385869,-37.4203394,3788,8,REGION BIO BIO,8301,LOS ANGELES,LAS INDUSTRIAS, ,7060,"Av Las Industrias 7060, Los Ángeles, Bío Bío, Chile",-37.4203394,-72.3385869,1,RANGE_INTERPOLATED,2020,1278494,2020/04/27 00:00:00+00,COLISION,COLISION,URBANA,IMPRUDENCIA DEL CONDUCTOR,CONDUCCION NO ATENTO CONDICIONES TRANSITO MOMENTO,0,1,0,0,14:20:00
-71.9515803,-37.288815,3789,8,REGION BIO BIO,8312,TUCAPEL,ARTURO PRAT,LAUTARO,0,"Lautaro & Arturo Prat, Tucapel, Bío Bío, Chile",-37.288815,-71.9515803,1,GEOMETRIC_CENTER,2020,1278373,2020/04/28 00:00:00+00,COLISION,COLISION,URBANA,IMPRUDENCIA DEL CONDUCTOR,CONDUCCION NO ATENTO CONDICIONES TRANSITO MOMENTO,0,0,0,0,15:30:00
-73.3155741,-37.2466626,3790,8,REGION BIO BIO,8202,ARAUCO,ARTURO PRAT,ESMERALDA,0,"Esmeralda 323, Arauco, Bío Bío, Chile",-37.2466626,-73.3155741,1,ROOFTOP,2020,1278459,2020/04/13 00:00:00+00,COLISION LATERAL,COLISION,URBANA,IMPRUDENCIA DEL CONDUCTOR,CONDUCCION CAMBIAR SORPRESIVAMENTE PISTA CIRCULACION,0,0,0,0,17:50:00
-73.1376712,-36.8354975,3791,8,REGION BIO BIO,8108,SAN PEDRO DE LA PAZ,DANIEL BELMAR,LAS TORRES,0,"Daniel Belmar 839-845, San Pedro de la Paz, Bío Bío, Chile",-36.8354975,-73.1376712,1,ROOFTOP,2020,1278484,2020/04/29 00:00:00+00,COLISION,COLISION,URBANA,DESOBEDIENCIA A SEÑALIZACION,SEÑALIZACION DESOBEDECER SEÑAL PARE,0,0,0,0,17:30:00
-72.3536966,-37.4606361,3792,8,REGION BIO BIO,8301,LOS ANGELES,OROMPELLO,MENDOZA,0,"Orompello & Mendoza, Los Angeles, Los Ángeles, Bío Bío, Chile",-37.4606361,-72.3536966,1,GEOMETRIC_CENTER,2020,1278491,2020/04/26 00:00:00+00,COLISION LATERAL,COLISION,URBANA,IMPRUDENCIA DEL CONDUCTOR,CONDUCCION NO ATENTO CONDICIONES TRANSITO MOMENTO,0,0,0,1,21:05:00
-72.3263262,-37.4578279,3793,8,REGION BIO BIO,8301,LOS ANGELES,LAS INDUSTRIAS, ,510,"Av Las Industrias 510, Los Angeles, Los Ángeles, Bío Bío, Chile",-37.4578279,-72.3263262,1,ROOFTOP,2020,1278498,2020/04/28 00:00:00+00,COLISION FRONTAL,COLISION,URBANA,DROGAS Y/O FATIGA EN CONDUCTOR,CONDUCCION BAJO INFLUENCIA DE DROGAS O ESTUPEFACIENTES,0,1,0,0,16:00:00
-73.0825166,-36.8024875,3794,8,REGION BIO BIO,8112,HUALPEN,COLON,PUERTO SAAVEDRA,0,"Avenida Cristóbal Colón & Pto Saavedra, Hualpén, Bío Bío, Chile",-36.8024875,-73.0825166,1,GEOMETRIC_CENTER,2020,1278518,2020/04/25 00:00:00+00,CHOQUE,CHOQUE,URBANA,PERDIDA CONTROL VEHICULO,PERDIDA CONTROL VEHICULO,0,0,0,0,19:45:00
-73.1092087,-36.7807728,3795,8,REGION BIO BIO,8112,HUALPEN,YUGOSLAVIA,SUIZA,0,"Suiza & Yugoslavia, Hualpén, Bío Bío, Chile",-36.7807728,-73.1092087,1,GEOMETRIC_CENTER,2020,1278522,2020/04/28 00:00:00+00,ATROPELLO,ATROPELLO,URBANA,IMPRUDENCIA DEL CONDUCTOR,NO RESPETAR DERECHO PREFERENTE DE PASO A PEATON,0,0,0,1,10:40:00
-73.0943213,-36.8453146,3796,8,REGION BIO BIO,8108,SAN PEDRO DE LA PAZ,EL VENADO,MOLCO,0,"El Molco, San Pedro de la Paz, Bío Bío, Chile",-36.8453146,-73.0943213,1,GEOMETRIC_CENTER,2020,1278589,2020/04/01 00:00:00+00,VOLCADURA,VOLCADURA,URBANA,CAUSAS NO DETERMINADAS,CAUSAS NO DETERMINADAS,0,1,0,0,17:15:00
-73.1167368,-36.8305354,3797,8,REGION BIO BIO,8108,SAN PEDRO DE LA PAZ,PEDRO AGUIRRE CERDA,JORGE ALESSANDRI,0,"San Pedro de la Paz, Bío Bío, Chile",-36.8305354,-73.1167368,1,APPROXIMATE,2020,1278591,2020/04/21 00:00:00+00,COLISION,COLISION,URBANA,CAUSAS NO DETERMINADAS,CAUSAS NO DETERMINADAS,0,0,0,0,12:17:00
-73.1129765,-36.8419256,3798,8,REGION BIO BIO,8108,SAN PEDRO DE LA PAZ,LOS MAQUIS,LOS BOLDOS,0,"Los Boldos & Los Maquis, San Pedro de la Paz, Bío Bío, Chile",-36.8419256,-73.1129765,1,GEOMETRIC_CENTER,2020,1278592,2020/04/18 00:00:00+00,CHOQUE FRONTAL,CHOQUE,URBANA,CAUSAS NO DETERMINADAS,CAUSAS NO DETERMINADAS,0,0,0,1,21:30:00
-72.3814062,-37.4679853,3799,8,REGION BIO BIO,8301,LOS ANGELES,NAHUELBUTA,GALVARINO,0,"Galvarino & Avenida Nahuelbuta, Los Ángeles, Bío Bío, Chile",-37.4679853,-72.3814062,1,GEOMETRIC_CENTER,2020,1278669,2020/04/30 00:00:00+00,COLISION LATERAL,COLISION,URBANA,IMPRUDENCIA DEL CONDUCTOR,CONDUCCION NO ATENTO CONDICIONES TRANSITO MOMENTO,0,0,0,0,18:55:00
-72.6898943,-37.4984741,3800,8,REGION BIO BIO,8306,NACIMIENTO,JOSE ZABALA RIOS, ,1023,"Juan Antonio Rios 1023, Nacimiento, Bío Bío, Chile",-37.4984741,-72.6898943,1,RANGE_INTERPOLATED,2020,1278697,2020/04/29 00:00:00+00,COLISION LATERAL,COLISION,URBANA,IMPRUDENCIA DEL CONDUCTOR,CONDUCCION NO ATENTO CONDICIONES TRANSITO MOMENTO,0,0,0,0,16:50:00
-73.1527368,-37.0838756,3801,8,REGION BIO BIO,8106,LOTA,FERNANDO MAIRA,LA PAZ,0,"Fernando Maira Nº 580 – A, Sector La Cantera, Lota, Bío Bío, Chile",-37.0838756,-73.1527368,1,GEOMETRIC_CENTER,2020,1278757,2020/05/02 00:00:00+00,CHOQUE FRENTE/POSTERIOR,CHOQUE,URBANA,IMPRUDENCIA DEL CONDUCTOR,CONDUCCION NO ATENTO CONDICIONES TRANSITO MOMENTO,0,0,0,0,12:10:00
-73.1142272,-36.841842,3802,8,REGION BIO BIO,8108,SAN PEDRO DE LA PAZ,LOS BOLDOS,LOS AVELLANOS,0,"Los Boldos & Los Avellanos, San Pedro de la Paz, Bío Bío, Chile",-36.841842,-73.1142272,1,GEOMETRIC_CENTER,2020,1278767,2020/04/23 00:00:00+00,CHOQUE FRENTE/POSTERIOR,CHOQUE,URBANA,CAUSAS NO DETERMINADAS,CAUSAS NO DETERMINADAS,0,0,0,0,08:15:00
-73.096648,-36.839279,3803,8,REGION BIO BIO,8108,SAN PEDRO DE LA PAZ,PEDRO AGUIRRE CERDA, ,1055,"Av. Pedro Aguirre Cerda 1055, San Pedro de la Paz, Bío Bío, Chile",-36.839279,-73.096648,1,ROOFTOP,2020,1278768,2020/04/29 00:00:00+00,COLISION,COLISION,URBANA,CAUSAS NO DETERMINADAS,CAUSAS NO DETERMINADAS,0,0,0,0,10:40:00
-73.1404886,-37.0381028,3804,8,REGION BIO BIO,8102,CORONEL,TUCAPEL,SOTOMAYOR,0,"Sotomayor & Tucapel, Coronel, Bío Bío, Chile",-37.0381028,-73.1404886,1,GEOMETRIC_CENTER,2020,1278790,2020/04/26 00:00:00+00,COLISION,COLISION,URBANA,IMPRUDENCIA DEL CONDUCTOR,CONDUCCION NO ATENTO CONDICIONES TRANSITO MOMENTO,0,0,0,1,20:55:00
-73.0436564,-36.8197164,3805,8,REGION BIO BIO,8101,CONCEPCION,PAICAVI,LOS CARRERA,0,"Los Carrera - Paicaví, Concepción, Bío Bío, Chile",-36.8197164,-73.0436564,1,GEOMETRIC_CENTER,2020,1278833,2020/04/27 00:00:00+00,COLISION PERPENDICULAR,COLISION,URBANA,IMPRUDENCIA DEL CONDUCTOR,CONDUCCION NO ATENTO CONDICIONES TRANSITO MOMENTO,0,0,0,1,14:15:00
-73.0600454,-36.8279683,3806,8,REGION BIO BIO,8101,CONCEPCION,ARTURO PRAT,MAIPU,0,"Maipú & Arturo Prat, Concepción, Bío Bío, Chile",-36.8279683,-73.0600454,1,GEOMETRIC_CENTER,2020,1278863,2020/04/28 00:00:00+00,COLISION PERPENDICULAR,COLISION,URBANA,DESOBEDIENCIA A SEÑALIZACION,SEÑALIZACION DESOBEDECER LUZ INTERMITENTE SEMAFORO,0,0,0,0,20:10:00
-73.0461365,-36.8297557,3807,8,REGION BIO BIO,8101,CONCEPCION,COLO COLO,CHACABUCO,0,"Avenida Chacabuco & Colo Colo, Concepción, Bío Bío, Chile",-36.8297557,-73.0461365,1,GEOMETRIC_CENTER,2020,1278873,2020/04/28 00:00:00+00,COLISION PERPENDICULAR,COLISION,URBANA,DESOBEDIENCIA A SEÑALIZACION,SEÑALIZACION DESOBEDECER LUZ INTERMITENTE SEMAFORO,0,1,0,1,21:50:00
-73.0492998,-36.824775,3808,8,REGION BIO BIO,8101,CONCEPCION,FREIRE,COLO COLO,0,"Freire & Colo Colo, Concepción, Bío Bío, Chile",-36.824775,-73.0492998,1,GEOMETRIC_CENTER,2020,1278884,2020/04/29 00:00:00+00,COLISION PERPENDICULAR,COLISION,URBANA,DESOBEDIENCIA A SEÑALIZACION,SEÑALIZACION DESOBEDECER SEÑAL PARE,0,0,0,2,14:10:00
-73.0436466,-36.8262952,3809,8,REGION BIO BIO,8101,CONCEPCION,OROMPELLO,SAN MARTIN,0,"San Martín & Orompello, Concepción, Bío Bío, Chile",-36.8262952,-73.0436466,1,GEOMETRIC_CENTER,2020,1278955,2020/05/02 00:00:00+00,COLISION PERPENDICULAR,COLISION,URBANA,IMPRUDENCIA DEL CONDUCTOR,CONDUCCION NO ATENTO CONDICIONES TRANSITO MOMENTO,0,0,0,0,12:50:00
-73.0894703,-36.7569092,3810,8,REGION BIO BIO,8110,TALCAHUANO,LOS LIRIOS,LAS LILAS,0,"Las Lilas & Los Lirios, Talcahuano, Bío Bío, Chile",-36.7569092,-73.0894703,1,GEOMETRIC_CENTER,2020,1279007,2020/04/21 00:00:00+00,COLISION LATERAL,COLISION,URBANA,DESOBEDIENCIA A SEÑALIZACION,SEÑALIZACION DESOBEDECER SEÑAL CEDA EL PASO,0,0,0,0,16:00:00
-73.0499945,-36.8237961,3811,8,REGION BIO BIO,8101,CONCEPCION,MAIPU,COLO COLO,0,"Colo Colo & Maipú, Concepción, Bío Bío, Chile",-36.8237961,-73.0499945,1,GEOMETRIC_CENTER,2020,1279019,2020/05/02 00:00:00+00,COLISION LATERAL,COLISION,URBANA,IMPRUDENCIA DEL CONDUCTOR,CONDUCCION CAMBIAR SORPRESIVAMENTE PISTA CIRCULACION,0,0,0,0,14:50:00
-73.0365615,-36.8253129,3812,8,REGION BIO BIO,8101,CONCEPCION,ROOSEVELT, ,1550,"Roosevelt 1550, Concepción, Bío Bío, Chile",-36.8253129,-73.0365615,1,ROOFTOP,2020,1279022,2020/05/02 00:00:00+00,CHOQUE,CHOQUE,URBANA,PERDIDA CONTROL VEHICULO,PERDIDA CONTROL VEHICULO,0,0,0,0,21:10:00
-72.3494519,-37.4638607,3813,8,REGION BIO BIO,8301,LOS ANGELES,ALMAGRO, ,119027,"Almagro, Los Angeles, Los Ángeles, Bío Bío, Chile",-37.4638607,-72.3494519,1,GEOMETRIC_CENTER,2020,1279050,2020/05/02 00:00:00+00,COLISION,COLISION,URBANA,IMPRUDENCIA DEL CONDUCTOR,CONDUCCION NO ATENTO CONDICIONES TRANSITO MOMENTO,0,0,0,0,13:10:00
-72.9790437,-36.724137,3814,8,REGION BIO BIO,8107,PENCO,PEDRO AGUIRRE CERDA, ,157,"Pedro Aguirre Cerda 157, Lirquen, Penco, Bío Bío, Chile",-36.724137,-72.9790437,1,RANGE_INTERPOLATED,2020,1279051,2020/04/27 00:00:00+00,COLISION LATERAL,COLISION,URBANA,IMPRUDENCIA DEL CONDUCTOR,CONDUCCION NO ATENTO CONDICIONES TRANSITO MOMENTO,0,0,0,0,18:10:00
-71.9516754,-37.2517334,3815,8,REGION BIO BIO,8312,TUCAPEL,SAN FRANCISCO,CONRADO FIGUEROA,0,"Tucapel, Bío Bío, Chile",-37.2517334,-71.9516754,1,GEOMETRIC_CENTER,2020,1279072,2020/05/02 00:00:00+00,VOLCADURA,VOLCADURA,URBANA,PERDIDA CONTROL VEHICULO,PERDIDA CONTROL VEHICULO,0,0,0,1,10:45:00
-73.0966348,-36.7866363,3816,8,REGION BIO BIO,8112,HUALPEN,GRECIA,SUECIA,0,"Suecia & Grecia, Hualpén, Bío Bío, Chile",-36.7866363,-73.0966348,1,GEOMETRIC_CENTER,2020,1279080,2020/05/01 00:00:00+00,COLISION,COLISION,URBANA,DESOBEDIENCIA A SEÑALIZACION,SEÑALIZACION DESOBEDECER SEÑAL PARE,0,1,0,0,12:20:00
-72.3276114,-37.4608667,3817,8,REGION BIO BIO,8301,LOS ANGELES,OROMPELLO,DIEGO DE ALMAGRO,0,"Av Las Industrias 510, Los Angeles, Los Ángeles, Bío Bío, Chile",-37.4608667,-72.3276114,1,ROOFTOP,2020,1279083,2020/05/02 00:00:00+00,CHOQUE FRONTAL,CHOQUE,URBANA,IMPRUDENCIA DEL CONDUCTOR,CONDUCCION NO ATENTO CONDICIONES TRANSITO MOMENTO,0,0,0,0,20:40:00
-73.1176957,-36.7901677,3818,8,REGION BIO BIO,8112,HUALPEN,SIDNEY, ,2491,"Sidney 2491, Hualpén, Bío Bío, Chile",-36.7901677,-73.1176957,1,ROOFTOP,2020,1279094,2020/05/02 00:00:00+00,CHOQUE FRONTAL,CHOQUE,URBANA,CAUSAS NO DETERMINADAS,CAUSAS NO DETERMINADAS,0,0,0,0,02:25:00
-73.112117,-36.8000857,3819,8,REGION BIO BIO,8112,HUALPEN,COSTANERA,GRAN BRETAÑA,0,"C. la Roda, Hualpén, Bío Bío, Chile",-36.8000857,-73.112117,1,GEOMETRIC_CENTER,2020,1279123,2020/05/02 00:00:00+00,CHOQUE FRENTE/POSTERIOR,CHOQUE,URBANA,IMPRUDENCIA DEL CONDUCTOR,CONDUCCION NO ATENTO CONDICIONES TRANSITO MOMENTO,0,0,0,1,15:30:00
-72.351095,-37.4725152,3820,8,REGION BIO BIO,8301,LOS ANGELES,RICARDO VICUÑA,BERNARDO OHIGGINS,0,"Avenida Ricardo Vicuña & Bernardo OHiggins, Los Angeles, Los Ángeles, Bío Bío, Chile",-37.4725152,-72.351095,1,GEOMETRIC_CENTER,2020,1279142,2020/05/04 00:00:00+00,CHOQUE POSTERIOR/FRENTE,CHOQUE,URBANA,IMPRUDENCIA DEL CONDUCTOR,CONDUCCION NO ATENTO CONDICIONES TRANSITO MOMENTO,0,0,0,0,13:00:00
-73.0614352,-36.8259554,3821,8,REGION BIO BIO,8101,CONCEPCION,LAS HERAS,ARTURO PRAT,0,"Las Heras & Arturo Prat, Concepción, Bío Bío, Chile",-36.8259554,-73.0614352,1,GEOMETRIC_CENTER,2020,1279303,2020/04/25 00:00:00+00,COLISION LATERAL,COLISION,URBANA,IMPRUDENCIA DEL CONDUCTOR,CONDUCCION NO ATENTO CONDICIONES TRANSITO MOMENTO,0,1,0,2,13:30:00
-73.0846234,-36.7849016,3822,8,REGION BIO BIO,8110,TALCAHUANO,SANTA MARIA, ,3177,"Arteaga Alemparte 943, Hualpén, Talcahuano, Bío Bío, Chile",-36.7849016,-73.0846234,3,ROOFTOP,2020,1323126,2020/12/30 00:00:00+00,COLISION LATERAL,COLISION,URBANA,IMPRUDENCIA DEL CONDUCTOR,CONDUCCION CAMBIAR SORPRESIVAMENTE PISTA CIRCULACION,0,1,0,0,18:50:00
-72.3509792,-37.4710634,3823,8,REGION BIO BIO,8301,LOS ANGELES,CAUPOLICAN,COLON,0,"Caupolicán & Colón, Los Angeles, Los Ángeles, Bío Bío, Chile",-37.4710634,-72.3509792,1,GEOMETRIC_CENTER,2020,1279432,2020/05/05 00:00:00+00,CHOQUE FRENTE/LADO,CHOQUE,URBANA,IMPRUDENCIA DEL CONDUCTOR,CONDUCCION NO ATENTO CONDICIONES TRANSITO MOMENTO,0,0,0,2,12:26:00
-73.0481999,-36.813999,3824,8,REGION BIO BIO,8101,CONCEPCION,PAICAVI,MANUEL RODRIGUEZ,0,"Manuel Rodríguez & Paicaví, Concepción, Bío Bío, Chile",-36.813999,-73.0481999,1,GEOMETRIC_CENTER,2020,1279443,2020/04/29 00:00:00+00,COLISION FRONTAL,COLISION,URBANA,DESOBEDIENCIA A SEÑALIZACION,SEÑALIZACION DESOBEDECER LUZ ROJA DE SEMAFORO,0,0,0,0,15:50:00
-73.0573726,-36.7789958,3825,8,REGION BIO BIO,8101,CONCEPCION,JORGE ALESSANDRI, ,227,"Av. Pdte. Jorge Alessandri Rodriguez 227, Concepción, Talcahuano, Bío Bío, Chile",-36.7789958,-73.0573726,1,RANGE_INTERPOLATED,2020,1279444,2020/04/29 00:00:00+00,CHOQUE FRENTE/POSTERIOR,CHOQUE,URBANA,IMPRUDENCIA DEL CONDUCTOR,CONDUCCION NO ATENTO CONDICIONES TRANSITO MOMENTO,0,0,0,0,14:30:00
-73.0468529,-36.8080067,3826,8,REGION BIO BIO,8101,CONCEPCION,AINAVILLO,EJERCITO,0,"Ainavillo & Ejército, Concepción, Bío Bío, Chile",-36.8080067,-73.0468529,1,GEOMETRIC_CENTER,2020,1279445,2020/04/30 00:00:00+00,ATROPELLO,ATROPELLO,URBANA,IMPRUDENCIA DEL CONDUCTOR,CONDUCCION NO ATENTO CONDICIONES TRANSITO MOMENTO,0,0,0,1,16:00:00
-72.3385869,-37.4203394,3827,8,REGION BIO BIO,8301,LOS ANGELES,LAS INDUSTRIAS, ,7060,"Av Las Industrias 7060, Los Ángeles, Bío Bío, Chile",-37.4203394,-72.3385869,1,RANGE_INTERPOLATED,2020,1279492,2020/05/05 00:00:00+00,COLISION,COLISION,URBANA,IMPRUDENCIA DEL CONDUCTOR,CONDUCCION NO ATENTO CONDICIONES TRANSITO MOMENTO,0,0,0,1,18:00:00
-73.3994319,-37.8041557,3828,8,REGION BIO BIO,8203,CAÑETE,ORELLA, ,325,"Orella 325, Canete, Cañete, Bío Bío, Chile",-37.8041557,-73.3994319,1,RANGE_INTERPOLATED,2020,1279603,2020/04/24 00:00:00+00,COLISION,COLISION,URBANA,IMPRUDENCIA DEL CONDUCTOR,CONDUCCION NO ATENTO CONDICIONES TRANSITO MOMENTO,0,0,0,0,11:25:00
-73.397597,-37.8074157,3829,8,REGION BIO BIO,8203,CAÑETE,IGNACIO CARRERA PINTO,HERNANDO DE MAGALLANES,0,"Ignacio Carrera Pinto & hernando de magallanes, Canete, Cañete, Bío Bío, Chile",-37.8074157,-73.397597,1,GEOMETRIC_CENTER,2020,1279605,2020/04/25 00:00:00+00,ATROPELLO,ATROPELLO,URBANA,ALCOHOL EN PEATON,EBRIEDAD DEL PEATON,0,0,0,1,20:20:00
-73.1556165,-37.0858819,3830,8,REGION BIO BIO,8106,LOTA,LA PAZ, ,87,"La Paz 87, Lota, Bío Bío, Chile",-37.0858819,-73.1556165,1,RANGE_INTERPOLATED,2020,1279610,2020/05/02 00:00:00+00,ATROPELLO,ATROPELLO,URBANA,ALCOHOL EN CONDUCTOR,CONDUCCION EN ESTADO DE EBRIEDAD,1,0,0,0,18:40:00