X,Y,FID,COD_REG,REGION,CUT,COMUNA,CALLE_UNO,CALLE_DOS,NUMERO,DIR_GEOCOD,LAT,LNG,VAL_COM,TIPO,Año,Idaccident,Fecha,Tipo_Accid,Tipo__CONA,Zona,Causa__CON,Causa,Fallecidos,Graves,Menos_Grav,Leves,Hora
-72.343778,-37.4553656,3831,8,REGION BIO BIO,8301,LOS ANGELES,SOR VICENTA, ,1500,"Av. Sor Vicenta 1500, Los Angeles, Los Ángeles, Bío Bío, Chile",-37.4553656,-72.343778,1,RANGE_INTERPOLATED,2020,1279667,2020/05/06 00:00:00+00,CHOQUE FRONTAL,CHOQUE,URBANA,PERDIDA CONTROL VEHICULO,PERDIDA CONTROL VEHICULO,0,0,0,0,14:20:00
-73.1734169,-36.8093285,3832,8,REGION BIO BIO,8112,HUALPEN,CAMINO A LA DESEMBOCADURA, ,100,"Río Calle Calle, Hualpén, Talcahuano, Bío Bío, Chile",-36.8093285,-73.1734169,1,GEOMETRIC_CENTER,2020,1279709,2020/05/07 00:00:00+00,VOLCADURA,VOLCADURA,URBANA,PERDIDA CONTROL VEHICULO,PERDIDA CONTROL VEHICULO,0,0,0,0,02:30:00
-73.0847201,-36.8005237,3833,8,REGION BIO BIO,8112,HUALPEN,CRISTOBAL COLON,NUEVA IMPERIAL,0,"Avenida Cristóbal Colón & Nva Imperial, Hualpén, Bío Bío, Chile",-36.8005237,-73.0847201,1,GEOMETRIC_CENTER,2020,1279728,2020/05/07 00:00:00+00,COLISION,COLISION,URBANA,IMPRUDENCIA DEL CONDUCTOR,CONDUCCION NO ATENTO CONDICIONES TRANSITO MOMENTO,0,0,0,1,07:40:00
-73.0512453,-36.8243002,3834,8,REGION BIO BIO,8101,CONCEPCION,MAIPU,ANIBAL PINTO,0,"Anibal Pinto & Maipú, Concepción, Bío Bío, Chile",-36.8243002,-73.0512453,1,GEOMETRIC_CENTER,2020,1279767,2020/05/04 00:00:00+00,ATROPELLO,ATROPELLO,URBANA,CAUSAS NO DETERMINADAS,CAUSAS NO DETERMINADAS,0,0,0,1,14:30:00
-73.0384474,-36.8241185,3835,8,REGION BIO BIO,8101,CONCEPCION,SAN MARTIN,LAUTARO,0,"San Martín & Lautaro, Concepción, Bío Bío, Chile",-36.8241185,-73.0384474,1,GEOMETRIC_CENTER,2020,1279775,2020/05/05 00:00:00+00,CHOQUE,CHOQUE,URBANA,IMPRUDENCIA DEL CONDUCTOR,CONDUCIR VEHICULO EN RETROCESO,0,0,0,0,11:20:00
-73.0411081,-36.8226418,3836,8,REGION BIO BIO,8101,CONCEPCION,JANEQUEO,BARROS ARANA,0,"Janequeo & Barros Arana, Concepción, Bío Bío, Chile",-36.8226418,-73.0411081,1,GEOMETRIC_CENTER,2020,1279777,2020/05/05 00:00:00+00,COLISION PERPENDICULAR,COLISION,URBANA,IMPRUDENCIA DEL CONDUCTOR,CONDUCCION NO ATENTO CONDICIONES TRANSITO MOMENTO,0,0,0,0,12:00:00
-72.7265131,-37.262612,3837,8,REGION BIO BIO,8310,SAN ROSENDO,BAQUEDANO,ALMTE LATORRE,0,"Baquedano 95, San Rosendo, Nacimiento, Bío Bío, Chile",-37.262612,-72.7265131,1,ROOFTOP,2020,1279809,2020/04/22 00:00:00+00,VOLCADURA,VOLCADURA,URBANA,IMPRUDENCIA DEL CONDUCTOR,CONDUCCION NO ATENTO CONDICIONES TRANSITO MOMENTO,0,0,1,0,19:50:00
-73.1307704,-36.7237996,3838,8,REGION BIO BIO,8110,TALCAHUANO,LA MARINA, ,704,"La Marina 704, Talcahuano, Bío Bío, Chile",-36.7237996,-73.1307704,1,RANGE_INTERPOLATED,2020,1280011,2020/05/10 00:00:00+00,ATROPELLO,ATROPELLO,URBANA,ALCOHOL EN PEATON,EBRIEDAD DEL PEATON,0,0,0,1,21:30:00
-73.1301953,-36.7105982,3839,8,REGION BIO BIO,8110,TALCAHUANO,SAN VICENTE, ,644,"San Vicente 644, Talcahuano, Bío Bío, Chile",-36.7105982,-73.1301953,1,RANGE_INTERPOLATED,2020,1280016,2020/05/09 00:00:00+00,CHOQUE FRENTE/POSTERIOR,CHOQUE,URBANA,ALCOHOL EN CONDUCTOR,CONDUCCION EN ESTADO DE EBRIEDAD,0,0,0,1,22:58:00
-73.1527368,-37.0838756,3840,8,REGION BIO BIO,8106,LOTA,CARRETERA FERNANDO MAIRA,CONDELL,0,"Fernando Maira Nº 580 – A, Sector La Cantera, Lota, Bío Bío, Chile",-37.0838756,-73.1527368,1,GEOMETRIC_CENTER,2020,1280019,2020/05/09 00:00:00+00,ATROPELLO,ATROPELLO,URBANA,IMPRUDENCIA DEL CONDUCTOR,NO RESPETAR DERECHO PREFERENTE DE PASO A PEATON,0,0,2,0,20:10:00
-72.3458636,-37.4656126,3841,8,REGION BIO BIO,8301,LOS ANGELES,COSTANERA QUILQUE,VOLCAN CALBUCO,0,"Volcán Calbuco & Costanera Quilque Norte, Los Angeles, Los Ángeles, Bío Bío, Chile",-37.4656126,-72.3458636,1,GEOMETRIC_CENTER,2020,1280112,2020/05/07 00:00:00+00,CHOQUE FRONTAL,CHOQUE,URBANA,IMPRUDENCIA DEL CONDUCTOR,CONDUCCION NO ATENTO CONDICIONES TRANSITO MOMENTO,0,0,0,0,08:55:00
-73.0664635,-36.7918699,3842,8,REGION BIO BIO,8110,TALCAHUANO,JORGE ALESSANDRI PALMA, ,3107,"Av. Pdte. Jorge Alessandri Rodriguez 3177, Talcahuano, Bío Bío, Chile",-36.7918699,-73.0664635,1,ROOFTOP,2020,1280206,2020/05/07 00:00:00+00,VOLCADURA,VOLCADURA,URBANA,PERDIDA CONTROL VEHICULO,PERDIDA CONTROL VEHICULO,0,0,1,0,09:00:00
-73.0905075,-36.8073748,3843,8,REGION BIO BIO,8112,HUALPEN,COSTANERA, ,9781,"Av. Costanera 9781, Hualpén, Bío Bío, Chile",-36.8073748,-73.0905075,1,ROOFTOP,2020,1280207,2020/05/07 00:00:00+00,ATROPELLO,ATROPELLO,URBANA,IMPRUDENCIA DEL PEATON,PEATON CRUZA CAMINO O CARRETERA SIN ADOPTAR PRECAUCIONES,0,0,0,1,23:40:00
-73.0993791,-36.8006668,3844,8,REGION BIO BIO,8112,HUALPEN,QUINCHAMALI,RUCALHUE,0,"Quinchamalí & Avenida Rucalhue, Hualpén, Bío Bío, Chile",-36.8006668,-73.0993791,1,GEOMETRIC_CENTER,2020,1280235,2020/05/09 00:00:00+00,COLISION,COLISION,URBANA,CAUSAS NO DETERMINADAS,CAUSAS NO DETERMINADAS,0,0,1,1,08:20:00
-73.1068853,-36.7972768,3845,8,REGION BIO BIO,8112,HUALPEN,GRAN BRETAÑA, ,4235,"Av. Gran Bretaña 4235, Hualpén, Bío Bío, Chile",-36.7972768,-73.1068853,1,RANGE_INTERPOLATED,2020,1280247,2020/05/10 00:00:00+00,CHOQUE FRONTAL,CHOQUE,URBANA,ALCOHOL EN CONDUCTOR,CONDUCCION BAJO LA INFLUENCIA DEL ALCOHOL,0,0,0,1,00:35:00
-73.0915947,-36.8096243,3846,8,REGION BIO BIO,8112,HUALPEN,GRAN BRETAÑA,COSTANERA,0,"Avenida Costanera 9200 Hualpén, Concepción, Hualpén, Bío Bío, Chile",-36.8096243,-73.0915947,1,GEOMETRIC_CENTER,2020,1280252,2020/05/10 00:00:00+00,CHOQUE FRONTAL,CHOQUE,URBANA,ALCOHOL EN CONDUCTOR,CONDUCCION EN ESTADO DE EBRIEDAD,1,1,1,1,01:15:00
-72.3516086,-37.4814679,3847,8,REGION BIO BIO,8301,LOS ANGELES,VICUÑA MACKENNA, ,290,"Av. Vicuña Mackenna 290, Los Angeles, Los Ángeles, Bío Bío, Chile",-37.4814679,-72.3516086,1,RANGE_INTERPOLATED,2020,1280392,2020/05/09 00:00:00+00,CHOQUE POSTERIOR/FRENTE,CHOQUE,URBANA,IMPRUDENCIA DEL CONDUCTOR,CONDUCCION NO ATENTO CONDICIONES TRANSITO MOMENTO,0,0,0,0,15:30:00
-72.3425961,-37.4858825,3848,8,REGION BIO BIO,8301,LOS ANGELES,RENE SEPULVEDA,SANTIAGO BARRERA,0,"René Sepúlveda & Santiago Barrera, Los Angeles, Los Ángeles, Bío Bío, Chile",-37.4858825,-72.3425961,1,GEOMETRIC_CENTER,2020,1280417,2020/05/11 00:00:00+00,COLISION LATERAL,COLISION,URBANA,DESOBEDIENCIA A SEÑALIZACION,SEÑALIZACION DESOBEDECER SEÑAL PARE,0,0,0,2,17:00:00
-72.3551717,-37.4637115,3849,8,REGION BIO BIO,8301,LOS ANGELES,ERCILLA,GALVARINO,0,"Galvarino & Ercilla, Los Angeles, Los Ángeles, Bío Bío, Chile",-37.4637115,-72.3551717,1,GEOMETRIC_CENTER,2020,1280419,2020/05/11 00:00:00+00,COLISION PERPENDICULAR,COLISION,URBANA,IMPRUDENCIA DEL CONDUCTOR,CONDUCCION NO ATENTO CONDICIONES TRANSITO MOMENTO,0,0,0,1,10:20:00
-72.3696516,-37.4702726,3850,8,REGION BIO BIO,8301,LOS ANGELES,CONCEPCION,PADRE HURTADO,0,"Avda Alemania 1125, Los Angeles, Los Ángeles, Bío Bío, Chile",-37.4702726,-72.3696516,1,ROOFTOP,2020,1280447,2020/05/11 00:00:00+00,COLISION LATERAL,COLISION,URBANA,PERDIDA CONTROL VEHICULO,PERDIDA CONTROL VEHICULO,0,1,0,0,18:45:00
-73.0410298,-36.8251949,3851,8,REGION BIO BIO,8101,CONCEPCION,PAICAVI,SAN MARTIN,0,"San Martín & Paicaví, Concepción, Bío Bío, Chile",-36.8251949,-73.0410298,1,GEOMETRIC_CENTER,2020,1280597,2020/05/09 00:00:00+00,COLISION PERPENDICULAR,COLISION,URBANA,IMPRUDENCIA DEL CONDUCTOR,CONDUCCION NO ATENTO CONDICIONES TRANSITO MOMENTO,0,0,0,0,13:50:00
-73.0417711,-36.821653,3852,8,REGION BIO BIO,8101,CONCEPCION,FREIRE,JANEQUEO,0,"Janequeo & Freire, Concepción, Bío Bío, Chile",-36.821653,-73.0417711,1,GEOMETRIC_CENTER,2020,1280604,2020/05/09 00:00:00+00,COLISION PERPENDICULAR,COLISION,URBANA,DESOBEDIENCIA A SEÑALIZACION,SEÑALIZACION DESOBEDECER SEÑAL PARE,0,0,0,0,19:30:00
-73.0379937,-36.8175127,3853,8,REGION BIO BIO,8101,CONCEPCION,LIENTUR,LOS CARRERA,0,"Lientur & Avenida los Carrera, Concepción, Bío Bío, Chile",-36.8175127,-73.0379937,1,GEOMETRIC_CENTER,2020,1280611,2020/05/09 00:00:00+00,COLISION PERPENDICULAR,COLISION,URBANA,DESOBEDIENCIA A SEÑALIZACION,SEÑALIZACION DESOBEDECER LUZ ROJA DE SEMAFORO,0,0,0,3,17:00:00
-73.0568699,-36.8331809,3854,8,REGION BIO BIO,8101,CONCEPCION,COSTANERA,RANCAGUA,0,"Arturo Prat 199, Concepción, Bío Bío, Chile",-36.8331809,-73.0568699,1,ROOFTOP,2020,1280640,2020/05/11 00:00:00+00,COLISION LATERAL,COLISION,URBANA,IMPRUDENCIA DEL CONDUCTOR,ADELANTAMIENTO SIN EL ESPACIO O TIEMPO SUFICIENTE,0,0,0,0,17:00:00
-73.0511549,-36.8318796,3855,8,REGION BIO BIO,8101,CONCEPCION,CHACABUCO,LINCOYAN,0,"Av. Chacabuco & Lincoyán, Concepción, Bío Bío, Chile",-36.8318796,-73.0511549,1,GEOMETRIC_CENTER,2020,1280641,2020/05/11 00:00:00+00,COLISION POR ALCANCE,COLISION,URBANA,DESOBEDIENCIA A SEÑALIZACION,SEÑALIZACION DESOBEDECER LUZ ROJA DE SEMAFORO,0,0,0,0,09:20:00
-73.0360908,-36.7929939,3856,8,REGION BIO BIO,8101,CONCEPCION,ANDALIEN, ,970,"Av. Andalien 970, Concepción, Bío Bío, Chile",-36.7929939,-73.0360908,1,RANGE_INTERPOLATED,2020,1280648,2020/05/12 00:00:00+00,ATROPELLO,ATROPELLO,URBANA,IMPRUDENCIA DEL CONDUCTOR,NO RESPETAR DERECHO PREFERENTE DE PASO A PEATON,0,0,0,1,18:30:00
-73.0598003,-36.8367012,3857,8,REGION BIO BIO,8101,CONCEPCION,COSTANERA,ESMERALDA,0,"Costanera & Esmeralda, Concepción, Bío Bío, Chile",-36.8367012,-73.0598003,1,GEOMETRIC_CENTER,2020,1280650,2020/05/13 00:00:00+00,VOLCADURA,VOLCADURA,URBANA,PERDIDA CONTROL VEHICULO,PERDIDA CONTROL VEHICULO,0,1,0,0,14:00:00
-73.0518821,-36.825672,3858,8,REGION BIO BIO,8101,CONCEPCION,CAUPOLICAN, ,634,"Caupolicán 634, Concepción, Bío Bío, Chile",-36.825672,-73.0518821,1,RANGE_INTERPOLATED,2020,1280668,2020/05/09 00:00:00+00,CHOQUE,CHOQUE,URBANA,IMPRUDENCIA DEL CONDUCTOR,CONDUCCION NO ATENTO CONDICIONES TRANSITO MOMENTO,0,0,0,0,17:30:00
-73.0905075,-36.8073748,3859,8,REGION BIO BIO,8112,HUALPEN,COSTANERA, ,9781,"Av. Costanera 9781, Hualpén, Bío Bío, Chile",-36.8073748,-73.0905075,1,ROOFTOP,2020,1280706,2020/05/12 00:00:00+00,COLISION,COLISION,URBANA,IMPRUDENCIA DEL CONDUCTOR,CONDUCCION NO ATENTO CONDICIONES TRANSITO MOMENTO,0,0,0,1,17:05:00
-73.0227439,-36.931672,3860,8,REGION BIO BIO,8103,CHIGUAYANTE,MANUEL RODRIGUEZ,PINARES,0,"Pinares & Avenida Manuel Rodríguez, Chiguayante, Bío Bío, Chile",-36.931672,-73.0227439,1,GEOMETRIC_CENTER,2020,1280707,2020/05/02 00:00:00+00,COLISION PERPENDICULAR,COLISION,URBANA,DESOBEDIENCIA A SEÑALIZACION,SEÑALIZACION DESOBEDECER LUZ ROJA DE SEMAFORO,0,0,0,0,13:40:00
-72.3348596,-37.4847066,3861,8,REGION BIO BIO,8301,LOS ANGELES,FRANCISCO ENCINA, ,738,"Av. Francisco Encina 738, Los Angeles, Los Ángeles, Bío Bío, Chile",-37.4847066,-72.3348596,1,ROOFTOP,2020,1280721,2020/05/13 00:00:00+00,ATROPELLO,ATROPELLO,URBANA,IMPRUDENCIA DEL CONDUCTOR,CONDUCCION NO ATENTO CONDICIONES TRANSITO MOMENTO,0,1,0,1,18:20:00
-72.3384135,-37.4685891,3862,8,REGION BIO BIO,8301,LOS ANGELES,ALEMANIA,MARCONI,0,"Avenida Alemania & Guillermo Marconi, Los Angeles, Los Ángeles, Bío Bío, Chile",-37.4685891,-72.3384135,1,GEOMETRIC_CENTER,2020,1280724,2020/05/13 00:00:00+00,ATROPELLO,ATROPELLO,URBANA,CAUSAS NO DETERMINADAS,CAUSAS NO DETERMINADAS,0,1,0,0,14:40:00
-73.0920073,-36.7528325,3863,8,REGION BIO BIO,8110,TALCAHUANO,CRISTOBAL COLON, ,4310,"Gómez Carreño 4310, Talcahuano, Bío Bío, Chile",-36.7528325,-73.0920073,1,RANGE_INTERPOLATED,2020,1280729,2020/05/05 00:00:00+00,COLISION POR ALCANCE,COLISION,URBANA,IMPRUDENCIA DEL CONDUCTOR,CONDUCCION SIN MANTENER DISTANCIA RAZONABLE NI PRUDENTE,0,0,0,1,12:00:00
-73.0980382,-36.7797718,3864,8,REGION BIO BIO,8110,TALCAHUANO,LAS GOLONDRINAS, ,1024,"Av. Las Golondrinas 1024, Talcahuano, Bío Bío, Chile",-36.7797718,-73.0980382,1,ROOFTOP,2020,1280779,2020/05/13 00:00:00+00,ATROPELLO,ATROPELLO,URBANA,IMPRUDENCIA DEL PEATON,PEATON CRUZA CALZADA FUERA PASO PEATONES,0,1,0,0,21:57:00
-72.3302156,-37.4843925,3865,8,REGION BIO BIO,8301,LOS ANGELES,FRANCISCO ENCINA, ,1100,"Av. Francisco Encina 1100, Los Ángeles, Bío Bío, Chile",-37.4843925,-72.3302156,1,RANGE_INTERPOLATED,2020,1280814,2020/05/14 00:00:00+00,COLISION LATERAL,COLISION,URBANA,IMPRUDENCIA DEL CONDUCTOR,CONDUCCION NO ATENTO CONDICIONES TRANSITO MOMENTO,0,0,0,0,19:00:00
-73.0173901,-36.9532201,3866,8,REGION BIO BIO,8103,CHIGUAYANTE,ARANCIBIA, ,374,"Chiguayante, Bío Bío, Chile",-36.9532201,-73.0173901,1,APPROXIMATE,2020,1281952,2020/05/18 00:00:00+00,CHOQUE FRONTAL,CHOQUE,URBANA,ALCOHOL EN PEATON,EBRIEDAD DEL PEATON,0,0,0,1,15:30:00
-73.1550186,-37.1036726,3867,8,REGION BIO BIO,8106,LOTA,ACCESO FUERTE VIEJO, ,0,"Cam. Al Fuerte, Lota, Bío Bío, Chile",-37.1036726,-73.1550186,1,GEOMETRIC_CENTER,2020,1280918,2020/05/11 00:00:00+00,CHOQUE FRENTE/FRENTE,CHOQUE,URBANA,IMPRUDENCIA DEL CONDUCTOR,CONDUCCION NO ATENTO CONDICIONES TRANSITO MOMENTO,0,0,0,0,12:00:00
-73.1555425,-37.0763081,3868,8,REGION BIO BIO,8106,LOTA,MIRAMAR,TUCAPEL,0,"Miramar 84, Lota, Bío Bío, Chile",-37.0763081,-73.1555425,1,ROOFTOP,2020,1280925,2020/05/14 00:00:00+00,COLISION LATERAL,COLISION,URBANA,IMPRUDENCIA DEL CONDUCTOR,CONDUCCION NO ATENTO CONDICIONES TRANSITO MOMENTO,0,0,0,0,15:50:00
-73.397037,-37.799435,3869,8,REGION BIO BIO,8203,CAÑETE,ESMERALDA,SEGUNDO DE LINEA,0,"Esmeralda 173, Canete, Cañete, Bío Bío, Chile",-37.799435,-73.397037,1,ROOFTOP,2020,1280930,2020/05/13 00:00:00+00,COLISION,COLISION,URBANA,DESOBEDIENCIA A SEÑALIZACION,SEÑALIZACION DESOBEDECER SEÑAL PARE,0,0,0,1,21:30:00
-73.008523,-36.8244119,3870,8,REGION BIO BIO,8101,CONCEPCION,CAMINO NONGUEN, ,250,"Cam. Nonguén 250, Concepción, Bío Bío, Chile",-36.8244119,-73.008523,1,ROOFTOP,2020,1281033,2020/05/14 00:00:00+00,ATROPELLO,ATROPELLO,URBANA,ALCOHOL EN PEATON,EBRIEDAD DEL PEATON,0,0,0,1,19:20:00
-73.0600454,-36.8279683,3871,8,REGION BIO BIO,8101,CONCEPCION,MAIPU,ARTURO PRAT,0,"Maipú & Arturo Prat, Concepción, Bío Bío, Chile",-36.8279683,-73.0600454,1,GEOMETRIC_CENTER,2020,1281055,2020/05/15 00:00:00+00,ATROPELLO,ATROPELLO,URBANA,IMPRUDENCIA DEL CONDUCTOR,NO RESPETAR DERECHO PREFERENTE DE PASO A PEATON,0,0,0,1,11:50:00
-73.1393969,-36.7116586,3872,8,REGION BIO BIO,8110,TALCAHUANO,SAN VICENTE, ,1396,"San Vicente 1396, Talcahuano, Bío Bío, Chile",-36.7116586,-73.1393969,1,RANGE_INTERPOLATED,2020,1281211,2020/05/09 00:00:00+00,COLISION LATERAL,COLISION,URBANA,IMPRUDENCIA DEL CONDUCTOR,ADELANTAMIENTO SIN EL ESPACIO O TIEMPO SUFICIENTE,0,0,0,0,20:00:00
-72.9894777,-36.7366946,3873,8,REGION BIO BIO,8107,PENCO,LAS HERAS,ALCAZAR,0,"Las Heras & Alcázar, Penco, Bío Bío, Chile",-36.7366946,-72.9894777,1,GEOMETRIC_CENTER,2020,1281181,2020/05/12 00:00:00+00,COLISION LATERAL,COLISION,URBANA,IMPRUDENCIA DEL CONDUCTOR,CONDUCCION NO ATENTO CONDICIONES TRANSITO MOMENTO,0,0,0,0,21:35:00
-72.9978318,-36.7383703,3874,8,REGION BIO BIO,8107,PENCO,FREIRE,MEMBRILLAR,0,"Membrillar & Freire, Penco, Bío Bío, Chile",-36.7383703,-72.9978318,1,GEOMETRIC_CENTER,2020,1281252,2020/05/13 00:00:00+00,COLISION LATERAL,COLISION,URBANA,IMPRUDENCIA DEL CONDUCTOR,CONDUCCION NO ATENTO CONDICIONES TRANSITO MOMENTO,0,0,0,0,14:10:00
-72.3420894,-37.4535359,3875,8,REGION BIO BIO,8301,LOS ANGELES,SOR VICENTA, ,1818,"Av. Sor Vicenta 1818, Los Angeles, Los Ángeles, Bío Bío, Chile",-37.4535359,-72.3420894,1,RANGE_INTERPOLATED,2020,1284828,2020/06/09 00:00:00+00,CHOQUE POSTERIOR/FRENTE,CHOQUE,URBANA,IMPRUDENCIA DEL CONDUCTOR,CONDUCCION NO ATENTO CONDICIONES TRANSITO MOMENTO,0,0,0,0,18:25:00
-73.4396899,-37.2294379,3876,8,REGION BIO BIO,8202,ARAUCO,LAS MALVINAS,TUBUL,0,"Las Malvinas, Tubul, Arauco, Bío Bío, Chile",-37.2294379,-73.4396899,1,GEOMETRIC_CENTER,2020,1281331,2020/05/02 00:00:00+00,CHOQUE FRONTAL,CHOQUE,URBANA,IMPRUDENCIA DEL CONDUCTOR,CONDUCCION NO ATENTO CONDICIONES TRANSITO MOMENTO,0,0,0,0,02:30:00
-73.0556728,-36.8248069,3877,8,REGION BIO BIO,8101,CONCEPCION,LINCOYAN,LOS CARRERA,0,"Av. los Carrera & Lincoyán, Concepción, Bío Bío, Chile",-36.8248069,-73.0556728,1,GEOMETRIC_CENTER,2020,1281421,2020/05/17 00:00:00+00,COLISION LATERAL,COLISION,URBANA,IMPRUDENCIA DEL CONDUCTOR,CONDUCCION NO ATENTO CONDICIONES TRANSITO MOMENTO,0,1,0,2,13:40:00
-73.0436675,-36.821115,3878,8,REGION BIO BIO,8101,CONCEPCION,MAIPU,PAICAVI,0,"Maipú & Paicaví, Concepción, Bío Bío, Chile",-36.821115,-73.0436675,1,GEOMETRIC_CENTER,2020,1281454,2020/05/18 00:00:00+00,COLISION PERPENDICULAR,COLISION,URBANA,IMPRUDENCIA DEL CONDUCTOR,CONDUCCION NO ATENTO CONDICIONES TRANSITO MOMENTO,0,0,0,2,15:00:00
-73.1023522,-36.7941369,3879,8,REGION BIO BIO,8112,HUALPEN,BREMEN,FRANKFORT,0,"Frankfort & Bremen, Hualpén, Bío Bío, Chile",-36.7941369,-73.1023522,1,GEOMETRIC_CENTER,2020,1281460,2020/05/13 00:00:00+00,COLISION,COLISION,URBANA,IMPRUDENCIA DEL CONDUCTOR,CONDUCIR VEHICULO EN RETROCESO,0,1,0,0,18:30:00
-73.0866314,-36.777716,3880,8,REGION BIO BIO,8110,TALCAHUANO,CRISTOBAL COLON, ,2194,"Av. Cristóbal Colón # 6900, Talcahuano, Bío Bío, Chile",-36.777716,-73.0866314,1,ROOFTOP,2020,1281489,2020/05/12 00:00:00+00,CHOQUE FRENTE/POSTERIOR,CHOQUE,URBANA,IMPRUDENCIA DEL CONDUCTOR,CONDUCCION SIN MANTENER DISTANCIA RAZONABLE NI PRUDENTE,0,0,0,0,15:40:00
-73.036506,-36.823738,3881,8,REGION BIO BIO,8101,CONCEPCION,ROOSEVELT,SAN MARTIN,0,"San Martín & Roosevelt, Concepción, Bío Bío, Chile",-36.823738,-73.036506,1,GEOMETRIC_CENTER,2020,1281569,2020/05/20 00:00:00+00,ATROPELLO,ATROPELLO,URBANA,IMPRUDENCIA DEL PEATON,PEATON CRUZA CALZADA FUERA PASO PEATONES,0,1,0,0,10:10:00
-73.1393506,-36.8500338,3882,8,REGION BIO BIO,8108,SAN PEDRO DE LA PAZ,LAS MARGARITAS, ,1809,"Las Margaritas, San Pedro de la Paz, Bío Bío, Chile",-36.8500338,-73.1393506,1,GEOMETRIC_CENTER,2020,1281836,2020/05/18 00:00:00+00,CHOQUE FRENTE/POSTERIOR,CHOQUE,URBANA,ALCOHOL EN CONDUCTOR,CONDUCCION EN ESTADO DE EBRIEDAD,0,0,0,0,07:20:00
-73.0506589,-36.8227251,3883,8,REGION BIO BIO,8101,CONCEPCION,LOS CARRERA,COLO COLO,0,"Colo Colo & Avenida los Carrera, Concepción, Bío Bío, Chile",-36.8227251,-73.0506589,1,GEOMETRIC_CENTER,2020,1281702,2020/05/19 00:00:00+00,ATROPELLO,ATROPELLO,URBANA,DESOBEDIENCIA A SEÑALIZACION,SEÑALIZACION DESOBEDECER LUZ ROJA DE SEMAFORO,0,1,0,0,19:00:00
-73.1056644,-36.7941267,3884,8,REGION BIO BIO,8112,HUALPEN,ALEMANIA, ,3806,"Alemania 3806, Hualpén, Bío Bío, Chile",-36.7941267,-73.1056644,1,ROOFTOP,2020,1281738,2020/05/15 00:00:00+00,ATROPELLO,ATROPELLO,URBANA,IMPRUDENCIA DEL CONDUCTOR,NO RESPETAR DERECHO PREFERENTE DE PASO A PEATON,0,0,1,0,11:00:00
-73.1095074,-36.788741,3885,8,REGION BIO BIO,8112,HUALPEN,GRAN BRETAÑA,O-60,0,"Gran Bretaña, Hualpén, Bío Bío, Chile",-36.788741,-73.1095074,1,GEOMETRIC_CENTER,2020,1281741,2020/05/15 00:00:00+00,COLISION,COLISION,URBANA,FALLAS MECANICAS,FALLAS MECANICAS FRENOS,0,0,0,1,15:10:00
-73.0944536,-36.791062,3886,8,REGION BIO BIO,8112,HUALPEN,RECONQUISTA,CURANILAHUE,0,"La Reconquista & Curanilahue, Hualpén, Bío Bío, Chile",-36.791062,-73.0944536,1,GEOMETRIC_CENTER,2020,1281746,2020/05/19 00:00:00+00,CHOQUE,CHOQUE,URBANA,PERDIDA CONTROL VEHICULO,PERDIDA CONTROL VEHICULO,0,0,0,0,11:50:00
-72.4074665,-37.465443,3887,8,REGION BIO BIO,8301,LOS ANGELES,CAMINO VILLA GENESIS, ,1,"Los Angeles, Los Ángeles, Bío Bío, Chile",-37.465443,-72.4074665,1,GEOMETRIC_CENTER,2020,1281785,2020/05/15 00:00:00+00,CHOQUE FRONTAL,CHOQUE,URBANA,ALCOHOL EN CONDUCTOR,CONDUCCION EN ESTADO DE EBRIEDAD,0,0,0,1,02:40:00
-73.1225102,-36.8252916,3888,8,REGION BIO BIO,8108,SAN PEDRO DE LA PAZ,COSTANERA,AVIACION,0,"Costanera & Aviación, San Pedro de la Paz, Bío Bío, Chile",-36.8252916,-73.1225102,1,GEOMETRIC_CENTER,2020,1281820,2020/05/09 00:00:00+00,COLISION POR ALCANCE,COLISION,URBANA,IMPRUDENCIA DEL CONDUCTOR,CONDUCCION NO ATENTO CONDICIONES TRANSITO MOMENTO,0,0,0,0,04:30:00
-72.9499054,-36.6130151,3889,8,REGION BIO BIO,8111,TOME,SANTIAGO OSORIO, ,1915,"Santiago Osorio 1915, Tome, Tomé, Bío Bío, Chile",-36.6130151,-72.9499054,1,ROOFTOP,2020,1281831,2020/05/23 00:00:00+00,ATROPELLO,ATROPELLO,URBANA,FALLAS MECANICAS,FALLAS MECANICAS FRENOS,0,0,1,1,18:10:00
-73.3658055,-37.6905399,3890,8,REGION BIO BIO,8206,LOS ALAMOS,BARROS ARANA,LAS ARAUCARIAS,0,"Puente Huentelí, Los Alamos, Bío Bío, Chile",-37.6905399,-73.3658055,1,GEOMETRIC_CENTER,2020,1281849,2020/05/15 00:00:00+00,ATROPELLO,ATROPELLO,URBANA,IMPRUDENCIA DEL PEATON,PEATON CRUZA CALZADA FORMA SORPRESIVA O DESCUIDADA,0,0,0,1,18:30:00