X,Y,FID,COD_REG,REGION,CUT,COMUNA,CALLE_UNO,CALLE_DOS,NUMERO,DIR_GEOCOD,LAT,LNG,VAL_COM,TIPO,Año,Idaccident,Fecha,Tipo_Accid,Tipo__CONA,Zona,Causa__CON,Causa,Fallecidos,Graves,Menos_Grav,Leves,Hora
-73.0938803,-36.8429936,3891,8,REGION BIO BIO,8108,SAN PEDRO DE LA PAZ,MICHILAMONCO, ,1120,"Av. Michimalonco 1120, San Pedro de la Paz, Bío Bío, Chile",-36.8429936,-73.0938803,1,ROOFTOP,2020,1281859,2020/05/15 00:00:00+00,CHOQUE LADO/FRENTE,CHOQUE,URBANA,CAUSAS NO DETERMINADAS,CAUSAS NO DETERMINADAS,0,0,0,0,15:50:00
-73.0715095,-36.8581001,3892,8,REGION BIO BIO,8108,SAN PEDRO DE LA PAZ,ERNESTO PINTO LAGARRIGUE,PUENTE PATRICIO AYLWIN,0,"Calle Ing. Ernesto Pinto Lagarrigue, San Pedro de la Paz, Bío Bío, Chile",-36.8581001,-73.0715095,1,GEOMETRIC_CENTER,2020,1281861,2020/05/17 00:00:00+00,ATROPELLO,ATROPELLO,URBANA,CAUSAS NO DETERMINADAS,CAUSAS NO DETERMINADAS,0,0,0,1,22:35:00
-72.3550077,-37.4810797,3893,8,REGION BIO BIO,8301,LOS ANGELES,VICUÑA MACKENNA,MANUEL RODRIGUEZ,0,"Avenida Vicuña Mackenna & Manuel Rodríguez, Los Angeles, Los Ángeles, Bío Bío, Chile",-37.4810797,-72.3550077,1,GEOMETRIC_CENTER,2020,1281902,2020/05/17 00:00:00+00,COLISION POR ALCANCE,COLISION,URBANA,IMPRUDENCIA DEL CONDUCTOR,CONDUCCION NO ATENTO CONDICIONES TRANSITO MOMENTO,0,0,0,0,12:40:00
-73.0417691,-36.8189691,3894,8,REGION BIO BIO,8101,CONCEPCION,LOS CARRERA,LAUTARO,0,"Lautaro & Avenida los Carrera, Concepción, Bío Bío, Chile",-36.8189691,-73.0417691,1,GEOMETRIC_CENTER,2020,1281922,2020/05/02 00:00:00+00,CHOQUE FRENTE/LADO,CHOQUE,URBANA,ALCOHOL EN CONDUCTOR,CONDUCCION EN ESTADO DE EBRIEDAD,0,0,0,1,21:41:00
-72.3506639,-37.4663,3895,8,REGION BIO BIO,8301,LOS ANGELES,TUCAPEL,COLON,0,"Colón & Avenida Tucapel, Los Angeles, Los Ángeles, Bío Bío, Chile",-37.4663,-72.3506639,1,GEOMETRIC_CENTER,2020,1281939,2020/05/17 00:00:00+00,COLISION FRONTAL,COLISION,URBANA,IMPRUDENCIA DEL CONDUCTOR,CONDUCCION NO ATENTO CONDICIONES TRANSITO MOMENTO,0,0,0,2,17:00:00
-73.0416395,-36.8054984,3896,8,REGION BIO BIO,8101,CONCEPCION,ALONSO DE RIVERA,LIENTUR,0,"Juan de Dios Rivera 2280, Concepción, Bío Bío, Chile",-36.8054984,-73.0416395,1,ROOFTOP,2020,1281964,2020/05/01 00:00:00+00,CHOQUE LATERAL,CHOQUE,URBANA,FALLAS MECANICAS,FALLAS MECANICAS FRENOS,0,0,0,0,21:30:00
-73.043871,-36.8161477,3897,8,REGION BIO BIO,8101,CONCEPCION,LAUTARO,MANUEL RODRIGUEZ,0,"Manuel Bulnes - Lautaro, Concepción, Bío Bío, Chile",-36.8161477,-73.043871,1,GEOMETRIC_CENTER,2020,1281999,2020/05/05 00:00:00+00,CHOQUE FRENTE/LADO,CHOQUE,URBANA,DESOBEDIENCIA A SEÑALIZACION,SEÑALIZACION DESOBEDECER SEÑAL PARE,0,0,0,0,17:00:00
-73.0411858,-36.7945677,3898,8,REGION BIO BIO,8101,CONCEPCION,FRAY BARTOLOME DEL POZO,CALLE DEL MEDIO,0,"Bartolomé del Pozo & Calle del Medio, Concepción, Bío Bío, Chile",-36.7945677,-73.0411858,1,GEOMETRIC_CENTER,2020,1282020,2020/05/07 00:00:00+00,COLISION LATERAL,COLISION,URBANA,CAUSAS NO DETERMINADAS,CAUSAS NO DETERMINADAS,0,0,0,0,18:00:00
-73.0450028,-36.816538,3899,8,REGION BIO BIO,8101,CONCEPCION,BULNES,JANEQUEO,0,"Janequeo & Manuel Bulnes, Concepción, Bío Bío, Chile",-36.816538,-73.0450028,1,GEOMETRIC_CENTER,2020,1282022,2020/05/09 00:00:00+00,CHOQUE POSTERIOR/POSTERIOR,CHOQUE,URBANA,CAUSAS NO DETERMINADAS,CAUSAS NO DETERMINADAS,0,0,0,0,11:30:00
-73.0531471,-36.8238989,3900,8,REGION BIO BIO,8101,CONCEPCION,CAUPOLICAN,LOS CARRERA,0,"Avenida los Carrera & Caupolicán, Concepción, Bío Bío, Chile",-36.8238989,-73.0531471,1,GEOMETRIC_CENTER,2020,1282025,2020/05/09 00:00:00+00,COLISION LATERAL,COLISION,URBANA,CAUSAS NO DETERMINADAS,CAUSAS NO DETERMINADAS,0,0,0,3,20:45:00
-73.0509707,-36.8047598,3901,8,REGION BIO BIO,8101,CONCEPCION,LAUTARO,VENTUS,0,"Ventus & Lautaro, Concepción, Bío Bío, Chile",-36.8047598,-73.0509707,1,GEOMETRIC_CENTER,2020,1282026,2020/05/08 00:00:00+00,COLISION LATERAL,COLISION,URBANA,CAUSAS NO DETERMINADAS,CAUSAS NO DETERMINADAS,0,0,0,0,12:00:00
-73.0545494,-36.7879264,3902,8,REGION BIO BIO,8101,CONCEPCION,COSME CHURRUCA,RAMON CARRASCO,0,"Cosme Churruca & Ramón Carrasco, Concepción, Bío Bío, Chile",-36.7879264,-73.0545494,1,GEOMETRIC_CENTER,2020,1282028,2020/05/09 00:00:00+00,CHOQUE POSTERIOR/LADO,CHOQUE,URBANA,CAUSAS NO DETERMINADAS,CAUSAS NO DETERMINADAS,0,0,0,0,19:00:00
-73.0583424,-36.8131461,3903,8,REGION BIO BIO,8101,CONCEPCION,ANIBAL PINTO,EJERCITO,0,"Anibal Pinto & Ejército, Concepción, Bío Bío, Chile",-36.8131461,-73.0583424,1,GEOMETRIC_CENTER,2020,1282032,2020/05/12 00:00:00+00,COLISION LATERAL,COLISION,URBANA,CAUSAS NO DETERMINADAS,CAUSAS NO DETERMINADAS,0,0,0,1,18:15:00
-73.0291741,-36.9073547,3904,8,REGION BIO BIO,8103,CHIGUAYANTE,COSTANERA,MANZANA II,0,"Plaza De Armas Chiguayante, Chiguayante, Bío Bío, Chile",-36.9073547,-73.0291741,1,GEOMETRIC_CENTER,2020,1282037,2020/05/15 00:00:00+00,COLISION FRONTAL,COLISION,URBANA,CAUSAS NO DETERMINADAS,CAUSAS NO DETERMINADAS,0,0,0,0,17:05:00
-72.3436175,-37.4633439,3905,8,REGION BIO BIO,8301,LOS ANGELES,AGENTINA,CALLE NUEVA,0,"Argentina 146, Biobío, Los Ángeles, Bío Bío, Chile",-37.4633439,-72.3436175,1,ROOFTOP,2020,1282052,2020/05/18 00:00:00+00,COLISION LATERAL,COLISION,URBANA,IMPRUDENCIA DEL CONDUCTOR,CONDUCCION NO ATENTO CONDICIONES TRANSITO MOMENTO,0,0,0,0,13:15:00
-73.0839035,-36.7683613,3906,8,REGION BIO BIO,8110,TALCAHUANO,JAIME REPULLO, ,98,"Jaime Repullo 98, Talcahuano, Bío Bío, Chile",-36.7683613,-73.0839035,1,RANGE_INTERPOLATED,2020,1282054,2020/05/23 00:00:00+00,COLISION LATERAL,COLISION,URBANA,IMPRUDENCIA DEL CONDUCTOR,VIRAJES INDEBIDOS,0,0,0,0,18:52:00
-72.35245,-37.4712364,3907,8,REGION BIO BIO,8301,LOS ANGELES,CAUPOLICAN,VALDIVIA,0,"Caupolicán & Valdivia, Los Angeles, Los Ángeles, Bío Bío, Chile",-37.4712364,-72.35245,1,GEOMETRIC_CENTER,2020,1282064,2020/05/19 00:00:00+00,COLISION POR ALCANCE,COLISION,URBANA,IMPRUDENCIA DEL CONDUCTOR,CONDUCCION NO ATENTO CONDICIONES TRANSITO MOMENTO,0,0,0,0,11:40:00
-73.49157,-38.3437989,3908,8,REGION BIO BIO,8207,TIRUA,ARTURO PRAT,SAN JAIME,0,"San Jaime & Arturo Prat, Tirua, Tirúa, Bío Bío, Chile",-38.3437989,-73.49157,1,GEOMETRIC_CENTER,2020,1282112,2020/05/19 00:00:00+00,COLISION,COLISION,URBANA,ALCOHOL EN CONDUCTOR,CONDUCCION EN ESTADO DE EBRIEDAD,0,0,0,1,15:48:00
-72.3482493,-37.4679062,3909,8,REGION BIO BIO,8301,LOS ANGELES,VILLAGRAN, ,492,"Villagrán 492, Los Angeles, Los Ángeles, Bío Bío, Chile",-37.4679062,-72.3482493,1,ROOFTOP,2020,1282122,2020/05/20 00:00:00+00,CHOQUE POSTERIOR/FRENTE,CHOQUE,URBANA,IMPRUDENCIA DEL CONDUCTOR,CONDUCCION NO ATENTO CONDICIONES TRANSITO MOMENTO,0,0,0,0,19:45:00
-73.0889726,-36.7762955,3910,8,REGION BIO BIO,8110,TALCAHUANO,EJERCITO, ,6742,"Ejército, Talcahuano, Bío Bío, Chile",-36.7762955,-73.0889726,1,GEOMETRIC_CENTER,2020,1282124,2020/05/13 00:00:00+00,ATROPELLO,ATROPELLO,URBANA,IMPRUDENCIA DEL CONDUCTOR,NO RESPETAR DERECHO PREFERENTE DE PASO A PEATON,0,0,0,1,10:30:00
-72.3514128,-37.476876,3911,8,REGION BIO BIO,8301,LOS ANGELES,BERNARDO OHIGGINS,PATRICIO LYNCH,0,"Patricio Lynch & Bernardo OHiggins, Los Angeles, Los Ángeles, Bío Bío, Chile",-37.476876,-72.3514128,1,GEOMETRIC_CENTER,2020,1282129,2020/05/21 00:00:00+00,COLISION LATERAL,COLISION,URBANA,DESOBEDIENCIA A SEÑALIZACION,SEÑALIZACION DESOBEDECER SEÑAL PARE,0,0,0,3,14:18:00
-73.1173747,-36.728888,3912,8,REGION BIO BIO,8110,TALCAHUANO,DURENSA,JUAN ANTONIO RIOS,0,"Juan Antonio Rios - La Marina, Talcahuano, Bío Bío, Chile",-36.728888,-73.1173747,1,GEOMETRIC_CENTER,2020,1282130,2020/05/16 00:00:00+00,COLISION LATERAL,COLISION,URBANA,IMPRUDENCIA DEL CONDUCTOR,NO RESPETAR DERECHO PREFERENTE DE PASO A VEHICULO,0,0,0,0,09:00:00
-73.0365151,-36.8918814,3913,8,REGION BIO BIO,8103,CHIGUAYANTE,COSTANERA, ,5,"Av. Costanera, Chiguayante, Bío Bío, Chile",-36.8918814,-73.0365151,1,GEOMETRIC_CENTER,2020,1282149,2020/05/07 00:00:00+00,COLISION LATERAL,COLISION,URBANA,IMPRUDENCIA DEL CONDUCTOR,ADELANTAMIENTO SOBREPASANDO LINEA CONTINUA,0,0,0,0,16:30:00
-73.0157146,-36.9478462,3914,8,REGION BIO BIO,8103,CHIGUAYANTE,MANUEL RODRIGUEZ,PORVENIR,0,"C. Porvenir & Av. Manuel Rodríguez, Chiguayante, Bío Bío, Chile",-36.9478462,-73.0157146,1,GEOMETRIC_CENTER,2020,1282159,2020/05/19 00:00:00+00,COLISION PERPENDICULAR,COLISION,URBANA,CAUSAS NO DETERMINADAS,CAUSAS NO DETERMINADAS,0,0,0,1,18:20:00
-73.0589464,-36.836343,3915,8,REGION BIO BIO,8101,CONCEPCION,ESMERALDA,BOMB FUENTES,0,"Esmeralda, Concepción, Bío Bío, Chile",-36.836343,-73.0589464,1,GEOMETRIC_CENTER,2020,1282161,2020/05/25 00:00:00+00,COLISION FRONTAL,COLISION,URBANA,IMPRUDENCIA DEL CONDUCTOR,VIRAJES INDEBIDOS,0,0,0,1,08:40:00
-73.0224698,-36.9505307,3916,8,REGION BIO BIO,8103,CHIGUAYANTE,PORVENIR, ,562,"C. Porvenir 562, Chiguayante, Bío Bío, Chile",-36.9505307,-73.0224698,1,RANGE_INTERPOLATED,2020,1282162,2020/05/20 00:00:00+00,CHOQUE POSTERIOR,CHOQUE,URBANA,OTRAS CAUSAS,OTRAS CAUSAS,0,0,0,0,14:30:00
-72.3415378,-37.4700613,3917,8,REGION BIO BIO,8301,LOS ANGELES,MENDOZA,COLO COLO,0,"Balmaceda 441, Los Angeles, Los Ángeles, Bío Bío, Chile",-37.4700613,-72.3415378,1,ROOFTOP,2020,1282168,2020/05/22 00:00:00+00,COLISION,COLISION,URBANA,IMPRUDENCIA DEL CONDUCTOR,CONDUCCION NO ATENTO CONDICIONES TRANSITO MOMENTO,0,1,0,0,17:40:00
-73.0442069,-36.8252458,3918,8,REGION BIO BIO,8101,CONCEPCION,OHIGGINS,OROMPELLO,0,"Orompello & Libertador General Bernardo OHiggins, Concepción, Bío Bío, Chile",-36.8252458,-73.0442069,1,GEOMETRIC_CENTER,2020,1282175,2020/05/25 00:00:00+00,COLISION LATERAL,COLISION,URBANA,IMPRUDENCIA DEL CONDUCTOR,CONDUCCION NO ATENTO CONDICIONES TRANSITO MOMENTO,0,0,0,0,08:50:00
-72.3683669,-37.4801677,3919,8,REGION BIO BIO,8301,LOS ANGELES,PADRE HURTADO,VICUÑA MACKENNA,0,"Av. Vicuña Mackenna & Av. Padre Hurtado, Los Angeles, Los Ángeles, Bío Bío, Chile",-37.4801677,-72.3683669,1,GEOMETRIC_CENTER,2020,1282181,2020/05/22 00:00:00+00,COLISION,COLISION,URBANA,IMPRUDENCIA DEL CONDUCTOR,CONDUCCION NO ATENTO CONDICIONES TRANSITO MOMENTO,0,0,0,0,19:30:00
-72.3480797,-37.4686776,3920,8,REGION BIO BIO,8301,LOS ANGELES,VILLAGRAN, ,471,"Villagrán 471, Los Angeles, Los Ángeles, Bío Bío, Chile",-37.4686776,-72.3480797,1,ROOFTOP,2020,1282186,2020/05/22 00:00:00+00,COLISION LATERAL,COLISION,URBANA,IMPRUDENCIA DEL CONDUCTOR,CONDUCCION NO ATENTO CONDICIONES TRANSITO MOMENTO,0,0,0,0,19:00:00
-72.3510012,-37.4839066,3921,8,REGION BIO BIO,8301,LOS ANGELES,LAS QUINTAS,BERNARDO OHIGGINS,0,"Las Quintas & Bernardo OHiggins, Los Angeles, Los Ángeles, Bío Bío, Chile",-37.4839066,-72.3510012,1,GEOMETRIC_CENTER,2020,1282200,2020/05/23 00:00:00+00,COLISION FRONTAL,COLISION,URBANA,IMPRUDENCIA DEL CONDUCTOR,CONDUCCION NO ATENTO CONDICIONES TRANSITO MOMENTO,0,0,0,1,09:45:00
-72.3299507,-37.4858016,3922,8,REGION BIO BIO,8301,LOS ANGELES,CALI,LIMA,0,"Cali & Lima, Los Angeles, Los Ángeles, Bío Bío, Chile",-37.4858016,-72.3299507,1,GEOMETRIC_CENTER,2020,1282207,2020/05/23 00:00:00+00,COLISION FRONTAL,COLISION,URBANA,IMPRUDENCIA DEL CONDUCTOR,CONDUCCION NO ATENTO CONDICIONES TRANSITO MOMENTO,0,0,0,0,17:10:00
-73.0461896,-36.8222157,3923,8,REGION BIO BIO,8101,CONCEPCION,MAIPU,OROMPELLO,0,"Maipú & Orompello, Concepción, Bío Bío, Chile",-36.8222157,-73.0461896,1,GEOMETRIC_CENTER,2020,1282208,2020/05/20 00:00:00+00,COLISION PERPENDICULAR,COLISION,URBANA,IMPRUDENCIA DEL CONDUCTOR,NO RESPETAR DERECHO PREFERENTE DE PASO A VEHICULO,0,0,0,0,20:00:00
-73.1186598,-36.8372377,3924,8,REGION BIO BIO,8108,SAN PEDRO DE LA PAZ,PEDRO AGUIRRE CERDA,DIAGONAL BIO BIO,0,"Avenida Diagonal Bio Bio & Pedro Aguirre Cerda, San Pedro de la Paz, Bío Bío, Chile",-36.8372377,-73.1186598,1,GEOMETRIC_CENTER,2020,1282221,2020/05/25 00:00:00+00,COLISION POR ALCANCE,COLISION,URBANA,IMPRUDENCIA DEL CONDUCTOR,CONDUCCION SIN MANTENER DISTANCIA RAZONABLE NI PRUDENTE,0,0,0,0,19:20:00
-72.3683935,-37.4801144,3925,8,REGION BIO BIO,8301,LOS ANGELES,VICUÑA MACKENNA, ,2050,"Av. Vicuña Mackenna 2050, Los Angeles, Los Ángeles, Bío Bío, Chile",-37.4801144,-72.3683935,1,RANGE_INTERPOLATED,2020,1282230,2020/05/24 00:00:00+00,CHOQUE FRONTAL,CHOQUE,URBANA,ALCOHOL EN CONDUCTOR,CONDUCCION EN ESTADO DE EBRIEDAD,0,0,0,0,06:10:00
-72.3815733,-37.4590739,3926,8,REGION BIO BIO,8301,LOS ANGELES,LOS ARRIEROS, ,2526,"Los Arrieros 2526, Los Ángeles, Bío Bío, Chile",-37.4590739,-72.3815733,1,RANGE_INTERPOLATED,2020,1282238,2020/05/24 00:00:00+00,COLISION,COLISION,URBANA,ALCOHOL EN CONDUCTOR,CONDUCCION BAJO LA INFLUENCIA DEL ALCOHOL,0,0,0,0,00:02:00
-72.3491958,-37.4642725,3927,8,REGION BIO BIO,8301,LOS ANGELES,ALMAGRO, ,793,"Almagro 793, Los Angeles, Los Ángeles, Bío Bío, Chile",-37.4642725,-72.3491958,1,ROOFTOP,2020,1282240,2020/05/25 00:00:00+00,COLISION LATERAL,COLISION,URBANA,IMPRUDENCIA DEL CONDUCTOR,CONDUCCION NO ATENTO CONDICIONES TRANSITO MOMENTO,0,0,0,0,13:30:00
-72.3498042,-37.4510416,3928,8,REGION BIO BIO,8301,LOS ANGELES,HELIOS, ,712,"Helios 712, Los Ángeles, Bío Bío, Chile",-37.4510416,-72.3498042,1,RANGE_INTERPOLATED,2020,1282393,2020/05/26 00:00:00+00,CHOQUE FRENTE/POSTERIOR,CHOQUE,URBANA,IMPRUDENCIA DEL CONDUCTOR,CONDUCCION NO ATENTO CONDICIONES TRANSITO MOMENTO,0,0,0,0,17:20:00
-73.1580858,-37.0907842,3929,8,REGION BIO BIO,8106,LOTA,PEDRO AGUIRRE CERDA,SQUELLA,0,"Pedro Aguirre Cerda & Squella, Lota, Bío Bío, Chile",-37.0907842,-73.1580858,1,GEOMETRIC_CENTER,2020,1282441,2020/05/16 00:00:00+00,ATROPELLO,ATROPELLO,URBANA,IMPRUDENCIA DEL CONDUCTOR,NO RESPETAR DERECHO PREFERENTE DE PASO A PEATON,0,0,0,1,19:00:00
-73.1644756,-37.0828408,3930,8,REGION BIO BIO,8106,LOTA,LORETO COUSIÑO, ,112,"Loreto Causiño 112, Lota, Bío Bío, Chile",-37.0828408,-73.1644756,1,RANGE_INTERPOLATED,2020,1282448,2020/05/20 00:00:00+00,CHOQUE POSTERIOR/FRENTE,CHOQUE,URBANA,IMPRUDENCIA DEL CONDUCTOR,CONDUCCION NO ATENTO CONDICIONES TRANSITO MOMENTO,0,0,0,0,17:25:00
-73.1570256,-37.0942973,3931,8,REGION BIO BIO,8106,LOTA,GALVARINO,COUSIÑO,0,"Galvarino & Cousiño, Lota, Bío Bío, Chile",-37.0942973,-73.1570256,1,GEOMETRIC_CENTER,2020,1282456,2020/05/22 00:00:00+00,CHOQUE LATERAL,CHOQUE,URBANA,OTRAS CAUSAS,OTRAS CAUSAS,0,0,0,0,14:10:00
-73.152504,-36.9045605,3932,8,REGION BIO BIO,8108,SAN PEDRO DE LA PAZ,COSTANERA,CUATRO NORTE,0,"Av Costanera & Av. Cuatro Sur, San Pedro de la Paz, Bío Bío, Chile",-36.9045605,-73.152504,1,GEOMETRIC_CENTER,2020,1282480,2020/05/25 00:00:00+00,COLISION LATERAL,COLISION,URBANA,ALCOHOL EN CONDUCTOR,CONDUCCION EN ESTADO DE EBRIEDAD,0,0,0,1,23:30:00
-73.3118783,-37.2435279,3933,8,REGION BIO BIO,8202,ARAUCO,LORD COCHRANE, ,8,"Cochrane 8, Arauco, Bío Bío, Chile",-37.2435279,-73.3118783,1,RANGE_INTERPOLATED,2020,1282510,2020/05/08 00:00:00+00,ATROPELLO,ATROPELLO,URBANA,ALCOHOL EN PEATON,EBRIEDAD DEL PEATON,0,1,0,0,20:00:00
-72.3611619,-37.4670645,3934,8,REGION BIO BIO,8301,LOS ANGELES,LOS ANGELES,LIENTUR,0,"Av. Los Angeles & Lientur, Los Angeles, Los Ángeles, Bío Bío, Chile",-37.4670645,-72.3611619,1,GEOMETRIC_CENTER,2020,1282540,2020/05/26 00:00:00+00,COLISION,COLISION,URBANA,IMPRUDENCIA DEL CONDUCTOR,CONDUCCION NO ATENTO CONDICIONES TRANSITO MOMENTO,0,0,0,1,20:20:00
-73.1130371,-36.8303895,3935,8,REGION BIO BIO,8108,SAN PEDRO DE LA PAZ,MOISES AMARAL,ENRIQUE SORO,0,"Enrique Soro & Moisés Amaral, San Pedro de la Paz, Bío Bío, Chile",-36.8303895,-73.1130371,1,GEOMETRIC_CENTER,2020,1282653,2020/05/27 00:00:00+00,COLISION LATERAL,COLISION,URBANA,IMPRUDENCIA DEL CONDUCTOR,CONDUCCION NO ATENTO CONDICIONES TRANSITO MOMENTO,0,0,0,1,11:30:00
-73.3210905,-37.2535985,3936,8,REGION BIO BIO,8202,ARAUCO,ARTURO PRAT,PASAJE 2 VILLA MIRAMAR,0,"Pje. 2, Arauco, Bío Bío, Chile",-37.2535985,-73.3210905,1,GEOMETRIC_CENTER,2020,1282660,2020/05/10 00:00:00+00,COLISION LATERAL,COLISION,URBANA,IMPRUDENCIA DEL CONDUCTOR,CONDUCCION NO ATENTO CONDICIONES TRANSITO MOMENTO,0,0,1,0,12:18:00
-73.148943,-36.8468558,3937,8,REGION BIO BIO,8108,SAN PEDRO DE LA PAZ,COSTANERA,PASAJE CIENTO SIETE,0,"Pje. Ciento Siete 1299, San Pedro de la Paz, Bío Bío, Chile",-36.8468558,-73.148943,1,ROOFTOP,2020,1282662,2020/05/27 00:00:00+00,COLISION LATERAL,COLISION,URBANA,IMPRUDENCIA DEL CONDUCTOR,CONDUCCION NO ATENTO CONDICIONES TRANSITO MOMENTO,0,0,0,0,18:15:00
-73.112117,-36.8000857,3938,8,REGION BIO BIO,8112,HUALPEN,COSTANERA,GRAN BRETAÑA,0,"C. la Roda, Hualpén, Bío Bío, Chile",-36.8000857,-73.112117,1,GEOMETRIC_CENTER,2020,1282727,2020/05/28 00:00:00+00,COLISION,COLISION,URBANA,IMPRUDENCIA DEL CONDUCTOR,CONDUCCION CAMBIAR SORPRESIVAMENTE PISTA CIRCULACION,0,0,0,0,14:15:00
-73.0988847,-36.7414124,3939,8,REGION BIO BIO,8110,TALCAHUANO,CRISTOABL COLON, ,3601,"Colón 3180, Talcahuano, Bío Bío, Chile",-36.7414124,-73.0988847,1,ROOFTOP,2020,1282893,2020/05/20 00:00:00+00,COLISION LATERAL,COLISION,URBANA,IMPRUDENCIA DEL CONDUCTOR,VIRAJES INDEBIDOS,0,0,0,0,21:30:00
-73.1110942,-36.7332101,3940,8,REGION BIO BIO,8110,TALCAHUANO,HUALPEN, ,2194,"Hualpén, Talcahuano, Bío Bío, Chile",-36.7332101,-73.1110942,1,GEOMETRIC_CENTER,2020,1282896,2020/05/21 00:00:00+00,CHOQUE FRONTAL,CHOQUE,URBANA,PERDIDA CONTROL VEHICULO,PERDIDA CONTROL VEHICULO,0,0,0,0,14:00:00
-73.640813,-37.5981015,3941,8,REGION BIO BIO,8201,LEBU,IGNACIO CARRERA PINTO,GABRIEL GONZALEZ VIDELA,0,"Ignacio Carrera Pinto & Gabriel Gonzalez Videla, Lebu, Bío Bío, Chile",-37.5981015,-73.640813,1,GEOMETRIC_CENTER,2020,1282897,2020/05/18 00:00:00+00,COLISION POR ALCANCE,COLISION,URBANA,PERDIDA CONTROL VEHICULO,PERDIDA CONTROL VEHICULO,0,0,0,0,14:25:00
-72.6693171,-37.5022086,3942,8,REGION BIO BIO,8306,NACIMIENTO,JORGE MONTT, ,780,"Jorge Montt 450, Nacimiento, Bío Bío, Chile",-37.5022086,-72.6693171,1,ROOFTOP,2020,1282934,2020/05/14 00:00:00+00,CHOQUE,CHOQUE,URBANA,ALCOHOL EN CONDUCTOR,CONDUCCION EN ESTADO DE EBRIEDAD,0,0,0,0,00:38:00
-72.679011,-37.5047827,3943,8,REGION BIO BIO,8306,NACIMIENTO,LAS ROSAS, ,994,"Las Rosas 994, Nacimiento, Bío Bío, Chile",-37.5047827,-72.679011,1,ROOFTOP,2020,1282952,2020/05/24 00:00:00+00,CHOQUE,CHOQUE,URBANA,ALCOHOL EN CONDUCTOR,CONDUCCION EN ESTADO DE EBRIEDAD,0,0,0,1,06:30:00
-73.0032143,-36.8206318,3944,8,REGION BIO BIO,8101,CONCEPCION,GRAL BONILLA, ,2010,"Av. Gral. Oscar Bonilla 2010, Concepción, Bío Bío, Chile",-36.8206318,-73.0032143,1,ROOFTOP,2020,1283089,2020/05/26 00:00:00+00,ATROPELLO,ATROPELLO,URBANA,DESOBEDIENCIA A SEÑALIZACION,SEÑALIZACION DESOBEDECER OTRA,0,0,0,0,12:27:00
-73.0287691,-36.816274,3945,8,REGION BIO BIO,8101,CONCEPCION,GRAL TORO,GRAL NOVOA,0,"General Novoa & General Toro, Concepción, Bío Bío, Chile",-36.816274,-73.0287691,1,GEOMETRIC_CENTER,2020,1283093,2020/05/27 00:00:00+00,OTRO TIPO,OTRO TIPO,URBANA,OTRAS CAUSAS,OTRAS CAUSAS,0,0,0,0,07:15:00
-73.0537369,-36.8253528,3946,8,REGION BIO BIO,8101,CONCEPCION,MAIPU,RENGO,0,"Rengo & Maipú, Concepción, Bío Bío, Chile",-36.8253528,-73.0537369,1,GEOMETRIC_CENTER,2020,1283100,2020/05/29 00:00:00+00,CHOQUE POSTERIOR,CHOQUE,URBANA,IMPRUDENCIA DEL CONDUCTOR,CONDUCCION SIN MANTENER DISTANCIA RAZONABLE NI PRUDENTE,0,0,0,0,12:30:00
-73.0468096,-36.8237537,3947,8,REGION BIO BIO,8101,CONCEPCION,TUCAPEL,FREIRE,0,"Tucapel & Freire, Concepción, Bío Bío, Chile",-36.8237537,-73.0468096,1,GEOMETRIC_CENTER,2020,1283102,2020/05/29 00:00:00+00,COLISION PERPENDICULAR,COLISION,URBANA,IMPRUDENCIA DEL CONDUCTOR,CONDUCCION NO ATENTO CONDICIONES TRANSITO MOMENTO,0,0,0,0,15:10:00
-73.0468096,-36.8237537,3948,8,REGION BIO BIO,8101,CONCEPCION,FREIRE,TUCAPEL,0,"Tucapel & Freire, Concepción, Bío Bío, Chile",-36.8237537,-73.0468096,1,GEOMETRIC_CENTER,2020,1283178,2020/05/30 00:00:00+00,COLISION PERPENDICULAR,COLISION,URBANA,IMPRUDENCIA DEL CONDUCTOR,CONDUCCION NO ATENTO CONDICIONES TRANSITO MOMENTO,0,0,0,0,11:20:00
-73.1015716,-36.7846471,3949,8,REGION BIO BIO,8112,HUALPEN,ALEMANIA,FINLANDIA,0,"Alemania & Finlandia, Hualpén, Bío Bío, Chile",-36.7846471,-73.1015716,1,GEOMETRIC_CENTER,2020,1283181,2020/05/30 00:00:00+00,COLISION,COLISION,URBANA,IMPRUDENCIA DEL CONDUCTOR,NO RESPETAR DERECHO PREFERENTE DE PASO A PEATON,0,0,0,2,18:05:00
-73.2210512,-37.2575529,3950,8,REGION BIO BIO,8202,ARAUCO,LA MESETA, ,605,"La Meseta, Arauco, Bío Bío, Chile",-37.2575529,-73.2210512,1,GEOMETRIC_CENTER,2020,1283305,2020/05/14 00:00:00+00,COLISION FRONTAL,COLISION,URBANA,IMPRUDENCIA DEL CONDUCTOR,CONDUCCION NO ATENTO CONDICIONES TRANSITO MOMENTO,0,0,0,0,18:00:00
-73.1153707,-36.8380055,3951,8,REGION BIO BIO,8108,SAN PEDRO DE LA PAZ,PEDRO AGUIRRE CERDA,LOS AVELLANOS,0,"Avenida Pedro Aguirre Cerda & Los Avellanos, San Pedro de la Paz, Bío Bío, Chile",-36.8380055,-73.1153707,1,GEOMETRIC_CENTER,2020,1283316,2020/05/29 00:00:00+00,ATROPELLO,ATROPELLO,URBANA,CAUSAS NO DETERMINADAS,CAUSAS NO DETERMINADAS,0,0,1,0,15:15:00