X,Y,FID,COD_REG,REGION,CUT,COMUNA,CALLE_UNO,CALLE_DOS,NUMERO,DIR_GEOCOD,LAT,LNG,VAL_COM,TIPO,Año,Idaccident,Fecha,Tipo_Accid,Tipo__CONA,Zona,Causa__CON,Causa,Fallecidos,Graves,Menos_Grav,Leves,Hora
-73.1153707,-36.8380055,3952,8,REGION BIO BIO,8108,SAN PEDRO DE LA PAZ,PEDRO AGUIRRE CERDA,LOS AVELLANOS,0,"Avenida Pedro Aguirre Cerda & Los Avellanos, San Pedro de la Paz, Bío Bío, Chile",-36.8380055,-73.1153707,1,GEOMETRIC_CENTER,2020,1283318,2020/05/30 00:00:00+00,COLISION,COLISION,URBANA,CAUSAS NO DETERMINADAS,CAUSAS NO DETERMINADAS,0,0,0,0,08:00:00
-73.1527368,-37.0838756,3953,8,REGION BIO BIO,8106,LOTA,FERNANDO MAIRA,MIRAMAR,0,"Fernando Maira Nº 580 – A, Sector La Cantera, Lota, Bío Bío, Chile",-37.0838756,-73.1527368,1,GEOMETRIC_CENTER,2020,1283368,2020/05/29 00:00:00+00,CHOQUE POSTERIOR/FRENTE,CHOQUE,URBANA,IMPRUDENCIA DEL CONDUCTOR,CONDUCCION NO ATENTO CONDICIONES TRANSITO MOMENTO,0,0,0,0,18:45:00
-73.0988847,-36.7414124,3954,8,REGION BIO BIO,8110,TALCAHUANO,MANUEL MONTT,CRISTOBAL COLON,0,"Colón 3180, Talcahuano, Bío Bío, Chile",-36.7414124,-73.0988847,1,ROOFTOP,2020,1283448,2020/05/30 00:00:00+00,COLISION LATERAL,COLISION,URBANA,IMPRUDENCIA DEL CONDUCTOR,CONDUCCION NO ATENTO CONDICIONES TRANSITO MOMENTO,0,0,0,1,11:13:00
-73.0826643,-36.7493018,3955,8,REGION BIO BIO,8110,TALCAHUANO,JUAN GUILLERMO SOSA, ,795,"Juan Guillermo Sosa 795, Talcahuano, Bío Bío, Chile",-36.7493018,-73.0826643,1,ROOFTOP,2020,1283544,2020/05/31 00:00:00+00,COLISION LATERAL,COLISION,URBANA,IMPRUDENCIA DEL CONDUCTOR,VIRAJES INDEBIDOS,0,0,0,0,08:00:00
-73.3942846,-37.7974776,3956,8,REGION BIO BIO,8203,CAÑETE,RIO TUCAPEL,LIBERTAD,0,"Tucapel 589, Canete, Cañete, Bío Bío, Chile",-37.7974776,-73.3942846,1,ROOFTOP,2020,1283584,2020/05/27 00:00:00+00,CHOQUE LATERAL,CHOQUE,URBANA,ALCOHOL EN CONDUCTOR,CONDUCCION EN ESTADO DE EBRIEDAD,0,0,0,1,16:42:00
-73.0878598,-36.7805964,3957,8,REGION BIO BIO,8110,TALCAHUANO,LA MARINA, ,1470,"La Marina 1470, Talcahuano, Bío Bío, Chile",-36.7805964,-73.0878598,1,RANGE_INTERPOLATED,2020,1283587,2020/05/10 00:00:00+00,ATROPELLO,ATROPELLO,URBANA,ALCOHOL EN PEATON,EBRIEDAD DEL PEATON,0,0,0,1,21:40:00
-72.0238518,-37.666596,3958,8,REGION BIO BIO,8311,SANTA BARBARA,CAMILO HENRIQUEZ, ,369,"Camilo Henriquez 369, Santa Bárbara, Bío Bío, Chile",-37.666596,-72.0238518,1,RANGE_INTERPOLATED,2020,1283692,2020/05/23 00:00:00+00,CHOQUE,CHOQUE,URBANA,DROGAS Y/O FATIGA EN CONDUCTOR,CONDUCCION BAJO INFLUENCIA DE DROGAS O ESTUPEFACIENTES,0,0,0,0,15:00:00
-73.0473836,-36.8327479,3959,8,REGION BIO BIO,8101,CONCEPCION,ALONSO DE RIVERA,CERRO LA POLVORA,0,"Parque Ecuador - Víctor Lamas 567, Concepción, Bío Bío, Chile",-36.8327479,-73.0473836,1,ROOFTOP,2020,1283707,2020/06/02 00:00:00+00,ATROPELLO,ATROPELLO,URBANA,IMPRUDENCIA DEL PEATON,PEATON CRUZA CALZADA FUERA PASO PEATONES,1,0,0,0,20:50:00
-73.0548326,-36.8169503,3960,8,REGION BIO BIO,8101,CONCEPCION,MANUEL RODRIGUEZ, ,760,"Manuel Rodríguez 760, Concepción, Bío Bío, Chile",-36.8169503,-73.0548326,1,ROOFTOP,2020,1283717,2020/05/16 00:00:00+00,CHOQUE FRONTAL,CHOQUE,URBANA,ALCOHOL EN CONDUCTOR,CONDUCCION EN ESTADO DE EBRIEDAD,0,0,0,1,22:15:00
-73.0450028,-36.816538,3961,8,REGION BIO BIO,8101,CONCEPCION,JANEQUEO,BULNES,0,"Janequeo & Manuel Bulnes, Concepción, Bío Bío, Chile",-36.816538,-73.0450028,1,GEOMETRIC_CENTER,2020,1283725,2020/05/25 00:00:00+00,CHOQUE FRENTE/POSTERIOR,CHOQUE,URBANA,DESOBEDIENCIA A SEÑALIZACION,SEÑALIZACION DESOBEDECER LUZ INTERMITENTE SEMAFORO,0,0,0,1,09:50:00
-73.0788869,-36.8068958,3962,8,REGION BIO BIO,8101,CONCEPCION,21 DE MAYO,COLON,0,"Av. Cristóbal Colón & Av. 21 de Mayo, Concepción, Bío Bío, Chile",-36.8068958,-73.0788869,1,GEOMETRIC_CENTER,2020,1283750,2020/05/27 00:00:00+00,COLISION POR ALCANCE,COLISION,URBANA,IMPRUDENCIA DEL CONDUCTOR,CONDUCCION NO ATENTO CONDICIONES TRANSITO MOMENTO,0,0,0,0,16:50:00
-73.0961116,-36.780441,3963,8,REGION BIO BIO,8112,HUALPEN,SUECIA,LAS GOLONDRINAS,0,"Suecia & Avenida Las Golondrinas, Hualpén, Bío Bío, Chile",-36.780441,-73.0961116,1,GEOMETRIC_CENTER,2020,1283765,2020/06/02 00:00:00+00,ATROPELLO,ATROPELLO,URBANA,IMPRUDENCIA DEL PEATON,PEATON CRUZA CALZADA FORMA SORPRESIVA O DESCUIDADA,0,0,1,0,18:20:00
-73.0140457,-36.9566874,3964,8,REGION BIO BIO,8103,CHIGUAYANTE,21 DE MAYO, ,3225,"21 de Mayo 3225, Chiguayante, Bío Bío, Chile",-36.9566874,-73.0140457,1,RANGE_INTERPOLATED,2020,1283766,2020/05/28 00:00:00+00,CHOQUE LADO/LADO,CHOQUE,URBANA,IMPRUDENCIA DEL CONDUCTOR,CONDUCCION NO ATENTO CONDICIONES TRANSITO MOMENTO,0,0,0,0,11:15:00
-73.0331477,-36.7876106,3965,8,REGION BIO BIO,8101,CONCEPCION,BELLAVISTA,CAMPOS DEPORTIVOS,0,"Avenida - Campos Deportivos 640, Concepción, Bío Bío, Chile",-36.7876106,-73.0331477,1,ROOFTOP,2020,1283773,2020/05/29 00:00:00+00,CHOQUE FRONTAL,CHOQUE,URBANA,PERDIDA CONTROL VEHICULO,PERDIDA CONTROL VEHICULO,0,0,0,0,09:15:00
-73.0446994,-36.8188133,3966,8,REGION BIO BIO,8101,CONCEPCION,PAICAVI, ,940,"Paicaví 940, Concepción, Bío Bío, Chile",-36.8188133,-73.0446994,1,ROOFTOP,2020,1283774,2020/05/29 00:00:00+00,CHOQUE FRENTE/POSTERIOR,CHOQUE,URBANA,IMPRUDENCIA DEL CONDUCTOR,CONDUCCION NO ATENTO CONDICIONES TRANSITO MOMENTO,0,0,0,0,12:25:00
-73.0493064,-36.8222884,3967,8,REGION BIO BIO,8101,CONCEPCION,LOS CARRERA,CARD RAUL SILVA HENRIQUEZ,0,"Av. los Carrera, Concepción, Bío Bío, Chile",-36.8222884,-73.0493064,1,GEOMETRIC_CENTER,2020,1283778,2020/05/30 00:00:00+00,COLISION PERPENDICULAR,COLISION,URBANA,DESOBEDIENCIA A SEÑALIZACION,SEÑALIZACION DESOBEDECER LUZ ROJA DE SEMAFORO,0,0,0,2,10:00:00
-73.0546315,-36.7859767,3968,8,REGION BIO BIO,8101,CONCEPCION,RAMON CARRASCO, ,2499,"Ramón Carrasco, Concepción, Bío Bío, Chile",-36.7859767,-73.0546315,1,GEOMETRIC_CENTER,2020,1283782,2020/05/31 00:00:00+00,COLISION PERPENDICULAR,COLISION,URBANA,IMPRUDENCIA DEL CONDUCTOR,ADELANTAMIENTO SIN EL ESPACIO O TIEMPO SUFICIENTE,0,0,0,0,16:10:00
-73.0773082,-36.8052495,3969,8,REGION BIO BIO,8112,HUALPEN,JORGE ALESSANDRI RODRIGUEZ,CRISTOBAL COLON,0,"Av. Pdte. Jorge Alessandri Rodriguez, Hualpén, Bío Bío, Chile",-36.8052495,-73.0773082,1,GEOMETRIC_CENTER,2020,1283784,2020/06/02 00:00:00+00,COLISION,COLISION,URBANA,IMPRUDENCIA DEL CONDUCTOR,CONDUCCION SIN MANTENER DISTANCIA RAZONABLE NI PRUDENTE,0,0,0,1,13:00:00
-73.1626725,-36.9999943,3970,8,REGION BIO BIO,8102,CORONEL,JUAN ANTONIO RIOS,JUAN LUIS MENA,0,"Juan Mena & Juan Antonio Ríos, Coronel, Bío Bío, Chile",-36.9999943,-73.1626725,1,GEOMETRIC_CENTER,2020,1283793,2020/05/23 00:00:00+00,COLISION LATERAL,COLISION,URBANA,IMPRUDENCIA DEL CONDUCTOR,CONDUCCION NO ATENTO CONDICIONES TRANSITO MOMENTO,0,0,0,2,12:00:00
-73.1602878,-36.9827596,3971,8,REGION BIO BIO,8102,CORONEL,LOS ALAMOS,LAS QUILAS,0,"Las Quilas & Los Alamos, Coronel, Bío Bío, Chile",-36.9827596,-73.1602878,1,GEOMETRIC_CENTER,2020,1283797,2020/05/24 00:00:00+00,COLISION LATERAL,COLISION,URBANA,IMPRUDENCIA DEL CONDUCTOR,CONDUCCION NO ATENTO CONDICIONES TRANSITO MOMENTO,0,0,0,1,17:20:00
-73.0866314,-36.777716,3972,8,REGION BIO BIO,8110,TALCAHUANO,CRISTOBAL COLON, ,3300,"Av. Cristóbal Colón # 6900, Talcahuano, Bío Bío, Chile",-36.777716,-73.0866314,1,ROOFTOP,2020,1283845,2020/06/01 00:00:00+00,CHOQUE FRENTE/POSTERIOR,CHOQUE,URBANA,ALCOHOL EN CONDUCTOR,CONDUCCION EN ESTADO DE EBRIEDAD,0,0,0,0,23:25:00
-73.0548974,-36.8335187,3973,8,REGION BIO BIO,8101,CONCEPCION,CHACABUCO,SERRANO,0,"Avenida Chacabuco & Serrano, Concepción, Bío Bío, Chile",-36.8335187,-73.0548974,1,GEOMETRIC_CENTER,2020,1283873,2020/05/27 00:00:00+00,COLISION,COLISION,URBANA,IMPRUDENCIA DEL CONDUCTOR,VIRAJES INDEBIDOS,0,0,0,0,13:40:00
-73.0478241,-36.824725,3974,8,REGION BIO BIO,8101,CONCEPCION,CASTELLON, ,559,"Castellón 559, Concepción, Bío Bío, Chile",-36.824725,-73.0478241,1,ROOFTOP,2020,1283877,2020/06/03 00:00:00+00,CHOQUE,CHOQUE,URBANA,IMPRUDENCIA DEL CONDUCTOR,CONDUCCION NO ATENTO CONDICIONES TRANSITO MOMENTO,0,0,0,0,07:50:00
-73.1475871,-37.0287,3975,8,REGION BIO BIO,8102,CORONEL,GRAL CARLOS PRATS,COCHRANE,0,"Cochrane & Avenida General Carlos Prats, Coronel, Bío Bío, Chile",-37.0287,-73.1475871,1,GEOMETRIC_CENTER,2020,1283938,2020/05/30 00:00:00+00,COLISION FRONTAL,COLISION,URBANA,IMPRUDENCIA DEL CONDUCTOR,CONDUCCION NO ATENTO CONDICIONES TRANSITO MOMENTO,0,0,0,1,15:10:00
-72.9576454,-36.6195235,3976,8,REGION BIO BIO,8111,TOME,IGNACIO SERRANO, ,933,"Ignacio Serrano 933, Tome, Tomé, Bío Bío, Chile",-36.6195235,-72.9576454,1,RANGE_INTERPOLATED,2020,1284001,2020/06/05 00:00:00+00,COLISION LATERAL,COLISION,URBANA,IMPRUDENCIA DEL CONDUCTOR,CONDUCCION NO ATENTO CONDICIONES TRANSITO MOMENTO,0,0,0,0,11:40:00
-73.1460404,-36.8315483,3977,8,REGION BIO BIO,8108,SAN PEDRO DE LA PAZ,PIEDRA DE FRANCIA, ,281,"Piedra de Francia 281, San Pedro de la Paz, Bío Bío, Chile",-36.8315483,-73.1460404,1,RANGE_INTERPOLATED,2020,1284031,2020/06/02 00:00:00+00,CHOQUE FRENTE/POSTERIOR,CHOQUE,URBANA,IMPRUDENCIA DEL CONDUCTOR,CONDUCCION NO ATENTO CONDICIONES TRANSITO MOMENTO,0,0,0,0,10:30:00
-73.1012783,-36.8387625,3978,8,REGION BIO BIO,8108,SAN PEDRO DE LA PAZ,LOS CANELOS,PEDRO AGUIRRE CERDA,0,"Avenida Pedro Aguirre Cerda & Los Canelos, San Pedro de la Paz, Bío Bío, Chile",-36.8387625,-73.1012783,1,GEOMETRIC_CENTER,2020,1284037,2020/06/06 00:00:00+00,CHOQUE FRENTE/LADO,CHOQUE,URBANA,IMPRUDENCIA DEL CONDUCTOR,CONDUCCION NO ATENTO CONDICIONES TRANSITO MOMENTO,0,0,0,0,14:40:00
-73.101181,-36.8328247,3979,8,REGION BIO BIO,8108,SAN PEDRO DE LA PAZ,LAS VIOLETAS,CAUPOLICAN,0,"Las Violetas 1345, San Pedro de la Paz, Bío Bío, Chile",-36.8328247,-73.101181,1,ROOFTOP,2020,1284038,2020/06/05 00:00:00+00,COLISION POR ALCANCE,COLISION,URBANA,IMPRUDENCIA DEL CONDUCTOR,CONDUCCION NO ATENTO CONDICIONES TRANSITO MOMENTO,0,0,1,0,20:05:00
-72.2181535,-37.485096,3980,8,REGION BIO BIO,8301,LOS ANGELES,LAS INDUSTRIAS,CRUCE EL PERAL,0,"Km 12. El - Camino Al Peral, Los Angeles, Los Ángeles, Bío Bío, Chile",-37.485096,-72.2181535,1,GEOMETRIC_CENTER,2020,1284113,2020/05/31 00:00:00+00,COLISION LATERAL,COLISION,URBANA,OTRAS CAUSAS,OTRAS CAUSAS,0,0,0,2,15:45:00
-73.0723009,-36.8013212,3981,8,REGION BIO BIO,8112,HUALPEN,AUTOPISTA,JORGE ALESSANDRI RODRIGUEZ,0,"Av. Jorge Alessandri Rodríguez, Concepción, Hualpén, Bío Bío, Chile",-36.8013212,-73.0723009,1,GEOMETRIC_CENTER,2020,1284128,2020/06/06 00:00:00+00,COLISION,COLISION,URBANA,IMPRUDENCIA DEL CONDUCTOR,CONDUCCION SIN MANTENER DISTANCIA RAZONABLE NI PRUDENTE,0,0,0,0,18:40:00
-73.1110947,-36.7863635,3982,8,REGION BIO BIO,8112,HUALPEN,ESTAMBUL, ,3123,"Estambul 3123, Hualpén, Bío Bío, Chile",-36.7863635,-73.1110947,1,RANGE_INTERPOLATED,2020,1284160,2020/06/04 00:00:00+00,CHOQUE FRENTE/POSTERIOR,CHOQUE,URBANA,CAUSAS NO DETERMINADAS,CAUSAS NO DETERMINADAS,0,0,0,0,08:30:00
-72.365312,-37.4798156,3983,8,REGION BIO BIO,8301,LOS ANGELES,VICUÑA MACKENNA, ,1241,"Av. Vicuña Mackenna 1241, Los Angeles, Los Ángeles, Bío Bío, Chile",-37.4798156,-72.365312,1,ROOFTOP,2020,1284217,2020/05/28 00:00:00+00,CHOQUE LADO/LADO,CHOQUE,URBANA,IMPRUDENCIA DEL CONDUCTOR,CONDUCCION NO ATENTO CONDICIONES TRANSITO MOMENTO,0,0,0,0,19:30:00
-72.3420944,-37.4883003,3984,8,REGION BIO BIO,8301,LOS ANGELES,LOS CARRERA, ,1420,"Av. Los Carrera 1420, Los Angeles, Los Ángeles, Bío Bío, Chile",-37.4883003,-72.3420944,1,ROOFTOP,2020,1284241,2020/06/01 00:00:00+00,COLISION PERPENDICULAR,COLISION,URBANA,IMPRUDENCIA DEL CONDUCTOR,CONDUCCION NO ATENTO CONDICIONES TRANSITO MOMENTO,0,0,0,1,12:20:00
-73.0956122,-36.7489151,3985,8,REGION BIO BIO,8110,TALCAHUANO,LUIS URIBE, ,3660,"Luis Uribe 3660, Talcahuano, Bío Bío, Chile",-36.7489151,-73.0956122,1,RANGE_INTERPOLATED,2020,1284324,2020/06/06 00:00:00+00,CHOQUE POSTERIOR/LADO,CHOQUE,URBANA,ALCOHOL EN CONDUCTOR,CONDUCCION EN ESTADO DE EBRIEDAD,0,0,0,0,15:30:00
-72.3496354,-37.4670483,3986,8,REGION BIO BIO,8301,LOS ANGELES,ALMAGRO, ,550,"Almagro 550, Los Angeles, Los Ángeles, Bío Bío, Chile",-37.4670483,-72.3496354,1,ROOFTOP,2020,1284347,2020/06/02 00:00:00+00,ATROPELLO,ATROPELLO,URBANA,IMPRUDENCIA DEL CONDUCTOR,CONDUCCION NO ATENTO CONDICIONES TRANSITO MOMENTO,0,0,0,1,10:29:00
-72.3552194,-37.4662085,3987,8,REGION BIO BIO,8301,LOS ANGELES,ERCILLA,TUCAPEL,0,"Avenida Tucapel & Ercilla, Los Angeles, Los Ángeles, Bío Bío, Chile",-37.4662085,-72.3552194,1,GEOMETRIC_CENTER,2020,1284341,2020/06/01 00:00:00+00,CHOQUE POSTERIOR/LADO,CHOQUE,URBANA,IMPRUDENCIA DEL CONDUCTOR,CONDUCCION NO ATENTO CONDICIONES TRANSITO MOMENTO,0,0,0,0,12:30:00
-72.3471418,-37.4891958,3988,8,REGION BIO BIO,8301,LOS ANGELES,FERROCARRIL,LOS APACHES,0,"Río Huaqui 275, Los Angeles, Los Ángeles, Bío Bío, Chile",-37.4891958,-72.3471418,1,ROOFTOP,2020,1284351,2020/06/02 00:00:00+00,COLISION FRONTAL,COLISION,URBANA,IMPRUDENCIA DEL CONDUCTOR,CONDUCCION NO ATENTO CONDICIONES TRANSITO MOMENTO,0,0,0,2,11:50:00
-72.3483445,-37.4709299,3989,8,REGION BIO BIO,8301,LOS ANGELES,VILLAGRAN, ,236,"Villagrán 236, Los Angeles, Los Ángeles, Bío Bío, Chile",-37.4709299,-72.3483445,1,ROOFTOP,2020,1284357,2020/06/02 00:00:00+00,CHOQUE POSTERIOR/FRENTE,CHOQUE,URBANA,IMPRUDENCIA DEL CONDUCTOR,CONDUCCION NO ATENTO CONDICIONES TRANSITO MOMENTO,0,0,0,0,14:30:00
-73.1545822,-37.0920575,3990,8,REGION BIO BIO,8106,LOTA,FERNANDO MAIRA,CURVA LOYOLA,0,"Lota, Región del Biobío, Chile",-37.0920575,-73.1545822,1,APPROXIMATE,2020,1285106,2020/06/06 00:00:00+00,COLISION LATERAL,COLISION,URBANA,CAUSAS NO DETERMINADAS,CAUSAS NO DETERMINADAS,0,0,0,1,16:50:00
-72.3371671,-37.4856864,3991,8,REGION BIO BIO,8301,LOS ANGELES,LOS MAYAS,FRANCISCO ENCINA,0,"Los Mayas & Avenida Francisco Encina, Los Angeles, Los Ángeles, Bío Bío, Chile",-37.4856864,-72.3371671,1,GEOMETRIC_CENTER,2020,1284389,2020/06/02 00:00:00+00,COLISION FRONTAL,COLISION,URBANA,IMPRUDENCIA DEL CONDUCTOR,CONDUCCION NO ATENTO CONDICIONES TRANSITO MOMENTO,0,0,0,0,17:15:00
-73.1545822,-37.0920575,3992,8,REGION BIO BIO,8106,LOTA,LOS HINOJILLOS, ,5,"Lota, Región del Biobío, Chile",-37.0920575,-73.1545822,1,APPROXIMATE,2020,1285107,2020/06/07 00:00:00+00,CHOQUE POSTERIOR/LADO,CHOQUE,URBANA,IMPRUDENCIA DEL CONDUCTOR,CONDUCCION NO ATENTO CONDICIONES TRANSITO MOMENTO,0,0,0,0,11:00:00
-72.3450224,-37.485665,3993,8,REGION BIO BIO,8301,LOS ANGELES,LOS CARRERA,RIO BIO BIO,0,"Avenida Los Carrera & Río Bío Bío, Los Angeles, Los Ángeles, Bío Bío, Chile",-37.485665,-72.3450224,1,GEOMETRIC_CENTER,2020,1284486,2020/06/04 00:00:00+00,COLISION LATERAL,COLISION,URBANA,IMPRUDENCIA DEL CONDUCTOR,CONDUCCION NO ATENTO CONDICIONES TRANSITO MOMENTO,0,0,0,0,20:55:00
-72.6564589,-37.5106635,3994,8,REGION BIO BIO,8306,NACIMIENTO,JULIO HEMMELMANN,LOS CARRERA,0,"Avenida Julio Hemmelmann & Los Carrera, Nacimiento, Bío Bío, Chile",-37.5106635,-72.6564589,1,GEOMETRIC_CENTER,2020,1284500,2020/06/08 00:00:00+00,COLISION PERPENDICULAR,COLISION,URBANA,IMPRUDENCIA DEL CONDUCTOR,NO RESPETAR DERECHO PREFERENTE DE PASO A VEHICULO,1,0,0,0,18:15:00
-72.3330507,-37.4934733,3995,8,REGION BIO BIO,8301,LOS ANGELES,ORIENTE,LAUQUEN,0,"Lauquen, Los Ángeles, Bío Bío, Chile",-37.4934733,-72.3330507,1,GEOMETRIC_CENTER,2020,1284502,2020/06/06 00:00:00+00,COLISION,COLISION,URBANA,IMPRUDENCIA DEL CONDUCTOR,CONDUCCION NO ATENTO CONDICIONES TRANSITO MOMENTO,0,0,0,0,18:30:00
-72.3612251,-37.4629159,3996,8,REGION BIO BIO,8301,LOS ANGELES,RIO BIO BIO,EX LINEA FERREA,0,"Los Angeles, Los Ángeles, Bío Bío, Chile",-37.4629159,-72.3612251,1,APPROXIMATE,2020,1284513,2020/06/08 00:00:00+00,COLISION LATERAL,COLISION,URBANA,ALCOHOL EN CONDUCTOR,CONDUCCION EN ESTADO DE EBRIEDAD,0,0,0,0,18:20:00
-73.3943034,-37.7982422,3997,8,REGION BIO BIO,8203,CAÑETE,URIBE,MARIQUEO,0,"Uribe & Mariqueo, Canete, Cañete, Bío Bío, Chile",-37.7982422,-73.3943034,1,GEOMETRIC_CENTER,2020,1284515,2020/06/06 00:00:00+00,ATROPELLO,ATROPELLO,URBANA,IMPRUDENCIA DEL PEATON,PEATON CRUZA CALZADA FORMA SORPRESIVA O DESCUIDADA,0,1,0,0,18:30:00
-72.3521603,-37.4675167,3998,8,REGION BIO BIO,8301,LOS ANGELES,VALDIVIA,RENGO,0,"Valdivia & Rengo, Los Angeles, Los Ángeles, Bío Bío, Chile",-37.4675167,-72.3521603,1,GEOMETRIC_CENTER,2020,1284525,2020/06/09 00:00:00+00,CHOQUE FRENTE/POSTERIOR,CHOQUE,URBANA,IMPRUDENCIA DEL CONDUCTOR,CONDUCCION NO ATENTO CONDICIONES TRANSITO MOMENTO,0,0,0,0,09:45:00
-73.1545822,-37.0920575,3999,8,REGION BIO BIO,8106,LOTA,CARRETERA FERNANDO MAIRA, ,460,"Lota, Región del Biobío, Chile",-37.0920575,-73.1545822,1,APPROXIMATE,2020,1285108,2020/06/09 00:00:00+00,COLISION LATERAL,COLISION,URBANA,IMPRUDENCIA DEL CONDUCTOR,CONDUCCION NO ATENTO CONDICIONES TRANSITO MOMENTO,0,0,0,0,05:40:00
-72.3264248,-37.4659196,4000,8,REGION BIO BIO,8301,LOS ANGELES,LAS INDUSTRIAS, ,10230,"Av Las Industrias 10230, Los Angeles, Los Ángeles, Bío Bío, Chile",-37.4659196,-72.3264248,1,ROOFTOP,2020,1284528,2020/06/09 00:00:00+00,CHOQUE LATERAL,CHOQUE,URBANA,IMPRUDENCIA DEL CONDUCTOR,ADELANTAMIENTO SIN EL ESPACIO O TIEMPO SUFICIENTE,0,0,1,0,19:30:00
-73.0550928,-36.8031455,4001,8,REGION BIO BIO,8101,CONCEPCION,PAICAVI,INDEPENDENCIA,0,"Independencia & Paicaví, Concepción, Bío Bío, Chile",-36.8031455,-73.0550928,1,GEOMETRIC_CENTER,2020,1266957,2020/02/01 00:00:00+00,COLISION PERPENDICULAR,COLISION,URBANA,DESOBEDIENCIA A SEÑALIZACION,SEÑALIZACION DESOBEDECER LUZ ROJA DE SEMAFORO,0,0,0,0,17:10:00
-73.0456418,-36.8206518,4002,8,REGION BIO BIO,8101,CONCEPCION,LOS CARRERA,ONGOLMO,0,"Ongolmo & Avenida los Carrera, Concepción, Bío Bío, Chile",-36.8206518,-73.0456418,1,GEOMETRIC_CENTER,2020,1266959,2020/02/11 00:00:00+00,COLISION LATERAL,COLISION,URBANA,IMPRUDENCIA DEL CONDUCTOR,CONDUCCION NO ATENTO CONDICIONES TRANSITO MOMENTO,0,0,0,0,09:45:00
-72.0195167,-37.684334,4003,8,REGION BIO BIO,8308,QUILACO,ARTURO PRAT,PASAJE 1,0,"Av. Arturo Prat 178, Quilaco, Bío Bío, Chile",-37.684334,-72.0195167,1,ROOFTOP,2020,1266985,2020/02/21 00:00:00+00,COLISION,COLISION,URBANA,IMPRUDENCIA DEL CONDUCTOR,CONDUCCION NO ATENTO CONDICIONES TRANSITO MOMENTO,0,0,0,1,16:30:00
-73.0429896,-36.824726,4004,8,REGION BIO BIO,8101,CONCEPCION,OHIGGINS,ONGOLMO,0,"Ongolmo & Libertador General Bernardo OHiggins, Concepción, Bío Bío, Chile",-36.824726,-73.0429896,1,GEOMETRIC_CENTER,2020,1267105,2020/02/16 00:00:00+00,COLISION PERPENDICULAR,COLISION,URBANA,IMPRUDENCIA DEL CONDUCTOR,CONDUCCION NO ATENTO CONDICIONES TRANSITO MOMENTO,0,0,0,0,12:30:00
-73.021964,-36.8151477,4005,8,REGION BIO BIO,8101,CONCEPCION,TEGUALDA, ,860,"Tegualda 860, Concepción, Bío Bío, Chile",-36.8151477,-73.021964,1,ROOFTOP,2020,1267108,2020/02/26 00:00:00+00,CHOQUE LATERAL,CHOQUE,URBANA,IMPRUDENCIA DEL CONDUCTOR,ADELANTAMIENTO SIN EL ESPACIO O TIEMPO SUFICIENTE,0,0,0,0,13:30:00
-73.0146096,-36.9506671,4006,8,REGION BIO BIO,8103,CHIGUAYANTE,MANUEL RODRIGUEZ, ,3204,"Av. Manuel Rodríguez 3204, Chiguayante, Bío Bío, Chile",-36.9506671,-73.0146096,1,ROOFTOP,2020,1267122,2020/02/21 00:00:00+00,ATROPELLO,ATROPELLO,URBANA,IMPRUDENCIA DEL PEATON,PEATON CRUZA CALZADA FUERA PASO PEATONES,1,0,0,0,06:30:00
-73.0342901,-36.815865,4007,8,REGION BIO BIO,8101,CONCEPCION,LOS CARRERA,FRESIA,0,"Avenida los Carrera & Fresia, Concepción, Bío Bío, Chile",-36.815865,-73.0342901,1,GEOMETRIC_CENTER,2020,1267128,2020/02/11 00:00:00+00,CHOQUE LATERAL,CHOQUE,URBANA,IMPRUDENCIA DEL CONDUCTOR,VIRAJES INDEBIDOS,0,0,0,1,09:15:00
-73.0545232,-36.8166568,4008,8,REGION BIO BIO,8101,CONCEPCION,MANUEL RODRIGUEZ,COLO COLO,0,"Manuel Rodríguez & Colo Colo, Concepción, Bío Bío, Chile",-36.8166568,-73.0545232,1,GEOMETRIC_CENTER,2020,1267134,2020/02/13 00:00:00+00,COLISION PERPENDICULAR,COLISION,URBANA,DESOBEDIENCIA A SEÑALIZACION,SEÑALIZACION DESOBEDECER SEÑAL CEDA EL PASO,0,0,0,1,18:00:00
-73.3413078,-37.4789929,4009,8,REGION BIO BIO,8205,CURANILAHUE,ARTURO PRAT,SERRANO,0,"Avenida Arturo Prat & Ignacio Serrano, Curanilahue, Bío Bío, Chile",-37.4789929,-73.3413078,1,GEOMETRIC_CENTER,2020,1267136,2020/02/27 00:00:00+00,COLISION,COLISION,URBANA,IMPRUDENCIA DEL CONDUCTOR,CONDUCCION NO ATENTO CONDICIONES TRANSITO MOMENTO,0,0,0,0,15:30:00
-73.1099531,-36.7866757,4010,8,REGION BIO BIO,8112,HUALPEN,NAVARRA,ARAGON,0,"Hualpén, Bío Bío, Chile",-36.7866757,-73.1099531,1,APPROXIMATE,2020,1297814,2020/09/02 00:00:00+00,VOLCADURA,VOLCADURA,URBANA,IMPRUDENCIA DEL CONDUCTOR,CONDUCCION NO ATENTO CONDICIONES TRANSITO MOMENTO,0,0,0,1,17:25:00