X,Y,FID,COD_REG,REGION,CUT,COMUNA,CALLE_UNO,CALLE_DOS,NUMERO,DIR_GEOCOD,LAT,LNG,VAL_COM,TIPO,Año,Idaccident,Fecha,Tipo_Accid,Tipo__CONA,Zona,Causa__CON,Causa,Fallecidos,Graves,Menos_Grav,Leves,Hora
-73.0436564,-36.8197164,4011,8,REGION BIO BIO,8101,CONCEPCION,PAICAVI,LOS CARRERA,0,"Los Carrera - Paicaví, Concepción, Bío Bío, Chile",-36.8197164,-73.0436564,1,GEOMETRIC_CENTER,2020,1267145,2020/02/12 00:00:00+00,COLISION POR ALCANCE,COLISION,URBANA,IMPRUDENCIA DEL CONDUCTOR,CONDUCCION SIN MANTENER DISTANCIA RAZONABLE NI PRUDENTE,0,0,0,0,15:45:00
-73.0549739,-36.8170114,4012,8,REGION BIO BIO,8101,CONCEPCION,MANUEL RODRIGUEZ, ,0,"Manuel Rodríguez 752, Concepción, Bío Bío, Chile",-36.8170114,-73.0549739,1,ROOFTOP,2020,1267157,2020/02/17 00:00:00+00,COLISION LATERAL,COLISION,RURAL,IMPRUDENCIA DEL CONDUCTOR,CONDUCCION SIN MANTENER DISTANCIA RAZONABLE NI PRUDENTE,0,0,0,0,12:40:00
-73.0240689,-36.8180706,4013,8,REGION BIO BIO,8101,CONCEPCION,GRAL NOVOA,TEGUALDA,0,"Tegualda & General Novoa, Concepción, Bío Bío, Chile",-36.8180706,-73.0240689,1,GEOMETRIC_CENTER,2020,1267189,2020/02/29 00:00:00+00,COLISION,COLISION,URBANA,IMPRUDENCIA DEL CONDUCTOR,CONDUCCION NO ATENTO CONDICIONES TRANSITO MOMENTO,0,0,0,0,18:00:00
-73.1550828,-37.091585,4014,8,REGION BIO BIO,8106,LOTA,CARRERA,ANIBAL PINTO,0,"Aníbal Pinto & Carrera, Lota, Bío Bío, Chile",-37.091585,-73.1550828,1,GEOMETRIC_CENTER,2020,1267244,2020/02/10 00:00:00+00,COLISION LATERAL,COLISION,URBANA,DESOBEDIENCIA A SEÑALIZACION,SEÑALIZACION DESOBEDECER SEÑAL PARE,0,0,0,0,08:30:00
-73.1185949,-36.6946244,4015,8,REGION BIO BIO,8110,TALCAHUANO,QUIDORA,MICHIMALONGO,0,"Quidora & Michimalonco, Talcahuano, Bío Bío, Chile",-36.6946244,-73.1185949,1,GEOMETRIC_CENTER,2020,1267255,2020/02/14 00:00:00+00,COLISION LATERAL,COLISION,URBANA,IMPRUDENCIA DEL CONDUCTOR,NO RESPETAR DERECHO PREFERENTE DE PASO A VEHICULO,0,0,0,0,11:37:00
-73.1653089,-37.0902007,4016,8,REGION BIO BIO,8106,LOTA,CARLOS COUSIÑO,EL CHIFLON,0,"Parque Isidora Cousiño De Lota - Avenida El Parque 21 Lota, Biobío, Lota, Bío Bío, Chile",-37.0902007,-73.1653089,1,GEOMETRIC_CENTER,2020,1267257,2020/02/16 00:00:00+00,COLISION LATERAL,COLISION,URBANA,DESOBEDIENCIA A SEÑALIZACION,SEÑALIZACION DESOBEDECER SEÑAL CEDA EL PASO,0,0,0,0,03:20:00
-73.0881616,-36.7613948,4017,8,REGION BIO BIO,8110,TALCAHUANO,CRISTOBAL COLON, ,5094,"Gómez Carreño 5094, Talcahuano, Bío Bío, Chile",-36.7613948,-73.0881616,1,RANGE_INTERPOLATED,2020,1267261,2020/02/26 00:00:00+00,ATROPELLO,ATROPELLO,URBANA,DESOBEDIENCIA A SEÑALIZACION,SEÑALIZACION DESOBEDECER LUZ ROJA DE SEMAFORO,1,0,0,0,10:30:00
-73.1520412,-37.0921752,4018,8,REGION BIO BIO,8106,LOTA,GALVARINO,RENE SCHNEIDER,0,"Galvarino & René Schneider, Lota, Bío Bío, Chile",-37.0921752,-73.1520412,1,GEOMETRIC_CENTER,2020,1267263,2020/02/16 00:00:00+00,CHOQUE FRENTE/LADO,CHOQUE,URBANA,IMPRUDENCIA DEL CONDUCTOR,CONDUCCION NO ATENTO CONDICIONES TRANSITO MOMENTO,0,0,0,2,19:30:00
-73.1123781,-36.7265469,4019,8,REGION BIO BIO,8110,TALCAHUANO,OHIGGINS, ,375,"OHiggins 375, Talcahuano, Bío Bío, Chile",-36.7265469,-73.1123781,1,RANGE_INTERPOLATED,2020,1267275,2020/02/27 00:00:00+00,ATROPELLO,ATROPELLO,URBANA,IMPRUDENCIA DEL CONDUCTOR,CONDUCCION NO ATENTO CONDICIONES TRANSITO MOMENTO,1,0,0,0,08:30:00
-73.0416395,-36.8054984,4020,8,REGION BIO BIO,8101,CONCEPCION,ALONSO DE RIVERA,LIENTUR,0,"Juan de Dios Rivera 2280, Concepción, Bío Bío, Chile",-36.8054984,-73.0416395,1,ROOFTOP,2020,1267285,2020/02/12 00:00:00+00,COLISION LATERAL,COLISION,URBANA,IMPRUDENCIA DEL CONDUCTOR,NO RESPETAR DERECHO PREFERENTE DE PASO A VEHICULO,0,0,0,0,11:15:00
-73.0714604,-36.8244508,4021,8,REGION BIO BIO,8101,CONCEPCION,TEMISTOCLES ROJAS,COSTANERA,0,"Temístocles Rojas & Avenida Costanera, Concepción, Bío Bío, Chile",-36.8244508,-73.0714604,1,GEOMETRIC_CENTER,2020,1267298,2020/02/26 00:00:00+00,COLISION,COLISION,URBANA,DESOBEDIENCIA A SEÑALIZACION,SEÑALIZACION DESOBEDECER LUZ ROJA DE SEMAFORO,0,0,0,0,21:55:00
-73.0839035,-36.7683613,4022,8,REGION BIO BIO,8110,TALCAHUANO,JAIME REPULLO, ,98,"Jaime Repullo 98, Talcahuano, Bío Bío, Chile",-36.7683613,-73.0839035,1,RANGE_INTERPOLATED,2020,1267299,2020/02/14 00:00:00+00,CHOQUE FRENTE/POSTERIOR,CHOQUE,URBANA,IMPRUDENCIA DEL CONDUCTOR,CONDUCCION SIN MANTENER DISTANCIA RAZONABLE NI PRUDENTE,0,0,0,0,11:00:00
-73.0889537,-36.7600809,4023,8,REGION BIO BIO,8110,TALCAHUANO,CRISTOBAL COLON, ,5279,"Gómez Carreño 5279, Talcahuano, Bío Bío, Chile",-36.7600809,-73.0889537,1,RANGE_INTERPOLATED,2020,1267321,2020/02/28 00:00:00+00,CHOQUE FRONTAL,CHOQUE,URBANA,PERDIDA CONTROL VEHICULO,PERDIDA CONTROL VEHICULO,0,0,0,0,01:05:00
-72.6755833,-37.4987466,4024,8,REGION BIO BIO,8306,NACIMIENTO,LA CRUZ,VILLA ALEGRE,0,"Villa Alegre & La Cruz, Nacimiento, Bío Bío, Chile",-37.4987466,-72.6755833,1,GEOMETRIC_CENTER,2020,1267403,2020/02/28 00:00:00+00,COLISION,COLISION,URBANA,IMPRUDENCIA DEL CONDUCTOR,CONDUCCION NO ATENTO CONDICIONES TRANSITO MOMENTO,0,0,0,0,10:20:00
-73.0179,-36.9413,4025,8,REGION BIO BIO,8103,CHIGUAYANTE,MANUEL RODRIGUEZ, ,2175,"Av. Manuel Rodríguez 2175, Concepción, Chiguayante, Bío Bío, Chile",-36.9413,-73.0179,1,ROOFTOP,2020,1267412,2020/02/03 00:00:00+00,COLISION LATERAL,COLISION,URBANA,CAUSAS NO DETERMINADAS,CAUSAS NO DETERMINADAS,0,0,0,1,13:30:00
-72.9987025,-36.7398562,4026,8,REGION BIO BIO,8107,PENCO,LAS HERAS,TALCAHUANO,0,"Las Heras & Talcahuano, Penco, Bío Bío, Chile",-36.7398562,-72.9987025,1,GEOMETRIC_CENTER,2020,1267431,2020/02/09 00:00:00+00,CHOQUE LATERAL,CHOQUE,URBANA,DESOBEDIENCIA A SEÑALIZACION,SEÑALIZACION DESOBEDECER SEÑAL PARE,0,0,0,0,17:35:00
-73.0415799,-36.8059412,4027,8,REGION BIO BIO,8101,CONCEPCION,EJERCITO,LIENTUR,0,"Lientur & Ejército, Concepción, Bío Bío, Chile",-36.8059412,-73.0415799,1,GEOMETRIC_CENTER,2020,1267433,2020/02/25 00:00:00+00,COLISION FRONTAL,COLISION,URBANA,IMPRUDENCIA DEL CONDUCTOR,CONDUCCION NO ATENTO CONDICIONES TRANSITO MOMENTO,0,0,0,4,08:50:00
-73.0373179,-36.8906093,4028,8,REGION BIO BIO,8103,CHIGUAYANTE,OCHO ORIENTE,COSTANERA,0,"Av Costanera Sur S/N, Chiguayante, Región Metropolitana, Chile",-36.8906093,-73.0373179,1,ROOFTOP,2020,1267434,2020/02/04 00:00:00+00,VOLCADURA,VOLCADURA,URBANA,CAUSAS NO DETERMINADAS,CAUSAS NO DETERMINADAS,0,0,0,1,07:45:00
-73.0463104,-36.8170615,4029,8,REGION BIO BIO,8101,CONCEPCION,PAICAVI,MANUEL BULNES,0,"Manuel Bulnes & Paicaví, Concepción, Bío Bío, Chile",-36.8170615,-73.0463104,1,GEOMETRIC_CENTER,2020,1267441,2020/02/19 00:00:00+00,COLISION PERPENDICULAR,COLISION,URBANA,DESOBEDIENCIA A SEÑALIZACION,SEÑALIZACION DESOBEDECER SEÑAL PARE,0,0,0,1,14:20:00
-73.089617,-36.7819126,4030,8,REGION BIO BIO,8110,TALCAHUANO,LAS GOLONDRINAS, ,156,"Av. Las Golondrinas 156, Talcahuano, Bío Bío, Chile",-36.7819126,-73.089617,1,RANGE_INTERPOLATED,2020,1267473,2020/02/28 00:00:00+00,COLISION POR ALCANCE,COLISION,URBANA,IMPRUDENCIA DEL CONDUCTOR,CONDUCCION CAMBIAR SORPRESIVAMENTE PISTA CIRCULACION,0,0,0,2,21:10:00
-73.0456016,-36.7928163,4031,8,REGION BIO BIO,8101,CONCEPCION,ALONSO DE RIVERA,ABDON CIFUENTES,0,"Abdón Cifuentes 1937, Concepción, Bío Bío, Chile",-36.7928163,-73.0456016,1,ROOFTOP,2020,1267485,2020/02/22 00:00:00+00,COLISION LATERAL,COLISION,URBANA,IMPRUDENCIA DEL CONDUCTOR,CONDUCCION CAMBIAR SORPRESIVAMENTE PISTA CIRCULACION,0,0,0,0,13:30:00
-72.9346434,-36.5469902,4032,8,REGION BIO BIO,8111,TOME,DANIEL VERA,ARTURO PRAT,0,"Arturo Prat & Avenida Daniel Vera, Dichato, Tomé, Bío Bío, Chile",-36.5469902,-72.9346434,1,GEOMETRIC_CENTER,2020,1267509,2020/02/27 00:00:00+00,OTRO TIPO,OTRO TIPO,URBANA,ALCOHOL EN CONDUCTOR,CONDUCCION BAJO LA INFLUENCIA DEL ALCOHOL,0,0,0,0,04:15:00
-72.9562901,-36.6295497,4033,8,REGION BIO BIO,8111,TOME,LATORRE,EDUARDO DELANO,0,"A Latorre, Tome, Tomé, Bío Bío, Chile",-36.6295497,-72.9562901,1,GEOMETRIC_CENTER,2020,1267515,2020/02/28 00:00:00+00,COLISION PERPENDICULAR,COLISION,URBANA,IMPRUDENCIA DEL CONDUCTOR,VIRAJES INDEBIDOS,0,0,0,4,18:15:00
-73.0353508,-36.9228043,4034,8,REGION BIO BIO,8103,CHIGUAYANTE,COCHRANE, ,691,"Cochrane 691, Chiguayante, Bío Bío, Chile",-36.9228043,-73.0353508,1,RANGE_INTERPOLATED,2020,1267580,2020/02/08 00:00:00+00,CHOQUE POSTERIOR/LADO,CHOQUE,URBANA,IMPRUDENCIA DEL CONDUCTOR,CONDUCIR VEHICULO EN RETROCESO,0,0,0,0,17:00:00
-73.0436675,-36.821115,4035,8,REGION BIO BIO,8101,CONCEPCION,MAIPU,PAICAVI,0,"Maipú & Paicaví, Concepción, Bío Bío, Chile",-36.821115,-73.0436675,1,GEOMETRIC_CENTER,2020,1267604,2020/03/01 00:00:00+00,COLISION PERPENDICULAR,COLISION,URBANA,IMPRUDENCIA DEL CONDUCTOR,CONDUCCION NO ATENTO CONDICIONES TRANSITO MOMENTO,0,0,0,2,14:30:00
-73.0272769,-36.9173458,4036,8,REGION BIO BIO,8103,CHIGUAYANTE,OHIGGINS,SANTA SOFIA,0,"Sta. Sofía & Av. OHiggins, Chiguayante, Bío Bío, Chile",-36.9173458,-73.0272769,1,GEOMETRIC_CENTER,2020,1267614,2020/02/12 00:00:00+00,COLISION PERPENDICULAR,COLISION,URBANA,IMPRUDENCIA DEL CONDUCTOR,CONDUCCION NO ATENTO CONDICIONES TRANSITO MOMENTO,0,0,0,2,19:50:00
-73.0559332,-36.8169726,4037,8,REGION BIO BIO,8101,CONCEPCION,ANIBAL PINTO,MANUEL RODRIGUEZ,0,"Anibal Pinto & Manuel Rodríguez, Concepción, Bío Bío, Chile",-36.8169726,-73.0559332,1,GEOMETRIC_CENTER,2020,1267652,2020/03/01 00:00:00+00,CHOQUE,CHOQUE,URBANA,IMPRUDENCIA DEL CONDUCTOR,CONDUCIR VEHICULO EN RETROCESO,0,0,0,0,03:57:00
-73.0833749,-36.7430747,4038,8,REGION BIO BIO,8110,TALCAHUANO,VASCO NUÑEZ DE BALBOA, ,7221,"Vasco Núñez de Balboa 7221, Talcahuano, Bío Bío, Chile",-36.7430747,-73.0833749,1,RANGE_INTERPOLATED,2020,1267666,2020/02/19 00:00:00+00,CHOQUE FRONTAL,CHOQUE,URBANA,VELOCIDAD IMPRUDENTE,VELOCIDAD NO RAZONABLE NI PRUDENTE,1,0,0,0,04:30:00
-73.0436564,-36.8197164,4039,8,REGION BIO BIO,8101,CONCEPCION,LOS CARRERA,PAICAVI,0,"Los Carrera - Paicaví, Concepción, Bío Bío, Chile",-36.8197164,-73.0436564,1,GEOMETRIC_CENTER,2020,1267683,2020/03/01 00:00:00+00,COLISION LATERAL,COLISION,URBANA,IMPRUDENCIA DEL CONDUCTOR,ADELANTAMIENTO SIN EL ESPACIO O TIEMPO SUFICIENTE,0,0,0,0,21:40:00
-72.330127,-37.4847538,4040,8,REGION BIO BIO,8301,LOS ANGELES,FRANCISCO ENCINA,LOS CHIBCHAS,0,"Av. Francisco Encina, Los Angeles, Los Ángeles, Bío Bío, Chile",-37.4847538,-72.330127,1,GEOMETRIC_CENTER,2020,1267691,2020/02/02 00:00:00+00,CHOQUE FRONTAL,CHOQUE,URBANA,ALCOHOL EN CONDUCTOR,CONDUCCION EN ESTADO DE EBRIEDAD,0,0,0,1,20:05:00
-72.3386663,-37.486121,4041,8,REGION BIO BIO,8301,LOS ANGELES,FRANCISCO ENCINA,HERNAN DIAZ,0,"Avenida Francisco Encina & Hernán Díaz, Los Angeles, Los Ángeles, Bío Bío, Chile",-37.486121,-72.3386663,1,GEOMETRIC_CENTER,2020,1267724,2020/02/03 00:00:00+00,COLISION LATERAL,COLISION,URBANA,DESOBEDIENCIA A SEÑALIZACION,SEÑALIZACION DESOBEDECER LUZ ROJA DE SEMAFORO,0,0,0,3,21:10:00
-72.3398899,-37.452286,4042,8,REGION BIO BIO,8301,LOS ANGELES,ORIENTE,SOR VICENTA,0,"Av. Sor Vicenta & Av. Ote., Los Angeles, Los Ángeles, Bío Bío, Chile",-37.452286,-72.3398899,1,GEOMETRIC_CENTER,2020,1267727,2020/02/03 00:00:00+00,COLISION,COLISION,URBANA,IMPRUDENCIA DEL CONDUCTOR,CONDUCCION NO ATENTO CONDICIONES TRANSITO MOMENTO,0,0,0,0,18:50:00
-73.0188499,-36.9395174,4043,8,REGION BIO BIO,8103,CHIGUAYANTE,MANUEL RODRIGUEZ,LOS HEROES,0,"Av. Manuel Rodríguez 1937, Chiguayante, Bío Bío, Chile",-36.9395174,-73.0188499,1,ROOFTOP,2020,1267730,2020/02/16 00:00:00+00,CHOQUE FRENTE/POSTERIOR,CHOQUE,URBANA,OTRAS CAUSAS,OTRAS CAUSAS,0,0,0,0,21:40:00
-72.3814062,-37.4679853,4044,8,REGION BIO BIO,8301,LOS ANGELES,GALVARINO,NAHUELBUTA,0,"Galvarino & Avenida Nahuelbuta, Los Ángeles, Bío Bío, Chile",-37.4679853,-72.3814062,1,GEOMETRIC_CENTER,2020,1267733,2020/02/03 00:00:00+00,ATROPELLO,ATROPELLO,URBANA,IMPRUDENCIA DEL CONDUCTOR,NO RESPETAR DERECHO PREFERENTE DE PASO A PEATON,0,0,0,1,09:20:00
-73.0876596,-36.7578376,4045,8,REGION BIO BIO,8110,TALCAHUANO,LAS DALIAS,LAS PETUNIAS,0,"Las Petunias & Las Dalias, Talcahuano, Bío Bío, Chile",-36.7578376,-73.0876596,1,GEOMETRIC_CENTER,2020,1267739,2020/02/02 00:00:00+00,COLISION LATERAL,COLISION,URBANA,ALCOHOL EN CONDUCTOR,CONDUCCION EN ESTADO DE EBRIEDAD,0,0,1,1,03:28:00
-72.3743251,-37.4708316,4046,8,REGION BIO BIO,8301,LOS ANGELES,PONIENTE,ÑUBLE,0,"Ñuble, Los Angeles, Los Ángeles, Bío Bío, Chile",-37.4708316,-72.3743251,1,GEOMETRIC_CENTER,2020,1267749,2020/02/04 00:00:00+00,CHOQUE LADO/POSTERIOR,CHOQUE,URBANA,IMPRUDENCIA DEL CONDUCTOR,CONDUCCION NO ATENTO CONDICIONES TRANSITO MOMENTO,0,0,0,0,22:30:00
-73.0423974,-36.8676725,4047,8,REGION BIO BIO,8103,CHIGUAYANTE,COSTANERA,PASCUAL BINIMELIS,0,"Pascual Binimelis, Concepción, Chile",-36.8676725,-73.0423974,1,GEOMETRIC_CENTER,2020,1267760,2020/02/16 00:00:00+00,COLISION PERPENDICULAR,COLISION,URBANA,IMPRUDENCIA DEL CONDUCTOR,CONDUCCION NO ATENTO CONDICIONES TRANSITO MOMENTO,0,0,0,0,22:20:00
-72.3556017,-37.4722569,4048,8,REGION BIO BIO,8301,LOS ANGELES,ERCILLA,RICARDO VICUÑA,0,"Avenida Ricardo Vicuña & Ercilla, Los Angeles, Los Ángeles, Bío Bío, Chile",-37.4722569,-72.3556017,1,GEOMETRIC_CENTER,2020,1267772,2020/02/05 00:00:00+00,COLISION LATERAL,COLISION,URBANA,IMPRUDENCIA DEL CONDUCTOR,CONDUCCION NO ATENTO CONDICIONES TRANSITO MOMENTO,0,0,0,0,08:30:00
-72.9510674,-36.6215264,4049,8,REGION BIO BIO,8111,TOME,AGUIRRE LUCO, ,12,"Aguirre Luco 12, Tome, Tomé, Bío Bío, Chile",-36.6215264,-72.9510674,1,RANGE_INTERPOLATED,2020,1267814,2020/02/29 00:00:00+00,VOLCADURA,VOLCADURA,URBANA,FALLAS MECANICAS,FALLAS MECANICAS FRENOS,0,0,1,2,18:30:00
-72.3359906,-37.4852386,4050,8,REGION BIO BIO,8301,LOS ANGELES,FRANCISCO ENCINA,LOS APACHES,0,"Los Apaches & Avenida Francisco Encina, Los Angeles, Los Ángeles, Bío Bío, Chile",-37.4852386,-72.3359906,1,GEOMETRIC_CENTER,2020,1267829,2020/02/05 00:00:00+00,COLISION,COLISION,URBANA,DESOBEDIENCIA A SEÑALIZACION,SEÑALIZACION DESOBEDECER SEÑAL PARE,0,0,0,0,18:58:00
-72.3417836,-37.4896339,4051,8,REGION BIO BIO,8301,LOS ANGELES,LOS CARRERA,FERROCARRIL,0,"Av. Los Carrera & Av. Ferrocarril, Los Angeles, Los Ángeles, Bío Bío, Chile",-37.4896339,-72.3417836,1,GEOMETRIC_CENTER,2020,1267831,2020/02/05 00:00:00+00,VOLCADURA,VOLCADURA,URBANA,IMPRUDENCIA DEL CONDUCTOR,CONDUCCION NO ATENTO CONDICIONES TRANSITO MOMENTO,0,0,0,0,07:20:00
-72.371888,-37.4660162,4052,8,REGION BIO BIO,8301,LOS ANGELES,GALVARINO,PADRE HURTADO,0,"Galvarino & Avenida Padre Hurtado, Los Angeles, Los Ángeles, Bío Bío, Chile",-37.4660162,-72.371888,1,GEOMETRIC_CENTER,2020,1267841,2020/02/06 00:00:00+00,CHOQUE FRENTE/POSTERIOR,CHOQUE,URBANA,IMPRUDENCIA DEL CONDUCTOR,CONDUCCION NO ATENTO CONDICIONES TRANSITO MOMENTO,0,0,0,0,18:20:00
-72.3474695,-37.4833876,4053,8,REGION BIO BIO,8301,LOS ANGELES,LOS CARRERA,MARIA AUXILIADORA,0,"Avenida Los Carrera & María Auxiliadora, Los Angeles, Los Ángeles, Bío Bío, Chile",-37.4833876,-72.3474695,1,GEOMETRIC_CENTER,2020,1267869,2020/02/05 00:00:00+00,COLISION LATERAL,COLISION,URBANA,IMPRUDENCIA DEL CONDUCTOR,CONDUCCION CAMBIAR SORPRESIVAMENTE PISTA CIRCULACION,0,0,0,1,10:00:00
-72.3551756,-37.4836747,4054,8,REGION BIO BIO,8301,LOS ANGELES,LAS QUINTAS,MANUEL RODRIGUEZ,0,"Manuel Rodríguez & Las Quintas, Los Angeles, Los Ángeles, Bío Bío, Chile",-37.4836747,-72.3551756,1,GEOMETRIC_CENTER,2020,1267880,2020/02/09 00:00:00+00,COLISION POR ALCANCE,COLISION,URBANA,IMPRUDENCIA DEL CONDUCTOR,CONDUCCION NO ATENTO CONDICIONES TRANSITO MOMENTO,0,0,0,0,23:30:00
-73.0133095,-36.954699,4055,8,REGION BIO BIO,8103,CHIGUAYANTE,MANUEL RODRIGUEZ,LOS ANDES,0,"Los Andes & Avenida Manuel Rodríguez, Chiguayante, Bío Bío, Chile",-36.954699,-73.0133095,1,GEOMETRIC_CENTER,2020,1268030,2020/02/20 00:00:00+00,ATROPELLO,ATROPELLO,URBANA,IMPRUDENCIA DEL PEATON,PEATON CRUZA CALZADA FORMA SORPRESIVA O DESCUIDADA,0,0,0,1,10:50:00
-73.0496118,-36.855862,4056,8,REGION BIO BIO,8103,CHIGUAYANTE,COSTANERA,SANDERS,0,"Pedro De Valdivia - Sanders / Oriente, Concepción, Chiguayante, Bío Bío, Chile",-36.855862,-73.0496118,1,GEOMETRIC_CENTER,2020,1268048,2020/02/20 00:00:00+00,COLISION POR ALCANCE,COLISION,URBANA,OTRAS CAUSAS,OTRAS CAUSAS,0,0,0,0,21:15:00
-73.0248796,-36.9206009,4057,8,REGION BIO BIO,8103,CHIGUAYANTE,OHIGGINS, ,3399,"Av. OHiggins 3399, Chiguayante, Bío Bío, Chile",-36.9206009,-73.0248796,1,ROOFTOP,2020,1268066,2020/02/20 00:00:00+00,COLISION LATERAL,COLISION,URBANA,CAUSAS NO DETERMINADAS,CAUSAS NO DETERMINADAS,0,0,0,0,17:25:00
-73.0224612,-36.9280884,4058,8,REGION BIO BIO,8103,CHIGUAYANTE,21 DE MAYO,SANTA JUSTINA,0,"Santa Justina & 21 de Mayo, Chiguayante, Bío Bío, Chile",-36.9280884,-73.0224612,1,GEOMETRIC_CENTER,2020,1268106,2020/02/21 00:00:00+00,COLISION PERPENDICULAR,COLISION,URBANA,DESOBEDIENCIA A SEÑALIZACION,SEÑALIZACION DESOBEDECER SEÑAL PARE,0,0,0,1,20:30:00
-73.320741,-37.247951,4059,8,REGION BIO BIO,8202,ARAUCO,LORD COCHRANE,ARTURO PRAT,0,"Av. Arturo Prat 489, Arauco, Arauco, Bío Bío, Chile",-37.247951,-73.320741,1,GEOMETRIC_CENTER,2020,1268107,2020/02/25 00:00:00+00,COLISION LATERAL,COLISION,URBANA,IMPRUDENCIA DEL CONDUCTOR,CONDUCCION NO ATENTO CONDICIONES TRANSITO MOMENTO,0,0,0,0,11:30:00
-73.023674,-36.926153,4060,8,REGION BIO BIO,8103,CHIGUAYANTE,PEDRO ANGULO NOVOA,PINARES,0,"Pedro Angulo Novoa 1235, Chiguayante, Bío Bío, Chile",-36.926153,-73.023674,1,ROOFTOP,2020,1268182,2020/02/28 00:00:00+00,COLISION PERPENDICULAR,COLISION,URBANA,CAUSAS NO DETERMINADAS,CAUSAS NO DETERMINADAS,0,0,0,2,13:40:00
-72.2471819,-37.7134703,4061,8,REGION BIO BIO,8305,MULCHEN,MATTA,LASTARRIA,0,"Avenida Matta & Lastarria, Mulchen, Mulchén, Bío Bío, Chile",-37.7134703,-72.2471819,1,GEOMETRIC_CENTER,2020,1268196,2020/02/04 00:00:00+00,COLISION,COLISION,URBANA,IMPRUDENCIA DEL CONDUCTOR,CONDUCCION NO ATENTO CONDICIONES TRANSITO MOMENTO,0,0,0,0,15:40:00
-72.5286918,-37.5851122,4062,8,REGION BIO BIO,8307,NEGRETE,IGNACIO CARRERA PINTO,ALBERTO MOLLER,0,"Alberto Moller & Ignacio Carrera Pinto, Negrete, Bío Bío, Chile",-37.5851122,-72.5286918,1,GEOMETRIC_CENTER,2020,1268264,2020/03/01 00:00:00+00,CHOQUE,CHOQUE,URBANA,PERDIDA CONTROL VEHICULO,PERDIDA CONTROL VEHICULO,0,0,0,5,14:00:00
-73.0675954,-36.7733738,4063,8,REGION BIO BIO,8110,TALCAHUANO,CALLE B, ,1391,"C. B, Talcahuano, Bío Bío, Chile",-36.7733738,-73.0675954,1,GEOMETRIC_CENTER,2020,1268271,2020/02/07 00:00:00+00,CHOQUE FRONTAL,CHOQUE,URBANA,PERDIDA CONTROL VEHICULO,PERDIDA CONTROL VEHICULO,0,0,0,0,08:15:00
-73.1161165,-36.7123136,4064,8,REGION BIO BIO,8110,TALCAHUANO,SUBIDA EL PESCADOR, ,138,"Almte. Latorre 92, Talcahuano, Bío Bío, Chile",-36.7123136,-73.1161165,1,ROOFTOP,2020,1268284,2020/02/09 00:00:00+00,COLISION POR ALCANCE,COLISION,URBANA,FALLAS MECANICAS,FALLAS MECANICAS FRENOS,0,0,0,0,16:26:00
-73.1137438,-36.7151235,4065,8,REGION BIO BIO,8110,TALCAHUANO,BULNES, ,245,"Bulnes 245, Talcahuano, Bío Bío, Chile",-36.7151235,-73.1137438,1,RANGE_INTERPOLATED,2020,1268330,2020/02/18 00:00:00+00,CHOQUE POSTERIOR/LADO,CHOQUE,URBANA,IMPRUDENCIA DEL CONDUCTOR,CONDUCCION NO ATENTO CONDICIONES TRANSITO MOMENTO,0,0,0,0,11:00:00
-73.081286,-36.7626852,4066,8,REGION BIO BIO,8110,TALCAHUANO,VALDIVIA, ,175,"Jaime Repullo 768, Talcahuano, Bío Bío, Chile",-36.7626852,-73.081286,1,ROOFTOP,2020,1268356,2020/02/18 00:00:00+00,CAIDA,CAIDA,URBANA,IMPRUDENCIA DEL PASAJERO,PASAJERO SUBE O DESCIENDE DE VEHICULO MOVIMIENTO,0,0,0,1,13:10:00
-73.1255703,-36.7164852,4067,8,REGION BIO BIO,8110,TALCAHUANO,COQUIMBO,COLEGIO,0,"Colegio & Coquimbo, Talcahuano, Bío Bío, Chile",-36.7164852,-73.1255703,1,GEOMETRIC_CENTER,2020,1268367,2020/02/19 00:00:00+00,COLISION LATERAL,COLISION,URBANA,IMPRUDENCIA DEL CONDUCTOR,NO RESPETAR DERECHO PREFERENTE DE PASO A VEHICULO,0,0,0,0,18:20:00
-73.3235328,-37.4893296,4068,8,REGION BIO BIO,8205,CURANILAHUE,TUCAPEL, ,1585,"Tucapel 1585, Curanilahue, Bío Bío, Chile",-37.4893296,-73.3235328,1,RANGE_INTERPOLATED,2020,1268369,2020/03/01 00:00:00+00,CHOQUE,CHOQUE,URBANA,CAUSAS NO DETERMINADAS,CAUSAS NO DETERMINADAS,0,0,0,0,13:00:00
-73.0227439,-36.931672,4069,8,REGION BIO BIO,8103,CHIGUAYANTE,MANUEL RODRIGUEZ,PINARES,0,"Pinares & Avenida Manuel Rodríguez, Chiguayante, Bío Bío, Chile",-36.931672,-73.0227439,1,GEOMETRIC_CENTER,2020,1268453,2020/02/14 00:00:00+00,ATROPELLO,ATROPELLO,URBANA,CAUSAS NO DETERMINADAS,CAUSAS NO DETERMINADAS,0,1,0,0,21:45:00