X,Y,FID,COD_REG,REGION,CUT,COMUNA,CALLE_UNO,CALLE_DOS,NUMERO,DIR_GEOCOD,LAT,LNG,VAL_COM,TIPO,Año,Idaccident,Fecha,Tipo_Accid,Tipo__CONA,Zona,Causa__CON,Causa,Fallecidos,Graves,Menos_Grav,Leves,Hora
-73.016474,-36.9460732,4070,8,REGION BIO BIO,8103,CHIGUAYANTE,ESPERANZA,MANUEL RODRIGUEZ,0,"Esperanza & Avenida Manuel Rodríguez, Chiguayante, Bío Bío, Chile",-36.9460732,-73.016474,1,GEOMETRIC_CENTER,2020,1268475,2020/02/19 00:00:00+00,CHOQUE FRONTAL,CHOQUE,URBANA,ALCOHOL EN CONDUCTOR,CONDUCCION EN ESTADO DE EBRIEDAD,0,0,0,1,06:20:00
-72.9377279,-36.9760168,4071,8,REGION BIO BIO,8105,HUALQUI,IRARRAZAVAL,MANUEL BULNES,0,"Plaza De Hualqui - Manuel Bulnes, Hualqui, Bío Bío, Chile",-36.9760168,-72.9377279,1,GEOMETRIC_CENTER,2020,1268512,2020/02/07 00:00:00+00,ATROPELLO,ATROPELLO,URBANA,IMPRUDENCIA DEL CONDUCTOR,CONDUCCION NO ATENTO CONDICIONES TRANSITO MOMENTO,0,1,0,0,19:00:00
-72.9384933,-36.971756,4072,8,REGION BIO BIO,8105,HUALQUI,LA ARAUCANA,LA CONCEPCION,0,"La Concepción & Av. Araucana, Hualqui, Bío Bío, Chile",-36.971756,-72.9384933,1,GEOMETRIC_CENTER,2020,1268544,2020/02/05 00:00:00+00,COLISION PERPENDICULAR,COLISION,URBANA,CAUSAS NO DETERMINADAS,CAUSAS NO DETERMINADAS,0,0,0,1,08:50:00
-73.0967968,-36.7840176,4073,8,REGION BIO BIO,8112,HUALPEN,SUECIA, ,2940,"Suecia 2940, Hualpén, Bío Bío, Chile",-36.7840176,-73.0967968,1,ROOFTOP,2020,1268619,2020/03/04 00:00:00+00,ATROPELLO,ATROPELLO,URBANA,OTRAS CAUSAS,OTRAS CAUSAS,0,1,0,0,12:00:00
-72.2420669,-37.7220205,4074,8,REGION BIO BIO,8305,MULCHEN,VILLAGRAN,VILLAGRA,0,"Villagra & Villagran, Mulchen, Mulchén, Bío Bío, Chile",-37.7220205,-72.2420669,1,GEOMETRIC_CENTER,2020,1268629,2020/02/27 00:00:00+00,CHOQUE,CHOQUE,URBANA,CAUSAS NO DETERMINADAS,CAUSAS NO DETERMINADAS,0,0,0,0,10:50:00
-72.990863,-36.7374393,4075,8,REGION BIO BIO,8107,PENCO,YERBAS BUENAS, ,320,"Yerbas Buenas 320, Penco, Bío Bío, Chile",-36.7374393,-72.990863,1,RANGE_INTERPOLATED,2020,1268687,2020/02/23 00:00:00+00,CHOQUE LATERAL,CHOQUE,URBANA,IMPRUDENCIA DEL CONDUCTOR,CONDUCCION NO ATENTO CONDICIONES TRANSITO MOMENTO,0,0,0,1,14:30:00
-73.0967287,-36.7991558,4076,8,REGION BIO BIO,8112,HUALPEN,POSTDAM,PILPILCO,0,"Pilpilco & Postdam, Hualpén, Bío Bío, Chile",-36.7991558,-73.0967287,1,GEOMETRIC_CENTER,2020,1268875,2020/03/05 00:00:00+00,CAIDA,CAIDA,URBANA,OTRAS CAUSAS,OTRAS CAUSAS,0,0,0,1,09:50:00
-73.1087905,-36.7361785,4077,8,REGION BIO BIO,8110,TALCAHUANO,SIMPSON, ,367,"Simpson 367, Talcahuano, Bío Bío, Chile",-36.7361785,-73.1087905,1,RANGE_INTERPOLATED,2020,1268936,2020/03/04 00:00:00+00,ATROPELLO,ATROPELLO,URBANA,IMPRUDENCIA DEL CONDUCTOR,NO RESPETAR DERECHO PREFERENTE DE PASO A PEATON,0,0,1,0,18:00:00
-72.3383302,-37.4430402,4078,8,REGION BIO BIO,8301,LOS ANGELES,LAGUNA VERDE,DR MANUEL RIOSECO,0,"C. Laguna Verde, Los Angeles, Los Ángeles, Bío Bío, Chile",-37.4430402,-72.3383302,1,GEOMETRIC_CENTER,2020,1269271,2020/02/13 00:00:00+00,CHOQUE FRONTAL,CHOQUE,URBANA,IMPRUDENCIA DEL CONDUCTOR,CONDUCCION NO ATENTO CONDICIONES TRANSITO MOMENTO,0,0,0,0,07:50:00
-73.0866314,-36.777716,4079,8,REGION BIO BIO,8110,TALCAHUANO,CRISTOBAL COLON, ,3280,"Av. Cristóbal Colón # 6900, Talcahuano, Bío Bío, Chile",-36.777716,-73.0866314,1,ROOFTOP,2020,1268966,2020/03/02 00:00:00+00,CHOQUE FRONTAL,CHOQUE,URBANA,PERDIDA CONTROL VEHICULO,PERDIDA CONTROL VEHICULO,0,0,0,1,08:15:00
-73.0473865,-36.825274,4080,8,REGION BIO BIO,8101,CONCEPCION,CASTELLON,BARROS ARANA,0,"Barros Arana & Castellón, Concepción, Bío Bío, Chile",-36.825274,-73.0473865,1,GEOMETRIC_CENTER,2020,1268980,2020/03/02 00:00:00+00,CHOQUE,CHOQUE,URBANA,IMPRUDENCIA DEL CONDUCTOR,CONDUCCION NO ATENTO CONDICIONES TRANSITO MOMENTO,0,0,0,0,19:15:00
-73.0429896,-36.824726,4081,8,REGION BIO BIO,8101,CONCEPCION,ONGOLMO,OHIGGINS,0,"Ongolmo & Libertador General Bernardo OHiggins, Concepción, Bío Bío, Chile",-36.824726,-73.0429896,1,GEOMETRIC_CENTER,2020,1268989,2020/03/03 00:00:00+00,COLISION PERPENDICULAR,COLISION,URBANA,IMPRUDENCIA DEL CONDUCTOR,CONDUCCION NO ATENTO CONDICIONES TRANSITO MOMENTO,0,0,0,3,15:55:00
-73.0501914,-36.8282548,4082,8,REGION BIO BIO,8101,CONCEPCION,CAUPOLICAN, ,368,"Caupolicán 368, Concepción, Bío Bío, Chile",-36.8282548,-73.0501914,1,ROOFTOP,2020,1269272,2020/03/04 00:00:00+00,ATROPELLO,ATROPELLO,URBANA,IMPRUDENCIA DEL CONDUCTOR,CONDUCIR VEHICULO EN RETROCESO,0,0,1,0,11:15:00
-73.1585467,-37.0128236,4083,8,REGION BIO BIO,8102,CORONEL,INTERIOR MALL ARAUCO, ,901,"Carlos Pratt González 913, Coronel, Bío Bío, Chile",-37.0128236,-73.1585467,1,ROOFTOP,2020,1269052,2020/02/05 00:00:00+00,CHOQUE POSTERIOR/POSTERIOR,CHOQUE,URBANA,CAUSAS NO DETERMINADAS,CAUSAS NO DETERMINADAS,0,0,0,0,12:20:00
-73.1619015,-36.9952274,4084,8,REGION BIO BIO,8102,CORONEL,INTERIOR ESTACIONAMIENTO LIDER, ,1300,"Av - Av. Manuel Montt 2328, Coronel, Bío Bío, Chile",-36.9952274,-73.1619015,1,ROOFTOP,2020,1269054,2020/02/06 00:00:00+00,CHOQUE POSTERIOR/POSTERIOR,CHOQUE,URBANA,IMPRUDENCIA DEL CONDUCTOR,CONDUCCION NO ATENTO CONDICIONES TRANSITO MOMENTO,0,0,0,0,12:00:00
-73.1402894,-37.0360674,4085,8,REGION BIO BIO,8102,CORONEL,DEMOCRACIA,CARVALLO,0,"Democracia 1350, Coronel, Bío Bío, Chile",-37.0360674,-73.1402894,1,ROOFTOP,2020,1269057,2020/02/12 00:00:00+00,COLISION LATERAL,COLISION,URBANA,DESOBEDIENCIA A SEÑALIZACION,SEÑALIZACION DESOBEDECER SEÑAL CEDA EL PASO,0,0,0,0,21:30:00
-73.1579466,-37.0137605,4086,8,REGION BIO BIO,8102,CORONEL,CARLOS PRATS, ,901,"Av. Gral. Carlos Prats 901, Coronel, Bío Bío, Chile",-37.0137605,-73.1579466,1,RANGE_INTERPOLATED,2020,1269059,2020/02/17 00:00:00+00,COLISION,COLISION,URBANA,OTRAS CAUSAS,OTRAS CAUSAS,0,0,0,0,20:50:00
-73.1625758,-36.9799179,4087,8,REGION BIO BIO,8102,CORONEL,MANUEL MONTT, ,3818,"Av. Manuel Montt 3818, Coronel, Bío Bío, Chile",-36.9799179,-73.1625758,1,RANGE_INTERPOLATED,2020,1269060,2020/02/24 00:00:00+00,COLISION,COLISION,URBANA,IMPRUDENCIA DEL CONDUCTOR,CONDUCCION NO ATENTO CONDICIONES TRANSITO MOMENTO,0,0,0,1,13:00:00
-73.1630088,-36.992736,4088,8,REGION BIO BIO,8102,CORONEL,JOSE SANTOS OSSA,MANUEL MONTT,0,"José Santos Ossa & Avenida Manuel Montt, Coronel, Bío Bío, Chile",-36.992736,-73.1630088,1,GEOMETRIC_CENTER,2020,1269061,2020/02/25 00:00:00+00,COLISION,COLISION,URBANA,IMPRUDENCIA DEL CONDUCTOR,CONDUCCION NO ATENTO CONDICIONES TRANSITO MOMENTO,0,0,0,2,17:40:00
-73.1388424,-37.0323705,4089,8,REGION BIO BIO,8102,CORONEL,MERINO JARPA,RIQUELME,0,"Riquelme & Merino Jarpa, Coronel, Bío Bío, Chile",-37.0323705,-73.1388424,1,GEOMETRIC_CENTER,2020,1269063,2020/02/28 00:00:00+00,COLISION,COLISION,URBANA,IMPRUDENCIA DEL CONDUCTOR,CONDUCCION NO ATENTO CONDICIONES TRANSITO MOMENTO,0,0,0,0,18:30:00
-72.3702339,-37.4749173,4090,8,REGION BIO BIO,8301,LOS ANGELES,PADRE HURTADO, ,277,"Av. Padre Hurtado 277, Los Angeles, Los Ángeles, Bío Bío, Chile",-37.4749173,-72.3702339,1,ROOFTOP,2020,1269070,2020/02/09 00:00:00+00,CHOQUE POSTERIOR/LADO,CHOQUE,URBANA,IMPRUDENCIA DEL CONDUCTOR,CONDUCCION NO ATENTO CONDICIONES TRANSITO MOMENTO,0,0,0,0,22:00:00
-72.3469839,-37.4735899,4091,8,REGION BIO BIO,8301,LOS ANGELES,RICARDO VICUÑA, ,147,"Av. Ricardo Vicuña 147, Los Angeles, Los Ángeles, Bío Bío, Chile",-37.4735899,-72.3469839,1,ROOFTOP,2020,1269155,2020/02/09 00:00:00+00,CHOQUE LADO/POSTERIOR,CHOQUE,URBANA,IMPRUDENCIA DEL CONDUCTOR,CONDUCCION NO ATENTO CONDICIONES TRANSITO MOMENTO,0,0,0,0,14:49:00
-73.0492659,-36.8299023,4092,8,REGION BIO BIO,8101,CONCEPCION,CAUPOLICAN,COCHRANE,0,"Cochrane & Caupolicán, Concepción, Bío Bío, Chile",-36.8299023,-73.0492659,1,GEOMETRIC_CENTER,2020,1269222,2020/03/03 00:00:00+00,CHOQUE POSTERIOR,CHOQUE,URBANA,IMPRUDENCIA DEL CONDUCTOR,CONDUCCION SIN MANTENER DISTANCIA RAZONABLE NI PRUDENTE,0,0,0,0,18:59:00
-72.3397723,-37.4593711,4093,8,REGION BIO BIO,8301,LOS ANGELES,CATALUÑA, ,470,"Cataluña 470, Los Angeles, Los Ángeles, Bío Bío, Chile",-37.4593711,-72.3397723,1,RANGE_INTERPOLATED,2020,1269224,2020/02/12 00:00:00+00,ATROPELLO,ATROPELLO,URBANA,IMPRUDENCIA DEL PEATON,IMPRUDENCIA DEL PEATON,0,0,1,0,01:55:00
-73.0593714,-36.8289885,4094,8,REGION BIO BIO,8101,CONCEPCION,FREIRE,ARTURO PRAT,0,"Freire & Arturo Prat, Concepción, Bío Bío, Chile",-36.8289885,-73.0593714,1,GEOMETRIC_CENTER,2020,1269231,2020/03/04 00:00:00+00,ATROPELLO,ATROPELLO,URBANA,IMPRUDENCIA DEL CONDUCTOR,NO RESPETAR DERECHO PREFERENTE DE PASO A PEATON,0,0,0,1,13:00:00
-73.0780449,-36.8084633,4095,8,REGION BIO BIO,8101,CONCEPCION,21 DE MAYO, ,3225,"Av. 21 de Mayo 3225, Concepción, Bío Bío, Chile",-36.8084633,-73.0780449,1,ROOFTOP,2020,1269241,2020/03/04 00:00:00+00,COLISION POR ALCANCE,COLISION,URBANA,IMPRUDENCIA DEL CONDUCTOR,CONDUCCION SIN MANTENER DISTANCIA RAZONABLE NI PRUDENTE,0,0,0,1,10:50:00
-72.3405898,-37.4753691,4096,8,REGION BIO BIO,8301,LOS ANGELES,GABRIELA MISTRAL, ,740,"Av. Gabriela Mistral 740, Los Angeles, Los Ángeles, Bío Bío, Chile",-37.4753691,-72.3405898,1,RANGE_INTERPOLATED,2020,1269243,2020/02/12 00:00:00+00,COLISION POR ALCANCE,COLISION,URBANA,IMPRUDENCIA DEL CONDUCTOR,CONDUCCION NO ATENTO CONDICIONES TRANSITO MOMENTO,0,0,0,0,22:30:00
-72.348424,-37.4821257,4097,8,REGION BIO BIO,8301,LOS ANGELES,LOS CARRERA, ,795,"Av. Los Carrera 795, Los Angeles, Los Ángeles, Bío Bío, Chile",-37.4821257,-72.348424,1,RANGE_INTERPOLATED,2020,1269256,2020/02/12 00:00:00+00,COLISION LATERAL,COLISION,URBANA,DESOBEDIENCIA A SEÑALIZACION,SEÑALIZACION DESOBEDECER LUZ ROJA DE SEMAFORO,0,0,0,0,14:45:00
-73.0509756,-36.7975342,4098,8,REGION BIO BIO,8101,CONCEPCION,MARIANO LATORRE,EDUARDO BARRIOS,0,"Mariano Latorre & Eduardo Barrios, Concepción, Bío Bío, Chile",-36.7975342,-73.0509756,1,GEOMETRIC_CENTER,2020,1269279,2020/02/15 00:00:00+00,CHOQUE FRONTAL,CHOQUE,URBANA,ALCOHOL EN CONDUCTOR,CONDUCCION BAJO LA INFLUENCIA DEL ALCOHOL,0,0,0,0,05:55:00
-73.0568565,-36.8279316,4099,8,REGION BIO BIO,8101,CONCEPCION,FREIRE,SALAS,0,"Obispo Hipólito Salas & Freire, Concepción, Bío Bío, Chile",-36.8279316,-73.0568565,1,GEOMETRIC_CENTER,2020,1269292,2020/03/05 00:00:00+00,COLISION FRONTAL,COLISION,URBANA,IMPRUDENCIA DEL CONDUCTOR,CONDUCCION CONTRA SENTIDO DEL TRANSITO,0,1,0,0,08:55:00
-73.0581418,-36.8284641,4100,8,REGION BIO BIO,8101,CONCEPCION,SERRANO,FREIRE,0,"Freire & Serrano, Concepción, Bío Bío, Chile",-36.8284641,-73.0581418,1,GEOMETRIC_CENTER,2020,1269301,2020/03/06 00:00:00+00,COLISION LATERAL,COLISION,URBANA,IMPRUDENCIA DEL CONDUCTOR,ADELANTAMIENTO SIN EL ESPACIO O TIEMPO SUFICIENTE,0,0,0,0,15:55:00
-73.0066194,-36.8264338,4101,8,REGION BIO BIO,8101,CONCEPCION,CAMINO NONGUEN, ,547,"Cam. Nonguén 547, Concepción, Bío Bío, Chile",-36.8264338,-73.0066194,1,ROOFTOP,2020,1269324,2020/03/06 00:00:00+00,CHOQUE POSTERIOR,CHOQUE,URBANA,IMPRUDENCIA DEL CONDUCTOR,CONDUCCION SIN MANTENER DISTANCIA RAZONABLE NI PRUDENTE,0,0,0,0,17:00:00
-73.0600273,-36.7983598,4102,8,REGION BIO BIO,8101,CONCEPCION,PAICAVI, ,3075,"Paicaví 3075, Concepción, Bío Bío, Chile",-36.7983598,-73.0600273,1,RANGE_INTERPOLATED,2020,1269347,2020/02/06 00:00:00+00,COLISION POR ALCANCE,COLISION,URBANA,IMPRUDENCIA DEL CONDUCTOR,CONDUCCION SIN MANTENER DISTANCIA RAZONABLE NI PRUDENTE,0,2,0,1,18:00:00
-73.0605195,-36.7996202,4103,8,REGION BIO BIO,8101,CONCEPCION,PAICAVI, ,3117,"Paicaví 3117, Concepción, Bío Bío, Chile",-36.7996202,-73.0605195,1,ROOFTOP,2020,1269357,2020/03/06 00:00:00+00,CHOQUE POSTERIOR,CHOQUE,URBANA,IMPRUDENCIA DEL CONDUCTOR,CONDUCCION SIN MANTENER DISTANCIA RAZONABLE NI PRUDENTE,0,0,0,1,16:00:00
-73.0287692,-36.9162564,4104,8,REGION BIO BIO,8103,CHIGUAYANTE,OBPO SAN MIGUEL, ,20,"Obispo San Miguel 20, Chiguayante, Bío Bío, Chile",-36.9162564,-73.0287692,1,ROOFTOP,2020,1269367,2020/03/06 00:00:00+00,COLISION LATERAL,COLISION,URBANA,IMPRUDENCIA DEL CONDUCTOR,ADELANTAMIENTO SIN EL ESPACIO O TIEMPO SUFICIENTE,0,0,0,0,22:55:00
-73.05898,-36.8171686,4105,8,REGION BIO BIO,8101,CONCEPCION,RENGO,VICUÑA MACKENNA,0,"Vicuña Mackenna & Rengo, Concepción, Bío Bío, Chile",-36.8171686,-73.05898,1,GEOMETRIC_CENTER,2020,1269380,2020/02/08 00:00:00+00,CHOQUE POSTERIOR,CHOQUE,URBANA,ALCOHOL EN CONDUCTOR,CONDUCCION EN ESTADO DE EBRIEDAD,0,0,0,1,05:40:00
-73.033815,-36.8087669,4106,8,REGION BIO BIO,8101,CONCEPCION,ALONSO DE RIVERA,CAMILO HENRIQUEZ,0,"Camilo Henríquez 2565, Concepción, Bío Bío, Chile",-36.8087669,-73.033815,1,ROOFTOP,2020,1269386,2020/02/28 00:00:00+00,COLISION POR ALCANCE,COLISION,URBANA,ALCOHOL EN CONDUCTOR,CONDUCCION EN ESTADO DE EBRIEDAD,0,0,1,0,00:25:00
-73.085315,-36.799776,4107,8,REGION BIO BIO,8112,HUALPEN,CRISTOBAL COLON,PUENTE NOBIS,0,"Cristóbal Colón 9765, Hualpén - Bodega B14, Megacentro, Hualpén, Bío Bío, Chile",-36.799776,-73.085315,1,GEOMETRIC_CENTER,2020,1269399,2020/03/07 00:00:00+00,CHOQUE FRONTAL,CHOQUE,URBANA,PERDIDA CONTROL VEHICULO,PERDIDA CONTROL VEHICULO,0,1,0,0,09:50:00
-72.3699736,-37.4753076,4108,8,REGION BIO BIO,8301,LOS ANGELES,PADRE HURTADO,BAQUEDANO,0,"Baquedano & Avenida Padre Hurtado, Los Angeles, Los Ángeles, Bío Bío, Chile",-37.4753076,-72.3699736,1,GEOMETRIC_CENTER,2020,1269411,2020/02/13 00:00:00+00,VOLCADURA,VOLCADURA,URBANA,IMPRUDENCIA DEL CONDUCTOR,CONDUCCION NO ATENTO CONDICIONES TRANSITO MOMENTO,0,0,0,1,18:50:00
-72.3516715,-37.4605915,4109,8,REGION BIO BIO,8301,LOS ANGELES,OROMPELLO,VALDIVIA,0,"Orompello & Valdivia, Los Angeles, Los Ángeles, Bío Bío, Chile",-37.4605915,-72.3516715,1,GEOMETRIC_CENTER,2020,1269414,2020/02/13 00:00:00+00,CHOQUE POSTERIOR/POSTERIOR,CHOQUE,URBANA,IMPRUDENCIA DEL CONDUCTOR,CONDUCCION NO ATENTO CONDICIONES TRANSITO MOMENTO,0,0,0,0,19:30:00
-73.1161165,-36.7123136,4110,8,REGION BIO BIO,8110,TALCAHUANO,SUBIDA EL PESCADOR, ,5173,"Almte. Latorre 92, Talcahuano, Bío Bío, Chile",-36.7123136,-73.1161165,1,ROOFTOP,2020,1269443,2020/03/08 00:00:00+00,CHOQUE FRONTAL,CHOQUE,URBANA,ALCOHOL EN CONDUCTOR,CONDUCCION EN ESTADO DE EBRIEDAD,0,0,0,0,16:15:00
-73.0436675,-36.821115,4111,8,REGION BIO BIO,8101,CONCEPCION,PAICAVI,MAIPU,0,"Maipú & Paicaví, Concepción, Bío Bío, Chile",-36.821115,-73.0436675,1,GEOMETRIC_CENTER,2020,1269478,2020/03/07 00:00:00+00,COLISION PERPENDICULAR,COLISION,URBANA,IMPRUDENCIA DEL CONDUCTOR,CONDUCCION NO ATENTO CONDICIONES TRANSITO MOMENTO,0,0,2,21,14:00:00
-73.6598201,-37.6041979,4112,8,REGION BIO BIO,8201,LEBU,MANUEL BAQUEDANO,CAMILO HENRIQUEZ,0,"Manuel Baquedano & Camilo Henriquez, Lebu, Bío Bío, Chile",-37.6041979,-73.6598201,1,GEOMETRIC_CENTER,2020,1269493,2020/03/03 00:00:00+00,CHOQUE POSTERIOR/FRENTE,CHOQUE,URBANA,IMPRUDENCIA DEL CONDUCTOR,CONDUCCION NO ATENTO CONDICIONES TRANSITO MOMENTO,0,0,0,0,14:35:00
-73.0070034,-36.8193594,4113,8,REGION BIO BIO,8101,CONCEPCION,GRAL BONILLA, ,1850,"Av. Gral. Oscar Bonilla 1850, Concepción, Bío Bío, Chile",-36.8193594,-73.0070034,1,ROOFTOP,2020,1269534,2020/03/08 00:00:00+00,CHOQUE,CHOQUE,URBANA,PERDIDA CONTROL VEHICULO,PERDIDA CONTROL VEHICULO,0,0,0,2,19:50:00
-73.115155,-36.711255,4114,8,REGION BIO BIO,8110,TALCAHUANO,ALMTE LATORRE, ,6,"Almte. Latorre 6, Talcahuano, Bío Bío, Chile",-36.711255,-73.115155,1,RANGE_INTERPOLATED,2020,1269535,2020/03/04 00:00:00+00,CHOQUE FRENTE/POSTERIOR,CHOQUE,URBANA,IMPRUDENCIA DEL CONDUCTOR,CONDUCCION SIN MANTENER DISTANCIA RAZONABLE NI PRUDENTE,0,0,0,0,10:35:00
-73.0619651,-36.8252469,4115,8,REGION BIO BIO,8101,CONCEPCION,ARTURO PRAT, ,975,"Arturo Prat 975, Concepción, Bío Bío, Chile",-36.8252469,-73.0619651,1,ROOFTOP,2020,1277111,2020/04/09 00:00:00+00,VOLCADURA,VOLCADURA,URBANA,IMPRUDENCIA DEL CONDUCTOR,CONDUCCION NO ATENTO CONDICIONES TRANSITO MOMENTO,0,0,0,0,15:00:00
-73.0423803,-36.8231766,4116,8,REGION BIO BIO,8101,CONCEPCION,BARROS ARANA,PAICAVI,0,"Barros Arana & Paicaví, Concepción, Bío Bío, Chile",-36.8231766,-73.0423803,1,GEOMETRIC_CENTER,2020,1269557,2020/03/09 00:00:00+00,ATROPELLO,ATROPELLO,URBANA,IMPRUDENCIA DEL CONDUCTOR,NO RESPETAR DERECHO PREFERENTE DE PASO A PEATON,0,0,0,1,11:00:00
-73.0874338,-36.7452216,4117,8,REGION BIO BIO,8110,TALCAHUANO,MANUEL BARROS BORGOÑO,ALMTE NEFF,0,"Almirante Neff & Manuel Barros Borgoño, Talcahuano, Bío Bío, Chile",-36.7452216,-73.0874338,1,GEOMETRIC_CENTER,2020,1269565,2020/03/05 00:00:00+00,COLISION LATERAL,COLISION,URBANA,DESOBEDIENCIA A SEÑALIZACION,SEÑALIZACION DESOBEDECER SEÑAL PARE,0,0,0,2,18:40:00
-72.348121,-37.46954,4118,8,REGION BIO BIO,8301,LOS ANGELES,COLO COLO,OROMPELLO,0,"Colo Colo 276, Los Angeles, Los Ángeles, Bío Bío, Chile",-37.46954,-72.348121,1,ROOFTOP,2020,1269573,2020/02/14 00:00:00+00,CHOQUE LADO/LADO,CHOQUE,URBANA,IMPRUDENCIA DEL CONDUCTOR,CONDUCCION NO ATENTO CONDICIONES TRANSITO MOMENTO,0,0,0,0,15:18:00
-72.374685,-37.4751051,4119,8,REGION BIO BIO,8301,LOS ANGELES,TOMAS DE AQUINO,PONIENTE,0,"Tomas de Aquino & Avenida Poniente, Los Ángeles, Bío Bío, Chile",-37.4751051,-72.374685,1,GEOMETRIC_CENTER,2020,1269578,2020/02/14 00:00:00+00,ATROPELLO,ATROPELLO,URBANA,IMPRUDENCIA DEL CONDUCTOR,CONDUCCION NO ATENTO CONDICIONES TRANSITO MOMENTO,0,0,0,2,21:00:00
-73.027521,-36.810789,4120,8,REGION BIO BIO,8101,CONCEPCION,GRAL BONILLA,TEGUALDA,0,"Cam. a Penco, Concepción, Bío Bío, Chile",-36.810789,-73.027521,1,GEOMETRIC_CENTER,2020,1269590,2020/03/09 00:00:00+00,COLISION LATERAL,COLISION,URBANA,IMPRUDENCIA DEL CONDUCTOR,CONDUCCION SIN MANTENER DISTANCIA RAZONABLE NI PRUDENTE,0,0,0,0,08:00:00
-73.0463104,-36.8170615,4121,8,REGION BIO BIO,8101,CONCEPCION,PAICAVI,BULNES,0,"Manuel Bulnes & Paicaví, Concepción, Bío Bío, Chile",-36.8170615,-73.0463104,1,GEOMETRIC_CENTER,2020,1269593,2020/02/02 00:00:00+00,COLISION LATERAL,COLISION,URBANA,IMPRUDENCIA DEL CONDUCTOR,CONDUCCION NO ATENTO CONDICIONES TRANSITO MOMENTO,0,2,0,0,07:10:00
-72.325831,-37.469718,4122,8,REGION BIO BIO,8301,LOS ANGELES,LAS INDUSTRIAS, ,506,"Av Las Industrias 506, Los Ángeles, Bío Bío, Chile",-37.469718,-72.325831,1,RANGE_INTERPOLATED,2020,1269598,2020/02/17 00:00:00+00,VOLCADURA,VOLCADURA,URBANA,FALLAS MECANICAS,FALLAS MECANICAS DIRECCION,0,0,0,0,06:40:00
-73.1076507,-36.7923088,4123,8,REGION BIO BIO,8112,HUALPEN,BULGARIA, ,3779,"Bulgaria 3779, Hualpén, Bío Bío, Chile",-36.7923088,-73.1076507,1,ROOFTOP,2020,1269623,2020/03/09 00:00:00+00,ATROPELLO,ATROPELLO,URBANA,IMPRUDENCIA DEL CONDUCTOR,CONDUCIR VEHICULO EN RETROCESO,0,1,0,0,11:45:00
-72.3611368,-37.4692009,4124,8,REGION BIO BIO,8301,LOS ANGELES,COLO COLO,LOS ANGELES,0,"Avenida Los Angeles & Colo Colo, Los Angeles, Los Ángeles, Bío Bío, Chile",-37.4692009,-72.3611368,1,GEOMETRIC_CENTER,2020,1269625,2020/02/20 00:00:00+00,CHOQUE POSTERIOR/FRENTE,CHOQUE,URBANA,IMPRUDENCIA DEL CONDUCTOR,CONDUCCION NO ATENTO CONDICIONES TRANSITO MOMENTO,0,0,0,0,15:00:00
-73.0549299,-36.8309473,4125,8,REGION BIO BIO,8101,CONCEPCION,SALAS,SAN MARTIN,0,"Obispo Hipólito Salas & San Martín, Concepción, Bío Bío, Chile",-36.8309473,-73.0549299,1,GEOMETRIC_CENTER,2020,1269672,2020/03/09 00:00:00+00,ATROPELLO,ATROPELLO,URBANA,IMPRUDENCIA DEL CONDUCTOR,VIRAJES INDEBIDOS,1,0,0,0,09:30:00
-72.3578367,-37.4765258,4126,8,REGION BIO BIO,8301,LOS ANGELES,PATRICIO LYNCH,BLANCO ENCALADA,0,"Blanco Encalada & Patricio Lynch, Los Angeles, Los Ángeles, Bío Bío, Chile",-37.4765258,-72.3578367,1,GEOMETRIC_CENTER,2020,1269682,2020/02/20 00:00:00+00,COLISION LATERAL,COLISION,URBANA,IMPRUDENCIA DEL CONDUCTOR,CONDUCCION NO ATENTO CONDICIONES TRANSITO MOMENTO,0,0,0,0,21:45:00
-72.3595096,-37.4764299,4127,8,REGION BIO BIO,8301,LOS ANGELES,PATRICIO LYNCH,JOSE MIGUEL INFANTE,0,"Patricio Lynch & Jose Miguel Infante, Los Angeles, Los Ángeles, Bío Bío, Chile",-37.4764299,-72.3595096,1,GEOMETRIC_CENTER,2020,1269697,2020/02/20 00:00:00+00,COLISION LATERAL,COLISION,URBANA,CAUSAS NO DETERMINADAS,CAUSAS NO DETERMINADAS,0,0,0,4,15:15:00
-72.9614336,-36.6173966,4128,8,REGION BIO BIO,8111,TOME,NOGUEIRA,RIQUELME,0,"Nogueira & Riquelme, Tome, Tomé, Bío Bío, Chile",-36.6173966,-72.9614336,1,GEOMETRIC_CENTER,2020,1269731,2020/03/05 00:00:00+00,ATROPELLO,ATROPELLO,URBANA,IMPRUDENCIA DEL CONDUCTOR,NO RESPETAR DERECHO PREFERENTE DE PASO A PEATON,0,0,1,1,17:30:00
-72.9558481,-36.6202585,4129,8,REGION BIO BIO,8111,TOME,MARIANO EGAÑA, ,820,"Mariano Egaña 820, Tome, Tomé, Bío Bío, Chile",-36.6202585,-72.9558481,1,ROOFTOP,2020,1269736,2020/03/06 00:00:00+00,COLISION LATERAL,COLISION,URBANA,IMPRUDENCIA DEL CONDUCTOR,CONDUCCION NO ATENTO CONDICIONES TRANSITO MOMENTO,0,0,0,0,17:30:00
-73.0599903,-36.7772493,4130,8,REGION BIO BIO,8110,TALCAHUANO,ROTONDA AEROPUERTO, ,5001,"Carriel Sur International Airport - Av. Pdte. Jorge Alessandri Rodriguez 5001, Talcahuano, Bío Bío, Chile",-36.7772493,-73.0599903,1,ROOFTOP,2020,1269766,2020/03/09 00:00:00+00,COLISION LATERAL,COLISION,URBANA,DESOBEDIENCIA A SEÑALIZACION,SEÑALIZACION DESOBEDECER SEÑAL PARE,0,0,0,0,13:50:00