X,Y,FID,COD_REG,REGION,CUT,COMUNA,CALLE_UNO,CALLE_DOS,NUMERO,DIR_GEOCOD,LAT,LNG,VAL_COM,TIPO,Año,Idaccident,Fecha,Tipo_Accid,Tipo__CONA,Zona,Causa__CON,Causa,Fallecidos,Graves,Menos_Grav,Leves,Hora
-72.9450144,-36.6228169,4131,8,REGION BIO BIO,8111,TOME,MANUEL MONTT, ,1690,"Manuel Montt 1690, Tome, Tomé, Bío Bío, Chile",-36.6228169,-72.9450144,1,RANGE_INTERPOLATED,2020,1269793,2020/03/07 00:00:00+00,CHOQUE FRONTAL,CHOQUE,URBANA,ALCOHOL EN CONDUCTOR,CONDUCCION EN ESTADO DE EBRIEDAD,0,0,0,1,19:50:00
-72.3363254,-37.4746785,4132,8,REGION BIO BIO,8301,LOS ANGELES,GABRIELA MISTRAL,MARCONI,0,"Guillermo Marconi & Avenida Gabriela Mistral, Los Angeles, Los Ángeles, Bío Bío, Chile",-37.4746785,-72.3363254,1,GEOMETRIC_CENTER,2020,1269795,2020/02/21 00:00:00+00,ATROPELLO,ATROPELLO,URBANA,DESOBEDIENCIA A SEÑALIZACION,SEÑALIZACION DESOBEDECER LUZ ROJA DE SEMAFORO,0,0,0,1,21:30:00
-72.9576261,-36.619007,4133,8,REGION BIO BIO,8111,TOME,IGNACIO SERRANO,MANUEL MONTT,0,"Manuel Montt & Ignacio Serrano, Tome, Tomé, Bío Bío, Chile",-36.619007,-72.9576261,1,GEOMETRIC_CENTER,2020,1269844,2020/03/08 00:00:00+00,COLISION PERPENDICULAR,COLISION,URBANA,DESOBEDIENCIA A SEÑALIZACION,SEÑALIZACION DESOBEDECER LUZ ROJA DE SEMAFORO,0,0,1,0,10:40:00
-72.9547493,-36.6118901,4134,8,REGION BIO BIO,8111,TOME,MARIANO EGAÑA,BAMBACH,0,"Bambach & Mariano Egaña, Tome, Tomé, Bío Bío, Chile",-36.6118901,-72.9547493,1,GEOMETRIC_CENTER,2020,1269862,2020/03/08 00:00:00+00,COLISION POR ALCANCE,COLISION,URBANA,IMPRUDENCIA DEL CONDUCTOR,CONDUCCION SIN MANTENER DISTANCIA RAZONABLE NI PRUDENTE,0,0,0,0,14:30:00
-72.9541308,-36.6108407,4135,8,REGION BIO BIO,8111,TOME,MARIANO EGAÑA,IGNACIO PALMA,0,"Mariano Egaña & Ignacio Palma, Tome, Tomé, Bío Bío, Chile",-36.6108407,-72.9541308,1,GEOMETRIC_CENTER,2020,1269904,2020/03/09 00:00:00+00,ATROPELLO,ATROPELLO,URBANA,IMPRUDENCIA DEL CONDUCTOR,NO RESPETAR DERECHO PREFERENTE DE PASO A PEATON,0,0,0,1,12:10:00
-73.1734169,-36.8093285,4136,8,REGION BIO BIO,8112,HUALPEN,COSTANERA,CAMINO A LA DESEMBOCADURA,0,"Río Calle Calle, Hualpén, Talcahuano, Bío Bío, Chile",-36.8093285,-73.1734169,1,GEOMETRIC_CENTER,2020,1269992,2020/03/09 00:00:00+00,CHOQUE,CHOQUE,URBANA,DEFICIENCIAS VIALES,ANIMALES SUELTOS VIA PUBLICA,0,0,0,3,22:10:00
-72.3500922,-37.480857,4137,8,REGION BIO BIO,8301,LOS ANGELES,VICUÑA MACKENNA,FREIRE,0,"Freire & Avenida Vicuña Mackenna, Los Angeles, Los Ángeles, Bío Bío, Chile",-37.480857,-72.3500922,1,GEOMETRIC_CENTER,2020,1270037,2020/02/21 00:00:00+00,COLISION LATERAL,COLISION,URBANA,IMPRUDENCIA DEL CONDUCTOR,CONDUCCION NO ATENTO CONDICIONES TRANSITO MOMENTO,0,0,0,1,18:56:00
-72.3502611,-37.4605394,4138,8,REGION BIO BIO,8301,LOS ANGELES,OROMPELLO,COLON,0,"Orompello & Colón, Los Angeles, Los Ángeles, Bío Bío, Chile",-37.4605394,-72.3502611,1,GEOMETRIC_CENTER,2020,1270071,2020/02/21 00:00:00+00,COLISION,COLISION,URBANA,IMPRUDENCIA DEL CONDUCTOR,CONDUCCION NO ATENTO CONDICIONES TRANSITO MOMENTO,0,0,0,0,22:52:00
-73.0627178,-36.7970919,4139,8,REGION BIO BIO,8101,CONCEPCION,PAICAVI, ,3310,"Paicaví 3310, Concepción, Bío Bío, Chile",-36.7970919,-73.0627178,1,RANGE_INTERPOLATED,2020,1277131,2020/04/18 00:00:00+00,COLISION POR ALCANCE,COLISION,URBANA,IMPRUDENCIA DEL CONDUCTOR,CONDUCCION CAMBIAR SORPRESIVAMENTE PISTA CIRCULACION,0,0,0,1,08:30:00
-72.676228,-37.5082259,4140,8,REGION BIO BIO,8306,NACIMIENTO,JULIO HEMMELMANN, ,670,"Av. Julio Hemmelmann 670, Nacimiento, Bío Bío, Chile",-37.5082259,-72.676228,1,RANGE_INTERPOLATED,2020,1270135,2020/03/08 00:00:00+00,CHOQUE,CHOQUE,URBANA,ALCOHOL EN CONDUCTOR,CONDUCCION EN ESTADO DE EBRIEDAD,0,0,0,2,02:30:00
-72.336616,-37.468096,4141,8,REGION BIO BIO,8301,LOS ANGELES,ALEMANIA,GERANARO REYES,0,"Av. Alemania 800, Los Angeles, Los Ángeles, Bío Bío, Chile",-37.468096,-72.336616,1,ROOFTOP,2020,1270145,2020/02/21 00:00:00+00,COLISION,COLISION,URBANA,IMPRUDENCIA DEL CONDUCTOR,CONDUCCION NO ATENTO CONDICIONES TRANSITO MOMENTO,0,0,0,3,16:00:00
-72.6892358,-37.4963073,4142,8,REGION BIO BIO,8306,NACIMIENTO,ARTURO ALESSANDRI,JULIO HEMMELMANN,0,"Av. Julio Hemmelmann 1510, Nacimiento, Bío Bío, Chile",-37.4963073,-72.6892358,1,ROOFTOP,2020,1270224,2020/03/09 00:00:00+00,COLISION,COLISION,URBANA,DESOBEDIENCIA A SEÑALIZACION,SEÑALIZACION DESOBEDECER SEÑAL PARE,0,0,0,0,02:30:00
-73.399111,-37.7998066,4143,8,REGION BIO BIO,8203,CAÑETE,LOS AROMOS, ,220,"Arturo Prat 220, Canete, Cañete, Bío Bío, Chile",-37.7998066,-73.399111,1,ROOFTOP,2020,1270310,2020/03/08 00:00:00+00,COLISION,COLISION,URBANA,IMPRUDENCIA DEL CONDUCTOR,CONDUCCION NO ATENTO CONDICIONES TRANSITO MOMENTO,0,0,0,0,12:40:00
-73.0545232,-36.8166568,4144,8,REGION BIO BIO,8101,CONCEPCION,MANUEL RODRIGUEZ,COLO COLO,0,"Manuel Rodríguez & Colo Colo, Concepción, Bío Bío, Chile",-36.8166568,-73.0545232,1,GEOMETRIC_CENTER,2020,1270350,2020/02/25 00:00:00+00,COLISION LATERAL,COLISION,URBANA,DESOBEDIENCIA A SEÑALIZACION,SEÑALIZACION DESOBEDECER SEÑAL CEDA EL PASO,0,0,0,1,18:30:00
-73.0325994,-36.9124665,4145,8,REGION BIO BIO,8103,CHIGUAYANTE,GRANDON, ,15,"Grandon 15, Chiguayante, Bío Bío, Chile",-36.9124665,-73.0325994,1,RANGE_INTERPOLATED,2020,1270386,2020/03/04 00:00:00+00,CHOQUE LADO/LADO,CHOQUE,URBANA,CAUSAS NO DETERMINADAS,CAUSAS NO DETERMINADAS,0,0,0,0,07:00:00
-72.9877614,-36.7277861,4146,8,REGION BIO BIO,8107,PENCO,ARTURO PRAT, ,55,"Arturo Prat 55, Penco, Bío Bío, Chile",-36.7277861,-72.9877614,1,ROOFTOP,2020,1270549,2020/03/08 00:00:00+00,COLISION,COLISION,URBANA,IMPRUDENCIA DEL CONDUCTOR,CONDUCCION NO ATENTO CONDICIONES TRANSITO MOMENTO,0,0,0,0,19:00:00
-73.0955122,-36.8388086,4147,8,REGION BIO BIO,8108,SAN PEDRO DE LA PAZ,PEDRO AGUIRRE CERDA,VICTORIA,0,"Avenida Pedro Aguirre Cerda & Victoria, San Pedro de la Paz, Bío Bío, Chile",-36.8388086,-73.0955122,1,GEOMETRIC_CENTER,2020,1270567,2020/03/02 00:00:00+00,ATROPELLO,ATROPELLO,URBANA,IMPRUDENCIA DEL PEATON,PEATON CRUZA CALZADA FORMA SORPRESIVA O DESCUIDADA,0,1,0,0,14:20:00
-73.1016625,-36.8587784,4148,8,REGION BIO BIO,8108,SAN PEDRO DE LA PAZ,JOHN MACNAB, ,3157,"John Macnab, San Pedro de la Paz, Bío Bío, Chile",-36.8587784,-73.1016625,1,GEOMETRIC_CENTER,2020,1270568,2020/03/04 00:00:00+00,CHOQUE FRONTAL,CHOQUE,URBANA,CAUSAS NO DETERMINADAS,CAUSAS NO DETERMINADAS,0,0,0,0,04:15:00
-72.3449049,-37.4565536,4149,8,REGION BIO BIO,8301,LOS ANGELES,VILLAGRAN, ,1479,"Villagrán 1479, Los Angeles, Los Ángeles, Bío Bío, Chile",-37.4565536,-72.3449049,1,RANGE_INTERPOLATED,2020,1278547,2020/04/30 00:00:00+00,CHOQUE LADO/FRENTE,CHOQUE,URBANA,IMPRUDENCIA DEL CONDUCTOR,CONDUCCION NO ATENTO CONDICIONES TRANSITO MOMENTO,0,0,0,0,16:00:00
-73.0985004,-36.852682,4150,8,REGION BIO BIO,8108,SAN PEDRO DE LA PAZ,ANDALUE, ,1699,"Av. Andalue 1699, San Pedro de la Paz, RM, Chile",-36.852682,-73.0985004,1,ROOFTOP,2020,1270569,2020/03/04 00:00:00+00,CHOQUE POSTERIOR/FRENTE,CHOQUE,URBANA,CAUSAS NO DETERMINADAS,CAUSAS NO DETERMINADAS,0,0,0,0,15:10:00
-73.0608019,-36.8269433,4151,8,REGION BIO BIO,8101,CONCEPCION,LOS CARRERA,ARTURO PRAT,0,"Avenida los Carrera & Arturo Prat, Concepción, Bío Bío, Chile",-36.8269433,-73.0608019,1,GEOMETRIC_CENTER,2020,1270573,2020/03/07 00:00:00+00,COLISION,COLISION,URBANA,CAUSAS NO DETERMINADAS,CAUSAS NO DETERMINADAS,0,0,0,0,13:55:00
-73.0905652,-36.8390655,4152,8,REGION BIO BIO,8108,SAN PEDRO DE LA PAZ,PEDRO AGUIRRE CERDA,PINCHEIRA,0,"Avenida Pedro Aguirre Cerda & Pincheira, San Pedro de la Paz, Bío Bío, Chile",-36.8390655,-73.0905652,1,GEOMETRIC_CENTER,2020,1270575,2020/03/09 00:00:00+00,COLISION,COLISION,URBANA,CAUSAS NO DETERMINADAS,CAUSAS NO DETERMINADAS,0,0,0,0,18:30:00
-73.3458848,-37.48579,4153,8,REGION BIO BIO,8205,CURANILAHUE,INES DE SUAREZ, ,679,"Inés de Suárez, Curanilahue, Bío Bío, Chile",-37.48579,-73.3458848,1,GEOMETRIC_CENTER,2020,1270619,2020/03/06 00:00:00+00,COLISION,COLISION,URBANA,IMPRUDENCIA DEL CONDUCTOR,ADELANTAMIENTO SIN EL ESPACIO O TIEMPO SUFICIENTE,0,0,0,1,17:00:00
-72.3709311,-37.4713424,4154,8,REGION BIO BIO,8301,LOS ANGELES,PADRE HURTADO,COLO COLO,0,"Colo Colo & Avenida Padre Hurtado, Los Angeles, Los Ángeles, Bío Bío, Chile",-37.4713424,-72.3709311,1,GEOMETRIC_CENTER,2020,1270622,2020/02/23 00:00:00+00,COLISION LATERAL,COLISION,URBANA,IMPRUDENCIA DEL CONDUCTOR,CONDUCCION NO ATENTO CONDICIONES TRANSITO MOMENTO,0,0,0,2,21:30:00
-73.3384683,-37.4766339,4155,8,REGION BIO BIO,8205,CURANILAHUE,ALAMEDA, ,425,"Alameda 425, Curanilahue, Bío Bío, Chile",-37.4766339,-73.3384683,1,RANGE_INTERPOLATED,2020,1270645,2020/03/07 00:00:00+00,CHOQUE,CHOQUE,URBANA,IMPRUDENCIA DEL CONDUCTOR,CONDUCCION NO ATENTO CONDICIONES TRANSITO MOMENTO,0,0,0,0,18:30:00
-72.9747037,-36.7143951,4156,8,REGION BIO BIO,8107,PENCO,FRESIA, ,135,"Fresia 135, Lirquen, Penco, Bío Bío, Chile",-36.7143951,-72.9747037,1,RANGE_INTERPOLATED,2020,1270658,2020/03/10 00:00:00+00,COLISION LATERAL,COLISION,URBANA,IMPRUDENCIA DEL CONDUCTOR,CONDUCCION NO ATENTO CONDICIONES TRANSITO MOMENTO,0,0,0,0,15:15:00
-72.3630304,-37.4653022,4157,8,REGION BIO BIO,8301,LOS ANGELES,GALVARINO, ,1029,"Galvarino 1029, Los Angeles, Los Ángeles, Bío Bío, Chile",-37.4653022,-72.3630304,1,ROOFTOP,2020,1270693,2020/02/25 00:00:00+00,COLISION FRONTAL,COLISION,URBANA,ALCOHOL EN CONDUCTOR,CONDUCCION EN ESTADO DE EBRIEDAD,0,0,0,2,18:40:00
-73.1101968,-36.7199732,4158,8,REGION BIO BIO,8110,TALCAHUANO,CRISTOABL COLON,ORELLA,0,"Colón 1086, Talcahuano, Bío Bío, Chile",-36.7199732,-73.1101968,1,ROOFTOP,2020,1270739,2020/03/10 00:00:00+00,COLISION LATERAL,COLISION,URBANA,DESOBEDIENCIA A SEÑALIZACION,SEÑALIZACION DESOBEDECER LUZ ROJA DE SEMAFORO,0,0,0,0,17:40:00
-72.359072,-37.4689656,4159,8,REGION BIO BIO,8301,LOS ANGELES,COLO COLO,URENDA,0,"Colo Colo & Urenda, Los Angeles, Los Ángeles, Bío Bío, Chile",-37.4689656,-72.359072,1,GEOMETRIC_CENTER,2020,1270862,2020/02/27 00:00:00+00,COLISION POR ALCANCE,COLISION,URBANA,IMPRUDENCIA DEL CONDUCTOR,CONDUCCION NO ATENTO CONDICIONES TRANSITO MOMENTO,0,0,0,0,18:30:00
-72.3397709,-37.4521996,4160,8,REGION BIO BIO,8301,LOS ANGELES,SOR VICENTA, ,2051,"Av. Sor Vicenta 2051, Los Angeles, Los Ángeles, Bío Bío, Chile",-37.4521996,-72.3397709,1,ROOFTOP,2020,1270875,2020/02/28 00:00:00+00,CHOQUE POSTERIOR/LADO,CHOQUE,URBANA,IMPRUDENCIA DEL CONDUCTOR,CONDUCCION NO ATENTO CONDICIONES TRANSITO MOMENTO,0,0,0,0,20:00:00
-72.3509342,-37.4731857,4161,8,REGION BIO BIO,8301,LOS ANGELES,OHIGGINS, ,100,"Bernardo OHiggins 100, Los Angeles, Los Ángeles, Bío Bío, Chile",-37.4731857,-72.3509342,1,RANGE_INTERPOLATED,2020,1270876,2020/02/28 00:00:00+00,CHOQUE FRENTE/LADO,CHOQUE,URBANA,IMPRUDENCIA DEL CONDUCTOR,CONDUCCION NO ATENTO CONDICIONES TRANSITO MOMENTO,0,0,0,0,14:50:00
-72.3554433,-37.470106,4162,8,REGION BIO BIO,8301,LOS ANGELES,ERCILLA,LAUTARO,0,"Lautaro & Ercilla, Los Angeles, Los Ángeles, Bío Bío, Chile",-37.470106,-72.3554433,1,GEOMETRIC_CENTER,2020,1270877,2020/02/29 00:00:00+00,CHOQUE POSTERIOR/FRENTE,CHOQUE,URBANA,IMPRUDENCIA DEL CONDUCTOR,CONDUCCION NO ATENTO CONDICIONES TRANSITO MOMENTO,0,0,0,0,15:00:00
-72.3538886,-37.4723426,4163,8,REGION BIO BIO,8301,LOS ANGELES,RICARDO VICUÑA,MENDOZA,0,"Mendoza & Avenida Ricardo Vicuña, Los Angeles, Los Ángeles, Bío Bío, Chile",-37.4723426,-72.3538886,1,GEOMETRIC_CENTER,2020,1270899,2020/02/23 00:00:00+00,CHOQUE FRONTAL,CHOQUE,URBANA,IMPRUDENCIA DEL CONDUCTOR,CONDUCCION NO ATENTO CONDICIONES TRANSITO MOMENTO,0,0,0,0,12:50:00
-73.0507459,-36.8319834,4164,8,REGION BIO BIO,8101,CONCEPCION,CHACABUCO, ,424,"Av. Chacabuco 424, Concepción, Bío Bío, Chile",-36.8319834,-73.0507459,1,ROOFTOP,2020,1270935,2020/02/26 00:00:00+00,CHOQUE FRENTE/FRENTE,CHOQUE,URBANA,IMPRUDENCIA DEL CONDUCTOR,CONDUCCION NO ATENTO CONDICIONES TRANSITO MOMENTO,0,0,0,1,15:00:00
-73.0551109,-36.8207921,4165,8,REGION BIO BIO,8101,CONCEPCION,CAUPOLICAN,BULNES,0,"Manuel Bulnes & Caupolicán, Concepción, Bío Bío, Chile",-36.8207921,-73.0551109,1,GEOMETRIC_CENTER,2020,1270942,2020/02/27 00:00:00+00,COLISION FRONTAL,COLISION,URBANA,DESOBEDIENCIA A SEÑALIZACION,SEÑALIZACION DESOBEDECER LUZ ROJA DE SEMAFORO,0,0,0,0,13:30:00
-73.0300668,-36.8086251,4166,8,REGION BIO BIO,8101,CONCEPCION,ALONSO DE RIVERA,IRARRAZAVAL,0,"Alonso de Rivera #200, Concepción, Bío Bío, Chile",-36.8086251,-73.0300668,1,ROOFTOP,2020,1270951,2020/02/27 00:00:00+00,COLISION LATERAL,COLISION,URBANA,IMPRUDENCIA DEL CONDUCTOR,ADELANTAMIENTO SIN EFECTUAR LA SEÑAL RESPECTIVA,0,0,0,0,19:00:00
-72.3303601,-37.4511173,4167,8,REGION BIO BIO,8301,LOS ANGELES,NIEVES VASQUEZ,TRINIDAD,0,"Av. Nieves Vásquez & Av. de la Trinidad, Los Ángeles, Bío Bío, Chile",-37.4511173,-72.3303601,1,GEOMETRIC_CENTER,2020,1270986,2020/03/02 00:00:00+00,COLISION,COLISION,URBANA,IMPRUDENCIA DEL CONDUCTOR,CONDUCCION NO ATENTO CONDICIONES TRANSITO MOMENTO,0,0,0,0,18:50:00
-73.0565663,-36.8172221,4168,8,REGION BIO BIO,8101,CONCEPCION,CAUPOLICAN,MANUEL RODRIGUEZ,0,"Manuel Rodríguez & Caupolicán, Concepción, Bío Bío, Chile",-36.8172221,-73.0565663,1,GEOMETRIC_CENTER,2020,1271017,2020/02/28 00:00:00+00,COLISION LATERAL,COLISION,URBANA,DESOBEDIENCIA A SEÑALIZACION,SEÑALIZACION DESOBEDECER SEÑAL CEDA EL PASO,0,0,0,0,17:25:00
-73.0105393,-36.8299071,4169,8,REGION BIO BIO,8101,CONCEPCION,CALLE UNO,CALLE SEIS,0,"C. 1 & C. Seis, Concepción, Bío Bío, Chile",-36.8299071,-73.0105393,1,GEOMETRIC_CENTER,2020,1271034,2020/02/29 00:00:00+00,COLISION LATERAL,COLISION,URBANA,DESOBEDIENCIA A SEÑALIZACION,SEÑALIZACION DESOBEDECER LUZ ROJA DE SEMAFORO,0,0,0,0,09:10:00
-73.6428344,-37.6000467,4170,8,REGION BIO BIO,8201,LEBU,IGNACIO CARRERA PINTO,ALDO PINTO MIRANDA,0,"Ignacio Carrera Pinto, Lebu, Bío Bío, Chile",-37.6000467,-73.6428344,1,GEOMETRIC_CENTER,2020,1277196,2020/04/16 00:00:00+00,COLISION LATERAL,COLISION,URBANA,DESOBEDIENCIA A SEÑALIZACION,SEÑALIZACION DESOBEDECER SEÑAL PARE,0,0,0,2,19:10:00
-73.0456016,-36.7928163,4171,8,REGION BIO BIO,8101,CONCEPCION,ALONSO DE RIVERA,ABDON CIFUENTES,0,"Abdón Cifuentes 1937, Concepción, Bío Bío, Chile",-36.7928163,-73.0456016,1,ROOFTOP,2020,1271118,2020/03/02 00:00:00+00,COLISION POR ALCANCE,COLISION,URBANA,IMPRUDENCIA DEL CONDUCTOR,CONDUCCION SIN MANTENER DISTANCIA RAZONABLE NI PRUDENTE,0,0,0,0,09:00:00
-73.0550928,-36.8031455,4172,8,REGION BIO BIO,8101,CONCEPCION,PAICAVI,INDEPENDENCIA,0,"Independencia & Paicaví, Concepción, Bío Bío, Chile",-36.8031455,-73.0550928,1,GEOMETRIC_CENTER,2020,1271128,2020/03/02 00:00:00+00,COLISION LATERAL,COLISION,URBANA,IMPRUDENCIA DEL CONDUCTOR,CONDUCCION NO ATENTO CONDICIONES TRANSITO MOMENTO,0,0,0,0,16:30:00
-73.0659214,-36.7706904,4173,8,REGION BIO BIO,8110,TALCAHUANO,CALLE B, ,6147,"C. B 6147, Talcahuano, Bío Bío, Chile",-36.7706904,-73.0659214,1,RANGE_INTERPOLATED,2020,1271129,2020/03/14 00:00:00+00,CHOQUE FRENTE/POSTERIOR,CHOQUE,URBANA,ALCOHOL EN CONDUCTOR,CONDUCCION EN ESTADO DE EBRIEDAD,0,0,0,0,02:45:00
-73.0920073,-36.7528325,4174,8,REGION BIO BIO,8110,TALCAHUANO,CRISTOABL COLON, ,4310,"Gómez Carreño 4310, Talcahuano, Bío Bío, Chile",-36.7528325,-73.0920073,1,RANGE_INTERPOLATED,2020,1271159,2020/03/12 00:00:00+00,COLISION LATERAL,COLISION,URBANA,IMPRUDENCIA DEL CONDUCTOR,CONDUCCION CAMBIAR SORPRESIVAMENTE PISTA CIRCULACION,0,0,0,0,23:50:00
-72.6589939,-36.823905,4175,8,REGION BIO BIO,8104,FLORIDA,GRAL LAGOS,ARTURO PRAT,0,"Arturo Prat & General Lagos, Florida, Bío Bío, Chile",-36.823905,-72.6589939,1,GEOMETRIC_CENTER,2020,1271183,2020/03/13 00:00:00+00,COLISION LATERAL,COLISION,URBANA,IMPRUDENCIA DEL CONDUCTOR,NO RESPETAR DERECHO PREFERENTE DE PASO A PEATON,0,2,0,3,12:00:00
-73.1265383,-36.7880615,4176,8,REGION BIO BIO,8112,HUALPEN,CAMINO A RAMUNTCHO, ,2501,"Ramuntcho 2501, Hualpén, Bío Bío, Chile",-36.7880615,-73.1265383,1,RANGE_INTERPOLATED,2020,1271186,2020/03/13 00:00:00+00,CHOQUE FRONTAL,CHOQUE,URBANA,DEFICIENCIAS VIALES,ANIMALES SUELTOS VIA PUBLICA,0,0,0,0,21:40:00
-72.3479523,-37.4732346,4177,8,REGION BIO BIO,8301,LOS ANGELES,LOS CARRERA, ,74,"Av. Los Carrera 74, Los Angeles, Los Ángeles, Bío Bío, Chile",-37.4732346,-72.3479523,1,RANGE_INTERPOLATED,2020,1271197,2020/03/03 00:00:00+00,VOLCADURA,VOLCADURA,URBANA,PERDIDA CONTROL VEHICULO,PERDIDA CONTROL VEHICULO,0,0,0,0,22:00:00
-73.0315384,-36.9012513,4178,8,REGION BIO BIO,8103,CHIGUAYANTE,OCHO ORIENTE,LAS VIOLETAS,0,"Las Violetas & Calle 8 Oriente, Chiguayante, Bío Bío, Chile",-36.9012513,-73.0315384,1,GEOMETRIC_CENTER,2020,1271198,2020/03/06 00:00:00+00,COLISION LATERAL,COLISION,URBANA,CAUSAS NO DETERMINADAS,CAUSAS NO DETERMINADAS,0,0,0,0,23:35:00
-73.0318384,-36.9109028,4179,8,REGION BIO BIO,8103,CHIGUAYANTE,OCHO ORIENTE,BILBAO,0,"Bilbao & Calle 8 Oriente, Chiguayante, Bío Bío, Chile",-36.9109028,-73.0318384,1,GEOMETRIC_CENTER,2020,1271268,2020/03/13 00:00:00+00,COLISION POR ALCANCE,COLISION,URBANA,CAUSAS NO DETERMINADAS,CAUSAS NO DETERMINADAS,0,0,0,0,07:45:00
-72.3709311,-37.4713424,4180,8,REGION BIO BIO,8301,LOS ANGELES,PADRE HURTADO,COLO COLO,0,"Colo Colo & Avenida Padre Hurtado, Los Angeles, Los Ángeles, Bío Bío, Chile",-37.4713424,-72.3709311,1,GEOMETRIC_CENTER,2020,1271304,2020/03/04 00:00:00+00,CHOQUE FRONTAL,CHOQUE,URBANA,ALCOHOL EN CONDUCTOR,CONDUCCION EN ESTADO DE EBRIEDAD,0,0,0,0,04:50:00
-72.3683669,-37.4801677,4181,8,REGION BIO BIO,8301,LOS ANGELES,VICUÑA MACKENNA,PADRE HURTADO,0,"Av. Vicuña Mackenna & Av. Padre Hurtado, Los Angeles, Los Ángeles, Bío Bío, Chile",-37.4801677,-72.3683669,1,GEOMETRIC_CENTER,2020,1271310,2020/03/05 00:00:00+00,COLISION POR ALCANCE,COLISION,URBANA,IMPRUDENCIA DEL CONDUCTOR,CONDUCCION NO ATENTO CONDICIONES TRANSITO MOMENTO,0,0,0,0,19:00:00
-72.3495785,-37.4675471,4182,8,REGION BIO BIO,8301,LOS ANGELES,ALMAGRO,RENGO,0,"Rengo & Almagro, Los Angeles, Los Ángeles, Bío Bío, Chile",-37.4675471,-72.3495785,1,GEOMETRIC_CENTER,2020,1271313,2020/01/06 00:00:00+00,COLISION LATERAL,COLISION,URBANA,IMPRUDENCIA DEL CONDUCTOR,CONDUCCION NO ATENTO CONDICIONES TRANSITO MOMENTO,0,0,0,0,13:45:00
-72.9770809,-36.7125699,4183,8,REGION BIO BIO,8107,PENCO,BALMACEDA, ,2,"Balmaceda 2, Lirquen, Penco, Bío Bío, Chile",-36.7125699,-72.9770809,1,ROOFTOP,2020,1271364,2020/03/15 00:00:00+00,COLISION LATERAL,COLISION,URBANA,IMPRUDENCIA DEL CONDUCTOR,CONDUCCION NO ATENTO CONDICIONES TRANSITO MOMENTO,0,0,0,0,15:25:00
-73.0099146,-36.832253,4184,8,REGION BIO BIO,8101,CONCEPCION,ELEUTERIO RAMIREZ,LOS QUEULES,0,"Santiago Amengual 863, Concepción, Bío Bío, Chile",-36.832253,-73.0099146,1,ROOFTOP,2020,1271408,2020/03/11 00:00:00+00,ATROPELLO,ATROPELLO,URBANA,IMPRUDENCIA DEL PEATON,PEATON CRUZA CALZADA FUERA PASO PEATONES,0,0,0,1,09:00:00
-73.0216441,-36.8240339,4185,8,REGION BIO BIO,8101,CONCEPCION,PASAJE OCHO,CONCEPCION,0,"Pje. Ocho, Concepción, Bío Bío, Chile",-36.8240339,-73.0216441,1,GEOMETRIC_CENTER,2020,1271413,2020/03/11 00:00:00+00,ATROPELLO,ATROPELLO,URBANA,IMPRUDENCIA DEL CONDUCTOR,CONDUCIR VEHICULO EN RETROCESO,0,0,0,1,07:20:00
-72.3529186,-37.4649454,4186,8,REGION BIO BIO,8301,LOS ANGELES,LIENTUR, ,465,"Lientur 465, Los Angeles, Los Ángeles, Bío Bío, Chile",-37.4649454,-72.3529186,1,ROOFTOP,2020,1271429,2020/03/08 00:00:00+00,COLISION PERPENDICULAR,COLISION,URBANA,IMPRUDENCIA DEL CONDUCTOR,CONDUCCION NO ATENTO CONDICIONES TRANSITO MOMENTO,0,0,0,2,13:10:00
-73.0581917,-36.8258622,4187,8,REGION BIO BIO,8101,CONCEPCION,LOS CARRERA,SALAS,0,"Obispo Hipólito Salas & Avenida los Carrera, Concepción, Bío Bío, Chile",-36.8258622,-73.0581917,1,GEOMETRIC_CENTER,2020,1271430,2020/03/04 00:00:00+00,CHOQUE POSTERIOR,CHOQUE,URBANA,IMPRUDENCIA DEL CONDUCTOR,CONDUCCION SIN MANTENER DISTANCIA RAZONABLE NI PRUDENTE,0,0,0,0,15:30:00
-73.0856174,-36.7987522,4188,8,REGION BIO BIO,8112,HUALPEN,CRISTOBAL COLON,LOS ESCRITORES,0,"Cristobal Colon - Av Los Copihues, Hualpén, Bío Bío, Chile",-36.7987522,-73.0856174,1,GEOMETRIC_CENTER,2020,1271443,2020/03/15 00:00:00+00,ATROPELLO,ATROPELLO,URBANA,IMPRUDENCIA DEL CONDUCTOR,NO RESPETAR DERECHO PREFERENTE DE PASO A PEATON,0,1,0,0,18:00:00
-73.0589577,-36.8286666,4189,8,REGION BIO BIO,8101,CONCEPCION,FREIRE, ,37,"Freire 37, Concepción, Bío Bío, Chile",-36.8286666,-73.0589577,1,ROOFTOP,2020,1271449,2020/03/13 00:00:00+00,COLISION POR ALCANCE,COLISION,URBANA,IMPRUDENCIA DEL CONDUCTOR,CONDUCCION SIN MANTENER DISTANCIA RAZONABLE NI PRUDENTE,0,0,0,1,08:40:00