X,Y,FID,COD_REG,REGION,CUT,COMUNA,CALLE_UNO,CALLE_DOS,NUMERO,DIR_GEOCOD,LAT,LNG,VAL_COM,TIPO,Año,Idaccident,Fecha,Tipo_Accid,Tipo__CONA,Zona,Causa__CON,Causa,Fallecidos,Graves,Menos_Grav,Leves,Hora
-73.0580545,-36.8310504,4190,8,REGION BIO BIO,8101,CONCEPCION,ARTURO PRAT,OHIGGINS,0,"Libertador General Bernardo OHiggins & Arturo Prat, Concepción, Bío Bío, Chile",-36.8310504,-73.0580545,1,GEOMETRIC_CENTER,2020,1271468,2020/03/13 00:00:00+00,ATROPELLO,ATROPELLO,URBANA,IMPRUDENCIA DEL PEATON,IMPRUDENCIA DEL PEATON,0,1,0,0,23:30:00
-73.0318906,-36.8156645,4191,8,REGION BIO BIO,8101,CONCEPCION,JUAN BOSCO, ,501,"Av. San Juan Bosco 501, Concepción, Bío Bío, Chile",-36.8156645,-73.0318906,1,ROOFTOP,2020,1271484,2020/03/14 00:00:00+00,COLISION LATERAL,COLISION,URBANA,IMPRUDENCIA DEL CONDUCTOR,CONDUCCION SIN MANTENER DISTANCIA RAZONABLE NI PRUDENTE,0,0,0,0,15:00:00
-72.3794664,-37.4687967,4192,8,REGION BIO BIO,8301,LOS ANGELES,LOS CARDOS,EL PINO,0,"El Pino & Los Cardos, Los Ángeles, Bío Bío, Chile",-37.4687967,-72.3794664,1,GEOMETRIC_CENTER,2020,1271506,2020/03/08 00:00:00+00,CHOQUE,CHOQUE,URBANA,IMPRUDENCIA DEL CONDUCTOR,CONDUCCION NO ATENTO CONDICIONES TRANSITO MOMENTO,0,1,0,0,03:40:00
-73.1550828,-37.091585,4193,8,REGION BIO BIO,8106,LOTA,ANIBAL PINTO,CARRERA,0,"Aníbal Pinto & Carrera, Lota, Bío Bío, Chile",-37.091585,-73.1550828,1,GEOMETRIC_CENTER,2020,1271530,2020/03/04 00:00:00+00,COLISION LATERAL,COLISION,URBANA,DESOBEDIENCIA A SEÑALIZACION,SEÑALIZACION DESOBEDECER SEÑAL PARE,0,0,0,1,14:50:00
-73.1309839,-36.7241299,4194,8,REGION BIO BIO,8110,TALCAHUANO,LA MARINA, ,667,"La Marina 667, Talcahuano, Bío Bío, Chile",-36.7241299,-73.1309839,1,RANGE_INTERPOLATED,2020,1271566,2020/03/13 00:00:00+00,ATROPELLO,ATROPELLO,URBANA,IMPRUDENCIA DEL PEATON,PEATON CRUZA CAMINO O CARRETERA SIN ADOPTAR PRECAUCIONES,1,0,0,0,06:35:00
-73.320741,-37.247951,4195,8,REGION BIO BIO,8202,ARAUCO,ARTURO PRAT,SECTOR PLAYA,0,"Av. Arturo Prat 489, Arauco, Arauco, Bío Bío, Chile",-37.247951,-73.320741,1,GEOMETRIC_CENTER,2020,1275135,2020/03/19 00:00:00+00,CHOQUE,CHOQUE,URBANA,IMPRUDENCIA DEL CONDUCTOR,CONDUCCION NO ATENTO CONDICIONES TRANSITO MOMENTO,0,0,0,0,21:00:00
-73.1398779,-36.7101972,4196,8,REGION BIO BIO,8110,TALCAHUANO,BAHIA SAN VICENTE, ,1517,"Bahía San Vicente 1517, Talcahuano, Bío Bío, Chile",-36.7101972,-73.1398779,1,RANGE_INTERPOLATED,2020,1271605,2020/03/15 00:00:00+00,COLISION LATERAL,COLISION,URBANA,IMPRUDENCIA DEL CONDUCTOR,VIRAJES INDEBIDOS,0,0,0,0,13:55:00
-73.4584809,-37.6247433,4197,8,REGION BIO BIO,8206,LOS ALAMOS,PEDRO DE VALDIVIA, ,1,"P. de Valdivia 1, Los Alamos, Bío Bío, Chile",-37.6247433,-73.4584809,1,RANGE_INTERPOLATED,2020,1271677,2020/03/14 00:00:00+00,CHOQUE FRENTE/FRENTE,CHOQUE,URBANA,IMPRUDENCIA DEL CONDUCTOR,CONDUCCION NO ATENTO CONDICIONES TRANSITO MOMENTO,0,0,0,0,18:45:00
-72.3413423,-37.4849403,4198,8,REGION BIO BIO,8301,LOS ANGELES,RENE SEPULVEDA,RENE SCHNEIDER,0,"René Sepúlveda & René Schneider, Los Angeles, Los Ángeles, Bío Bío, Chile",-37.4849403,-72.3413423,1,GEOMETRIC_CENTER,2020,1271687,2020/03/09 00:00:00+00,COLISION LATERAL,COLISION,URBANA,DESOBEDIENCIA A SEÑALIZACION,SEÑALIZACION DESOBEDECER SEÑAL PARE,0,0,0,0,20:50:00
-72.3257416,-37.4947125,4199,8,REGION BIO BIO,8301,LOS ANGELES,LAS INDUSTRIAS,LA FRONTERA,0,"Avenida Las Industrias & La Frontera, Los Ángeles, Bío Bío, Chile",-37.4947125,-72.3257416,1,GEOMETRIC_CENTER,2020,1271691,2020/03/09 00:00:00+00,CHOQUE FRENTE/POSTERIOR,CHOQUE,URBANA,IMPRUDENCIA DEL CONDUCTOR,CONDUCCION NO ATENTO CONDICIONES TRANSITO MOMENTO,0,0,0,2,23:15:00
-73.3560556,-37.4688662,4200,8,REGION BIO BIO,8205,CURANILAHUE,BERNARDO OHIGGINS, ,833,"Av. Bernardo OHiggins 833, Curanilahue, Bío Bío, Chile",-37.4688662,-73.3560556,1,RANGE_INTERPOLATED,2020,1271748,2020/03/12 00:00:00+00,COLISION,COLISION,URBANA,IMPRUDENCIA DEL CONDUCTOR,NO RESPETAR DERECHO PREFERENTE DE PASO A VEHICULO,0,0,0,2,21:45:00
-73.052077,-36.8087293,4201,8,REGION BIO BIO,8101,CONCEPCION,ALONSO DE RIVERA,PAICAVI,0,"Juan de Dios Rivera 1261, Concepción, Bío Bío, Chile",-36.8087293,-73.052077,1,ROOFTOP,2020,1271773,2020/03/04 00:00:00+00,CHOQUE POSTERIOR/FRENTE,CHOQUE,URBANA,IMPRUDENCIA DEL CONDUCTOR,CONDUCCION SIN MANTENER DISTANCIA RAZONABLE NI PRUDENTE,0,0,0,0,16:15:00
-73.0633089,-36.8203254,4202,8,REGION BIO BIO,8101,CONCEPCION,MANUEL RODRIGUEZ,SERRANO,0,"Manuel Rodríguez & Serrano, Concepción, Bío Bío, Chile",-36.8203254,-73.0633089,1,GEOMETRIC_CENTER,2020,1271797,2020/03/05 00:00:00+00,CHOQUE FRENTE/LADO,CHOQUE,URBANA,DESOBEDIENCIA A SEÑALIZACION,SEÑALIZACION DESOBEDECER LUZ ROJA DE SEMAFORO,0,0,0,1,09:10:00
-73.0495574,-36.8091739,4203,8,REGION BIO BIO,8101,CONCEPCION,EJERCITO,JANEQUEO,0,"Ejército & Janequeo, Concepción, Bío Bío, Chile",-36.8091739,-73.0495574,1,GEOMETRIC_CENTER,2020,1271803,2020/03/05 00:00:00+00,COLISION LATERAL,COLISION,URBANA,IMPRUDENCIA DEL CONDUCTOR,CONDUCCION CAMBIAR SORPRESIVAMENTE PISTA CIRCULACION,0,0,0,1,13:50:00
-73.029646,-36.8069514,4204,8,REGION BIO BIO,8101,CONCEPCION,SANTA CLARA,ANDALIEN,0,"Sta. Clara & Av. Andalien, Concepción, Bío Bío, Chile",-36.8069514,-73.029646,1,GEOMETRIC_CENTER,2020,1271814,2020/03/05 00:00:00+00,COLISION LATERAL,COLISION,URBANA,DESOBEDIENCIA A SEÑALIZACION,SEÑALIZACION DESOBEDECER SEÑAL CEDA EL PASO,0,0,0,1,22:25:00
-72.7057882,-37.2811835,4205,8,REGION BIO BIO,8304,LAJA,CAUPOLICAN,LAUTARO,0,"Lautaro & Caupolican, Laja, Bío Bío, Chile",-37.2811835,-72.7057882,1,GEOMETRIC_CENTER,2020,1271878,2020/02/15 00:00:00+00,CHOQUE LATERAL,CHOQUE,URBANA,IMPRUDENCIA DEL CONDUCTOR,CONDUCCION NO ATENTO CONDICIONES TRANSITO MOMENTO,0,0,0,0,23:20:00
-73.0218423,-36.9423893,4206,8,REGION BIO BIO,8103,CHIGUAYANTE,PASAJE UNO, ,1192,"Pje. 1 1192, Chiguayante, Bío Bío, Chile",-36.9423893,-73.0218423,1,RANGE_INTERPOLATED,2020,1271901,2020/03/06 00:00:00+00,CHOQUE LADO/FRENTE,CHOQUE,URBANA,IMPRUDENCIA DEL CONDUCTOR,CONDUCCION NO ATENTO CONDICIONES TRANSITO MOMENTO,0,0,0,0,16:45:00
-73.0670897,-36.7965501,4207,8,REGION BIO BIO,8110,TALCAHUANO,JORGE ALESSANDRI PALMA, ,5001,"Av. Pdte. Jorge Alessandri Rodriguez, Talcahuano, Bío Bío, Chile",-36.7965501,-73.0670897,1,GEOMETRIC_CENTER,2020,1271909,2020/03/07 00:00:00+00,CHOQUE FRENTE/FRENTE,CHOQUE,URBANA,IMPRUDENCIA DEL CONDUCTOR,CONDUCCION NO ATENTO CONDICIONES TRANSITO MOMENTO,0,0,0,0,16:00:00
-72.397714,-37.0310158,4208,8,REGION BIO BIO,8303,CABRERO,PABLO NERUDA,LAS VIOLETAS,0,"C. las Violetas, Cabrero, Bío Bío, Chile",-37.0310158,-72.397714,1,GEOMETRIC_CENTER,2020,1271918,2020/02/22 00:00:00+00,CHOQUE FRONTAL,CHOQUE,URBANA,DESOBEDIENCIA A SEÑALIZACION,SEÑALIZACION DESOBEDECER SEÑAL PARE,0,0,0,1,21:30:00
-72.4067718,-37.0311863,4209,8,REGION BIO BIO,8303,CABRERO,FLORIDA, ,363,"Florida 363, Cabrero, Bío Bío, Chile",-37.0311863,-72.4067718,1,RANGE_INTERPOLATED,2020,1271922,2020/02/22 00:00:00+00,COLISION LATERAL,COLISION,URBANA,ALCOHOL EN CONDUCTOR,CONDUCCION EN ESTADO DE EBRIEDAD,0,0,0,2,21:35:00
-73.1101299,-36.7867196,4210,8,REGION BIO BIO,8112,HUALPEN,GRECIA,GRAN BRETAÑA,0,"Gran Bretaña & Grecia, Hualpén, Bío Bío, Chile",-36.7867196,-73.1101299,1,GEOMETRIC_CENTER,2020,1271954,2020/03/16 00:00:00+00,ATROPELLO,ATROPELLO,URBANA,IMPRUDENCIA DEL PEATON,PEATON CRUZA CALZADA FORMA SORPRESIVA O DESCUIDADA,0,0,1,1,23:00:00
-73.1570376,-37.0165562,4211,8,REGION BIO BIO,8102,CORONEL,CRUZ MORA,CARLOS PRATS,0,"Cruz Mora & Avenida General Carlos Prats, Coronel, Bío Bío, Chile",-37.0165562,-73.1570376,1,GEOMETRIC_CENTER,2020,1271992,2020/03/02 00:00:00+00,ATROPELLO,ATROPELLO,URBANA,ALCOHOL EN PEATON,EBRIEDAD DEL PEATON,0,0,1,0,00:45:00
-73.166178,-36.9957226,4212,8,REGION BIO BIO,8102,CORONEL,LAS TORRES,MILLANIR,0,"Las Torres, Coronel, Bío Bío, Chile",-36.9957226,-73.166178,1,GEOMETRIC_CENTER,2020,1272033,2020/03/03 00:00:00+00,ATROPELLO,ATROPELLO,URBANA,OTRAS CAUSAS,OTRAS CAUSAS,0,1,0,0,19:00:00
-73.0863775,-36.7763239,4213,8,REGION BIO BIO,8110,TALCAHUANO,EJERCITO,SAN CRISTOBAL,0,"Avenida Cristóbal Colón & Ejército, Talcahuano, Bío Bío, Chile",-36.7763239,-73.0863775,1,GEOMETRIC_CENTER,2020,1272197,2020/03/18 00:00:00+00,COLISION LATERAL,COLISION,URBANA,DESOBEDIENCIA A SEÑALIZACION,SEÑALIZACION DESOBEDECER LUZ ROJA DE SEMAFORO,0,1,0,0,12:45:00
-73.4508568,-37.6323682,4214,8,REGION BIO BIO,8206,LOS ALAMOS,LOS AVELLANOS, ,10,"Los Avellanos, Los Alamos, Bío Bío, Chile",-37.6323682,-73.4508568,1,GEOMETRIC_CENTER,2020,1272223,2020/03/16 00:00:00+00,CHOQUE FRENTE/LADO,CHOQUE,URBANA,IMPRUDENCIA DEL CONDUCTOR,CONDUCCION NO ATENTO CONDICIONES TRANSITO MOMENTO,0,0,0,1,22:15:00
-73.1012783,-36.8387625,4215,8,REGION BIO BIO,8108,SAN PEDRO DE LA PAZ,PEDRO AGUIRRE CERDA,LOS CANELOS,0,"Avenida Pedro Aguirre Cerda & Los Canelos, San Pedro de la Paz, Bío Bío, Chile",-36.8387625,-73.1012783,1,GEOMETRIC_CENTER,2020,1272256,2020/03/19 00:00:00+00,ATROPELLO,ATROPELLO,URBANA,IMPRUDENCIA DEL CONDUCTOR,NO RESPETAR DERECHO PREFERENTE DE PASO A PEATON,1,0,0,1,20:58:00
-73.0866314,-36.777716,4216,8,REGION BIO BIO,8110,TALCAHUANO,CRISTOBAL COLON, ,3300,"Av. Cristóbal Colón # 6900, Talcahuano, Bío Bío, Chile",-36.777716,-73.0866314,1,ROOFTOP,2020,1272298,2020/03/14 00:00:00+00,CHOQUE FRONTAL,CHOQUE,URBANA,PERDIDA CONTROL VEHICULO,PERDIDA CONTROL VEHICULO,0,0,0,0,09:15:00
-73.0902619,-36.7573522,4217,8,REGION BIO BIO,8110,TALCAHUANO,GOMEZ CARREÑO, ,5005,"Gómez Carreño 5005, Talcahuano, Bío Bío, Chile",-36.7573522,-73.0902619,1,ROOFTOP,2020,1272326,2020/03/17 00:00:00+00,COLISION LATERAL,COLISION,URBANA,DESOBEDIENCIA A SEÑALIZACION,SEÑALIZACION DESOBEDECER SEÑAL CEDA EL PASO,0,0,0,0,13:00:00
-73.0410298,-36.8251949,4218,8,REGION BIO BIO,8101,CONCEPCION,SAN MARTIN,PAICAVI,0,"San Martín & Paicaví, Concepción, Bío Bío, Chile",-36.8251949,-73.0410298,1,GEOMETRIC_CENTER,2020,1272476,2020/03/18 00:00:00+00,COLISION PERPENDICULAR,COLISION,URBANA,IMPRUDENCIA DEL CONDUCTOR,CONDUCCION NO ATENTO CONDICIONES TRANSITO MOMENTO,0,0,0,1,14:45:00
-73.0436675,-36.821115,4219,8,REGION BIO BIO,8101,CONCEPCION,PAICAVI,MAIPU,0,"Maipú & Paicaví, Concepción, Bío Bío, Chile",-36.821115,-73.0436675,1,GEOMETRIC_CENTER,2020,1272494,2020/03/19 00:00:00+00,IMPACTO CON ANIMAL,OTRO TIPO,URBANA,IMPRUDENCIA DEL CONDUCTOR,CONDUCCION NO ATENTO CONDICIONES TRANSITO MOMENTO,0,0,0,1,10:30:00
-73.0430493,-36.8221087,4220,8,REGION BIO BIO,8101,CONCEPCION,FREIRE,PAICAVI,0,"Freire & Paicaví, Concepción, Bío Bío, Chile",-36.8221087,-73.0430493,1,GEOMETRIC_CENTER,2020,1272498,2020/03/19 00:00:00+00,COLISION PERPENDICULAR,COLISION,URBANA,IMPRUDENCIA DEL CONDUCTOR,CONDUCCION NO ATENTO CONDICIONES TRANSITO MOMENTO,0,0,0,0,15:50:00
-73.0710541,-36.8275269,4221,8,REGION BIO BIO,8101,CONCEPCION,COSTANERA,BALMACEDA,0,"Parque Costanera Concepción - Av. Costanera 8000, Concepción, Bío Bío, Chile",-36.8275269,-73.0710541,1,ROOFTOP,2020,1272503,2020/03/20 00:00:00+00,CHOQUE FRENTE/POSTERIOR,CHOQUE,URBANA,IMPRUDENCIA DEL CONDUCTOR,CONDUCCION SIN MANTENER DISTANCIA RAZONABLE NI PRUDENTE,0,0,0,2,13:35:00
-73.0511686,-36.8506518,4222,8,REGION BIO BIO,8101,CONCEPCION,PEDRO DE VALDIVIA,ALEMANA,0,"Av. Alemana & Av. Pedro de Valdivia, Concepción, Bío Bío, Chile",-36.8506518,-73.0511686,1,GEOMETRIC_CENTER,2020,1272507,2020/03/20 00:00:00+00,CHOQUE POSTERIOR,CHOQUE,URBANA,IMPRUDENCIA DEL CONDUCTOR,CONDUCCION SIN MANTENER DISTANCIA RAZONABLE NI PRUDENTE,0,0,1,0,11:35:00
-73.0410719,-36.8200776,4223,8,REGION BIO BIO,8101,CONCEPCION,MAIPU,LAUTARO,0,"Lautaro & Maipú, Concepción, Bío Bío, Chile",-36.8200776,-73.0410719,1,GEOMETRIC_CENTER,2020,1272511,2020/03/20 00:00:00+00,COLISION PERPENDICULAR,COLISION,URBANA,DESOBEDIENCIA A SEÑALIZACION,SEÑALIZACION DESOBEDECER SEÑAL PARE,0,0,1,0,08:15:00
-73.1699076,-36.8061727,4224,8,REGION BIO BIO,8112,HUALPEN,CAMINO A LA DESEMBOCADURA,FUNDO LAS ESCALERAS,0,"Santuario de la Naturaleza Península de Hualpén - Unnamed Road, Hualpén, Bío Bío, Chile",-36.8061727,-73.1699076,1,GEOMETRIC_CENTER,2020,1272515,2020/03/20 00:00:00+00,VOLCADURA,VOLCADURA,URBANA,PERDIDA CONTROL VEHICULO,PERDIDA CONTROL VEHICULO,0,1,0,0,17:30:00
-72.016112,-37.6680516,4225,8,REGION BIO BIO,8311,SANTA BARBARA,HOSPITAL,SALAMANCA,0,"Salamanca S/N, Santa Bárbara, Bío Bío, Chile",-37.6680516,-72.016112,1,ROOFTOP,2020,1272666,2020/03/04 00:00:00+00,ATROPELLO,ATROPELLO,URBANA,IMPRUDENCIA DEL CONDUCTOR,NO RESPETAR DERECHO PREFERENTE DE PASO A PEATON,0,0,0,1,11:20:00
-72.9539485,-36.6178258,4226,8,REGION BIO BIO,8111,TOME,MANUEL MONTT, ,1255,"Manuel Montt 1255, Tome, Tomé, Bío Bío, Chile",-36.6178258,-72.9539485,1,RANGE_INTERPOLATED,2020,1272793,2020/03/19 00:00:00+00,COLISION LATERAL,COLISION,URBANA,IMPRUDENCIA DEL CONDUCTOR,CONDUCCION NO ATENTO CONDICIONES TRANSITO MOMENTO,0,0,0,0,08:45:00
-72.9558703,-36.6068147,4227,8,REGION BIO BIO,8111,TOME,MALAQUIAS CONCHA,EDMUNDO WITTING,0,"Malaquías Concha 901-999, Tome, Tomé, Bío Bío, Chile",-36.6068147,-72.9558703,1,ROOFTOP,2020,1272770,2020/03/17 00:00:00+00,COLISION PERPENDICULAR,COLISION,URBANA,IMPRUDENCIA DEL CONDUCTOR,CONDUCCION NO ATENTO CONDICIONES TRANSITO MOMENTO,0,0,0,1,18:15:00
-73.0606348,-36.8290785,4228,8,REGION BIO BIO,8101,CONCEPCION,ARTURO PRAT, ,651,"Arturo Prat 651, Concepción, Bío Bío, Chile",-36.8290785,-73.0606348,1,ROOFTOP,2020,1272961,2020/03/23 00:00:00+00,CHOQUE,CHOQUE,URBANA,IMPRUDENCIA DEL CONDUCTOR,CONDUCCION NO ATENTO CONDICIONES TRANSITO MOMENTO,0,0,0,0,14:00:00
-72.3469429,-37.4592958,4229,8,REGION BIO BIO,8301,LOS ANGELES,VILLAGRAN,ALMTE LATORRE,0,"Villagrán & Avenida Almirante Latorre, Los Angeles, Los Ángeles, Bío Bío, Chile",-37.4592958,-72.3469429,1,GEOMETRIC_CENTER,2020,1273043,2020/03/11 00:00:00+00,CHOQUE FRENTE/POSTERIOR,CHOQUE,URBANA,IMPRUDENCIA DEL CONDUCTOR,CONDUCCION NO ATENTO CONDICIONES TRANSITO MOMENTO,0,0,0,0,12:50:00
-72.3460386,-37.4580687,4230,8,REGION BIO BIO,8301,LOS ANGELES,VILLAGRAN,CHORRILLOS,0,"Chorrillos & Villagrán, Los Angeles, Los Ángeles, Bío Bío, Chile",-37.4580687,-72.3460386,1,GEOMETRIC_CENTER,2020,1273047,2020/03/11 00:00:00+00,COLISION LATERAL,COLISION,URBANA,IMPRUDENCIA DEL CONDUCTOR,ADELANTAMIENTO SIN EL ESPACIO O TIEMPO SUFICIENTE,0,0,0,0,11:20:00
-72.3267685,-37.4557176,4231,8,REGION BIO BIO,8301,LOS ANGELES,LAS INDUSTRIAS, ,7900,"Av Las Industrias 7900, Los Ángeles, Bío Bío, Chile",-37.4557176,-72.3267685,1,RANGE_INTERPOLATED,2020,1273053,2020/03/11 00:00:00+00,COLISION,COLISION,URBANA,IMPRUDENCIA DEL CONDUCTOR,CONDUCCION NO ATENTO CONDICIONES TRANSITO MOMENTO,0,0,0,0,08:10:00
-73.0436675,-36.821115,4232,8,REGION BIO BIO,8101,CONCEPCION,PAICAVI,MAIPU,0,"Maipú & Paicaví, Concepción, Bío Bío, Chile",-36.821115,-73.0436675,1,GEOMETRIC_CENTER,2020,1273061,2020/03/24 00:00:00+00,COLISION PERPENDICULAR,COLISION,URBANA,IMPRUDENCIA DEL CONDUCTOR,NO RESPETAR DERECHO PREFERENTE DE PASO A VEHICULO,1,1,0,0,14:05:00
-72.9927992,-36.739339,4233,8,REGION BIO BIO,8107,PENCO,OHIGGINS,LAS HERAS,0,"OHiggins 500, Penco, Bío Bío, Chile",-36.739339,-72.9927992,1,ROOFTOP,2020,1273087,2020/03/24 00:00:00+00,CHOQUE,CHOQUE,URBANA,DESOBEDIENCIA A SEÑALIZACION,SEÑALIZACION DESOBEDECER SEÑAL PARE,0,0,0,0,12:20:00
-72.3397709,-37.4521996,4234,8,REGION BIO BIO,8301,LOS ANGELES,SOR VICENTA, ,2051,"Av. Sor Vicenta 2051, Los Angeles, Los Ángeles, Bío Bío, Chile",-37.4521996,-72.3397709,1,ROOFTOP,2020,1274852,2020/03/18 00:00:00+00,COLISION,COLISION,URBANA,IMPRUDENCIA DEL CONDUCTOR,CONDUCCION NO ATENTO CONDICIONES TRANSITO MOMENTO,0,0,0,0,16:15:00
-73.1375931,-36.8348728,4235,8,REGION BIO BIO,8108,SAN PEDRO DE LA PAZ,DANIEL BELMAR, ,650,"Daniel Belmar 650, San Pedro de la Paz, Región Metropolitana, Chile",-36.8348728,-73.1375931,1,RANGE_INTERPOLATED,2020,1273138,2020/03/01 00:00:00+00,CHOQUE FRONTAL,CHOQUE,URBANA,DROGAS Y/O FATIGA EN CONDUCTOR,"CONDICIONES FISICAS DEFICIENTES (CANSANCIO, SUEÑO)",0,0,0,0,00:55:00
-73.1462557,-36.842819,4236,8,REGION BIO BIO,8108,SAN PEDRO DE LA PAZ,LONGITUDINAL UNO,PABLO NERUDA,0,"Pablo Neruda & Longitudinal Uno, San Pedro de la Paz, Bío Bío, Chile",-36.842819,-73.1462557,1,GEOMETRIC_CENTER,2020,1273254,2020/03/09 00:00:00+00,COLISION LATERAL,COLISION,URBANA,IMPRUDENCIA DEL CONDUCTOR,CONDUCCION NO ATENTO CONDICIONES TRANSITO MOMENTO,0,0,0,1,19:40:00
-73.1376712,-36.8354975,4237,8,REGION BIO BIO,8108,SAN PEDRO DE LA PAZ,DANIEL BELMAR,MAINTENCILLO,0,"Daniel Belmar 839-845, San Pedro de la Paz, Bío Bío, Chile",-36.8354975,-73.1376712,1,ROOFTOP,2020,1273269,2020/03/17 00:00:00+00,COLISION LATERAL,COLISION,URBANA,IMPRUDENCIA DEL CONDUCTOR,CONDUCCION NO ATENTO CONDICIONES TRANSITO MOMENTO,0,0,0,0,19:40:00
-73.1167368,-36.8305354,4238,8,REGION BIO BIO,8108,SAN PEDRO DE LA PAZ,LOS COLIHUES, ,290,"San Pedro de la Paz, Bío Bío, Chile",-36.8305354,-73.1167368,1,APPROXIMATE,2020,1273273,2020/03/18 00:00:00+00,COLISION PERPENDICULAR,COLISION,URBANA,IMPRUDENCIA DEL CONDUCTOR,CONDUCCION NO ATENTO CONDICIONES TRANSITO MOMENTO,0,0,0,0,21:00:00
-73.1414126,-36.8424202,4239,8,REGION BIO BIO,8108,SAN PEDRO DE LA PAZ,PROGRESO,RENE SCHNEIDER,0,"René Schneider 250, San Pedro de la Paz, Bío Bío, Chile",-36.8424202,-73.1414126,1,ROOFTOP,2020,1273281,2020/03/02 00:00:00+00,CHOQUE LADO/POSTERIOR,CHOQUE,URBANA,IMPRUDENCIA DEL CONDUCTOR,CONDUCCION NO ATENTO CONDICIONES TRANSITO MOMENTO,0,0,0,0,08:30:00
-73.112117,-36.8000857,4240,8,REGION BIO BIO,8112,HUALPEN,COSTANERA,GRAN BRETAÑA,0,"C. la Roda, Hualpén, Bío Bío, Chile",-36.8000857,-73.112117,1,GEOMETRIC_CENTER,2020,1273295,2020/03/23 00:00:00+00,COLISION,COLISION,URBANA,IMPRUDENCIA DEL CONDUCTOR,CONDUCCION NO ATENTO CONDICIONES TRANSITO MOMENTO,0,0,0,0,13:55:00
-72.353686,-37.4662145,4241,8,REGION BIO BIO,8301,LOS ANGELES,TUCAPEL,MENDOZA,0,"Mendoza & Avenida Tucapel, Los Angeles, Los Ángeles, Bío Bío, Chile",-37.4662145,-72.353686,1,GEOMETRIC_CENTER,2020,1273383,2020/03/12 00:00:00+00,COLISION LATERAL,COLISION,URBANA,IMPRUDENCIA DEL CONDUCTOR,CONDUCCION NO ATENTO CONDICIONES TRANSITO MOMENTO,0,0,0,1,20:00:00
-72.3388221,-37.4673207,4242,8,REGION BIO BIO,8301,LOS ANGELES,MARCONI,COLO COLO,0,"Guillermo Marconi & Colo Colo, Los Angeles, Los Ángeles, Bío Bío, Chile",-37.4673207,-72.3388221,1,GEOMETRIC_CENTER,2020,1273393,2020/03/12 00:00:00+00,VOLCADURA,VOLCADURA,URBANA,IMPRUDENCIA DEL CONDUCTOR,CONDUCCION NO ATENTO CONDICIONES TRANSITO MOMENTO,0,0,0,0,06:30:00
-72.3478264,-37.4671521,4243,8,REGION BIO BIO,8301,LOS ANGELES,VILLAGRAN, ,531,"Villagrán 531, Los Angeles, Los Ángeles, Bío Bío, Chile",-37.4671521,-72.3478264,1,RANGE_INTERPOLATED,2020,1273394,2020/03/13 00:00:00+00,CHOQUE LADO/FRENTE,CHOQUE,URBANA,IMPRUDENCIA DEL CONDUCTOR,CONDUCCION CAMBIAR SORPRESIVAMENTE PISTA CIRCULACION,0,0,0,0,11:50:00
-72.9544071,-36.6171788,4244,8,REGION BIO BIO,8111,TOME,SOTOMAYOR, ,1249,"Sotomayor 1249, Tome, Tomé, Bío Bío, Chile",-36.6171788,-72.9544071,1,ROOFTOP,2020,1273458,2020/03/27 00:00:00+00,CHOQUE LADO/LADO,CHOQUE,URBANA,PERDIDA CONTROL VEHICULO,PERDIDA CONTROL VEHICULO,0,0,1,0,16:30:00
-73.118397,-36.7146633,4245,8,REGION BIO BIO,8110,TALCAHUANO,TUMBES, ,38,"Av. Tumbes 38, Talcahuano, Bío Bío, Chile",-36.7146633,-73.118397,1,ROOFTOP,2020,1273538,2020/03/18 00:00:00+00,COLISION POR ALCANCE,COLISION,URBANA,IMPRUDENCIA DEL CONDUCTOR,ADELANTAMIENTO SIN EL ESPACIO O TIEMPO SUFICIENTE,0,0,0,0,21:50:00
-73.1010447,-36.7791963,4246,8,REGION BIO BIO,8110,TALCAHUANO,LAS GOLONDRINAS, ,5691,"Av. Las Golondrinas, Talcahuano, Bío Bío, Chile",-36.7791963,-73.1010447,1,GEOMETRIC_CENTER,2020,1273542,2020/03/19 00:00:00+00,COLISION LATERAL,COLISION,URBANA,IMPRUDENCIA DEL CONDUCTOR,CONDUCCION CAMBIAR SORPRESIVAMENTE PISTA CIRCULACION,0,0,0,0,09:20:00
-72.4021474,-37.03628,4247,8,REGION BIO BIO,8303,CABRERO,VIAL,ESMERALDA,0,"Esmeralda & Avenida Vial, Cabrero, Bío Bío, Chile",-37.03628,-72.4021474,1,GEOMETRIC_CENTER,2020,1274098,2020/03/06 00:00:00+00,ATROPELLO,ATROPELLO,URBANA,IMPRUDENCIA DEL CONDUCTOR,NO RESPETAR DERECHO PREFERENTE DE PASO A PEATON,0,0,0,1,17:10:00
-73.0558997,-36.8367088,4248,8,REGION BIO BIO,8101,CONCEPCION,PADRE HURTADO,PEDRO DE VALDIVIA,0,"Av. Padre Alberto Hurtado & Av. Pedro de Valdivia, Concepción, Bío Bío, Chile",-36.8367088,-73.0558997,1,GEOMETRIC_CENTER,2020,1273923,2020/03/27 00:00:00+00,ATROPELLO,ATROPELLO,URBANA,IMPRUDENCIA DEL PEATON,IMPRUDENCIA DEL PEATON,0,0,1,0,17:30:00