X,Y,FID,COD_REG,REGION,CUT,COMUNA,CALLE_UNO,CALLE_DOS,NUMERO,DIR_GEOCOD,LAT,LNG,VAL_COM,TIPO,Año,Idaccident,Fecha,Tipo_Accid,Tipo__CONA,Zona,Causa__CON,Causa,Fallecidos,Graves,Menos_Grav,Leves,Hora
-72.015934,-37.6675507,4249,8,REGION BIO BIO,8311,SANTA BARBARA,SALAMANCA, ,406,"Salamanca 406, Santa Bárbara, Bío Bío, Chile",-37.6675507,-72.015934,1,RANGE_INTERPOLATED,2020,1274254,2020/03/26 00:00:00+00,CHOQUE,CHOQUE,URBANA,ALCOHOL EN CONDUCTOR,CONDUCCION EN ESTADO DE EBRIEDAD,0,0,0,0,23:50:00
-73.1008634,-36.8325916,4250,8,REGION BIO BIO,8108,SAN PEDRO DE LA PAZ,LAS VIOLETAS,ENRIQUE SORO,0,"Las Violetas & Enrique Soro, San Pedro de la Paz, Bío Bío, Chile",-36.8325916,-73.1008634,1,GEOMETRIC_CENTER,2020,1274463,2020/03/22 00:00:00+00,COLISION LATERAL,COLISION,URBANA,ALCOHOL EN CONDUCTOR,CONDUCCION EN ESTADO DE EBRIEDAD,0,0,0,0,19:16:00
-73.1653089,-37.0902007,4251,8,REGION BIO BIO,8106,LOTA,FERNANDO MAIRA,COUSIÑO AL CERRO,0,"Parque Isidora Cousiño De Lota - Avenida El Parque 21 Lota, Biobío, Lota, Bío Bío, Chile",-37.0902007,-73.1653089,1,GEOMETRIC_CENTER,2020,1274480,2020/03/13 00:00:00+00,CHOQUE FRONTAL,CHOQUE,URBANA,PERDIDA CONTROL VEHICULO,PERDIDA CONTROL VEHICULO,0,1,0,1,07:50:00
-73.1398219,-36.8625312,4252,8,REGION BIO BIO,8108,SAN PEDRO DE LA PAZ,AVENIDA DOS NORTE, ,476,"2 Nte. 476, San Pedro de la Paz, Región Metropolitana, Chile",-36.8625312,-73.1398219,1,RANGE_INTERPOLATED,2020,1274507,2020/03/19 00:00:00+00,COLISION LATERAL,COLISION,URBANA,IMPRUDENCIA DEL CONDUCTOR,CONDUCCION NO ATENTO CONDICIONES TRANSITO MOMENTO,0,0,0,0,14:50:00
-73.1422692,-36.8378147,4253,8,REGION BIO BIO,8108,SAN PEDRO DE LA PAZ,PASAJE UNO, ,314,"Pje Uno 314, San Pedro de la Paz, Región Metropolitana, Chile",-36.8378147,-73.1422692,1,RANGE_INTERPOLATED,2020,1274510,2020/03/31 00:00:00+00,CHOQUE FRENTE/POSTERIOR,CHOQUE,URBANA,IMPRUDENCIA DEL CONDUCTOR,CONDUCCION NO ATENTO CONDICIONES TRANSITO MOMENTO,0,0,0,0,11:30:00
-73.1617685,-37.0841097,4254,8,REGION BIO BIO,8106,LOTA,CARLOS COUSIÑO, ,351,"Carlos Cousiño 351, Lota, Bío Bío, Chile",-37.0841097,-73.1617685,1,RANGE_INTERPOLATED,2020,1274513,2020/03/14 00:00:00+00,CHOQUE FRENTE/POSTERIOR,CHOQUE,URBANA,FALLAS MECANICAS,FALLAS MECANICAS MOTOR,0,0,0,0,14:25:00
-73.1518216,-37.0923159,4255,8,REGION BIO BIO,8106,LOTA,RENE SCHNEIDER, ,148,"René Schneider 148, Lota, Bío Bío, Chile",-37.0923159,-73.1518216,1,ROOFTOP,2020,1274534,2020/03/21 00:00:00+00,CHOQUE FRONTAL,CHOQUE,URBANA,PERDIDA CONTROL VEHICULO,PERDIDA CONTROL VEHICULO,0,0,0,0,13:30:00
-73.1566375,-37.0873297,4256,8,REGION BIO BIO,8106,LOTA,LA PAZ, ,32,"La Paz 32, Lota, Bío Bío, Chile",-37.0873297,-73.1566375,1,RANGE_INTERPOLATED,2020,1274572,2020/03/19 00:00:00+00,ATROPELLO,ATROPELLO,URBANA,IMPRUDENCIA DEL PEATON,IMPRUDENCIA DEL PEATON,0,0,0,0,17:30:00
-73.0533729,-36.8022093,4257,8,REGION BIO BIO,8101,CONCEPCION,DEL CERRO,JOSE TORIBIO MEDINA,0,"Cerro Chacabuco, Concepción, Bío Bío, Chile",-36.8022093,-73.0533729,1,GEOMETRIC_CENTER,2020,1274708,2020/03/17 00:00:00+00,COLISION FRONTAL,COLISION,RURAL,IMPRUDENCIA DEL CONDUCTOR,CONDUCCION SIN MANTENER DISTANCIA RAZONABLE NI PRUDENTE,0,0,0,0,20:10:00
-73.1030411,-36.7366011,4258,8,REGION BIO BIO,8110,TALCAHUANO,CRISTOBAL COLON, ,2563,"Gómez Carreño 2563, Talcahuano, Bío Bío, Chile",-36.7366011,-73.1030411,1,RANGE_INTERPOLATED,2020,1274589,2020/03/12 00:00:00+00,COLISION LATERAL,COLISION,URBANA,IMPRUDENCIA DEL CONDUCTOR,CONDUCCION CAMBIAR SORPRESIVAMENTE PISTA CIRCULACION,0,0,0,0,23:50:00
-73.1113532,-36.7144414,4259,8,REGION BIO BIO,8110,TALCAHUANO,COVADONGA, ,557,"Covadonga, Talcahuano, Bío Bío, Chile",-36.7144414,-73.1113532,1,GEOMETRIC_CENTER,2020,1274591,2020/03/17 00:00:00+00,CHOQUE POSTERIOR/FRENTE,CHOQUE,URBANA,IMPRUDENCIA DEL CONDUCTOR,CONDUCCION NO ATENTO CONDICIONES TRANSITO MOMENTO,0,0,0,0,12:20:00
-73.0868743,-36.7899869,4260,8,REGION BIO BIO,8112,HUALPEN,COLON,CURANILAHUE,0,"Avenida Cristóbal Colón & Curanilahue, Hualpén, Bío Bío, Chile",-36.7899869,-73.0868743,1,GEOMETRIC_CENTER,2020,1274636,2020/03/29 00:00:00+00,CHOQUE,CHOQUE,URBANA,IMPRUDENCIA DEL CONDUCTOR,CONDUCCION CAMBIAR SORPRESIVAMENTE PISTA CIRCULACION,0,0,0,0,16:00:00
-72.6771804,-37.5043848,4261,8,REGION BIO BIO,8306,NACIMIENTO,ARTURO ALESSANDRI, ,1126,"Arturo Alessandri 1126, Nacimiento, Bío Bío, Chile",-37.5043848,-72.6771804,1,ROOFTOP,2020,1274663,2020/03/23 00:00:00+00,COLISION FRONTAL,COLISION,URBANA,IMPRUDENCIA DEL CONDUCTOR,CONDUCCION CAMBIAR SORPRESIVAMENTE PISTA CIRCULACION,0,0,0,4,19:15:00
-72.6795086,-37.5003703,4262,8,REGION BIO BIO,8306,NACIMIENTO,MONTRI, ,617,"Montri 617, Nacimiento, Bío Bío, Chile",-37.5003703,-72.6795086,1,RANGE_INTERPOLATED,2020,1274666,2020/03/23 00:00:00+00,CHOQUE,CHOQUE,URBANA,PERDIDA CONTROL VEHICULO,PERDIDA CONTROL VEHICULO,0,0,0,0,18:55:00
-73.0519172,-36.8232611,4263,8,REGION BIO BIO,8101,CONCEPCION,LOS CARRERA,ANIBAL PINTO,0,"Anibal Pinto & Avenida los Carrera, Concepción, Bío Bío, Chile",-36.8232611,-73.0519172,1,GEOMETRIC_CENTER,2020,1274702,2020/03/07 00:00:00+00,COLISION LATERAL,COLISION,URBANA,DESOBEDIENCIA A SEÑALIZACION,SEÑALIZACION DESOBEDECER LUZ ROJA DE SEMAFORO,0,0,0,0,19:20:00
-73.0488112,-36.7987071,4264,8,REGION BIO BIO,8101,CONCEPCION,ABDON CIFUENTES,LUIS DURAN,0,"Abdón Cifuentes & Luis Durand, Concepción, Bío Bío, Chile",-36.7987071,-73.0488112,1,GEOMETRIC_CENTER,2020,1274705,2020/03/16 00:00:00+00,COLISION POR ALCANCE,COLISION,RURAL,IMPRUDENCIA DEL CONDUCTOR,CONDUCCION NO ATENTO CONDICIONES TRANSITO MOMENTO,0,0,0,0,08:20:00
-72.3357379,-37.4672539,4265,8,REGION BIO BIO,8301,LOS ANGELES,ALEMANIA, ,850,"Av. Alemania 850, Los Angeles, Los Ángeles, Bío Bío, Chile",-37.4672539,-72.3357379,1,ROOFTOP,2020,1320733,2020/12/09 00:00:00+00,CHOQUE POSTERIOR/POSTERIOR,CHOQUE,URBANA,IMPRUDENCIA DEL CONDUCTOR,CONDUCCION NO ATENTO CONDICIONES TRANSITO MOMENTO,0,0,0,0,16:50:00
-73.0466706,-36.8055931,4266,8,REGION BIO BIO,8101,CONCEPCION,LIENTUR, ,2020,"Lientur 2020, Concepción, Bío Bío, Chile",-36.8055931,-73.0466706,1,RANGE_INTERPOLATED,2020,1274709,2020/03/19 00:00:00+00,COLISION PERPENDICULAR,COLISION,RURAL,IMPRUDENCIA DEL CONDUCTOR,CONDUCCION NO ATENTO CONDICIONES TRANSITO MOMENTO,0,0,0,0,16:50:00
-73.0616293,-36.8154353,4267,8,REGION BIO BIO,8101,CONCEPCION,LINCOYAN,EJERCITO,0,"Ejército & Lincoyán, Concepción, Bío Bío, Chile",-36.8154353,-73.0616293,1,GEOMETRIC_CENTER,2020,1274710,2020/03/20 00:00:00+00,CHOQUE FRENTE/POSTERIOR,CHOQUE,URBANA,IMPRUDENCIA DEL CONDUCTOR,CONDUCIR VEHICULO EN RETROCESO,0,0,0,0,09:45:00
-73.0515107,-36.8139038,4268,8,REGION BIO BIO,8101,CONCEPCION,OROMPELLO,BANDERAS,0,"Bandera & Orompello, Concepción, Bío Bío, Chile",-36.8139038,-73.0515107,1,GEOMETRIC_CENTER,2020,1274712,2020/03/14 00:00:00+00,COLISION LATERAL,COLISION,URBANA,OTRAS CAUSAS,OTRAS CAUSAS,0,0,0,0,11:00:00
-73.0436564,-36.8197164,4269,8,REGION BIO BIO,8101,CONCEPCION,PAICAVI,LOS CARRERA,0,"Los Carrera - Paicaví, Concepción, Bío Bío, Chile",-36.8197164,-73.0436564,1,GEOMETRIC_CENTER,2020,1274718,2020/03/22 00:00:00+00,COLISION LATERAL,COLISION,URBANA,CAUSAS NO DETERMINADAS,CAUSAS NO DETERMINADAS,0,0,0,2,06:50:00
-73.0487023,-36.8206595,4270,8,REGION BIO BIO,8101,CONCEPCION,TUCAPEL,LAS HERAS,0,"Tucapel & Las Heras, Concepción, Bío Bío, Chile",-36.8206595,-73.0487023,1,GEOMETRIC_CENTER,2020,1274726,2020/03/16 00:00:00+00,COLISION FRONTAL,COLISION,URBANA,IMPRUDENCIA DEL CONDUCTOR,CONDUCCION NO ATENTO CONDICIONES TRANSITO MOMENTO,0,0,0,0,17:00:00
-73.0481999,-36.813999,4271,8,REGION BIO BIO,8101,CONCEPCION,PAICAVI,MANUEL RODRIGUEZ,0,"Manuel Rodríguez & Paicaví, Concepción, Bío Bío, Chile",-36.813999,-73.0481999,1,GEOMETRIC_CENTER,2020,1274727,2020/03/24 00:00:00+00,CHOQUE LADO/LADO,CHOQUE,URBANA,ALCOHOL EN CONDUCTOR,CONDUCCION EN ESTADO DE EBRIEDAD,0,0,0,1,21:45:00
-73.031518,-36.7996647,4272,8,REGION BIO BIO,8101,CONCEPCION,PRINCIPAL,ANDALIEN,0,"Avenida Andalien & Principal, Concepción, Bío Bío, Chile",-36.7996647,-73.031518,1,GEOMETRIC_CENTER,2020,1274734,2020/03/13 00:00:00+00,ATROPELLO,ATROPELLO,URBANA,IMPRUDENCIA DEL PEATON,PEATON CRUZA CALZADA FORMA SORPRESIVA O DESCUIDADA,0,0,0,1,23:00:00
-73.029545,-36.926184,4273,8,REGION BIO BIO,8103,CHIGUAYANTE,COSTANERA,LOS CARRERA,0,"Calle Chiguay Concepcion, Chiguayante, Concepcion, Bío Bío, Chile",-36.926184,-73.029545,1,GEOMETRIC_CENTER,2020,1274736,2020/03/13 00:00:00+00,COLISION PERPENDICULAR,COLISION,URBANA,IMPRUDENCIA DEL CONDUCTOR,CONDUCCION NO ATENTO CONDICIONES TRANSITO MOMENTO,0,0,0,1,14:20:00
-73.0429731,-36.8196393,4274,8,REGION BIO BIO,8101,CONCEPCION,LOS CARRERA,JANEQUEO,0,"Janequeo & Avenida los Carrera, Concepción, Bío Bío, Chile",-36.8196393,-73.0429731,1,GEOMETRIC_CENTER,2020,1274738,2020/03/13 00:00:00+00,COLISION POR ALCANCE,COLISION,URBANA,IMPRUDENCIA DEL CONDUCTOR,CONDUCCION SIN MANTENER DISTANCIA RAZONABLE NI PRUDENTE,0,0,0,1,12:10:00
-73.0556728,-36.8248069,4275,8,REGION BIO BIO,8101,CONCEPCION,LOS CARRERA,LINCOYAN,0,"Av. los Carrera & Lincoyán, Concepción, Bío Bío, Chile",-36.8248069,-73.0556728,1,GEOMETRIC_CENTER,2020,1274754,2020/03/13 00:00:00+00,COLISION POR ALCANCE,COLISION,URBANA,IMPRUDENCIA DEL CONDUCTOR,CONDUCCION SIN MANTENER DISTANCIA RAZONABLE NI PRUDENTE,0,0,0,0,10:30:00
-73.047291,-36.8257924,4276,8,REGION BIO BIO,8101,CONCEPCION,CASTELLON, ,447,"Castellón 447, Concepción, Bío Bío, Chile",-36.8257924,-73.047291,1,RANGE_INTERPOLATED,2020,1274780,2020/04/04 00:00:00+00,CHOQUE,CHOQUE,URBANA,PERDIDA CONTROL VEHICULO,PERDIDA CONTROL VEHICULO,0,0,0,0,16:30:00
-72.3263822,-37.4726811,4277,8,REGION BIO BIO,8301,LOS ANGELES,GABRIELA MISTRAL,LAS INDUSTRIAS,0,"Av. Gabriela Mistral & Av Las Industrias, Los Ángeles, Bío Bío, Chile",-37.4726811,-72.3263822,1,GEOMETRIC_CENTER,2020,1274783,2020/03/16 00:00:00+00,COLISION LATERAL,COLISION,URBANA,IMPRUDENCIA DEL CONDUCTOR,CONDUCCION NO ATENTO CONDICIONES TRANSITO MOMENTO,0,0,0,1,14:45:00
-72.3492226,-37.4614256,4278,8,REGION BIO BIO,8301,LOS ANGELES,ALMAGRO,LINCOYAN,0,"Almagro & Lincoyán, Los Angeles, Los Ángeles, Bío Bío, Chile",-37.4614256,-72.3492226,1,GEOMETRIC_CENTER,2020,1274785,2020/03/16 00:00:00+00,COLISION LATERAL,COLISION,URBANA,IMPRUDENCIA DEL CONDUCTOR,CONDUCCION NO ATENTO CONDICIONES TRANSITO MOMENTO,0,0,0,2,09:25:00
-72.3411075,-37.4689726,4279,8,REGION BIO BIO,8301,LOS ANGELES,ALEMANIA, ,470,"Av. Alemania 470, Los Angeles, Los Ángeles, Bío Bío, Chile",-37.4689726,-72.3411075,1,ROOFTOP,2020,1274793,2020/03/15 00:00:00+00,CHOQUE FRENTE/LADO,CHOQUE,URBANA,DROGAS Y/O FATIGA EN CONDUCTOR,"CONDICIONES FISICAS DEFICIENTES (CANSANCIO, SUEÑO)",0,0,0,0,03:30:00
-73.1119722,-36.7853365,4280,8,REGION BIO BIO,8112,HUALPEN,FINLANDIA,ROMA,0,"Roma & Finlandia, Hualpén, Bío Bío, Chile",-36.7853365,-73.1119722,1,GEOMETRIC_CENTER,2020,1274829,2020/04/02 00:00:00+00,CHOQUE FRENTE/LADO,CHOQUE,URBANA,IMPRUDENCIA DEL CONDUCTOR,NO RESPETAR DERECHO PREFERENTE DE PASO A PEATON,0,0,0,1,19:15:00
-72.3482414,-37.4675877,4281,8,REGION BIO BIO,8301,LOS ANGELES,VILLAGRAN,RENGO,0,"Rengo & Villagrán, Los Angeles, Los Ángeles, Bío Bío, Chile",-37.4675877,-72.3482414,1,GEOMETRIC_CENTER,2020,1274832,2020/03/18 00:00:00+00,COLISION POR ALCANCE,COLISION,URBANA,IMPRUDENCIA DEL CONDUCTOR,CONDUCCION NO ATENTO CONDICIONES TRANSITO MOMENTO,0,0,0,0,13:00:00
-72.3409429,-37.4555574,4282,8,REGION BIO BIO,8301,LOS ANGELES,SAN GABRIEL, ,1798,"Pje. San Gabriel 1798, Los Angeles, Los Ángeles, Bío Bío, Chile",-37.4555574,-72.3409429,1,RANGE_INTERPOLATED,2020,1274833,2020/03/15 00:00:00+00,CHOQUE POSTERIOR/POSTERIOR,CHOQUE,URBANA,IMPRUDENCIA DEL CONDUCTOR,CONDUCCION NO ATENTO CONDICIONES TRANSITO MOMENTO,0,0,0,0,22:30:00
-72.3301471,-37.4582184,4283,8,REGION BIO BIO,8301,LOS ANGELES,TRINIDAD,COSTANERA QUILQIE,0,"Av. de la Trinidad & Costanera Quilque Nte., Los Angeles, Los Ángeles, Bío Bío, Chile",-37.4582184,-72.3301471,1,GEOMETRIC_CENTER,2020,1274838,2020/03/16 00:00:00+00,CHOQUE FRENTE/POSTERIOR,CHOQUE,URBANA,IMPRUDENCIA DEL CONDUCTOR,CONDUCCION NO ATENTO CONDICIONES TRANSITO MOMENTO,0,0,0,0,10:40:00
-72.3480797,-37.4686776,4284,8,REGION BIO BIO,8301,LOS ANGELES,VILLAGRAN, ,471,"Villagrán 471, Los Angeles, Los Ángeles, Bío Bío, Chile",-37.4686776,-72.3480797,1,ROOFTOP,2020,1278495,2020/04/27 00:00:00+00,ATROPELLO,ATROPELLO,URBANA,IMPRUDENCIA DEL CONDUCTOR,CONDUCCION NO ATENTO CONDICIONES TRANSITO MOMENTO,0,0,0,1,11:30:00
-73.0598192,-36.7985047,4285,8,REGION BIO BIO,8101,CONCEPCION,PAICAVI, ,3380,"Paicaví 3380, Concepción, Bío Bío, Chile",-36.7985047,-73.0598192,1,ROOFTOP,2020,1274874,2020/03/11 00:00:00+00,COLISION POR ALCANCE,COLISION,URBANA,IMPRUDENCIA DEL CONDUCTOR,CONDUCCION SIN MANTENER DISTANCIA RAZONABLE NI PRUDENTE,0,0,0,4,16:50:00
-73.086834,-36.7926749,4286,8,REGION BIO BIO,8112,HUALPEN,CRISTOBAL COLON,CARAMPANGUE,0,"Av. Cristóbal Colón & C. Carampangue, Hualpén, Bío Bío, Chile",-36.7926749,-73.086834,1,GEOMETRIC_CENTER,2020,1274892,2020/01/05 00:00:00+00,COLISION LATERAL,COLISION,URBANA,IMPRUDENCIA DEL CONDUCTOR,CONDUCCION NO ATENTO CONDICIONES TRANSITO MOMENTO,0,0,0,0,17:00:00
-72.247951,-37.7187604,4287,8,REGION BIO BIO,8305,MULCHEN,PEDRO LAGOS,AMUNATEGUI,0,"Amunategui & Pedro Lagos, Mulchen, Mulchén, Bío Bío, Chile",-37.7187604,-72.247951,1,GEOMETRIC_CENTER,2020,1274932,2020/03/17 00:00:00+00,COLISION,COLISION,URBANA,IMPRUDENCIA DEL CONDUCTOR,CONDUCCION NO ATENTO CONDICIONES TRANSITO MOMENTO,0,0,1,0,18:20:00
-72.5571991,-37.1009274,4288,8,REGION BIO BIO,8313,YUMBEL,LOS CARRERA,GOYCOLEA,0,"Goycolea & Los Carrera, Yumbel, Bío Bío, Chile",-37.1009274,-72.5571991,1,GEOMETRIC_CENTER,2020,1275066,2020/03/28 00:00:00+00,COLISION LATERAL,COLISION,URBANA,IMPRUDENCIA DEL CONDUCTOR,CONDUCCION NO ATENTO CONDICIONES TRANSITO MOMENTO,0,0,0,1,12:30:00
-72.7047209,-37.2622638,4289,8,REGION BIO BIO,8304,LAJA,LOS RIOS,LAVANDEROS,0,"Lavanderos, Laja, Bío Bío, Chile",-37.2622638,-72.7047209,1,GEOMETRIC_CENTER,2020,1275081,2020/03/08 00:00:00+00,COLISION PERPENDICULAR,COLISION,URBANA,IMPRUDENCIA DEL CONDUCTOR,CONDUCCION NO ATENTO CONDICIONES TRANSITO MOMENTO,0,0,0,0,05:10:00
-73.0423803,-36.8231766,4290,8,REGION BIO BIO,8101,CONCEPCION,BARROS ARANA,PAICAVI,0,"Barros Arana & Paicaví, Concepción, Bío Bío, Chile",-36.8231766,-73.0423803,1,GEOMETRIC_CENTER,2020,1275098,2020/02/27 00:00:00+00,COLISION PERPENDICULAR,COLISION,URBANA,IMPRUDENCIA DEL CONDUCTOR,NO RESPETAR DERECHO PREFERENTE DE PASO A VEHICULO,0,0,0,1,07:50:00
-73.0608019,-36.8269433,4291,8,REGION BIO BIO,8101,CONCEPCION,LOS CARRERA,ARTURO PRAT,0,"Avenida los Carrera & Arturo Prat, Concepción, Bío Bío, Chile",-36.8269433,-73.0608019,1,GEOMETRIC_CENTER,2020,1275103,2020/04/06 00:00:00+00,COLISION LATERAL,COLISION,URBANA,IMPRUDENCIA DEL CONDUCTOR,CONDUCCION CAMBIAR SORPRESIVAMENTE PISTA CIRCULACION,0,0,0,0,14:30:00
-73.0322707,-36.8163804,4292,8,REGION BIO BIO,8101,CONCEPCION,MAIPU,JUAN BOSCO,0,"Maipú & Avenida San Juan Bosco, Concepción, Bío Bío, Chile",-36.8163804,-73.0322707,1,GEOMETRIC_CENTER,2020,1275104,2020/04/06 00:00:00+00,COLISION PERPENDICULAR,COLISION,URBANA,DESOBEDIENCIA A SEÑALIZACION,SEÑALIZACION DESOBEDECER LUZ ROJA DE SEMAFORO,0,0,0,1,14:45:00
-73.0530804,-36.8263488,4293,8,REGION BIO BIO,8101,CONCEPCION,FREIRE,RENGO,0,"Rengo & Freire, Concepción, Bío Bío, Chile",-36.8263488,-73.0530804,1,GEOMETRIC_CENTER,2020,1275106,2020/04/06 00:00:00+00,ATROPELLO,ATROPELLO,URBANA,IMPRUDENCIA DEL CONDUCTOR,NO RESPETAR DERECHO PREFERENTE DE PASO A PEATON,0,1,0,0,13:00:00
-72.9741765,-36.7148303,4294,8,REGION BIO BIO,8107,PENCO,PEDRO AGUIRRE CERDA,FRESIA,0,"Pedro Aguirre Cerda - Fresia / Oriente, Lirquen, Penco, Bío Bío, Chile",-36.7148303,-72.9741765,1,GEOMETRIC_CENTER,2020,1275109,2020/03/28 00:00:00+00,CHOQUE FRENTE/LADO,CHOQUE,URBANA,ALCOHOL EN CONDUCTOR,CONDUCCION EN ESTADO DE EBRIEDAD,0,1,0,0,21:39:00
-73.3114214,-37.2447907,4295,8,REGION BIO BIO,8202,ARAUCO,CARLOS CONDELL,KORNER,0,"Korner & Carlos Condell, Arauco, Bío Bío, Chile",-37.2447907,-73.3114214,1,GEOMETRIC_CENTER,2020,1275162,2020/03/22 00:00:00+00,COLISION,COLISION,URBANA,IMPRUDENCIA DEL CONDUCTOR,CONDUCCION NO ATENTO CONDICIONES TRANSITO MOMENTO,0,0,1,0,16:00:00
-72.3469991,-37.4835464,4296,8,REGION BIO BIO,8301,LOS ANGELES,LOS CARRERA, ,920,"Av. Los Carrera 920, Los Angeles, Los Ángeles, Bío Bío, Chile",-37.4835464,-72.3469991,1,ROOFTOP,2020,1275186,2020/03/19 00:00:00+00,COLISION POR ALCANCE,COLISION,URBANA,IMPRUDENCIA DEL CONDUCTOR,CONDUCCION NO ATENTO CONDICIONES TRANSITO MOMENTO,0,0,0,0,13:25:00
-72.3799768,-37.4672532,4297,8,REGION BIO BIO,8301,LOS ANGELES,CAMINO VECINAL EL PINO, ,1,"El Pino, Los Angeles, Los Ángeles, Bío Bío, Chile",-37.4672532,-72.3799768,1,GEOMETRIC_CENTER,2020,1275199,2020/03/20 00:00:00+00,CHOQUE FRONTAL,CHOQUE,URBANA,PERDIDA CONTROL VEHICULO,PERDIDA CONTROL VEHICULO,0,0,0,0,11:50:00
-73.0463104,-36.8170615,4298,8,REGION BIO BIO,8101,CONCEPCION,PAICAVI,BULNES,0,"Manuel Bulnes & Paicaví, Concepción, Bío Bío, Chile",-36.8170615,-73.0463104,1,GEOMETRIC_CENTER,2020,1275209,2020/04/03 00:00:00+00,COLISION POR ALCANCE,COLISION,URBANA,IMPRUDENCIA DEL CONDUCTOR,CONDUCCION SIN MANTENER DISTANCIA RAZONABLE NI PRUDENTE,0,0,0,0,17:20:00
-72.3448383,-37.4564609,4299,8,REGION BIO BIO,8301,LOS ANGELES,VILLAGRAN, ,1548,"Villagrán 1548, Los Angeles, Los Ángeles, Bío Bío, Chile",-37.4564609,-72.3448383,1,RANGE_INTERPOLATED,2020,1275212,2020/03/21 00:00:00+00,CHOQUE FRENTE/POSTERIOR,CHOQUE,URBANA,ALCOHOL EN CONDUCTOR,CONDUCCION EN ESTADO DE EBRIEDAD,0,0,0,0,15:35:00
-73.0299819,-36.8034316,4300,8,REGION BIO BIO,8101,CONCEPCION,CAMILO HENRIQUEZ,ANDALIEN,0,"Camilo Henríquez & Avenida Andalien, Concepción, Bío Bío, Chile",-36.8034316,-73.0299819,1,GEOMETRIC_CENTER,2020,1275213,2020/04/06 00:00:00+00,COLISION POR ALCANCE,COLISION,URBANA,IMPRUDENCIA DEL CONDUCTOR,CONDUCCION SIN MANTENER DISTANCIA RAZONABLE NI PRUDENTE,0,0,0,0,12:45:00
-72.3434805,-37.4866103,4301,8,REGION BIO BIO,8301,LOS ANGELES,LOS CARRERA,RIO CURICHE,0,"Av. Los Carrera 1302, Los Angeles, Los Ángeles, Bío Bío, Chile",-37.4866103,-72.3434805,1,ROOFTOP,2020,1275247,2020/03/23 00:00:00+00,COLISION,COLISION,URBANA,IMPRUDENCIA DEL CONDUCTOR,CONDUCCION NO ATENTO CONDICIONES TRANSITO MOMENTO,0,0,0,0,14:00:00
-72.3568489,-37.463681,4302,8,REGION BIO BIO,8301,LOS ANGELES,GALVARINO,AMADOR FUENTEALBA,0,"Galvarino & Amador Fuentealba, Los Angeles, Los Ángeles, Bío Bío, Chile",-37.463681,-72.3568489,1,GEOMETRIC_CENTER,2020,1275269,2020/03/23 00:00:00+00,CHOQUE FRONTAL,CHOQUE,URBANA,PERDIDA CONTROL VEHICULO,PERDIDA CONTROL VEHICULO,0,0,1,1,19:10:00
-72.9561343,-36.6124692,4303,8,REGION BIO BIO,8111,TOME,DIEGO PORTALES,BAMBACH,0,"Diego portales 1680, Tome, Tomé, Bío Bío, Chile",-36.6124692,-72.9561343,1,ROOFTOP,2020,1275270,2020/04/07 00:00:00+00,CHOQUE POSTERIOR/LADO,CHOQUE,URBANA,IMPRUDENCIA DEL CONDUCTOR,CONDUCIR VEHICULO EN RETROCESO,0,0,0,0,15:20:00
-73.1142489,-36.6896639,4304,8,REGION BIO BIO,8110,TALCAHUANO,MICHIMALONGO, ,3748,"Michimalonco 3748, Talcahuano, Bío Bío, Chile",-36.6896639,-73.1142489,1,RANGE_INTERPOLATED,2020,1275308,2020/04/03 00:00:00+00,CHOQUE FRONTAL,CHOQUE,URBANA,PERDIDA CONTROL VEHICULO,PERDIDA CONTROL VEHICULO,0,0,0,0,04:20:00
-73.111347,-36.7140617,4305,8,REGION BIO BIO,8110,TALCAHUANO,BLANCO ENCALADA, ,59,"Blanco Encalada, Talcahuano, Bío Bío, Chile",-36.7140617,-73.111347,1,GEOMETRIC_CENTER,2020,1275350,2020/04/03 00:00:00+00,COLISION LATERAL,COLISION,URBANA,IMPRUDENCIA DEL CONDUCTOR,CONDUCCION CAMBIAR SORPRESIVAMENTE PISTA CIRCULACION,0,0,0,0,18:15:00
-73.081286,-36.7626852,4306,8,REGION BIO BIO,8110,TALCAHUANO,VALDIVIA, ,55,"Jaime Repullo 768, Talcahuano, Bío Bío, Chile",-36.7626852,-73.081286,1,ROOFTOP,2020,1275348,2020/04/03 00:00:00+00,CHOQUE FRENTE/POSTERIOR,CHOQUE,URBANA,IMPRUDENCIA DEL CONDUCTOR,CONDUCCION SIN MANTENER DISTANCIA RAZONABLE NI PRUDENTE,0,0,0,0,14:15:00
-72.3629688,-37.4803166,4307,8,REGION BIO BIO,8301,LOS ANGELES,VICUÑA MACKENNA,ALCAZAR,0,"Avenida Vicuña Mackenna & Alcázar, Los Angeles, Los Ángeles, Bío Bío, Chile",-37.4803166,-72.3629688,1,GEOMETRIC_CENTER,2020,1275406,2020/03/23 00:00:00+00,CHOQUE FRENTE/POSTERIOR,CHOQUE,URBANA,ALCOHOL EN CONDUCTOR,CONDUCCION EN ESTADO DE EBRIEDAD,0,0,0,2,21:45:00