X,Y,FID,COD_REG,REGION,CUT,COMUNA,CALLE_UNO,CALLE_DOS,NUMERO,DIR_GEOCOD,LAT,LNG,VAL_COM,TIPO,Año,Idaccident,Fecha,Tipo_Accid,Tipo__CONA,Zona,Causa__CON,Causa,Fallecidos,Graves,Menos_Grav,Leves,Hora
-73.1444884,-36.9735631,4308,8,REGION BIO BIO,8102,CORONEL,LOS NOTROS,ESCUADRON,0,"Coronel, Bío Bío, Chile",-36.9735631,-73.1444884,1,GEOMETRIC_CENTER,2020,1275574,2020/03/15 00:00:00+00,ATROPELLO,ATROPELLO,URBANA,IMPRUDENCIA DEL CONDUCTOR,CONDUCCION NO ATENTO CONDICIONES TRANSITO MOMENTO,0,0,0,1,21:50:00
-73.0436675,-36.821115,4309,8,REGION BIO BIO,8101,CONCEPCION,MAIPU,PAICAVI,0,"Maipú & Paicaví, Concepción, Bío Bío, Chile",-36.821115,-73.0436675,1,GEOMETRIC_CENTER,2020,1275446,2020/04/07 00:00:00+00,COLISION PERPENDICULAR,COLISION,URBANA,IMPRUDENCIA DEL CONDUCTOR,CONDUCCION NO ATENTO CONDICIONES TRANSITO MOMENTO,0,0,0,2,10:30:00
-73.027521,-36.810789,4310,8,REGION BIO BIO,8101,CONCEPCION,GRAL BONILLA,JUAN BOSCO,0,"Cam. a Penco, Concepción, Bío Bío, Chile",-36.810789,-73.027521,1,GEOMETRIC_CENTER,2020,1275448,2020/04/07 00:00:00+00,VOLCADURA,VOLCADURA,URBANA,PERDIDA CONTROL VEHICULO,PERDIDA CONTROL VEHICULO,0,0,0,0,20:50:00
-73.1139488,-36.7994735,4311,8,REGION BIO BIO,8112,HUALPEN,LA RODA,CATALUÑA,0,"C. Cataluña & C. la Roda, Hualpén, Bío Bío, Chile",-36.7994735,-73.1139488,1,GEOMETRIC_CENTER,2020,1275475,2020/04/09 00:00:00+00,CHOQUE FRONTAL,CHOQUE,URBANA,ALCOHOL EN CONDUCTOR,CONDUCCION EN ESTADO DE EBRIEDAD,0,0,0,0,20:20:00
-72.3516897,-37.4791759,4312,8,REGION BIO BIO,8301,LOS ANGELES,SAN MARTIN,PATRICIO LYNCH,0,"Calle Bernardo OHiggins 547, Los Angeles, Los Ángeles, Bío Bío, Chile",-37.4791759,-72.3516897,1,ROOFTOP,2020,1275496,2020/03/25 00:00:00+00,COLISION LATERAL,COLISION,URBANA,IMPRUDENCIA DEL CONDUCTOR,CONDUCCION NO ATENTO CONDICIONES TRANSITO MOMENTO,0,0,0,0,15:15:00
-72.35579,-37.47167,4313,8,REGION BIO BIO,8301,LOS ANGELES,ERCILLA, ,190,"Ercilla 190, Los Angeles, Los Ángeles, Bío Bío, Chile",-37.47167,-72.35579,1,ROOFTOP,2020,1275541,2020/03/28 00:00:00+00,CHOQUE FRONTAL,CHOQUE,URBANA,PERDIDA CONTROL VEHICULO,PERDIDA CONTROL VEHICULO,0,0,0,0,10:15:00
-73.0847169,-36.7574475,4314,8,REGION BIO BIO,8110,TALCAHUANO,CLAUDIO GAY, ,5069,"Claudio Gay 5069, Talcahuano, Bío Bío, Chile",-36.7574475,-73.0847169,1,RANGE_INTERPOLATED,2020,1275713,2020/04/03 00:00:00+00,CHOQUE POSTERIOR/FRENTE,CHOQUE,URBANA,IMPRUDENCIA DEL CONDUCTOR,CONDUCCION SIN MANTENER DISTANCIA RAZONABLE NI PRUDENTE,0,0,0,0,21:45:00
-72.3263822,-37.4726811,4315,8,REGION BIO BIO,8301,LOS ANGELES,LAS INDUSTRIAS,GABRIELA MISTRAL,0,"Av. Gabriela Mistral & Av Las Industrias, Los Ángeles, Bío Bío, Chile",-37.4726811,-72.3263822,1,GEOMETRIC_CENTER,2020,1275804,2020/04/01 00:00:00+00,CHOQUE POSTERIOR,CHOQUE,URBANA,IMPRUDENCIA DEL CONDUCTOR,CONDUCCION SIN MANTENER DISTANCIA RAZONABLE NI PRUDENTE,0,0,0,0,17:35:00
-72.3550077,-37.4810797,4316,8,REGION BIO BIO,8301,LOS ANGELES,VICUÑA MACKENNA,MANUEL RODRIGUEZ,0,"Avenida Vicuña Mackenna & Manuel Rodríguez, Los Angeles, Los Ángeles, Bío Bío, Chile",-37.4810797,-72.3550077,1,GEOMETRIC_CENTER,2020,1275806,2020/04/02 00:00:00+00,CHOQUE POSTERIOR/FRENTE,CHOQUE,URBANA,IMPRUDENCIA DEL CONDUCTOR,CONDUCCION NO ATENTO CONDICIONES TRANSITO MOMENTO,0,0,0,0,17:00:00
-72.3114867,-37.462716,4317,8,REGION BIO BIO,8301,LOS ANGELES,OROMPELLO,PADRE HURTADO,0,"Los Angeles, Los Ángeles, Bío Bío, Chile",-37.462716,-72.3114867,1,GEOMETRIC_CENTER,2020,1275836,2020/04/02 00:00:00+00,COLISION,COLISION,URBANA,IMPRUDENCIA DEL CONDUCTOR,CONDUCCION CAMBIAR SORPRESIVAMENTE PISTA CIRCULACION,0,0,0,0,15:50:00
-72.3536627,-37.4651339,4318,8,REGION BIO BIO,8301,LOS ANGELES,LIENTUR,MENDOZA,0,"Mendoza & Lientur, Los Angeles, Los Ángeles, Bío Bío, Chile",-37.4651339,-72.3536627,1,GEOMETRIC_CENTER,2020,1275844,2020/04/03 00:00:00+00,COLISION LATERAL,COLISION,URBANA,IMPRUDENCIA DEL CONDUCTOR,CONDUCCION NO ATENTO CONDICIONES TRANSITO MOMENTO,0,0,0,1,18:50:00
-73.0838811,-36.783405,4319,8,REGION BIO BIO,8110,TALCAHUANO,OHIGGINS, ,7,"OHiggins, Talcahuano, Bío Bío, Chile",-36.783405,-73.0838811,1,GEOMETRIC_CENTER,2020,1275847,2020/04/11 00:00:00+00,VOLCADURA,VOLCADURA,URBANA,VELOCIDAD IMPRUDENTE,VELOCIDAD NO RAZONABLE NI PRUDENTE,1,0,0,0,13:20:00
-72.3264248,-37.4659196,4320,8,REGION BIO BIO,8301,LOS ANGELES,LAS INDUSTRIAS, ,9405,"Av Las Industrias 9405, Los Ángeles, Bío Bío, Chile",-37.4659196,-72.3264248,1,RANGE_INTERPOLATED,2020,1275851,2020/04/04 00:00:00+00,VOLCADURA,VOLCADURA,URBANA,DEFICIENCIAS VIALES,ANIMALES SUELTOS VIA PUBLICA,0,0,1,0,20:15:00
-72.3536947,-37.4675227,4321,8,REGION BIO BIO,8301,LOS ANGELES,MENDOZA,RENGO,0,"Mendoza & Rengo, Los Angeles, Los Ángeles, Bío Bío, Chile",-37.4675227,-72.3536947,1,GEOMETRIC_CENTER,2020,1275860,2020/04/06 00:00:00+00,COLISION,COLISION,URBANA,IMPRUDENCIA DEL CONDUCTOR,CONDUCCION SIN MANTENER DISTANCIA RAZONABLE NI PRUDENTE,0,0,0,1,09:30:00
-72.3575155,-37.4721363,4322,8,REGION BIO BIO,8301,LOS ANGELES,RICARDO VICUÑA,ARTURO PRAT,0,"Avenida Ricardo Vicuña & Arturo Prat, Los Angeles, Los Ángeles, Bío Bío, Chile",-37.4721363,-72.3575155,1,GEOMETRIC_CENTER,2020,1275893,2020/04/06 00:00:00+00,COLISION LATERAL,COLISION,URBANA,IMPRUDENCIA DEL CONDUCTOR,CONDUCCION NO ATENTO CONDICIONES TRANSITO MOMENTO,0,0,0,1,14:00:00
-72.3389514,-37.4933285,4323,8,REGION BIO BIO,8301,LOS ANGELES,LOS CARRERA,LAUQUEN,0,"Avenida Los Carrera & Lauquen, Los Ángeles, Bío Bío, Chile",-37.4933285,-72.3389514,1,GEOMETRIC_CENTER,2020,1275952,2020/04/07 00:00:00+00,COLISION LATERAL,COLISION,URBANA,IMPRUDENCIA DEL CONDUCTOR,CONDUCCION NO ATENTO CONDICIONES TRANSITO MOMENTO,0,0,0,3,08:05:00
-73.166398,-37.0156266,4324,8,REGION BIO BIO,8102,CORONEL,VICTOR LLANOS,LOS ARANDANOS,0,"Víctor Llanos, Coronel, Bío Bío, Chile",-37.0156266,-73.166398,1,GEOMETRIC_CENTER,2020,1275993,2020/03/16 00:00:00+00,CHOQUE,CHOQUE,URBANA,VELOCIDAD IMPRUDENTE,"VELOCIDAD NO REDUCIR CRUCE DE CALLES, CUMBRE, CURVA, ETC.",0,1,0,0,08:10:00
-73.0272769,-36.9173458,4325,8,REGION BIO BIO,8103,CHIGUAYANTE,OHIGGINS,SANTA SOFIA,0,"Sta. Sofía & Av. OHiggins, Chiguayante, Bío Bío, Chile",-36.9173458,-73.0272769,1,GEOMETRIC_CENTER,2020,1276016,2020/04/03 00:00:00+00,COLISION PERPENDICULAR,COLISION,URBANA,CAUSAS NO DETERMINADAS,CAUSAS NO DETERMINADAS,0,0,0,1,13:40:00
-73.021847,-36.9335783,4326,8,REGION BIO BIO,8103,CHIGUAYANTE,MANUEL RODRIGUEZ,LIBERTAD,0,"Libertad & Avenida Manuel Rodríguez, Chiguayante, Bío Bío, Chile",-36.9335783,-73.021847,1,GEOMETRIC_CENTER,2020,1276028,2020/04/05 00:00:00+00,CHOQUE FRENTE/POSTERIOR,CHOQUE,URBANA,CAUSAS NO DETERMINADAS,CAUSAS NO DETERMINADAS,0,0,0,0,19:00:00
-73.0365525,-36.8815538,4327,8,REGION BIO BIO,8103,CHIGUAYANTE,CAMINO A CHIGUAYANTE,CAMINO LA CANTERA,0,"La cantera 101, Concepción, Chiguayante, Bío Bío, Chile",-36.8815538,-73.0365525,1,ROOFTOP,2020,1276038,2020/04/07 00:00:00+00,COLISION PERPENDICULAR,COLISION,URBANA,IMPRUDENCIA DEL CONDUCTOR,VIRAJES INDEBIDOS,0,0,0,2,19:50:00
-72.3424337,-37.4568336,4328,8,REGION BIO BIO,8301,LOS ANGELES,ROMA,MARCONI,0,"Guillermo Marconi & Roma, Los Angeles, Los Ángeles, Bío Bío, Chile",-37.4568336,-72.3424337,1,GEOMETRIC_CENTER,2020,1276159,2020/04/09 00:00:00+00,COLISION,COLISION,URBANA,DESOBEDIENCIA A SEÑALIZACION,SEÑALIZACION DESOBEDECER SEÑAL PARE,0,1,0,0,20:10:00
-72.35579,-37.47167,4329,8,REGION BIO BIO,8301,LOS ANGELES,ERCILLA, ,190,"Ercilla 190, Los Angeles, Los Ángeles, Bío Bío, Chile",-37.47167,-72.35579,1,ROOFTOP,2020,1276161,2020/04/10 00:00:00+00,COLISION,COLISION,URBANA,IMPRUDENCIA DEL CONDUCTOR,CONDUCCION NO ATENTO CONDICIONES TRANSITO MOMENTO,0,1,0,0,14:05:00
-72.3468877,-37.458069,4330,8,REGION BIO BIO,8301,LOS ANGELES,ALMAGRO, ,1275,"Almagro 1275, Los Angeles, Los Ángeles, Bío Bío, Chile",-37.458069,-72.3468877,1,ROOFTOP,2020,1276169,2020/04/13 00:00:00+00,COLISION,COLISION,URBANA,IMPRUDENCIA DEL CONDUCTOR,CONDUCCION NO ATENTO CONDICIONES TRANSITO MOMENTO,0,0,0,0,14:45:00
-72.3498099,-37.4769686,4331,8,REGION BIO BIO,8301,LOS ANGELES,PATRICIO LYNCH,FREIRE,0,"Freire & Patricio Lynch, Los Angeles, Los Ángeles, Bío Bío, Chile",-37.4769686,-72.3498099,1,GEOMETRIC_CENTER,2020,1276173,2020/04/14 00:00:00+00,COLISION,COLISION,URBANA,IMPRUDENCIA DEL CONDUCTOR,CONDUCCION NO ATENTO CONDICIONES TRANSITO MOMENTO,0,0,0,0,09:15:00
-72.0217476,-37.6651254,4332,8,REGION BIO BIO,8311,SANTA BARBARA,ARAUCARIA, ,120,"Araucaria, Santa Bárbara, Bío Bío, Chile",-37.6651254,-72.0217476,1,GEOMETRIC_CENTER,2020,1276174,2020/04/05 00:00:00+00,ATROPELLO,ATROPELLO,URBANA,IMPRUDENCIA DEL CONDUCTOR,CONDUCCION NO ATENTO CONDICIONES TRANSITO MOMENTO,0,0,0,1,13:20:00
-72.3500844,-37.4588133,4333,8,REGION BIO BIO,8301,LOS ANGELES,COLON,ALMTE LATORRE,0,"Colón & Avenida Almirante Latorre, Los Angeles, Los Ángeles, Bío Bío, Chile",-37.4588133,-72.3500844,1,GEOMETRIC_CENTER,2020,1276185,2020/04/13 00:00:00+00,CHOQUE POSTERIOR/POSTERIOR,CHOQUE,URBANA,IMPRUDENCIA DEL CONDUCTOR,CONDUCCION CAMBIAR SORPRESIVAMENTE PISTA CIRCULACION,0,0,0,0,17:10:00
-72.3582007,-37.4809254,4334,8,REGION BIO BIO,8301,LOS ANGELES,VICUÑA MACKENNA,BLANCO ENCALADA,0,"Blanco Encalada & Avenida Vicuña Mackenna, Los Angeles, Los Ángeles, Bío Bío, Chile",-37.4809254,-72.3582007,1,GEOMETRIC_CENTER,2020,1276201,2020/04/15 00:00:00+00,COLISION LATERAL,COLISION,URBANA,IMPRUDENCIA DEL CONDUCTOR,CONDUCCION NO ATENTO CONDICIONES TRANSITO MOMENTO,0,0,0,1,21:40:00
-73.0201059,-36.9368665,4335,8,REGION BIO BIO,8103,CHIGUAYANTE,BIO BIO,AVDA CIENTO CINCO,0,"Av. Manuel Rodríguez #1687, Chiguayante, Bío Bío, Chile",-36.9368665,-73.0201059,1,ROOFTOP,2020,1276404,2020/04/09 00:00:00+00,COLISION PERPENDICULAR,COLISION,URBANA,CAUSAS NO DETERMINADAS,CAUSAS NO DETERMINADAS,0,0,0,0,12:00:00
-73.1540991,-36.9826547,4336,8,REGION BIO BIO,8102,CORONEL,LAS ENCINAS,ESCUADRON,0,"Escuadrón & Las Encinas, Coronel, Bío Bío, Chile",-36.9826547,-73.1540991,1,GEOMETRIC_CENTER,2020,1276425,2020/03/19 00:00:00+00,ATROPELLO,ATROPELLO,URBANA,IMPRUDENCIA DEL CONDUCTOR,NO RESPETAR DERECHO PREFERENTE DE PASO A PEATON,0,0,0,1,07:20:00
-73.1583773,-37.0072622,4337,8,REGION BIO BIO,8102,CORONEL,MANUEL MONTT,VILLARRICA,0,"Villarrica & Avenida Manuel Montt, Coronel, Bío Bío, Chile",-37.0072622,-73.1583773,1,GEOMETRIC_CENTER,2020,1276426,2020/03/19 00:00:00+00,COLISION LATERAL,COLISION,URBANA,DEFICIENCIAS VIALES,SEÑALIZACION SEMAFORO MAL ESTADO O DEFICIENTE,0,0,1,0,08:10:00
-73.1527368,-37.0838756,4338,8,REGION BIO BIO,8106,LOTA,FERNANDO MAIRA, ,676,"Fernando Maira Nº 580 – A, Sector La Cantera, Lota, Bío Bío, Chile",-37.0838756,-73.1527368,1,GEOMETRIC_CENTER,2020,1276443,2020/04/02 00:00:00+00,CHOQUE FRONTAL,CHOQUE,URBANA,FALLAS MECANICAS,FALLAS MECANICAS DIRECCION,0,0,0,0,12:30:00
-72.3365241,-37.4685463,4339,8,REGION BIO BIO,8301,LOS ANGELES,ALEMANIA, ,831,"Av. Alemania 831, Los Angeles, Los Ángeles, Bío Bío, Chile",-37.4685463,-72.3365241,1,ROOFTOP,2020,1276471,2020/04/16 00:00:00+00,CHOQUE LADO/POSTERIOR,CHOQUE,URBANA,IMPRUDENCIA DEL CONDUCTOR,CONDUCCION NO ATENTO CONDICIONES TRANSITO MOMENTO,0,0,0,0,08:10:00
-73.0195652,-36.9389423,4340,8,REGION BIO BIO,8103,CHIGUAYANTE,MANUEL RODRIGUEZ,LOS CASTAÑOS,0,"Los Castaños & Avenida Manuel Rodríguez, Chiguayante, Bío Bío, Chile",-36.9389423,-73.0195652,1,GEOMETRIC_CENTER,2020,1276605,2020/04/10 00:00:00+00,CHOQUE FRENTE/POSTERIOR,CHOQUE,URBANA,CAUSAS NO DETERMINADAS,CAUSAS NO DETERMINADAS,0,0,0,0,14:05:00
-73.0897387,-36.7477606,4341,8,REGION BIO BIO,8110,TALCAHUANO,EL BELLOTO, ,3752,"El Belloto 3752, Talcahuano, Bío Bío, Chile",-36.7477606,-73.0897387,1,ROOFTOP,2020,1276661,2020/04/13 00:00:00+00,CHOQUE FRENTE/LADO,CHOQUE,URBANA,PERDIDA CONTROL VEHICULO,PERDIDA CONTROL VEHICULO,0,0,0,1,20:40:00
-73.0568699,-36.8331809,4342,8,REGION BIO BIO,8101,CONCEPCION,ARTURO PRAT,BARROS ARANA,0,"Arturo Prat 199, Concepción, Bío Bío, Chile",-36.8331809,-73.0568699,1,ROOFTOP,2020,1276814,2020/04/09 00:00:00+00,COLISION LATERAL,COLISION,URBANA,IMPRUDENCIA DEL CONDUCTOR,CONDUCCION CAMBIAR SORPRESIVAMENTE PISTA CIRCULACION,0,0,0,0,07:10:00
-73.0598003,-36.8367012,4343,8,REGION BIO BIO,8101,CONCEPCION,COSTANERA,ESMERALDA,0,"Costanera & Esmeralda, Concepción, Bío Bío, Chile",-36.8367012,-73.0598003,1,GEOMETRIC_CENTER,2020,1276816,2020/04/11 00:00:00+00,CHOQUE,CHOQUE,URBANA,ALCOHOL EN CONDUCTOR,CONDUCCION EN ESTADO DE EBRIEDAD,0,0,0,0,05:05:00
-73.109043,-36.790239,4344,8,REGION BIO BIO,8112,HUALPEN,GRAN BRETAÑA,IRLANDA,0,"Gran Bretaña & Irlanda, Hualpén, Bío Bío, Chile",-36.790239,-73.109043,1,GEOMETRIC_CENTER,2020,1276825,2020/04/17 00:00:00+00,COLISION,COLISION,URBANA,IMPRUDENCIA DEL CONDUCTOR,CONDUCCION NO ATENTO CONDICIONES TRANSITO MOMENTO,0,0,0,0,17:15:00
-73.044308,-36.8226574,4345,8,REGION BIO BIO,8101,CONCEPCION,FREIRE,ONGOLMO,0,"Ongolmo & Freire, Concepción, Bío Bío, Chile",-36.8226574,-73.044308,1,GEOMETRIC_CENTER,2020,1276828,2020/04/13 00:00:00+00,COLISION PERPENDICULAR,COLISION,URBANA,DESOBEDIENCIA A SEÑALIZACION,SEÑALIZACION DESOBEDECER SEÑAL PARE,0,0,0,0,15:10:00
-73.104776,-36.7810575,4346,8,REGION BIO BIO,8112,HUALPEN,ALEMANIA, ,1395,"Alemania 1395, Hualpén, Bío Bío, Chile",-36.7810575,-73.104776,1,RANGE_INTERPOLATED,2020,1276840,2020/04/17 00:00:00+00,CHOQUE FRENTE/POSTERIOR,CHOQUE,URBANA,ALCOHOL EN CONDUCTOR,CONDUCCION EN ESTADO DE EBRIEDAD,0,0,0,0,19:40:00
-73.0322707,-36.8163804,4347,8,REGION BIO BIO,8101,CONCEPCION,MAIPU,JUAN BOSCO,0,"Maipú & Avenida San Juan Bosco, Concepción, Bío Bío, Chile",-36.8163804,-73.0322707,1,GEOMETRIC_CENTER,2020,1276869,2020/04/14 00:00:00+00,COLISION LATERAL,COLISION,URBANA,IMPRUDENCIA DEL CONDUCTOR,CONDUCCION NO ATENTO CONDICIONES TRANSITO MOMENTO,0,0,0,0,11:15:00
-73.1466913,-36.852127,4348,8,REGION BIO BIO,8108,SAN PEDRO DE LA PAZ,CENTRAL,PASAJE SESENTA Y SEIS,0,"Central - Pasaje Sesenta Y Ocho, San Pedro de la Paz, Bío Bío, Chile",-36.852127,-73.1466913,1,GEOMETRIC_CENTER,2020,1277291,2020/04/18 00:00:00+00,COLISION LATERAL,COLISION,URBANA,IMPRUDENCIA DEL CONDUCTOR,"ADELANTAMIENTO EN CRUCE, CURVA, CUESTA, PUENTE",0,0,0,0,17:20:00
-73.1097423,-36.715658,4349,8,REGION BIO BIO,8110,TALCAHUANO,BLANCO ENCALADA, ,702,"Blanco Encalada 702, Talcahuano, Bío Bío, Chile",-36.715658,-73.1097423,1,ROOFTOP,2020,1276881,2020/04/14 00:00:00+00,CHOQUE FRENTE/POSTERIOR,CHOQUE,URBANA,IMPRUDENCIA DEL CONDUCTOR,CONDUCCION SIN MANTENER DISTANCIA RAZONABLE NI PRUDENTE,0,0,0,0,15:30:00
-73.0379937,-36.8175127,4350,8,REGION BIO BIO,8101,CONCEPCION,LOS CARRERA,LIENTUR,0,"Lientur & Avenida los Carrera, Concepción, Bío Bío, Chile",-36.8175127,-73.0379937,1,GEOMETRIC_CENTER,2020,1276934,2020/04/16 00:00:00+00,COLISION PERPENDICULAR,COLISION,URBANA,DESOBEDIENCIA A SEÑALIZACION,SEÑALIZACION DESOBEDECER LUZ INTERMITENTE SEMAFORO,0,0,0,2,19:50:00
-73.0780449,-36.8084633,4351,8,REGION BIO BIO,8101,CONCEPCION,21 DE MAYO, ,3225,"Av. 21 de Mayo 3225, Concepción, Bío Bío, Chile",-36.8084633,-73.0780449,1,ROOFTOP,2020,1276954,2020/04/18 00:00:00+00,COLISION LATERAL,COLISION,URBANA,IMPRUDENCIA DEL CONDUCTOR,CONDUCCION SIN MANTENER DISTANCIA RAZONABLE NI PRUDENTE,0,0,0,0,12:00:00
-73.0308824,-36.8146163,4352,8,REGION BIO BIO,8101,CONCEPCION,LOS CARRERA,JUAN BOSCO,0,"Av. los Carrera & Av. San Juan Bosco, Concepción, Bío Bío, Chile",-36.8146163,-73.0308824,1,GEOMETRIC_CENTER,2020,1276955,2020/04/18 00:00:00+00,VOLCADURA,VOLCADURA,URBANA,ALCOHOL EN CONDUCTOR,CONDUCCION EN ESTADO DE EBRIEDAD,0,0,0,1,05:40:00
-73.063156,-36.8349005,4353,8,REGION BIO BIO,8101,CONCEPCION,COSTANERA,PUENTE CHACABUCO,0,"Avenida Costanera & Puente Chacabuco, Concepción, Bío Bío, Chile",-36.8349005,-73.063156,1,GEOMETRIC_CENTER,2020,1276956,2020/04/18 00:00:00+00,CHOQUE,CHOQUE,URBANA,IMPRUDENCIA DEL CONDUCTOR,CONDUCCION SIN MANTENER DISTANCIA RAZONABLE NI PRUDENTE,0,1,0,0,12:30:00
-73.112117,-36.8000857,4354,8,REGION BIO BIO,8112,HUALPEN,COSTANERA,GRAN BRETAÑA,0,"C. la Roda, Hualpén, Bío Bío, Chile",-36.8000857,-73.112117,1,GEOMETRIC_CENTER,2020,1277050,2020/04/18 00:00:00+00,VOLCADURA,VOLCADURA,URBANA,PERDIDA CONTROL VEHICULO,PERDIDA CONTROL VEHICULO,0,0,0,0,02:50:00
-73.0398813,-36.8025751,4355,8,REGION BIO BIO,8101,CONCEPCION,LIENTUR,LAS TORRES,0,"Las Torres & Lientur, Concepción, Bío Bío, Chile",-36.8025751,-73.0398813,1,GEOMETRIC_CENTER,2020,1277104,2020/04/07 00:00:00+00,CHOQUE FRENTE/LADO,CHOQUE,URBANA,IMPRUDENCIA DEL CONDUCTOR,CONDUCCION SIN MANTENER DISTANCIA RAZONABLE NI PRUDENTE,0,0,0,0,19:05:00
-73.0398813,-36.8025751,4356,8,REGION BIO BIO,8101,CONCEPCION,LIENTUR,LAS TORRES,0,"Las Torres & Lientur, Concepción, Bío Bío, Chile",-36.8025751,-73.0398813,1,GEOMETRIC_CENTER,2020,1277109,2020/04/07 00:00:00+00,CHOQUE POSTERIOR/FRENTE,CHOQUE,URBANA,IMPRUDENCIA DEL CONDUCTOR,CONDUCCION SIN MANTENER DISTANCIA RAZONABLE NI PRUDENTE,0,0,0,0,19:00:00
-73.3388741,-37.2442013,4357,8,REGION BIO BIO,8202,ARAUCO,MELI,FARID MATUAZE,0,"Farid Metuaze Gazale, Arauco, Bío Bío, Chile",-37.2442013,-73.3388741,1,GEOMETRIC_CENTER,2020,1277110,2020/04/04 00:00:00+00,COLISION LATERAL,COLISION,URBANA,IMPRUDENCIA DEL CONDUCTOR,NO RESPETAR DERECHO PREFERENTE DE PASO A VEHICULO,0,0,1,0,17:30:00
-73.0577018,-36.8290963,4358,8,REGION BIO BIO,8101,CONCEPCION,PADRE HURTADO,CRUZ,0,"Serrano 540, Concepción, Bío Bío, Chile",-36.8290963,-73.0577018,1,ROOFTOP,2020,1277118,2020/04/11 00:00:00+00,CHOQUE FRENTE/LADO,CHOQUE,URBANA,IMPRUDENCIA DEL CONDUCTOR,CONDUCCION NO ATENTO CONDICIONES TRANSITO MOMENTO,0,0,0,1,05:40:00
-73.1176743,-36.7256685,4359,8,REGION BIO BIO,8110,TALCAHUANO,IGNACIO DIAZ, ,106,"Ignacio Díaz 106, Talcahuano, Bío Bío, Chile",-36.7256685,-73.1176743,1,ROOFTOP,2020,1277186,2020/04/15 00:00:00+00,CHOQUE FRENTE/POSTERIOR,CHOQUE,URBANA,IMPRUDENCIA DEL CONDUCTOR,CONDUCCION SIN MANTENER DISTANCIA RAZONABLE NI PRUDENTE,0,0,0,0,15:00:00
-73.1146846,-36.7115389,4360,8,REGION BIO BIO,8110,TALCAHUANO,BALNCO ENCALADA, ,50,"Blanco Encalada 50, Talcahuano, Bío Bío, Chile",-36.7115389,-73.1146846,1,RANGE_INTERPOLATED,2020,1277212,2020/04/19 00:00:00+00,CHOQUE FRENTE/POSTERIOR,CHOQUE,URBANA,ALCOHOL EN CONDUCTOR,CONDUCCION EN ESTADO DE EBRIEDAD,0,0,0,0,19:50:00
-73.1212545,-36.8295934,4361,8,REGION BIO BIO,8108,SAN PEDRO DE LA PAZ,DIAGONAL BIO BIO,LAS TORRES,0,"Las Torres & Avenida Diagonal Bio Bio, San Pedro de la Paz, Bío Bío, Chile",-36.8295934,-73.1212545,1,GEOMETRIC_CENTER,2020,1277308,2020/04/17 00:00:00+00,CHOQUE FRENTE/LADO,CHOQUE,URBANA,OTRAS CAUSAS,OTRAS CAUSAS,0,0,0,0,17:40:00
-73.0517618,-36.8284078,4362,8,REGION BIO BIO,8101,CONCEPCION,RENGO,OHIGGINS,0,"Rengo & Libertador General Bernardo OHiggins, Concepción, Bío Bío, Chile",-36.8284078,-73.0517618,1,GEOMETRIC_CENTER,2020,1277346,2020/04/20 00:00:00+00,COLISION,COLISION,URBANA,IMPRUDENCIA DEL CONDUCTOR,CONDUCCION NO ATENTO CONDICIONES TRANSITO MOMENTO,0,1,0,0,12:05:00
-73.0360766,-36.8180146,4363,8,REGION BIO BIO,8101,CONCEPCION,PELANTARO,MAIPU,0,"Maipú & Pelantaro, Concepción, Bío Bío, Chile",-36.8180146,-73.0360766,1,GEOMETRIC_CENTER,2020,1277355,2020/04/21 00:00:00+00,COLISION POR ALCANCE,COLISION,URBANA,VELOCIDAD IMPRUDENTE,"VELOCIDAD NO REDUCIR CRUCE DE CALLES, CUMBRE, CURVA, ETC.",0,0,0,0,12:22:00
-72.9846223,-36.7390987,4364,8,REGION BIO BIO,8107,PENCO,VILLARRICA, ,85,"Villarrica 85, Penco, Bío Bío, Chile",-36.7390987,-72.9846223,1,RANGE_INTERPOLATED,2020,1277387,2020/04/18 00:00:00+00,VOLCADURA,VOLCADURA,URBANA,DEFICIENCIAS VIALES,ANIMALES SUELTOS VIA PUBLICA,0,0,0,2,17:00:00
-73.140167,-36.8443312,4365,8,REGION BIO BIO,8108,SAN PEDRO DE LA PAZ,MICHAIHUE, ,755,"Av Michaihue 755, San Pedro de la Paz, Región Metropolitana, Chile",-36.8443312,-73.140167,1,ROOFTOP,2020,1277425,2020/04/04 00:00:00+00,CHOQUE FRENTE/POSTERIOR,CHOQUE,URBANA,IMPRUDENCIA DEL CONDUCTOR,CONDUCCION NO ATENTO CONDICIONES TRANSITO MOMENTO,0,0,0,0,21:00:00
-72.6743403,-37.503489,4366,8,REGION BIO BIO,8306,NACIMIENTO,VICTOR JARA ZAMBRANO, ,1020,"Baquedano 550, Nacimiento, Bío Bío, Chile",-37.503489,-72.6743403,1,ROOFTOP,2020,1277458,2020/04/20 00:00:00+00,COLISION,COLISION,URBANA,IMPRUDENCIA DEL CONDUCTOR,CONDUCCION NO ATENTO CONDICIONES TRANSITO MOMENTO,0,0,0,0,08:30:00
-72.6705417,-37.5025506,4367,8,REGION BIO BIO,8306,NACIMIENTO,FREIRE, ,380,"Freire 380, Nacimiento, Bío Bío, Chile",-37.5025506,-72.6705417,1,RANGE_INTERPOLATED,2020,1277459,2020/04/22 00:00:00+00,COLISION POR ALCANCE,COLISION,URBANA,IMPRUDENCIA DEL CONDUCTOR,CONDUCCION NO ATENTO CONDICIONES TRANSITO MOMENTO,0,0,0,0,16:43:00