X,Y,FID,COD_REG,REGION,CUT,COMUNA,CALLE_UNO,CALLE_DOS,NUMERO,DIR_GEOCOD,LAT,LNG,VAL_COM,TIPO,Año,Idaccident,Fecha,Tipo_Accid,Tipo__CONA,Zona,Causa__CON,Causa,Fallecidos,Graves,Menos_Grav,Leves,Hora
-73.1630088,-36.992736,4368,8,REGION BIO BIO,8102,CORONEL,MANUEL MONTT,LOS MOLINEROS,0,"Avenida Manuel Montt & Los Molineros, Coronel, Bío Bío, Chile",-36.992736,-73.1630088,1,GEOMETRIC_CENTER,2020,1277481,2020/04/08 00:00:00+00,COLISION POR ALCANCE,COLISION,URBANA,IMPRUDENCIA DEL CONDUCTOR,ADELANTAMIENTO SOBREPASANDO LINEA CONTINUA,0,0,0,1,19:30:00
-72.7737839,-37.3093467,4369,8,REGION BIO BIO,8109,SANTA JUANA,RIO RELI, ,1305,"Río Rele, Bío Bío, Chile",-37.3093467,-72.7737839,1,APPROXIMATE,2020,1277488,2020/04/08 00:00:00+00,CHOQUE,CHOQUE,URBANA,ALCOHOL EN CONDUCTOR,CONDUCCION EN ESTADO DE EBRIEDAD,0,0,0,2,20:10:00
-73.1614321,-36.9994937,4370,8,REGION BIO BIO,8102,CORONEL,MANUEL MONTT, ,1500,"Av. Manuel Montt 1500, Coronel, Bío Bío, Chile",-36.9994937,-73.1614321,1,ROOFTOP,2020,1277514,2020/04/10 00:00:00+00,OTRO TIPO,OTRO TIPO,URBANA,ALCOHOL EN CONDUCTOR,CONDUCCION EN ESTADO DE EBRIEDAD,0,0,0,0,23:15:00
-73.1634516,-36.9912989,4371,8,REGION BIO BIO,8102,CORONEL,JUAN ANTONIO RIOS,UNO ORIENTE,0,"Uno Oriente & Juan Antonio Ríos, Coronel, Bío Bío, Chile",-36.9912989,-73.1634516,1,GEOMETRIC_CENTER,2020,1277523,2020/04/14 00:00:00+00,COLISION,COLISION,URBANA,IMPRUDENCIA DEL CONDUCTOR,CONDUCCION NO ATENTO CONDICIONES TRANSITO MOMENTO,0,0,0,1,14:20:00
-73.1118717,-36.7145032,4372,8,REGION BIO BIO,8110,TALCAHUANO,CRISTOBAL COLON, ,500,"Avenida Cristóbal Colón 510, Talcahuano, Hualpén, Bío Bío, Chile",-36.7145032,-73.1118717,1,ROOFTOP,2020,1277525,2020/04/07 00:00:00+00,COLISION LATERAL,COLISION,URBANA,IMPRUDENCIA DEL CONDUCTOR,CONDUCCION NO ATENTO CONDICIONES TRANSITO MOMENTO,0,0,0,0,10:30:00
-72.2493003,-37.7238968,4373,8,REGION BIO BIO,8305,MULCHEN,JOSE JOAQUIN PEREZ,BARROS ARANA,0,"Barros Arana & José Joaquín Pérez, Mulchen, Mulchén, Bío Bío, Chile",-37.7238968,-72.2493003,1,GEOMETRIC_CENTER,2020,1277544,2020/04/20 00:00:00+00,CHOQUE,CHOQUE,URBANA,OTRAS CAUSAS,OTRAS CAUSAS,0,0,0,1,17:55:00
-73.1485769,-36.9920544,4374,8,REGION BIO BIO,8102,CORONEL,MINERO PEDRO HIERTA RIQUELME,MINERO ALBORNOZ CIFUENTES,0,"Minero Pedro Huerta Riquelme & Minero Ricardo Albornoz Cifuentes, Coronel, Bío Bío, Chile",-36.9920544,-73.1485769,1,GEOMETRIC_CENTER,2020,1277548,2020/04/16 00:00:00+00,COLISION,COLISION,URBANA,ALCOHOL EN CONDUCTOR,CONDUCCION EN ESTADO DE EBRIEDAD,0,0,1,0,11:40:00
-73.0239593,-36.927723,4375,8,REGION BIO BIO,8103,CHIGUAYANTE,MANUEL RODRIGUEZ, ,725,"Av. Manuel Rodríguez 725, Chiguayante, Bío Bío, Chile",-36.927723,-73.0239593,1,ROOFTOP,2020,1277683,2020/04/17 00:00:00+00,COLISION LATERAL,COLISION,URBANA,CAUSAS NO DETERMINADAS,CAUSAS NO DETERMINADAS,0,0,0,0,21:35:00
-73.022369,-36.8139193,4376,8,REGION BIO BIO,8101,CONCEPCION,GRAL BONILLA,ROTONDA,0,"Gral. Bonilla, Concepción, Bío Bío, Chile",-36.8139193,-73.022369,1,GEOMETRIC_CENTER,2020,1277684,2020/04/19 00:00:00+00,COLISION POR ALCANCE,COLISION,URBANA,IMPRUDENCIA DEL CONDUCTOR,CONDUCCION CAMBIAR SORPRESIVAMENTE PISTA CIRCULACION,0,0,0,0,13:00:00
-73.0565138,-36.8014449,4377,8,REGION BIO BIO,8101,CONCEPCION,PAICAVI,CALLE NUEVA,0,"Paicaví & Calle Nueva, Concepción, Bío Bío, Chile",-36.8014449,-73.0565138,1,GEOMETRIC_CENTER,2020,1277690,2020/04/23 00:00:00+00,COLISION PERPENDICULAR,COLISION,URBANA,IMPRUDENCIA DEL CONDUCTOR,CONDUCCION CAMBIAR SORPRESIVAMENTE PISTA CIRCULACION,0,0,0,2,15:30:00
-73.025961,-36.9242444,4378,8,REGION BIO BIO,8103,CHIGUAYANTE,MANUEL RODRIGUEZ,LUIS ACEVEDO,0,"Luis Acevedo & Avenida Manuel Rodríguez, Chiguayante, Bío Bío, Chile",-36.9242444,-73.025961,1,GEOMETRIC_CENTER,2020,1277707,2020/04/18 00:00:00+00,COLISION POR ALCANCE,COLISION,URBANA,CAUSAS NO DETERMINADAS,CAUSAS NO DETERMINADAS,0,1,0,3,12:50:00
-72.3683669,-37.4801677,4379,8,REGION BIO BIO,8301,LOS ANGELES,VICUÑA MACKENNA,PADRE HURTADO,0,"Av. Vicuña Mackenna & Av. Padre Hurtado, Los Angeles, Los Ángeles, Bío Bío, Chile",-37.4801677,-72.3683669,1,GEOMETRIC_CENTER,2020,1277768,2020/04/25 00:00:00+00,CHOQUE FRENTE/POSTERIOR,CHOQUE,URBANA,CAUSAS NO DETERMINADAS,CAUSAS NO DETERMINADAS,0,0,0,2,14:30:00
-72.3708466,-37.4694351,4380,8,REGION BIO BIO,8301,LOS ANGELES,PADRE HURTADO,MANUEL BAQUEDANO,0,"Av. Padre Hurtado, Los Angeles, Los Ángeles, Bío Bío, Chile",-37.4694351,-72.3708466,1,GEOMETRIC_CENTER,2020,1277769,2020/04/17 00:00:00+00,COLISION FRONTAL,COLISION,URBANA,IMPRUDENCIA DEL CONDUCTOR,CONDUCCION NO ATENTO CONDICIONES TRANSITO MOMENTO,0,0,0,0,14:00:00
-72.3440726,-37.4867652,4381,8,REGION BIO BIO,8301,LOS ANGELES,LOS CARRERA, ,1313,"Av. Los Carrera 1313, Los Angeles, Los Ángeles, Bío Bío, Chile",-37.4867652,-72.3440726,1,ROOFTOP,2020,1277806,2020/04/19 00:00:00+00,COLISION,COLISION,URBANA,IMPRUDENCIA DEL CONDUCTOR,CONDUCCION NO ATENTO CONDICIONES TRANSITO MOMENTO,0,0,0,1,11:40:00
-73.114468,-36.7701205,4382,8,REGION BIO BIO,8110,TALCAHUANO,GRAN BRETAÑA, ,5061,"Gran Bretaña 5061, Talcahuano, Bío Bío, Chile",-36.7701205,-73.114468,1,ROOFTOP,2020,1277828,2020/04/25 00:00:00+00,VOLCADURA,VOLCADURA,URBANA,ALCOHOL EN CONDUCTOR,CONDUCCION EN ESTADO DE EBRIEDAD,0,0,0,0,10:30:00
-73.3935594,-37.8054675,4383,8,REGION BIO BIO,8203,CAÑETE,GALVARINO, ,950,"Galvarino, Canete, Cañete, Bío Bío, Chile",-37.8054675,-73.3935594,1,GEOMETRIC_CENTER,2020,1277872,2020/04/09 00:00:00+00,COLISION LATERAL,COLISION,URBANA,IMPRUDENCIA DEL CONDUCTOR,CONDUCCION CAMBIAR SORPRESIVAMENTE PISTA CIRCULACION,0,0,0,0,15:00:00
-73.087334,-36.7596042,4384,8,REGION BIO BIO,8110,TALCAHUANO,MONSEÑOR ALARCON, ,193,"Mons Alarcón 193, Talcahuano, Bío Bío, Chile",-36.7596042,-73.087334,1,ROOFTOP,2020,1277923,2020/04/20 00:00:00+00,COLISION POR ALCANCE,COLISION,URBANA,IMPRUDENCIA DEL CONDUCTOR,ADELANTAMIENTO SIN EL ESPACIO O TIEMPO SUFICIENTE,0,0,0,1,16:30:00
-73.0573818,-36.8368625,4385,8,REGION BIO BIO,8101,CONCEPCION,COSTANERA,ERCILLA,0,"Rancagua 114, Concepción, Bío Bío, Chile",-36.8368625,-73.0573818,1,ROOFTOP,2020,1277959,2020/04/24 00:00:00+00,COLISION LATERAL,COLISION,URBANA,IMPRUDENCIA DEL CONDUCTOR,CONDUCCION NO ATENTO CONDICIONES TRANSITO MOMENTO,0,0,0,0,18:30:00
-73.3974941,-37.7976215,4386,8,REGION BIO BIO,8203,CAÑETE,URIBE,VILLAGRAN,0,"Uribe & Villagran, Canete, Cañete, Bío Bío, Chile",-37.7976215,-73.3974941,1,GEOMETRIC_CENTER,2020,1277983,2020/04/17 00:00:00+00,COLISION,COLISION,URBANA,IMPRUDENCIA DEL CONDUCTOR,CONDUCCION NO ATENTO CONDICIONES TRANSITO MOMENTO,0,0,0,0,16:50:00
-73.2279055,-38.0159484,4387,8,REGION BIO BIO,8204,CONTULMO,LAUTARO,CAUPOLICAN,0,"Los Tilos, Contulmo, Bío Bío, Chile",-38.0159484,-73.2279055,1,GEOMETRIC_CENTER,2020,1277990,2020/04/18 00:00:00+00,ATROPELLO,ATROPELLO,URBANA,IMPRUDENCIA DEL PEATON,PEATON CRUZA CAMINO O CARRETERA SIN ADOPTAR PRECAUCIONES,0,1,0,0,14:00:00
-73.0505441,-36.8241285,4388,8,REGION BIO BIO,8101,CONCEPCION,MAIPU, ,750,"Maipú 750, Concepción, Bío Bío, Chile",-36.8241285,-73.0505441,1,ROOFTOP,2020,1278008,2020/04/24 00:00:00+00,COLISION POR ALCANCE,COLISION,URBANA,IMPRUDENCIA DEL CONDUCTOR,CONDUCCION SIN MANTENER DISTANCIA RAZONABLE NI PRUDENTE,0,0,0,0,16:00:00
-73.0480315,-36.8242518,4389,8,REGION BIO BIO,8101,CONCEPCION,CASTELLON,FREIRE,0,"Freire & Castellón, Concepción, Bío Bío, Chile",-36.8242518,-73.0480315,1,GEOMETRIC_CENTER,2020,1278018,2020/04/24 00:00:00+00,COLISION PERPENDICULAR,COLISION,URBANA,DESOBEDIENCIA A SEÑALIZACION,SEÑALIZACION DESOBEDECER SEÑAL CEDA EL PASO,0,1,0,1,21:40:00
-72.331862,-37.4846155,4390,8,REGION BIO BIO,8301,LOS ANGELES,FRANCISCO ENCINA,LOS QUECHUAS,0,"Avenida Francisco Encina & Los Quechuas, Los Angeles, Los Ángeles, Bío Bío, Chile",-37.4846155,-72.331862,1,GEOMETRIC_CENTER,2020,1278026,2020/04/21 00:00:00+00,COLISION PERPENDICULAR,COLISION,URBANA,IMPRUDENCIA DEL CONDUCTOR,CONDUCCION NO ATENTO CONDICIONES TRANSITO MOMENTO,0,0,0,2,19:30:00
-72.3566153,-37.4804941,4391,8,REGION BIO BIO,8301,LOS ANGELES,VICUÑA MACKENNA,LORD COCHRANE,0,"Lord Cochrane & Avenida Vicuña Mackenna, Los Angeles, Los Ángeles, Bío Bío, Chile",-37.4804941,-72.3566153,1,GEOMETRIC_CENTER,2020,1278091,2020/04/26 00:00:00+00,CHOQUE FRENTE/POSTERIOR,CHOQUE,URBANA,IMPRUDENCIA DEL CONDUCTOR,CONDUCCION NO ATENTO CONDICIONES TRANSITO MOMENTO,0,0,0,0,14:20:00
-73.1494628,-37.0733979,4392,8,REGION BIO BIO,8106,LOTA,PLAYA BLANCA,SAN PEDRO,0,"San Pedro & Playa Blanca, Lota, Bío Bío, Chile",-37.0733979,-73.1494628,1,GEOMETRIC_CENTER,2020,1278124,2020/04/16 00:00:00+00,CHOQUE FRONTAL,CHOQUE,URBANA,ALCOHOL EN CONDUCTOR,CONDUCCION EN ESTADO DE EBRIEDAD,0,0,0,0,21:20:00
-72.3269746,-37.4698022,4393,8,REGION BIO BIO,8301,LOS ANGELES,LAS INDUSTRIAS, ,505,"Av Las Industrias 505, Los Ángeles, Bío Bío, Chile",-37.4698022,-72.3269746,1,RANGE_INTERPOLATED,2020,1278134,2020/04/21 00:00:00+00,COLISION POR ALCANCE,COLISION,URBANA,IMPRUDENCIA DEL CONDUCTOR,CONDUCCION NO ATENTO CONDICIONES TRANSITO MOMENTO,0,0,0,1,10:50:00
-73.1549736,-37.0823952,4394,8,REGION BIO BIO,8106,LOTA,CAMILO HENRIQUEZ, ,93,"Camilo Henríquez 93, Lota, Bío Bío, Chile",-37.0823952,-73.1549736,1,RANGE_INTERPOLATED,2020,1278139,2020/04/22 00:00:00+00,ATROPELLO,ATROPELLO,URBANA,IMPRUDENCIA DEL PEATON,PEATON CRUZA CALZADA FUERA PASO PEATONES,0,0,1,0,22:10:00
-72.3667827,-37.4596729,4395,8,REGION BIO BIO,8301,LOS ANGELES,DON VICTOR, ,1179,"Don Víctor 1179, Los Angeles, Los Ángeles, Bío Bío, Chile",-37.4596729,-72.3667827,1,RANGE_INTERPOLATED,2020,1278141,2020/04/24 00:00:00+00,COLISION LATERAL,COLISION,URBANA,IMPRUDENCIA DEL CONDUCTOR,CONDUCCION NO ATENTO CONDICIONES TRANSITO MOMENTO,0,0,0,0,08:40:00
-73.0315384,-36.9012513,4396,8,REGION BIO BIO,8103,CHIGUAYANTE,OCHO ORIENTE,LAS VIOLETAS,0,"Las Violetas & Calle 8 Oriente, Chiguayante, Bío Bío, Chile",-36.9012513,-73.0315384,1,GEOMETRIC_CENTER,2020,1278143,2020/04/27 00:00:00+00,COLISION PERPENDICULAR,COLISION,URBANA,IMPRUDENCIA DEL CONDUCTOR,VIRAJES INDEBIDOS,0,0,0,2,19:00:00
-73.0203414,-36.9371175,4397,8,REGION BIO BIO,8103,CHIGUAYANTE,MANUEL RODRIGUEZ,BIO BIO,0,"Avenida Manuel Rodríguez & Bío Bío, Chiguayante, Bío Bío, Chile",-36.9371175,-73.0203414,1,GEOMETRIC_CENTER,2020,1278149,2020/04/24 00:00:00+00,COLISION PERPENDICULAR,COLISION,URBANA,ALCOHOL EN CONDUCTOR,CONDUCCION EN ESTADO DE EBRIEDAD,0,1,0,0,21:35:00
-73.3095299,-37.2442181,4398,8,REGION BIO BIO,8202,ARAUCO,LOMA LARGA,PASAJE 4,0,"Pje. 4, Arauco, Bío Bío, Chile",-37.2442181,-73.3095299,1,GEOMETRIC_CENTER,2020,1278411,2020/04/07 00:00:00+00,CHOQUE POSTERIOR,CHOQUE,RURAL,IMPRUDENCIA DEL CONDUCTOR,CONDUCCION NO ATENTO CONDICIONES TRANSITO MOMENTO,0,0,0,0,13:00:00
-73.12309,-36.8353932,4399,8,REGION BIO BIO,8108,SAN PEDRO DE LA PAZ,EL ESTERO,LAS PALOMAS,0,"Avenida El Estero & Las Palomas, San Pedro de la Paz, Bío Bío, Chile",-36.8353932,-73.12309,1,GEOMETRIC_CENTER,2020,1278463,2020/04/29 00:00:00+00,CHOQUE FRONTAL,CHOQUE,URBANA,IMPRUDENCIA DEL CONDUCTOR,CONDUCCION NO ATENTO CONDICIONES TRANSITO MOMENTO,0,0,0,0,10:00:00
-73.3195043,-37.2471273,4400,8,REGION BIO BIO,8202,ARAUCO,ESMERALDA,SERRANO,0,"Serrano & Esmeralda, Arauco, Bío Bío, Chile",-37.2471273,-73.3195043,1,GEOMETRIC_CENTER,2020,1320250,2020/11/27 00:00:00+00,VOLCADURA,VOLCADURA,URBANA,PERDIDA CONTROL VEHICULO,PERDIDA CONTROL VEHICULO,0,0,0,1,15:35:00
-72.3268103,-37.4546978,4401,8,REGION BIO BIO,8301,LOS ANGELES,LAS INDUSTRIAS,ALMTE LATORRE,0,"Av. Almte. Latorre & Av Las Industrias, Los Ángeles, Bío Bío, Chile",-37.4546978,-72.3268103,1,GEOMETRIC_CENTER,2020,1278497,2020/04/27 00:00:00+00,VOLCADURA,VOLCADURA,URBANA,PERDIDA CONTROL VEHICULO,PERDIDA CONTROL VEHICULO,0,0,0,0,15:40:00
-73.0499945,-36.8237961,4402,8,REGION BIO BIO,8101,CONCEPCION,COLO COLO,MAIPU,0,"Colo Colo & Maipú, Concepción, Bío Bío, Chile",-36.8237961,-73.0499945,1,GEOMETRIC_CENTER,2020,1278590,2020/04/22 00:00:00+00,COLISION,COLISION,URBANA,CAUSAS NO DETERMINADAS,CAUSAS NO DETERMINADAS,0,0,0,0,11:15:00
-72.9554134,-36.6164385,4403,8,REGION BIO BIO,8111,TOME,BERNARDO OHIGGINS,NOGUEIRA,0,"Bernardo Ohiggins & Nogueira, Tome, Tomé, Bío Bío, Chile",-36.6164385,-72.9554134,1,GEOMETRIC_CENTER,2020,1278665,2020/05/01 00:00:00+00,COLISION LATERAL,COLISION,URBANA,IMPRUDENCIA DEL CONDUCTOR,NO RESPETAR DERECHO PREFERENTE DE PASO A VEHICULO,0,1,0,0,18:30:00
-72.3744822,-37.4641559,4404,8,REGION BIO BIO,8301,LOS ANGELES,LAGO YELCHO,LAGUNA LAJA,0,"Lago Yelcho & Laguna del Laja, Los Angeles, Los Ángeles, Bío Bío, Chile",-37.4641559,-72.3744822,1,GEOMETRIC_CENTER,2020,1278741,2020/04/30 00:00:00+00,ATROPELLO,ATROPELLO,URBANA,IMPRUDENCIA DEL CONDUCTOR,CONDUCCION NO ATENTO CONDICIONES TRANSITO MOMENTO,0,0,1,0,14:20:00
-73.1587842,-37.0056615,4405,8,REGION BIO BIO,8102,CORONEL,MANUEL MONTT, ,1286,"Av. Manuel Montt 1286, Coronel, Bío Bío, Chile",-37.0056615,-73.1587842,1,RANGE_INTERPOLATED,2020,1278746,2020/04/21 00:00:00+00,COLISION POR ALCANCE,COLISION,URBANA,IMPRUDENCIA DEL CONDUCTOR,CONDUCCION NO ATENTO CONDICIONES TRANSITO MOMENTO,0,0,0,0,13:00:00
-73.1408772,-36.9745924,4406,8,REGION BIO BIO,8102,CORONEL,PINOLEVI, ,25,"C. Pinolevi, Coronel, Bío Bío, Chile",-36.9745924,-73.1408772,1,GEOMETRIC_CENTER,2020,1278793,2020/04/29 00:00:00+00,ATROPELLO,ATROPELLO,URBANA,IMPRUDENCIA DEL CONDUCTOR,CONDUCCION NO ATENTO CONDICIONES TRANSITO MOMENTO,0,1,0,0,21:00:00
-73.0448855,-36.8268039,4407,8,REGION BIO BIO,8101,CONCEPCION,TUCAPEL,SAN MARTIN,0,"Tucapel & San Martín, Concepción, Bío Bío, Chile",-36.8268039,-73.0448855,1,GEOMETRIC_CENTER,2020,1278830,2020/04/20 00:00:00+00,COLISION PERPENDICULAR,COLISION,URBANA,DESOBEDIENCIA A SEÑALIZACION,SEÑALIZACION DESOBEDECER SEÑAL PARE,0,1,0,1,14:00:00
-73.0545031,-36.8246795,4408,8,REGION BIO BIO,8101,CONCEPCION,LOS CARRERA, ,450,"Av. los Carrera 450, Concepción, Bío Bío, Chile",-36.8246795,-73.0545031,1,RANGE_INTERPOLATED,2020,1278849,2020/04/28 00:00:00+00,COLISION LATERAL,COLISION,URBANA,IMPRUDENCIA DEL CONDUCTOR,VIRAJES INDEBIDOS,0,0,0,0,15:50:00
-73.0074564,-36.8254069,4409,8,REGION BIO BIO,8101,CONCEPCION,CAMINO NONGUEN, ,465,"Cam. Nonguén 465, Concepción, Bío Bío, Chile",-36.8254069,-73.0074564,1,ROOFTOP,2020,1278852,2020/04/28 00:00:00+00,COLISION LATERAL,COLISION,URBANA,IMPRUDENCIA DEL CONDUCTOR,CONDUCCION NO ATENTO CONDICIONES TRANSITO MOMENTO,0,0,0,0,10:00:00
-73.0486715,-36.8258098,4410,8,REGION BIO BIO,8101,CONCEPCION,COLO COLO,BARROS ARANA,0,"Barros Arana & Colo Colo, Concepción, Bío Bío, Chile",-36.8258098,-73.0486715,1,GEOMETRIC_CENTER,2020,1278879,2020/04/29 00:00:00+00,COLISION LATERAL,COLISION,URBANA,IMPRUDENCIA DEL CONDUCTOR,ADELANTAMIENTO SIN EL ESPACIO O TIEMPO SUFICIENTE,0,0,0,0,12:30:00
-73.0518584,-36.825862,4411,8,REGION BIO BIO,8101,CONCEPCION,FREIRE,CAUPOLICAN,0,"Freire & Caupolicán, Concepción, Bío Bío, Chile",-36.825862,-73.0518584,1,GEOMETRIC_CENTER,2020,1278892,2020/04/30 00:00:00+00,CHOQUE POSTERIOR,CHOQUE,URBANA,IMPRUDENCIA DEL CONDUCTOR,CONDUCCION SIN MANTENER DISTANCIA RAZONABLE NI PRUDENTE,0,0,0,0,14:05:00
-73.0474572,-36.8227472,4412,8,REGION BIO BIO,8101,CONCEPCION,MAIPU,TUCAPEL,0,"Tucapel & Maipú, Concepción, Bío Bío, Chile",-36.8227472,-73.0474572,1,GEOMETRIC_CENTER,2020,1278914,2020/04/30 00:00:00+00,COLISION PERPENDICULAR,COLISION,URBANA,IMPRUDENCIA DEL CONDUCTOR,CONDUCCION NO ATENTO CONDICIONES TRANSITO MOMENTO,0,1,0,0,09:15:00
-73.0823633,-36.7497206,4413,8,REGION BIO BIO,8110,TALCAHUANO,CALLE 4,CLAUDIO GAY,0,"C. 4 4432, Talcahuano, Bío Bío, Chile",-36.7497206,-73.0823633,1,ROOFTOP,2020,1279011,2020/04/23 00:00:00+00,COLISION LATERAL,COLISION,URBANA,DESOBEDIENCIA A SEÑALIZACION,SEÑALIZACION DESOBEDECER SEÑAL PARE,0,0,0,1,15:20:00
-73.0455052,-36.8283507,4414,8,REGION BIO BIO,8101,CONCEPCION,CASTELLON,COCHRANE,0,"Cochrane & Castellón, Concepción, Bío Bío, Chile",-36.8283507,-73.0455052,1,GEOMETRIC_CENTER,2020,1278940,2020/05/01 00:00:00+00,COLISION PERPENDICULAR,COLISION,URBANA,DESOBEDIENCIA A SEÑALIZACION,SEÑALIZACION DESOBEDECER LUZ ROJA DE SEMAFORO,0,0,0,0,17:40:00
-73.0572509,-36.8344042,4415,8,REGION BIO BIO,8101,CONCEPCION,PADRE HURTADO,CHACABUCO,0,"Av. Padre Alberto Hurtado & Chacabuco Pte., Concepción, Bío Bío, Chile",-36.8344042,-73.0572509,1,GEOMETRIC_CENTER,2020,1278950,2020/05/02 00:00:00+00,COLISION,COLISION,URBANA,IMPRUDENCIA DEL CONDUCTOR,CONDUCCION NO ATENTO CONDICIONES TRANSITO MOMENTO,0,0,0,0,15:40:00
-73.0531926,-36.825041,4416,8,REGION BIO BIO,8101,CONCEPCION,MAIPU, ,545,"Maipú 545, Concepción, Bío Bío, Chile",-36.825041,-73.0531926,1,ROOFTOP,2020,1278959,2020/05/02 00:00:00+00,COLISION,COLISION,URBANA,IMPRUDENCIA DEL CONDUCTOR,CONDUCIR VEHICULO EN RETROCESO,0,0,0,0,11:00:00
-73.0365153,-36.8201993,4417,8,REGION BIO BIO,8101,CONCEPCION,LIENTUR, ,529,"Lientur 529, Concepción, Bío Bío, Chile",-36.8201993,-73.0365153,1,ROOFTOP,2020,1279025,2020/05/02 00:00:00+00,CHOQUE,CHOQUE,URBANA,IMPRUDENCIA DEL CONDUCTOR,CONDUCCION NO ATENTO CONDICIONES TRANSITO MOMENTO,0,0,0,0,21:00:00
-72.3401548,-37.4629828,4418,8,REGION BIO BIO,8301,LOS ANGELES,COSTANERA QUILQUE,MARCONI,0,"Guillermo Marconi & Costanera Quilque Norte, Los Angeles, Los Ángeles, Bío Bío, Chile",-37.4629828,-72.3401548,1,GEOMETRIC_CENTER,2020,1279091,2020/05/02 00:00:00+00,CHOQUE POSTERIOR/FRENTE,CHOQUE,URBANA,IMPRUDENCIA DEL CONDUCTOR,CONDUCCION NO ATENTO CONDICIONES TRANSITO MOMENTO,0,0,0,0,18:47:00
-72.2383728,-37.7155228,4419,8,REGION BIO BIO,8305,MULCHEN,LASTARRIA,SAN MARTIN,0,"Lastarria & San Martín, Mulchen, Mulchén, Bío Bío, Chile",-37.7155228,-72.2383728,1,GEOMETRIC_CENTER,2020,1279106,2020/04/26 00:00:00+00,COLISION,COLISION,URBANA,DESOBEDIENCIA A SEÑALIZACION,SEÑALIZACION DESOBEDECER SEÑAL PARE,0,0,0,0,17:55:00
-72.3511751,-37.4702319,4420,8,REGION BIO BIO,8301,LOS ANGELES,COLON,LAUTARO,0,"Colón & Lautaro, Los Angeles, Los Ángeles, Bío Bío, Chile",-37.4702319,-72.3511751,1,GEOMETRIC_CENTER,2020,1279136,2020/05/04 00:00:00+00,COLISION FRONTAL,COLISION,URBANA,IMPRUDENCIA DEL CONDUCTOR,CONDUCCION NO ATENTO CONDICIONES TRANSITO MOMENTO,0,0,0,0,15:30:00
-73.457325,-37.6276106,4421,8,REGION BIO BIO,8206,LOS ALAMOS,IGNACIO CARRERA PINTO,CENTENARIO,0,"Ruta 160 684-760, Los Alamos, Bío Bío, Chile",-37.6276106,-73.457325,1,ROOFTOP,2020,1279278,2020/05/04 00:00:00+00,COLISION LATERAL,COLISION,URBANA,IMPRUDENCIA DEL CONDUCTOR,CONDUCCION SIN MANTENER DISTANCIA RAZONABLE NI PRUDENTE,0,1,0,1,17:00:00
-73.1623368,-36.9801033,4422,8,REGION BIO BIO,8102,CORONEL,LOS ROBLES,LOS CANELOS,0,"Los Robles & Los Canelos, Coronel, Bío Bío, Chile",-36.9801033,-73.1623368,1,GEOMETRIC_CENTER,2020,1279200,2020/05/01 00:00:00+00,COLISION,COLISION,URBANA,IMPRUDENCIA DEL CONDUCTOR,CONDUCCION NO ATENTO CONDICIONES TRANSITO MOMENTO,0,0,1,1,13:10:00
-73.6428132,-37.5942999,4423,8,REGION BIO BIO,8201,LEBU,GERARDO PEÑA,ALFONSO SOTO,0,"Pastor Alonso Soto & Gerardo Peña, Lebu, Bío Bío, Chile",-37.5942999,-73.6428132,1,GEOMETRIC_CENTER,2020,1279270,2020/05/03 00:00:00+00,COLISION LATERAL,COLISION,URBANA,IMPRUDENCIA DEL CONDUCTOR,CONDUCCION NO ATENTO CONDICIONES TRANSITO MOMENTO,0,0,0,0,22:00:00
-73.1488114,-36.9984017,4424,8,REGION BIO BIO,8102,CORONEL,MINERO ISMAEL ESCALONA AVILA,MINERO JUAN LEAL SILVA,0,"Minero Ismael Escalona Avila & Minero Juan Leal Silva, Coronel, Bío Bío, Chile",-36.9984017,-73.1488114,1,GEOMETRIC_CENTER,2020,1279274,2020/05/01 00:00:00+00,COLISION LATERAL,COLISION,URBANA,IMPRUDENCIA DEL CONDUCTOR,CONDUCCION NO ATENTO CONDICIONES TRANSITO MOMENTO,0,0,0,2,15:30:00
-72.3488254,-37.4701649,4425,8,REGION BIO BIO,8301,LOS ANGELES,LAUTARO, ,279,"Lautaro 279, Los Angeles, Los Ángeles, Bío Bío, Chile",-37.4701649,-72.3488254,1,ROOFTOP,2020,1279320,2020/05/04 00:00:00+00,COLISION,COLISION,URBANA,IMPRUDENCIA DEL CONDUCTOR,CONDUCCION NO ATENTO CONDICIONES TRANSITO MOMENTO,0,0,0,0,14:00:00
-73.1142339,-36.7376347,4426,8,REGION BIO BIO,8110,TALCAHUANO,GRAN BRETAÑA, ,3795,"Gran Bretana 1200 / Oriente, Avenida Gran Bretaña, Gaete, Talcahuano, Provincia de Concepción, Región del Biobío, 4261172, Chile",-36.7376347,-73.1142339,1,node-highway-bus_stop,2020,1258450,2020/01/17 00:00:00+00,CHOQUE FRENTE/POSTERIOR,CHOQUE,URBANA,IMPRUDENCIA DEL CONDUCTOR,CONDUCCION SIN MANTENER DISTANCIA RAZONABLE NI PRUDENTE,0,0,0,0,08:20:00