X,Y,FID,COD_REG,REGION,CUT,COMUNA,CALLE_UNO,CALLE_DOS,NUMERO,DIR_GEOCOD,LAT,LNG,VAL_COM,TIPO,Año,Idaccident,Fecha,Tipo_Accid,Tipo__CONA,Zona,Causa__CON,Causa,Fallecidos,Graves,Menos_Grav,Leves,Hora
-73.4560486,-37.6275836,4427,8,REGION BIO BIO,8206,LOS ALAMOS,IGNACIO CARRERA PINTO, ,879,"Ignacio Carrera Pinto, Los Álamos, Provincia de Arauco, Región del Biobío, 4380000, Chile",-37.6275836,-73.4560486,1,way-highway-primary,2020,1259668,2020/01/28 00:00:00+00,COLISION POR ALCANCE,COLISION,URBANA,IMPRUDENCIA DEL CONDUCTOR,CONDUCCION NO ATENTO CONDICIONES TRANSITO MOMENTO,0,0,0,3,08:50:00
-73.045005,-36.824623,4428,8,REGION BIO BIO,8101,CONCEPCION,ZAÑARTU,SALIDA ESTACIONAMIENTO MALL,0,"Barros Arana 1080, Concepción, Bío Bío, Chile",-36.824623,-73.045005,1,ROOFTOP,2020,1259936,2020/01/27 00:00:00+00,COLISION PERPENDICULAR,COLISION,URBANA,IMPRUDENCIA DEL CONDUCTOR,NO RESPETAR DERECHO PREFERENTE DE PASO A VEHICULO,0,0,0,5,18:40:00
-73.0494054,-36.8268248,4429,8,REGION BIO BIO,8101,CONCEPCION,JORGE ALESSANDRI, ,0,"Anibal Pinto 442, Concepción, Bío Bío, Chile",-36.8268248,-73.0494054,1,ROOFTOP,2020,1261355,2020/01/03 00:00:00+00,COLISION POR ALCANCE,COLISION,URBANA,IMPRUDENCIA DEL CONDUCTOR,CONDUCCION SIN MANTENER DISTANCIA RAZONABLE NI PRUDENTE,0,0,0,0,17:50:00
-73.0719442,-36.7921904,4430,8,REGION BIO BIO,8112,HUALPEN,AUTOPISTA CONCEPCION TALCAHUANO, ,8590,"Suractivo, 8590, Autopista Concepción - Talcahuano, Hualpén, Provincia de Concepción, Región del Biobío, 4061735, Chile",-36.7921904,-73.0719442,1,node-amenity-conference_centre,2020,1261761,2020/02/03 00:00:00+00,COLISION,COLISION,URBANA,IMPRUDENCIA DEL CONDUCTOR,CONDUCCION CAMBIAR SORPRESIVAMENTE PISTA CIRCULACION,0,0,0,1,23:30:00
-72.6915022,-37.4938775,4431,8,REGION BIO BIO,8306,NACIMIENTO,ALONSO DE RIVERA, ,1532,"Alonso de Rivera, Avenida Julio Hemmelmann, Población OHiggins, Nacimiento, Provincia de Bío-Bío, Región del Biobío, 4550000, Chile",-37.4938775,-72.6915022,1,node-highway-bus_stop,2020,1263296,2020/02/11 00:00:00+00,ATROPELLO,ATROPELLO,URBANA,IMPRUDENCIA DEL PEATON,PEATON CRUZA CALZADA FORMA SORPRESIVA O DESCUIDADA,0,1,0,0,20:15:00
-73.4560486,-37.6275836,4432,8,REGION BIO BIO,8206,LOS ALAMOS,IGNACIO CARRERA PINTO, ,762,"Ignacio Carrera Pinto, Los Álamos, Provincia de Arauco, Región del Biobío, 4380000, Chile",-37.6275836,-73.4560486,1,way-highway-primary,2020,1263416,2020/02/08 00:00:00+00,ATROPELLO,ATROPELLO,URBANA,VELOCIDAD IMPRUDENTE,VELOCIDAD NO RAZONABLE NI PRUDENTE,0,1,0,0,01:20:00
-73.6460974,-37.6037569,4433,8,REGION BIO BIO,8201,LEBU,GABRIELA MISTRAL,IGNACIO CARRERA PINTO,0,"Ignacio Carrera Pinto & Gabriela Mistral, Lebu, Bío Bío, Chile",-37.6037569,-73.6460974,1,GEOMETRIC_CENTER,2020,1264514,2020/02/18 00:00:00+00,COLISION LATERAL,COLISION,URBANA,DESOBEDIENCIA A SEÑALIZACION,SEÑALIZACION DESOBEDECER SEÑAL PARE,0,0,0,0,17:30:00
-73.2003963,-36.7740162,4434,8,REGION BIO BIO,8112,HUALPEN,CAMINO A CHOME, ,174,"Camino a Chome, Chome, Caleta Lenga, Hualpén, Provincia de Concepción, Región del Biobío, Chile",-36.7740162,-73.2003963,1,way-highway-unclassified,2020,1269310,2020/03/08 00:00:00+00,VOLCADURA,VOLCADURA,RURAL,ALCOHOL EN CONDUCTOR,CONDUCCION EN ESTADO DE EBRIEDAD,1,1,0,1,15:45:00
-73.0650905,-36.8135074,4435,8,REGION BIO BIO,8101,CONCEPCION,PASAJE UNO,PICHACO,0,"Pje. Uno, Concepción, Bío Bío, Chile",-36.8135074,-73.0650905,1,GEOMETRIC_CENTER,2020,1269542,2020/03/08 00:00:00+00,ATROPELLO,ATROPELLO,URBANA,IMPRUDENCIA DEL CONDUCTOR,CONDUCIR VEHICULO EN RETROCESO,0,1,0,0,13:30:00
-73.0679801,-36.8298906,4436,8,REGION BIO BIO,8101,CONCEPCION,PUENTE LLACOLEN,COSTANERA,0,"Puente Llacolen - Pte. Llacolén, Concepción, Bío Bío, Chile",-36.8298906,-73.0679801,1,GEOMETRIC_CENTER,2020,1269581,2020/03/09 00:00:00+00,CHOQUE POSTERIOR,CHOQUE,URBANA,IMPRUDENCIA DEL CONDUCTOR,CONDUCCION SIN MANTENER DISTANCIA RAZONABLE NI PRUDENTE,0,0,0,1,09:15:00
-72.3313264,-37.489627,4437,8,REGION BIO BIO,8301,LOS ANGELES,LOS ATAVALOS,RIO CAUCA,0,"Rio Cauca & Los Atavalos, Los Angeles, Los Ángeles, Bío Bío, Chile",-37.489627,-72.3313264,1,GEOMETRIC_CENTER,2020,1271203,2020/03/03 00:00:00+00,COLISION LATERAL,COLISION,URBANA,CAUSAS NO DETERMINADAS,CAUSAS NO DETERMINADAS,0,0,1,0,10:10:00
-73.09059148,-36.7995097,4438,8,REGION BIO BIO,8112,HUALPEN,LOS COPIHUES, ,148,"La Iglesia de Jesucristo de los Santos de los Últimos Días, Avenida Los Copihues, Colón 9000, Hualpén, Provincia de Concepción, Región del Biobío, 4600000, Chile",-36.7995097,-73.09059148,1,way-amenity-place_of_worship,2020,1271928,2020/03/16 00:00:00+00,CHOQUE FRONTAL,CHOQUE,URBANA,PERDIDA CONTROL VEHICULO,PERDIDA CONTROL VEHICULO,0,0,0,0,16:00:00
-73.3468784,-37.4859484,4439,8,REGION BIO BIO,8205,CURANILAHUE,NUEVA EXTREMADURA, ,23,"Callejon Extremadura 23, Curanilahue, Bío Bío, Chile",-37.4859484,-73.3468784,1,RANGE_INTERPOLATED,2020,1275873,2020/04/12 00:00:00+00,CHOQUE POSTERIOR/FRENTE,CHOQUE,URBANA,CAUSAS NO DETERMINADAS,CAUSAS NO DETERMINADAS,0,0,0,0,03:30:00
-72.7220323,-37.2631806,4440,8,REGION BIO BIO,8310,SAN ROSENDO,LOS CARRERA, ,365,"Carrera 365, San Rosendo, Bío Bío, Chile",-37.2631806,-72.7220323,1,RANGE_INTERPOLATED,2020,1276764,2020/04/16 00:00:00+00,CHOQUE FRENTE/POSTERIOR,CHOQUE,URBANA,IMPRUDENCIA DEL CONDUCTOR,CONDUCCION NO ATENTO CONDICIONES TRANSITO MOMENTO,0,0,0,0,19:00:00
-73.0690301,-36.8303964,4441,8,REGION BIO BIO,8101,CONCEPCION,PUENTE LLACOLEN, ,1,"Puente Llacolén, Costanera, Concepción, Provincia de Concepción, Región del Biobío, 56, Chile",-36.8303964,-73.0690301,1,way-highway-primary,2020,1276808,2020/04/06 00:00:00+00,CHOQUE,CHOQUE,URBANA,IMPRUDENCIA DEL CONDUCTOR,CONDUCIR VEHICULO EN RETROCESO,0,0,0,0,10:00:00
-73.0373179,-36.8906093,4442,8,REGION BIO BIO,8103,CHIGUAYANTE,COSTANERA,BINIMELIS,0,"Av Costanera Sur S/N, Chiguayante, Región Metropolitana, Chile",-36.8906093,-73.0373179,1,ROOFTOP,2020,1277675,2020/03/31 00:00:00+00,COLISION PERPENDICULAR,COLISION,URBANA,CAUSAS NO DETERMINADAS,CAUSAS NO DETERMINADAS,0,1,0,1,12:40:00
-73.085192,-36.8170922,4443,8,REGION BIO BIO,8101,CONCEPCION,COSTANERA,PUENTE MOCHITA,0,"Puente Juan Pablo II - Río Bío Bío, Coronel, Concepción, Bío Bío, Chile",-36.8170922,-73.085192,2,GEOMETRIC_CENTER,2020,1281862,2020/05/18 00:00:00+00,COLISION,COLISION,URBANA,CAUSAS NO DETERMINADAS,CAUSAS NO DETERMINADAS,0,0,0,0,14:00:00
-73.0891241,-36.8078531,4444,8,REGION BIO BIO,8112,HUALPEN,O-60, ,9781,"Costanera Norte 1, 9781 - Hualpén, Concepción, Bío Bío, Chile",-36.8078531,-73.0891241,1,GEOMETRIC_CENTER,2020,1284400,2020/06/08 00:00:00+00,COLISION,COLISION,URBANA,IMPRUDENCIA DEL CONDUCTOR,CONDUCCION CAMBIAR SORPRESIVAMENTE PISTA CIRCULACION,0,0,0,0,12:20:00
-73.0710541,-36.8275269,4445,8,REGION BIO BIO,8101,CONCEPCION,COSTANERA,PUENTE LA MOCHITA,0,"Parque Costanera Concepción - Av. Costanera 8000, Concepción, Bío Bío, Chile",-36.8275269,-73.0710541,1,ROOFTOP,2020,1287592,2020/06/26 00:00:00+00,COLISION FRONTAL,COLISION,URBANA,IMPRUDENCIA DEL CONDUCTOR,CONDUCCION CONTRA SENTIDO DEL TRANSITO,0,1,0,1,09:10:00
-73.0891241,-36.8078531,4446,8,REGION BIO BIO,8112,HUALPEN,O-60, ,9781,"Costanera Norte 1, 9781 - Hualpén, Concepción, Bío Bío, Chile",-36.8078531,-73.0891241,1,GEOMETRIC_CENTER,2020,1287837,2020/07/01 00:00:00+00,COLISION,COLISION,URBANA,IMPRUDENCIA DEL CONDUCTOR,CONDUCCION SIN MANTENER DISTANCIA RAZONABLE NI PRUDENTE,0,0,0,0,18:40:00
-73.0726289,-36.8028037,4447,8,REGION BIO BIO,8101,CONCEPCION,JORGE ALESSANDRI,PAICAVI,0,"Humedal Paicavi - Jorge Alessandri 3000, Concepción, Bío Bío, Chile",-36.8028037,-73.0726289,1,ROOFTOP,2020,1288602,2020/07/03 00:00:00+00,CHOQUE FRONTAL,CHOQUE,URBANA,PERDIDA CONTROL VEHICULO,PERDIDA CONTROL VEHICULO,0,0,0,1,00:30:00
-73.4560486,-37.6275836,4448,8,REGION BIO BIO,8206,LOS ALAMOS,IGNACIO CARRERA PINTO, ,24,"Ignacio Carrera Pinto, Los Álamos, Provincia de Arauco, Región del Biobío, 4380000, Chile",-37.6275836,-73.4560486,1,way-highway-primary,2020,1288871,2020/06/30 00:00:00+00,COLISION FRONTAL,COLISION,URBANA,IMPRUDENCIA DEL CONDUCTOR,CONDUCCION NO ATENTO CONDICIONES TRANSITO MOMENTO,0,0,0,2,16:00:00
-73.4152828,-37.620738,4449,8,REGION BIO BIO,8206,LOS ALAMOS,ARTURO PRAT,LOS ROSALES,0,"Los Alamos, Bío Bío, Chile",-37.620738,-73.4152828,1,APPROXIMATE,2020,1288876,2020/07/03 00:00:00+00,COLISION FRONTAL,COLISION,URBANA,PERDIDA CONTROL VEHICULO,PERDIDA CONTROL VEHICULO,0,0,0,0,12:10:00
-73.0710541,-36.8275269,4450,8,REGION BIO BIO,8101,CONCEPCION,COSTANERA,PUENTE LA MOCHITA,0,"Parque Costanera Concepción - Av. Costanera 8000, Concepción, Bío Bío, Chile",-36.8275269,-73.0710541,1,ROOFTOP,2020,1289516,2020/07/14 00:00:00+00,CHOQUE FRENTE/POSTERIOR,CHOQUE,URBANA,IMPRUDENCIA DEL CONDUCTOR,CONDUCCION SIN MANTENER DISTANCIA RAZONABLE NI PRUDENTE,0,0,0,0,07:30:00
-73.1187964,-36.740209,4451,8,REGION BIO BIO,8110,TALCAHUANO,GRAN BRETAÑA, ,2910,"Avenida Gran Bretaña, Libertad, Talcahuano, Provincia de Concepción, Región del Biobío, 4261172, Chile",-36.740209,-73.1187964,1,way-highway-primary,2020,1289929,2020/07/17 00:00:00+00,COLISION,COLISION,URBANA,IMPRUDENCIA DEL CONDUCTOR,CONDUCCION CAMBIAR SORPRESIVAMENTE PISTA CIRCULACION,0,0,0,1,07:40:00
-73.2584532,-37.3073138,4452,8,REGION BIO BIO,8202,ARAUCO,IGNACIO CARRERA PINTO, ,106,"Ignacio Carrera Pinto, Montserrat, Ramadillas, Arauco, Provincia de Arauco, Región del Biobío, Chile",-37.3073138,-73.2584532,1,way-highway-tertiary,2020,1290134,2020/07/02 00:00:00+00,COLISION POR ALCANCE,COLISION,URBANA,IMPRUDENCIA DEL CONDUCTOR,CONDUCCION NO ATENTO CONDICIONES TRANSITO MOMENTO,0,0,0,1,20:24:00
-73.0373179,-36.8906093,4453,8,REGION BIO BIO,8103,CHIGUAYANTE,COSTANERA,BINIMELIS,0,"Av Costanera Sur S/N, Chiguayante, Región Metropolitana, Chile",-36.8906093,-73.0373179,1,ROOFTOP,2020,1290690,2020/07/11 00:00:00+00,COLISION POR ALCANCE,COLISION,URBANA,CAUSAS NO DETERMINADAS,CAUSAS NO DETERMINADAS,0,0,0,2,20:30:00
-73.1565625,-37.091098,4454,8,REGION BIO BIO,8106,LOTA,CAUPOLICAN,LOS CARRERA,0,"Caupolicán, Lota, Bío Bío, Chile",-37.091098,-73.1565625,1,GEOMETRIC_CENTER,2020,1290867,2020/07/07 00:00:00+00,OTRO TIPO,OTRO TIPO,URBANA,CAUSAS NO DETERMINADAS,CAUSAS NO DETERMINADAS,0,0,0,0,11:45:00
-73.116722,-36.6932776,4455,8,REGION BIO BIO,8110,TALCAHUANO,PAICAVI, ,3310,"Michimalonco - Paicavi, Michimalongo, Las Canchas, Talcahuano, Provincia de Concepción, Región del Biobío, 4261172, Chile",-36.6932776,-73.116722,1,node-highway-bus_stop,2020,1296155,2020/08/25 00:00:00+00,CHOQUE,CHOQUE,URBANA,PERDIDA CONTROL VEHICULO,PERDIDA CONTROL VEHICULO,0,0,0,1,10:45:00
-73.1187964,-36.740209,4456,8,REGION BIO BIO,8110,TALCAHUANO,GRAN BRETAÑA, ,2675,"Avenida Gran Bretaña, Libertad, Talcahuano, Provincia de Concepción, Región del Biobío, 4261172, Chile",-36.740209,-73.1187964,1,way-highway-primary,2020,1296248,2020/08/24 00:00:00+00,CHOQUE FRENTE/POSTERIOR,CHOQUE,URBANA,IMPRUDENCIA DEL CONDUCTOR,CONDUCCION SIN MANTENER DISTANCIA RAZONABLE NI PRUDENTE,0,0,0,1,20:00:00
-71.9418044,-37.2455427,4457,8,REGION BIO BIO,8312,TUCAPEL,RUCAMANQUI,DIAGONAL,0,"Tucapel, Bío Bío, Chile",-37.2455427,-71.9418044,1,GEOMETRIC_CENTER,2020,1299485,2020/09/05 00:00:00+00,COLISION FRONTAL,COLISION,URBANA,CAUSAS NO DETERMINADAS,CAUSAS NO DETERMINADAS,0,1,1,1,22:40:00
-72.3228293,-37.4394373,4458,8,REGION BIO BIO,8301,LOS ANGELES,CAMINO CERRO COLORADO,EL DURAZNO,0,"Cam. Cerro Colorado, Los Angeles, Los Ángeles, Bío Bío, Chile",-37.4394373,-72.3228293,1,GEOMETRIC_CENTER,2020,1300276,2020/09/16 00:00:00+00,VOLCADURA,VOLCADURA,RURAL,DESOBEDIENCIA A SEÑALIZACION,SEÑALIZACION DESOBEDECER SEÑAL PARE,0,1,0,0,23:00:00
-72.0088821,-37.6677953,4459,8,REGION BIO BIO,8311,SANTA BARBARA,FEDERICO PUGA,CARLOS ALVEAR,0,"Q-61 1290, Santa Bárbara, Bío Bío, Chile",-37.6677953,-72.0088821,1,ROOFTOP,2020,1301632,2020/09/21 00:00:00+00,COLISION,COLISION,URBANA,PERDIDA CONTROL VEHICULO,PERDIDA CONTROL VEHICULO,0,0,0,1,15:40:00
-72.661857,-36.8238767,4460,8,REGION BIO BIO,8104,FLORIDA,ARTURO PRAT, ,100,"Arturo Prat, Población El Esfuerzo, Florida, Provincia de Concepción, Región del Biobío, Chile",-36.8238767,-72.661857,1,way-highway-residential,2020,1303341,2020/09/30 00:00:00+00,COLISION,COLISION,URBANA,IMPRUDENCIA DEL CONDUCTOR,CONDUCCION NO ATENTO CONDICIONES TRANSITO MOMENTO,0,0,0,0,15:50:00
-73.1187964,-36.740209,4461,8,REGION BIO BIO,8110,TALCAHUANO,GRAN BRETAÑA, ,2675,"Avenida Gran Bretaña, Libertad, Talcahuano, Provincia de Concepción, Región del Biobío, 4261172, Chile",-36.740209,-73.1187964,1,way-highway-primary,2020,1303368,2020/10/05 00:00:00+00,COLISION POR ALCANCE,COLISION,URBANA,IMPRUDENCIA DEL CONDUCTOR,CONDUCCION SIN MANTENER DISTANCIA RAZONABLE NI PRUDENTE,0,0,0,1,20:30:00
-73.0710541,-36.8275269,4462,8,REGION BIO BIO,8101,CONCEPCION,COSTANERA,JORGE ALESSANDRI,0,"Parque Costanera Concepción - Av. Costanera 8000, Concepción, Bío Bío, Chile",-36.8275269,-73.0710541,1,ROOFTOP,2020,1303632,2020/08/27 00:00:00+00,COLISION POR ALCANCE,COLISION,URBANA,IMPRUDENCIA DEL CONDUCTOR,CONDUCCION NO ATENTO CONDICIONES TRANSITO MOMENTO,0,0,0,1,22:30:00
-72.7058259,-37.2650358,4463,8,REGION BIO BIO,8304,LAJA,LA PINA,PEÑABLANCA,0,"Pje. Peñablanca & Pje. la Pina, Laja, Bío Bío, Chile",-37.2650358,-72.7058259,1,GEOMETRIC_CENTER,2020,1305739,2020/10/14 00:00:00+00,COLISION LATERAL,COLISION,URBANA,IMPRUDENCIA DEL CONDUCTOR,CONDUCCION NO ATENTO CONDICIONES TRANSITO MOMENTO,0,0,0,1,18:30:00
-73.1187964,-36.740209,4464,8,REGION BIO BIO,8110,TALCAHUANO,GRAN BRETAÑA, ,2675,"Avenida Gran Bretaña, Libertad, Talcahuano, Provincia de Concepción, Región del Biobío, 4261172, Chile",-36.740209,-73.1187964,1,way-highway-primary,2020,1305801,2020/10/05 00:00:00+00,COLISION POR ALCANCE,COLISION,URBANA,IMPRUDENCIA DEL CONDUCTOR,CONDUCCION SIN MANTENER DISTANCIA RAZONABLE NI PRUDENTE,0,0,0,2,07:50:00
-73.1004892,-36.8324124,4465,8,REGION BIO BIO,8108,SAN PEDRO DE LA PAZ,JORGE ALESSANDRI,LAS VIOLETAS,0,"AVDA PDTE JORGE ALESSANDRI 1669 HUALPEN, Biobío, San Pedro de la Paz, Bío Bío, Chile",-36.8324124,-73.1004892,1,GEOMETRIC_CENTER,2020,1307099,2020/10/13 00:00:00+00,CHOQUE FRENTE/POSTERIOR,CHOQUE,URBANA,CAUSAS NO DETERMINADAS,CAUSAS NO DETERMINADAS,0,0,0,0,16:45:00
-71.9520769,-37.2966833,4466,8,REGION BIO BIO,8312,TUCAPEL,BULNES,OHIGGINS,0,"N-59-Q 773, Tucapel, Bío Bío, Chile",-37.2966833,-71.9520769,1,ROOFTOP,2020,1307277,2020/10/23 00:00:00+00,COLISION LATERAL,COLISION,URBANA,IMPRUDENCIA DEL CONDUCTOR,CONDUCCION NO ATENTO CONDICIONES TRANSITO MOMENTO,0,0,0,0,15:00:00
-73.0719442,-36.7921904,4467,8,REGION BIO BIO,8112,HUALPEN,AUTOPISTA, ,8590,"Suractivo, 8590, Autopista Concepción - Talcahuano, Hualpén, Provincia de Concepción, Región del Biobío, 4061735, Chile",-36.7921904,-73.0719442,1,node-amenity-conference_centre,2020,1309213,2020/11/03 00:00:00+00,COLISION,COLISION,URBANA,IMPRUDENCIA DEL CONDUCTOR,CONDUCCION NO ATENTO CONDICIONES TRANSITO MOMENTO,0,0,0,0,11:00:00
-73.1123007,-36.713756,4468,8,REGION BIO BIO,8110,TALCAHUANO,BAQUEDANO,CRISTOBAL COLON,0,"Blanco Encalada 444, Talcahuano, Bío Bío, Chile",-36.713756,-73.1123007,1,ROOFTOP,2020,1309268,2020/11/01 00:00:00+00,COLISION LATERAL,COLISION,URBANA,DESOBEDIENCIA A SEÑALIZACION,SEÑALIZACION DESOBEDECER SEÑAL CEDA EL PASO,0,1,0,3,12:45:00
-72.708776,-37.2639182,4469,8,REGION BIO BIO,8304,LAJA,LOS RIOS, ,543,"Av. Los Ríos 800, Laja, Bío Bío, Chile",-37.2639182,-72.708776,1,ROOFTOP,2020,1309543,2020/10/30 00:00:00+00,CHOQUE FRENTE/POSTERIOR,CHOQUE,URBANA,FALLAS MECANICAS,FALLAS MECANICAS FRENOS,0,0,0,0,19:20:00
-72.6785897,-36.8287118,4470,8,REGION BIO BIO,8104,FLORIDA,CAMINO FORESTAL LAS PALMAS, ,100,"Las Palmas, Florida, Bío Bío, Chile",-36.8287118,-72.6785897,1,GEOMETRIC_CENTER,2020,1312530,2020/11/01 00:00:00+00,CHOQUE LADO/POSTERIOR,CHOQUE,URBANA,IMPRUDENCIA DEL CONDUCTOR,CONDUCCION NO ATENTO CONDICIONES TRANSITO MOMENTO,0,0,0,0,19:45:00
-73.0690301,-36.8303964,4471,8,REGION BIO BIO,8101,CONCEPCION,PUENTE LLACOLEN, ,0,"Puente Llacolén, Costanera, Concepción, Provincia de Concepción, Región del Biobío, 56, Chile",-36.8303964,-73.0690301,1,way-highway-primary,2020,1315078,2020/11/23 00:00:00+00,CAIDA,CAIDA,URBANA,CAUSAS NO DETERMINADAS,CAUSAS NO DETERMINADAS,0,0,0,1,16:00:00
-73.1469533,-36.7189959,4472,8,REGION BIO BIO,8110,TALCAHUANO,LOS PLACERES, ,146,"Caleta Los Placeres, Los Copihues, Talcahuano, Provincia de Concepción, Región del Biobío, 4261172, Chile",-36.7189959,-73.1469533,1,way-highway-residential,2020,1315530,2020/11/18 00:00:00+00,CHOQUE POSTERIOR/LADO,CHOQUE,URBANA,IMPRUDENCIA DEL CONDUCTOR,CONDUCCION NO ATENTO CONDICIONES TRANSITO MOMENTO,0,0,0,0,16:50:00
-72.7189951,-37.2755525,4473,8,REGION BIO BIO,8304,LAJA,LOS RIOS, ,641,"Los Ríos, Laja, Provincia de Bío-Bío, Región del Biobío, 4560575, Chile",-37.2755525,-72.7189951,1,way-highway-residential,2020,1315686,2020/11/21 00:00:00+00,VOLCADURA,VOLCADURA,URBANA,IMPRUDENCIA DEL CONDUCTOR,CONDUCCION NO ATENTO CONDICIONES TRANSITO MOMENTO,0,0,1,0,12:00:00
-72.708776,-37.2639182,4474,8,REGION BIO BIO,8304,LAJA,LOS RIOS, ,800,"Av. Los Ríos 800, Laja, Bío Bío, Chile",-37.2639182,-72.708776,1,ROOFTOP,2020,1316203,2020/12/02 00:00:00+00,CHOQUE FRENTE/FRENTE,CHOQUE,URBANA,IMPRUDENCIA DEL CONDUCTOR,CONDUCCION NO ATENTO CONDICIONES TRANSITO MOMENTO,0,0,0,0,22:55:00
-73.1187964,-36.740209,4475,8,REGION BIO BIO,8110,TALCAHUANO,GRAN BRETAÑA, ,2546,"Avenida Gran Bretaña, Libertad, Talcahuano, Provincia de Concepción, Región del Biobío, 4261172, Chile",-36.740209,-73.1187964,1,way-highway-primary,2020,1316864,2020/12/07 00:00:00+00,COLISION POR ALCANCE,COLISION,URBANA,IMPRUDENCIA DEL CONDUCTOR,CONDUCCION SIN MANTENER DISTANCIA RAZONABLE NI PRUDENTE,0,0,0,0,18:40:00
-73.10541889,-36.80236095,4476,8,REGION BIO BIO,8112,HUALPEN,COSTANERA, ,8800,"Costanera, Las Américas, Hualpén, Provincia de Concepción, Región del Biobío, Chile",-36.80236095,-73.10541889,1,way-highway-primary,2020,1317937,2020/12/11 00:00:00+00,COLISION,COLISION,URBANA,OTRAS CAUSAS,OTRAS CAUSAS,0,0,0,0,09:00:00
-73.1187964,-36.740209,4477,8,REGION BIO BIO,8110,TALCAHUANO,GRAN BRETAÑA, ,2910,"Avenida Gran Bretaña, Libertad, Talcahuano, Provincia de Concepción, Región del Biobío, 4261172, Chile",-36.740209,-73.1187964,1,way-highway-primary,2020,1318519,2020/12/01 00:00:00+00,COLISION LATERAL,COLISION,URBANA,IMPRUDENCIA DEL CONDUCTOR,NO RESPETAR DERECHO PREFERENTE DE PASO A VEHICULO,0,0,0,0,15:40:00
-73.0673257,-36.7991578,4478,8,REGION BIO BIO,8101,CONCEPCION,JORGE ALESSANDRI, ,1170,"5 Comisaría Fuerzas Especiales Concepción, 1170, Avenida Jorge Alessandri, Lorenzo Arenas, Concepción, Provincia de Concepción, Región del Biobío, 4061735, Chile",-36.7991578,-73.0673257,1,node-office-government,2020,1320024,2020/12/03 00:00:00+00,COLISION LATERAL,COLISION,URBANA,CAUSAS NO DETERMINADAS,CAUSAS NO DETERMINADAS,0,0,0,1,07:50:00
-72.1248184,-37.4465585,4479,8,REGION BIO BIO,8301,LOS ANGELES,CHACAYAL SUR,RIO PARDO,0,"Chacayal Sur, Los Ángeles, Bío Bío, Chile",-37.4465585,-72.1248184,1,GEOMETRIC_CENTER,2020,1320738,2020/12/09 00:00:00+00,VOLCADURA,VOLCADURA,URBANA,IMPRUDENCIA DEL CONDUCTOR,CONDUCCION NO ATENTO CONDICIONES TRANSITO MOMENTO,0,0,0,0,19:00:00
-73.085315,-36.799776,4480,8,REGION BIO BIO,8112,HUALPEN,CRISTOBAL COLON,OHIGGINS,0,"Cristóbal Colón 9765, Hualpén - Bodega B14, Megacentro, Hualpén, Bío Bío, Chile",-36.799776,-73.085315,1,GEOMETRIC_CENTER,2020,1322331,2020/12/29 00:00:00+00,COLISION,COLISION,URBANA,PERDIDA CONTROL VEHICULO,PERDIDA CONTROL VEHICULO,0,0,0,0,07:10:00
-73.0553294,-36.8386226,4481,8,REGION BIO BIO,8101,CONCEPCION,PEDRO ALONSO DEL VALLE,SAN ANDRES,0,"Pedro De Valdivia - Alonso De Ercilla, Concepción, Bío Bío, Chile",-36.8386226,-73.0553294,1,GEOMETRIC_CENTER,2020,1322604,2020/12/18 00:00:00+00,COLISION PERPENDICULAR,COLISION,URBANA,IMPRUDENCIA DEL CONDUCTOR,CONDUCCION NO ATENTO CONDICIONES TRANSITO MOMENTO,0,0,0,1,14:00:00
-72.935307,-36.9761902,4482,8,REGION BIO BIO,8105,HUALQUI,SAN MARTIN, ,369,"San Martín 369, Hualqui, Bío Bío, Chile",-36.9761902,-72.935307,1,RANGE_INTERPOLATED,2020,1323939,2020/03/04 00:00:00+00,CHOQUE FRENTE/FRENTE,CHOQUE,URBANA,CAUSAS NO DETERMINADAS,CAUSAS NO DETERMINADAS,0,0,0,0,09:00:00